{"type":"FeatureCollection","features":[{"type":"Feature","properties":{"name": "1"},"geometry":{"type":"Polygon","coordinates":[[[4.1468224,56.8177133],[5.8642988,56.0987177],[7.6465688,55.4130827],[9.4545719,54.7762316],[11.2500000,54.2018738],[13.0454281,54.7762316],[14.8534312,55.4130827],[16.6357012,56.0987177],[18.3531776,56.8177133],[18.1349160,58.0024359],[17.7228705,59.1981468],[17.1044900,60.3724499],[16.2778361,61.4932287],[13.8108463,61.6937586],[11.2500000,61.7623979],[8.6891537,61.6937586],[6.2221639,61.4932287],[5.3955100,60.3724499],[4.7771295,59.1981468],[4.3650840,58.0024359],[4.1468224,56.8177133]]]}},
{"type":"Feature","properties":{"name": "2"},"geometry":{"type":"Polygon","coordinates":[[[-163.7221639,61.4932287],[-166.1891537,61.6937586],[-168.7500000,61.7623979],[-171.3108463,61.6937586],[-173.7778361,61.4932287],[-174.6044900,60.3724499],[-175.2228705,59.1981468],[-175.6349160,58.0024359],[-175.8531776,56.8177133],[-174.1357012,56.0987177],[-172.3534312,55.4130827],[-170.5454281,54.7762316],[-168.7500000,54.2018738],[-166.9545719,54.7762316],[-165.1465688,55.4130827],[-163.3642988,56.0987177],[-161.6468224,56.8177133],[-161.8650840,58.0024359],[-162.2771295,59.1981468],[-162.8955100,60.3724499],[-163.7221639,61.4932287]]]}},
{"type":"Feature","properties":{"name": "3"},"geometry":{"type":"Polygon","coordinates":[[[-162.1055456,68.5501363],[-165.4075100,68.6885580],[-168.7500000,68.7350266],[-172.0924900,68.6885580],[-175.3944544,68.5501363],[-176.7104359,67.5734672],[-177.9054944,66.5721009],[-178.9797454,65.5428617],[-179.9251423,64.4809707],[-178.2666357,63.7591491],[-176.6926459,63.0196611],[-175.1980326,62.2639253],[-173.7778361,61.4932287],[-171.3108463,61.6937586],[-168.7500000,61.7623979],[-166.1891537,61.6937586],[-163.7221639,61.4932287],[-162.3019674,62.2639253],[-160.8073541,63.0196611],[-159.2333643,63.7591491],[-157.5748577,64.4809707],[-158.5202546,65.5428617],[-159.5945056,66.5721009],[-160.7895641,67.5734672],[-162.1055456,68.5501363]]]}},
{"type":"Feature","properties":{"name": "4"},"geometry":{"type":"Polygon","coordinates":[[[-159.0661494,75.5239014],[-163.8670021,75.6906642],[-168.7500000,75.7467415],[-173.6329979,75.6906642],[-178.4338506,75.5239014],[179.8757113,74.5345819],[178.3865523,73.5289164],[177.0699386,72.5076801],[175.9038115,71.4710877],[178.3097682,70.7825344],[-179.4456022,70.0645845],[-177.3507830,69.3197639],[-175.3944544,68.5501363],[-172.0924900,68.6885580],[-168.7500000,68.7350266],[-165.4075100,68.6885580],[-162.1055456,68.5501363],[-160.1492170,69.3197639],[-158.0543978,70.0645845],[-155.8097682,70.7825344],[-153.4038115,71.4710877],[-154.5699386,72.5076801],[-155.8865523,73.5289164],[-157.3757113,74.5345819],[-159.0661494,75.5239014]]]}},
{"type":"Feature","properties":{"name": "5"},"geometry":{"type":"Polygon","coordinates":[[[-150.3446302,82.4319206],[-159.2960888,82.7247684],[-168.7500000,82.8250887],[-178.2039112,82.7247684],[172.8446302,82.4319206],[170.9109915,81.3877355],[169.3854141,80.3341991],[168.1524169,79.2729331],[167.1371794,78.2047756],[171.2964710,77.6120334],[175.0688937,76.9627190],[178.4816060,76.2644825],[-178.4338506,75.5239014],[-173.6329979,75.6906642],[-168.7500000,75.7467415],[-163.8670021,75.6906642],[-159.0661494,75.5239014],[-155.9816060,76.2644825],[-152.5688937,76.9627190],[-148.7964710,77.6120334],[-144.6371794,78.2047756],[-145.6524169,79.2729331],[-146.8854141,80.3341991],[-148.4109915,81.3877355],[-150.3446302,82.4319206]]]}},
{"type":"Feature","properties":{"name": "6"},"geometry":{"type":"Polygon","coordinates":[[[-78.7500000,87.6535369],[-78.7500000,88.8266554],[0.0000000,90.0000000],[101.2500000,88.8266554],[101.2500000,87.6535369],[118.3487597,86.9246501],[128.3309285,86.0298860],[134.5038532,85.0580540],[138.6013919,84.0461500],[148.6081358,83.8718657],[157.8089824,83.5274605],[165.9095313,83.0381726],[172.8446302,82.4319206],[-178.2039112,82.7247684],[-168.7500000,82.8250887],[-159.2960888,82.7247684],[-150.3446302,82.4319206],[-143.4095313,83.0381726],[-135.3089824,83.5274605],[-126.1081358,83.8718657],[-116.1013919,84.0461500],[-112.0038532,85.0580540],[-105.8309285,86.0298860],[-95.8487597,86.9246501],[-78.7500000,87.6535369]]]}},
{"type":"Feature","properties":{"name": "7"},"geometry":{"type":"Polygon","coordinates":[[[-7.1553698,82.4319206],[1.7960888,82.7247684],[11.2500000,82.8250887],[20.7039112,82.7247684],[29.6553698,82.4319206],[36.5904687,83.0381726],[44.6910176,83.5274605],[53.8918642,83.8718657],[63.8986081,84.0461500],[67.9961468,85.0580540],[74.1690715,86.0298860],[84.1512403,86.9246501],[101.2500000,87.6535369],[101.2500000,88.8266554],[0.0000000,90.0000000],[-78.7500000,88.8266554],[-78.7500000,87.6535369],[-61.6512403,86.9246501],[-51.6690715,86.0298860],[-45.4961468,85.0580540],[-41.3986081,84.0461500],[-31.3918642,83.8718657],[-22.1910176,83.5274605],[-14.0904687,83.0381726],[-7.1553698,82.4319206]]]}},
{"type":"Feature","properties":{"name": "8"},"geometry":{"type":"Polygon","coordinates":[[[1.5661494,75.5239014],[6.3670021,75.6906642],[11.2500000,75.7467415],[16.1329979,75.6906642],[20.9338506,75.5239014],[24.0183940,76.2644825],[27.4311063,76.9627190],[31.2035290,77.6120334],[35.3628206,78.2047756],[34.3475831,79.2729331],[33.1145859,80.3341991],[31.5890085,81.3877355],[29.6553698,82.4319206],[20.7039112,82.7247684],[11.2500000,82.8250887],[1.7960888,82.7247684],[-7.1553698,82.4319206],[-9.0890085,81.3877355],[-10.6145859,80.3341991],[-11.8475831,79.2729331],[-12.8628206,78.2047756],[-8.7035290,77.6120334],[-4.9311063,76.9627190],[-1.5183940,76.2644825],[1.5661494,75.5239014]]]}},
{"type":"Feature","properties":{"name": "9"},"geometry":{"type":"Polygon","coordinates":[[[4.6055456,68.5501363],[7.9075100,68.6885580],[11.2500000,68.7350266],[14.5924900,68.6885580],[17.8944544,68.5501363],[19.8507830,69.3197639],[21.9456022,70.0645845],[24.1902318,70.7825344],[26.5961885,71.4710877],[25.4300614,72.5076801],[24.1134477,73.5289164],[22.6242887,74.5345819],[20.9338506,75.5239014],[16.1329979,75.6906642],[11.2500000,75.7467415],[6.3670021,75.6906642],[1.5661494,75.5239014],[-0.1242887,74.5345819],[-1.6134477,73.5289164],[-2.9300614,72.5076801],[-4.0961885,71.4710877],[-1.6902318,70.7825344],[0.5543978,70.0645845],[2.6492170,69.3197639],[4.6055456,68.5501363]]]}},
{"type":"Feature","properties":{"name": "10"},"geometry":{"type":"Polygon","coordinates":[[[6.2221639,61.4932287],[8.6891537,61.6937586],[11.2500000,61.7623979],[13.8108463,61.6937586],[16.2778361,61.4932287],[17.6980326,62.2639253],[19.1926459,63.0196611],[20.7666357,63.7591491],[22.4251423,64.4809707],[21.4797454,65.5428617],[20.4054944,66.5721009],[19.2104359,67.5734672],[17.8944544,68.5501363],[14.5924900,68.6885580],[11.2500000,68.7350266],[7.9075100,68.6885580],[4.6055456,68.5501363],[3.2895641,67.5734672],[2.0945056,66.5721009],[1.0202546,65.5428617],[0.0748577,64.4809707],[1.7333643,63.7591491],[3.3073541,63.0196611],[4.8019674,62.2639253],[6.2221639,61.4932287]]]}},
{"type":"Feature","properties":{"name": "11"},"geometry":{"type":"Polygon","coordinates":[[[-155.1338814,54.9795570],[-156.7053033,55.4712318],[-158.3146654,55.9420230],[-159.9619203,56.3911230],[-161.6468224,56.8177133],[-163.3642988,56.0987177],[-165.1465688,55.4130827],[-166.9545719,54.7762316],[-168.7500000,54.2018738],[-168.7500000,53.1811039],[-168.7500000,52.1599288],[-168.7500000,51.1382668],[-168.7500000,50.1160358],[-167.1492044,49.6437740],[-165.5843705,49.1823907],[-164.0555637,48.7224768],[-162.5618169,48.2582625],[-160.9502730,48.8324658],[-159.3172335,49.4088776],[-157.6652516,49.9857145],[-155.9970779,50.5612547],[-155.7607045,51.6445190],[-155.5299783,52.7396739],[-155.3150733,53.8499913],[-155.1338814,54.9795570]]]}},
{"type":"Feature","properties":{"name": "12"},"geometry":{"type":"Polygon","coordinates":[[[-148.7374808,62.4222814],[-150.7633498,62.9992841],[-152.9030617,63.5408594],[-155.1688648,64.0388959],[-157.5748577,64.4809707],[-159.2333643,63.7591491],[-160.8073541,63.0196611],[-162.3019674,62.2639253],[-163.7221639,61.4932287],[-162.8955100,60.3724499],[-162.2771295,59.1981468],[-161.8650840,58.0024359],[-161.6468224,56.8177133],[-159.9619203,56.3911230],[-158.3146654,55.9420230],[-156.7053033,55.4712318],[-155.1338814,54.9795570],[-153.5202596,55.6457772],[-151.9052789,56.3036328],[-150.2738841,56.9471054],[-148.6154868,57.5725195],[-148.5649301,58.7837812],[-148.5644460,59.9980432],[-148.6198091,61.2120012],[-148.7374808,62.4222814]]]}},
{"type":"Feature","properties":{"name": "13"},"geometry":{"type":"Polygon","coordinates":[[[-140.6536286,69.3991593],[-143.5220058,70.0155304],[-146.6090489,70.5715271],[-149.9079294,71.0592686],[-153.4038115,71.4710877],[-155.8097682,70.7825344],[-158.0543978,70.0645845],[-160.1492170,69.3197639],[-162.1055456,68.5501363],[-160.7895641,67.5734672],[-159.5945056,66.5721009],[-158.5202546,65.5428617],[-157.5748577,64.4809707],[-155.1688648,64.0388959],[-152.9030617,63.5408594],[-150.7633498,62.9992841],[-148.7374808,62.4222814],[-146.8803469,63.0242057],[-144.9496909,63.5998448],[-142.9429799,64.1477035],[-140.8584112,64.6661697],[-140.7475221,65.8610377],[-140.6727926,67.0491887],[-140.6394285,68.2290704],[-140.6536286,69.3991593]]]}},
{"type":"Feature","properties":{"name": "14"},"geometry":{"type":"Polygon","coordinates":[[[-127.3671358,75.4843213],[-130.9826237,76.2718854],[-135.0488861,76.9964551],[-139.5964643,77.6453818],[-144.6371794,78.2047756],[-148.7964710,77.6120334],[-152.5688937,76.9627190],[-155.9816060,76.2644825],[-159.0661494,75.5239014],[-157.3757113,74.5345819],[-155.8865523,73.5289164],[-154.5699386,72.5076801],[-153.4038115,71.4710877],[-149.9079294,71.0592686],[-146.6090489,70.5715271],[-143.5220058,70.0155304],[-140.6536286,69.3991593],[-138.0211248,69.8727509],[-135.2686583,70.3060755],[-132.3992476,70.6962288],[-129.4183232,71.0403309],[-128.9535713,72.1613483],[-128.4663987,73.2754614],[-127.9429496,74.3830195],[-127.3671358,75.4843213]]]}},
{"type":"Feature","properties":{"name": "15"},"geometry":{"type":"Polygon","coordinates":[[[-99.8471793,79.8755078],[-102.4718101,80.9661653],[-105.8234877,82.0340173],[-110.2095610,83.0671601],[-116.1013919,84.0461500],[-126.1081358,83.8718657],[-135.3089824,83.5274605],[-143.4095313,83.0381726],[-150.3446302,82.4319206],[-148.4109915,81.3877355],[-146.8854141,80.3341991],[-145.6524169,79.2729331],[-144.6371794,78.2047756],[-139.5964643,77.6453818],[-135.0488861,76.9964551],[-130.9826237,76.2718854],[-127.3671358,75.4843213],[-123.2817880,75.7332578],[-119.0693628,75.9115655],[-114.7667413,76.0162134],[-110.4162095,76.0451719],[-108.3411730,77.0406458],[-105.9444785,78.0143239],[-103.1466578,78.9614419],[-99.8471793,79.8755078]]]}},
{"type":"Feature","properties":{"name": "16"},"geometry":{"type":"Polygon","coordinates":[[[-57.6528207,79.8755078],[-55.0281899,80.9661653],[-51.6765123,82.0340173],[-47.2904390,83.0671601],[-41.3986081,84.0461500],[-45.4961468,85.0580540],[-51.6690715,86.0298860],[-61.6512403,86.9246501],[-78.7500000,87.6535369],[-95.8487597,86.9246501],[-105.8309285,86.0298860],[-112.0038532,85.0580540],[-116.1013919,84.0461500],[-110.2095610,83.0671601],[-105.8234877,82.0340173],[-102.4718101,80.9661653],[-99.8471793,79.8755078],[-94.0509367,79.6198465],[-88.5679712,79.2667599],[-83.4578491,78.8248850],[-78.7500000,78.3036544],[-74.0421509,78.8248850],[-68.9320288,79.2667599],[-63.4490633,79.6198465],[-57.6528207,79.8755078]]]}},
{"type":"Feature","properties":{"name": "17"},"geometry":{"type":"Polygon","coordinates":[[[-30.1328642,75.4843213],[-26.5173763,76.2718854],[-22.4511139,76.9964551],[-17.9035357,77.6453818],[-12.8628206,78.2047756],[-11.8475831,79.2729331],[-10.6145859,80.3341991],[-9.0890085,81.3877355],[-7.1553698,82.4319206],[-14.0904687,83.0381726],[-22.1910176,83.5274605],[-31.3918642,83.8718657],[-41.3986081,84.0461500],[-47.2904390,83.0671601],[-51.6765123,82.0340173],[-55.0281899,80.9661653],[-57.6528207,79.8755078],[-54.3533422,78.9614419],[-51.5555215,78.0143239],[-49.1588270,77.0406458],[-47.0837905,76.0451719],[-42.7332587,76.0162134],[-38.4306372,75.9115655],[-34.2182120,75.7332578],[-30.1328642,75.4843213]]]}},
{"type":"Feature","properties":{"name": "18"},"geometry":{"type":"Polygon","coordinates":[[[-16.8463714,69.3991593],[-13.9779942,70.0155304],[-10.8909511,70.5715271],[-7.5920706,71.0592686],[-4.0961885,71.4710877],[-2.9300614,72.5076801],[-1.6134477,73.5289164],[-0.1242887,74.5345819],[1.5661494,75.5239014],[-1.5183940,76.2644825],[-4.9311063,76.9627190],[-8.7035290,77.6120334],[-12.8628206,78.2047756],[-17.9035357,77.6453818],[-22.4511139,76.9964551],[-26.5173763,76.2718854],[-30.1328642,75.4843213],[-29.5570504,74.3830195],[-29.0336013,73.2754614],[-28.5464287,72.1613483],[-28.0816768,71.0403309],[-25.1007524,70.6962288],[-22.2313417,70.3060755],[-19.4788752,69.8727509],[-16.8463714,69.3991593]]]}},
{"type":"Feature","properties":{"name": "19"},"geometry":{"type":"Polygon","coordinates":[[[-8.7625192,62.4222814],[-6.7366502,62.9992841],[-4.5969383,63.5408594],[-2.3311352,64.0388959],[0.0748577,64.4809707],[1.0202546,65.5428617],[2.0945056,66.5721009],[3.2895641,67.5734672],[4.6055456,68.5501363],[2.6492170,69.3197639],[0.5543978,70.0645845],[-1.6902318,70.7825344],[-4.0961885,71.4710877],[-7.5920706,71.0592686],[-10.8909511,70.5715271],[-13.9779942,70.0155304],[-16.8463714,69.3991593],[-16.8605715,68.2290704],[-16.8272074,67.0491887],[-16.7524779,65.8610377],[-16.6415888,64.6661697],[-14.5570201,64.1477035],[-12.5503091,63.5998448],[-10.6196531,63.0242057],[-8.7625192,62.4222814]]]}},
{"type":"Feature","properties":{"name": "20"},"geometry":{"type":"Polygon","coordinates":[[[-150.5032725,48.4170559],[-151.8294649,48.9768367],[-153.1865706,49.5209995],[-154.5754600,50.0492206],[-155.9970779,50.5612547],[-157.6652516,49.9857145],[-159.3172335,49.4088776],[-160.9502730,48.8324658],[-162.5618169,48.2582625],[-162.6827360,47.2190575],[-162.7987473,46.1813740],[-162.9099221,45.1446408],[-163.0164065,44.1084040],[-161.6523653,43.6212650],[-160.3149610,43.1256597],[-159.0035059,42.6203689],[-157.7173130,42.1045430],[-156.2478835,42.6263918],[-154.7600196,43.1409335],[-153.2544331,43.6473165],[-151.7319195,44.1447190],[-151.4377331,45.2056013],[-151.1342978,46.2705803],[-150.8223699,47.3406636],[-150.5032725,48.4170559]]]}},
{"type":"Feature","properties":{"name": "21"},"geometry":{"type":"Polygon","coordinates":[[[-142.6311529,55.0576326],[-144.0525492,55.7115712],[-145.5220989,56.3493026],[-147.0422021,56.9699433],[-148.6154868,57.5725195],[-150.2738841,56.9471054],[-151.9052789,56.3036328],[-153.5202596,55.6457772],[-155.1338814,54.9795570],[-155.3150733,53.8499913],[-155.5299783,52.7396739],[-155.7607045,51.6445190],[-155.9970779,50.5612547],[-154.5754600,50.0492206],[-153.1865706,49.5209995],[-151.8294649,48.9768367],[-150.5032725,48.4170559],[-148.8638659,48.9248396],[-147.2129378,49.4225708],[-145.5523020,49.9094989],[-143.8838369,50.3849664],[-143.5556813,51.5366703],[-143.2368287,52.7002673],[-142.9282793,53.8743962],[-142.6311529,55.0576326]]]}},
{"type":"Feature","properties":{"name": "22"},"geometry":{"type":"Polygon","coordinates":[[[-133.7676529,61.7030912],[-135.3875618,62.4740376],[-137.1029720,63.2266616],[-138.9231624,63.9584236],[-140.8584112,64.6661697],[-142.9429799,64.1477035],[-144.9496909,63.5998448],[-146.8803469,63.0242057],[-148.7374808,62.4222814],[-148.6198091,61.2120012],[-148.5644460,59.9980432],[-148.5649301,58.7837812],[-148.6154868,57.5725195],[-147.0422021,56.9699433],[-145.5220989,56.3493026],[-144.0525492,55.7115712],[-142.6311529,55.0576326],[-140.9280183,55.5725896],[-139.1948833,56.0652070],[-137.4295134,56.5338918],[-135.6304038,56.9772307],[-135.1767613,58.1569976],[-134.7156768,59.3385446],[-134.2462998,60.5209002],[-133.7676529,61.7030912]]]}},
{"type":"Feature","properties":{"name": "23"},"geometry":{"type":"Polygon","coordinates":[[[-121.4628116,67.5413725],[-123.1803849,68.4476030],[-125.0621211,69.3358045],[-127.1322453,70.2018180],[-129.4183232,71.0403309],[-132.3992476,70.6962288],[-135.2686583,70.3060755],[-138.0211248,69.8727509],[-140.6536286,69.3991593],[-140.6394285,68.2290704],[-140.6727926,67.0491887],[-140.7475221,65.8610377],[-140.8584112,64.6661697],[-138.9231624,63.9584236],[-137.1029720,63.2266616],[-135.3875618,62.4740376],[-133.7676529,61.7030912],[-131.6833193,62.0892631],[-129.5487011,62.4421100],[-127.3659378,62.7603528],[-125.1378963,63.0427561],[-124.3008142,64.1764140],[-123.4138160,65.3047202],[-122.4703701,66.4267117],[-121.4628116,67.5413725]]]}},
{"type":"Feature","properties":{"name": "24"},"geometry":{"type":"Polygon","coordinates":[[[-103.0694012,71.8587621],[-104.5416456,72.9231246],[-106.2269817,73.9781641],[-108.1676364,75.0203347],[-110.4162095,76.0451719],[-114.7667413,76.0162134],[-119.0693628,75.9115655],[-123.2817880,75.7332578],[-127.3671358,75.4843213],[-127.9429496,74.3830195],[-128.4663987,73.2754614],[-128.9535713,72.1613483],[-129.4183232,71.0403309],[-127.1322453,70.2018180],[-125.0621211,69.3358045],[-123.1803849,68.4476030],[-121.4628116,67.5413725],[-118.7546743,67.7151637],[-116.0070544,67.8426403],[-113.2300598,67.9227793],[-110.4345364,67.9548194],[-108.8119105,68.9601264],[-107.0551699,69.9474922],[-105.1473966,70.9145905],[-103.0694012,71.8587621]]]}},
{"type":"Feature","properties":{"name": "25"},"geometry":{"type":"Polygon","coordinates":[[[-78.7500000,73.6749074],[-78.7500000,74.8280345],[-78.7500000,75.9840059],[-78.7500000,77.1426155],[-78.7500000,78.3036544],[-83.4578491,78.8248850],[-88.5679712,79.2667599],[-94.0509367,79.6198465],[-99.8471793,79.8755078],[-103.1466578,78.9614419],[-105.9444785,78.0143239],[-108.3411730,77.0406458],[-110.4162095,76.0451719],[-108.1676364,75.0203347],[-106.2269817,73.9781641],[-104.5416456,72.9231246],[-103.0694012,71.8587621],[-99.7346848,71.7006951],[-96.4569629,71.4852299],[-93.2531181,71.2138883],[-90.1375480,70.8885799],[-87.5938438,71.6465511],[-84.8577472,72.3668027],[-81.9140837,73.0446408],[-78.7500000,73.6749074]]]}},
{"type":"Feature","properties":{"name": "26"},"geometry":{"type":"Polygon","coordinates":[[[-54.4305988,71.8587621],[-52.9583544,72.9231246],[-51.2730183,73.9781641],[-49.3323636,75.0203347],[-47.0837905,76.0451719],[-49.1588270,77.0406458],[-51.5555215,78.0143239],[-54.3533422,78.9614419],[-57.6528207,79.8755078],[-63.4490633,79.6198465],[-68.9320288,79.2667599],[-74.0421509,78.8248850],[-78.7500000,78.3036544],[-78.7500000,77.1426155],[-78.7500000,75.9840059],[-78.7500000,74.8280345],[-78.7500000,73.6749074],[-75.5859163,73.0446408],[-72.6422528,72.3668027],[-69.9061562,71.6465511],[-67.3624520,70.8885799],[-64.2468819,71.2138883],[-61.0430371,71.4852299],[-57.7653152,71.7006951],[-54.4305988,71.8587621]]]}},
{"type":"Feature","properties":{"name": "27"},"geometry":{"type":"Polygon","coordinates":[[[-36.0371884,67.5413725],[-34.3196151,68.4476030],[-32.4378789,69.3358045],[-30.3677547,70.2018180],[-28.0816768,71.0403309],[-28.5464287,72.1613483],[-29.0336013,73.2754614],[-29.5570504,74.3830195],[-30.1328642,75.4843213],[-34.2182120,75.7332578],[-38.4306372,75.9115655],[-42.7332587,76.0162134],[-47.0837905,76.0451719],[-49.3323636,75.0203347],[-51.2730183,73.9781641],[-52.9583544,72.9231246],[-54.4305988,71.8587621],[-52.3526034,70.9145905],[-50.4448301,69.9474922],[-48.6880895,68.9601264],[-47.0654636,67.9548194],[-44.2699402,67.9227793],[-41.4929456,67.8426403],[-38.7453257,67.7151637],[-36.0371884,67.5413725]]]}},
{"type":"Feature","properties":{"name": "28"},"geometry":{"type":"Polygon","coordinates":[[[-23.7323471,61.7030912],[-22.1124382,62.4740376],[-20.3970280,63.2266616],[-18.5768376,63.9584236],[-16.6415888,64.6661697],[-16.7524779,65.8610377],[-16.8272074,67.0491887],[-16.8605715,68.2290704],[-16.8463714,69.3991593],[-19.4788752,69.8727509],[-22.2313417,70.3060755],[-25.1007524,70.6962288],[-28.0816768,71.0403309],[-30.3677547,70.2018180],[-32.4378789,69.3358045],[-34.3196151,68.4476030],[-36.0371884,67.5413725],[-35.0296299,66.4267117],[-34.0861840,65.3047202],[-33.1991858,64.1764140],[-32.3621037,63.0427561],[-30.1340622,62.7603528],[-27.9512989,62.4421100],[-25.8166807,62.0892631],[-23.7323471,61.7030912]]]}},
{"type":"Feature","properties":{"name": "29"},"geometry":{"type":"Polygon","coordinates":[[[-146.9660626,41.7739129],[-148.1212287,42.3859788],[-149.3001269,42.9852785],[-150.5034530,43.5715902],[-151.7319195,44.1447190],[-153.2544331,43.6473165],[-154.7600196,43.1409335],[-156.2478835,42.6263918],[-157.7173130,42.1045430],[-157.8998990,41.0583984],[-158.0754044,40.0127349],[-158.2440911,38.9671939],[-158.4062325,37.9214605],[-157.2108212,37.3880678],[-156.0356201,36.8443480],[-154.8801577,36.2900348],[-153.7439638,35.7249513],[-152.3940293,36.2000227],[-151.0298004,36.6646237],[-149.6516593,37.1182050],[-148.2600381,37.5602339],[-147.9533384,38.6118002],[-147.6355904,39.6642836],[-147.3065533,40.7181463],[-146.9660626,41.7739129]]]}},
{"type":"Feature","properties":{"name": "30"},"geometry":{"type":"Polygon","coordinates":[[[-139.0647924,47.7162123],[-140.2241532,48.4034119],[-141.4131208,49.0776114],[-142.6326894,49.7383070],[-143.8838369,50.3849664],[-145.5523020,49.9094989],[-147.2129378,49.4225708],[-148.8638659,48.9248396],[-150.5032725,48.4170559],[-150.8223699,47.3406636],[-151.1342978,46.2705803],[-151.4377331,45.2056013],[-151.7319195,44.1447190],[-150.5034530,43.5715902],[-149.3001269,42.9852785],[-148.1212287,42.3859788],[-146.9660626,41.7739129],[-145.4698263,42.2061783],[-143.9612240,42.6255476],[-142.4411365,43.0315309],[-140.9105061,43.4236795],[-140.4644860,44.4877089],[-140.0071622,45.5570237],[-139.5399062,46.6327522],[-139.0647924,47.7162123]]]}},
{"type":"Feature","properties":{"name": "31"},"geometry":{"type":"Polygon","coordinates":[[[-130.5737290,53.8849079],[-131.7663673,54.6754327],[-133.0045807,55.4547970],[-134.2914732,56.2223188],[-135.6304038,56.9772307],[-137.4295134,56.5338918],[-139.1948833,56.0652070],[-140.9280183,55.5725896],[-142.6311529,55.0576326],[-142.9282793,53.8743962],[-143.2368287,52.7002673],[-143.5556813,51.5366703],[-143.8838369,50.3849664],[-142.6326894,49.7383070],[-141.4131208,49.0776114],[-140.2241532,48.4034119],[-139.0647924,47.7162123],[-137.5024939,48.1433449],[-135.9300045,48.5557757],[-134.3453940,48.9513875],[-132.7472243,49.3283935],[-132.2272353,50.4621416],[-131.6925912,51.5999277],[-131.1419297,52.7410800],[-130.5737290,53.8849079]]]}},
{"type":"Feature","properties":{"name": "32"},"geometry":{"type":"Polygon","coordinates":[[[-120.0364579,59.4717297],[-121.2037586,60.3783429],[-122.4380799,61.2764241],[-123.7467085,62.1649688],[-125.1378963,63.0427561],[-127.3659378,62.7603528],[-129.5487011,62.4421100],[-131.6833193,62.0892631],[-133.7676529,61.7030912],[-134.2462998,60.5209002],[-134.7156768,59.3385446],[-135.1767613,58.1569976],[-135.6304038,56.9772307],[-134.2914732,56.2223188],[-133.0045807,55.4547970],[-131.7663673,54.6754327],[-130.5737290,53.8849079],[-128.8138070,54.2208725],[-127.0310417,54.5300303],[-125.2261650,54.8114412],[-123.4002612,55.0642410],[-122.6198740,56.1711973],[-121.8016496,57.2753019],[-120.9418943,58.3757598],[-120.0364579,59.4717297]]]}},
{"type":"Feature","properties":{"name": "33"},"geometry":{"type":"Polygon","coordinates":[[[-106.2453752,63.8930841],[-107.1685063,64.9142892],[-108.1660638,65.9322136],[-109.2499731,66.9460712],[-110.4345364,67.9548194],[-113.2300598,67.9227793],[-116.0070544,67.8426403],[-118.7546743,67.7151637],[-121.4628116,67.5413725],[-122.4703701,66.4267117],[-123.4138160,65.3047202],[-124.3008142,64.1764140],[-125.1378963,63.0427561],[-123.7467085,62.1649688],[-122.4380799,61.2764241],[-121.2037586,60.3783429],[-120.0364579,59.4717297],[-117.9599539,59.6371871],[-115.8644034,59.7674440],[-113.7536105,59.8619269],[-111.6316466,59.9201652],[-110.4033961,60.9327551],[-109.1009551,61.9333990],[-107.7174611,62.9206901],[-106.2453752,63.8930841]]]}},
{"type":"Feature","properties":{"name": "34"},"geometry":{"type":"Polygon","coordinates":[[[-88.7303287,66.4831531],[-89.0300255,67.5804465],[-89.3589518,68.6803586],[-89.7248187,69.7830379],[-90.1375480,70.8885799],[-93.2531181,71.2138883],[-96.4569629,71.4852299],[-99.7346848,71.7006951],[-103.0694012,71.8587621],[-105.1473966,70.9145905],[-107.0551699,69.9474922],[-108.8119105,68.9601264],[-110.4345364,67.9548194],[-109.2499731,66.9460712],[-108.1660638,65.9322136],[-107.1685063,64.9142892],[-106.2453752,63.8930841],[-103.8411653,63.8138756],[-101.4500144,63.6928488],[-99.0785642,63.5303055],[-96.7331133,63.3267129],[-94.8993869,64.1574117],[-92.9584081,64.9620192],[-90.9040148,65.7381282],[-88.7303287,66.4831531]]]}},
{"type":"Feature","properties":{"name": "35"},"geometry":{"type":"Polygon","coordinates":[[[-68.7696713,66.4831531],[-68.4699745,67.5804465],[-68.1410482,68.6803586],[-67.7751813,69.7830379],[-67.3624520,70.8885799],[-69.9061562,71.6465511],[-72.6422528,72.3668027],[-75.5859163,73.0446408],[-78.7500000,73.6749074],[-81.9140837,73.0446408],[-84.8577472,72.3668027],[-87.5938438,71.6465511],[-90.1375480,70.8885799],[-89.7248187,69.7830379],[-89.3589518,68.6803586],[-89.0300255,67.5804465],[-88.7303287,66.4831531],[-86.1281613,66.1302523],[-83.5941086,65.7339737],[-81.1332839,65.2950056],[-78.7500000,64.8140156],[-76.3667161,65.2950056],[-73.9058914,65.7339737],[-71.3718387,66.1302523],[-68.7696713,66.4831531]]]}},
{"type":"Feature","properties":{"name": "36"},"geometry":{"type":"Polygon","coordinates":[[[-51.2546248,63.8930841],[-50.3314937,64.9142892],[-49.3339362,65.9322136],[-48.2500269,66.9460712],[-47.0654636,67.9548194],[-48.6880895,68.9601264],[-50.4448301,69.9474922],[-52.3526034,70.9145905],[-54.4305988,71.8587621],[-57.7653152,71.7006951],[-61.0430371,71.4852299],[-64.2468819,71.2138883],[-67.3624520,70.8885799],[-67.7751813,69.7830379],[-68.1410482,68.6803586],[-68.4699745,67.5804465],[-68.7696713,66.4831531],[-66.5959852,65.7381282],[-64.5415919,64.9620192],[-62.6006131,64.1574117],[-60.7668867,63.3267129],[-58.4214358,63.5303055],[-56.0499856,63.6928488],[-53.6588347,63.8138756],[-51.2546248,63.8930841]]]}},
{"type":"Feature","properties":{"name": "37"},"geometry":{"type":"Polygon","coordinates":[[[-37.4635421,59.4717297],[-36.2962414,60.3783429],[-35.0619201,61.2764241],[-33.7532915,62.1649688],[-32.3621037,63.0427561],[-33.1991858,64.1764140],[-34.0861840,65.3047202],[-35.0296299,66.4267117],[-36.0371884,67.5413725],[-38.7453257,67.7151637],[-41.4929456,67.8426403],[-44.2699402,67.9227793],[-47.0654636,67.9548194],[-48.2500269,66.9460712],[-49.3339362,65.9322136],[-50.3314937,64.9142892],[-51.2546248,63.8930841],[-49.7825389,62.9206901],[-48.3990449,61.9333990],[-47.0966039,60.9327551],[-45.8683534,59.9201652],[-43.7463895,59.8619269],[-41.6355966,59.7674440],[-39.5400461,59.6371871],[-37.4635421,59.4717297]]]}},
{"type":"Feature","properties":{"name": "38"},"geometry":{"type":"Polygon","coordinates":[[[-144.0245221,35.0083553],[-145.0556832,35.6631935],[-146.1049583,36.3068918],[-147.1728930,36.9392897],[-148.2600381,37.5602339],[-149.6516593,37.1182050],[-151.0298004,36.6646237],[-152.3940293,36.2000227],[-153.7439638,35.7249513],[-153.9559237,34.6740395],[-154.1601017,33.6223888],[-154.3568088,32.5697544],[-154.5463467,31.5159095],[-153.4752641,30.9370698],[-152.4198542,30.3479898],[-151.3797436,29.7486175],[-150.3545574,29.1389307],[-149.1051718,29.5753225],[-147.8448426,30.0000000],[-146.5738360,30.4125710],[-145.2924510,30.8126538],[-144.9918159,31.8628008],[-144.6805247,32.9119497],[-144.3582141,33.9603702],[-144.0245221,35.0083553]]]}},
{"type":"Feature","properties":{"name": "39"},"geometry":{"type":"Polygon","coordinates":[[[-136.7106434,40.6239492],[-137.7275905,41.3408715],[-138.7660397,42.0466787],[-139.8267547,42.7410578],[-140.9105061,43.4236795],[-142.4411365,43.0315309],[-143.9612240,42.6255476],[-145.4698263,42.2061783],[-146.9660626,41.7739129],[-147.3065533,40.7181463],[-147.6355904,39.6642836],[-147.9533384,38.6118002],[-148.2600381,37.5602339],[-147.1728930,36.9392897],[-146.1049583,36.3068918],[-145.0556832,35.6631935],[-144.0245221,35.0083553],[-142.6575560,35.3891165],[-141.2805845,35.7561142],[-139.8941693,36.1089915],[-138.4989132,36.4474149],[-138.0727542,37.4894951],[-137.6327388,38.5325940],[-137.1787163,39.5772202],[-136.7106434,40.6239492]]]}},
{"type":"Feature","properties":{"name": "40"},"geometry":{"type":"Polygon","coordinates":[[[-128.6134007,46.1895975],[-129.6049171,46.9890089],[-130.6234588,47.7788510],[-131.6704125,48.5587727],[-132.7472243,49.3283935],[-134.3453940,48.9513875],[-135.9300045,48.5557757],[-137.5024939,48.1433449],[-139.0647924,47.7162123],[-139.5399062,46.6327522],[-140.0071622,45.5570237],[-140.4644860,44.4877089],[-140.9105061,43.4236795],[-139.8267547,42.7410578],[-138.7660397,42.0466787],[-137.7275905,41.3408715],[-136.7106434,40.6239492],[-135.2256184,40.9419038],[-133.7342192,41.2443861],[-132.2374055,41.5311882],[-130.7361703,41.8021412],[-130.2277862,42.8929618],[-129.7052761,43.9881318],[-129.1675464,45.0871754],[-128.6134007,46.1895975]]]}},
{"type":"Feature","properties":{"name": "41"},"geometry":{"type":"Polygon","coordinates":[[[-119.4256701,51.5242823],[-120.3640023,52.4199931],[-121.3373111,53.3088016],[-122.3483809,54.1903538],[-123.4002612,55.0642410],[-125.2261650,54.8114412],[-127.0310417,54.5300303],[-128.8138070,54.2208725],[-130.5737290,53.8849079],[-131.1419297,52.7410800],[-131.6925912,51.5999277],[-132.2272353,50.4621416],[-132.7472243,49.3283935],[-131.6704125,48.5587727],[-130.6234588,47.7788510],[-129.6049171,46.9890089],[-128.6134007,46.1895975],[-127.0670816,46.4794033],[-125.5105261,46.7484055],[-123.9438094,46.9956361],[-122.3672171,47.2202312],[-121.6758021,48.2989554],[-120.9565553,49.3762787],[-120.2073045,50.4515995],[-119.4256701,51.5242823]]]}},
{"type":"Feature","properties":{"name": "42"},"geometry":{"type":"Polygon","coordinates":[[[-108.2628261,55.9766570],[-109.0441246,56.9678930],[-109.8630875,57.9557296],[-110.7239749,58.9399245],[-111.6316466,59.9201652],[-113.7536105,59.8619269],[-115.8644034,59.7674440],[-117.9599539,59.6371871],[-120.0364579,59.4717297],[-120.9418943,58.3757598],[-121.8016496,57.2753019],[-122.6198740,56.1711973],[-123.4002612,55.0642410],[-122.3483809,54.1903538],[-121.3373111,53.3088016],[-120.3640023,52.4199931],[-119.4256701,51.5242823],[-117.6998804,51.6824974],[-115.9642971,51.8126133],[-114.2205565,51.9141470],[-112.4704392,51.9866815],[-111.4924025,52.9974486],[-110.4674744,54.0000000],[-109.3921940,54.9934039],[-108.2628261,55.9766570]]]}},
{"type":"Feature","properties":{"name": "43"},"geometry":{"type":"Polygon","coordinates":[[[-94.5993024,59.1897675],[-95.0748344,60.2246931],[-95.5861186,61.2592429],[-96.1372892,62.2933031],[-96.7331133,63.3267129],[-99.0785642,63.5303055],[-101.4500144,63.6928488],[-103.8411653,63.8138756],[-106.2453752,63.8930841],[-107.7174611,62.9206901],[-109.1009551,61.9333990],[-110.4033961,60.9327551],[-111.6316466,59.9201652],[-110.7239749,58.9399245],[-109.8630875,57.9557296],[-109.0441246,56.9678930],[-108.2628261,55.9766570],[-106.3314566,55.9568717],[-104.4023567,55.9100009],[-102.4775746,55.8358324],[-100.5591484,55.7341498],[-99.1745088,56.6279668],[-97.7220285,57.5029378],[-96.1981451,58.3574427],[-94.5993024,59.1897675]]]}},
{"type":"Feature","properties":{"name": "44"},"geometry":{"type":"Polygon","coordinates":[[[-78.7500000,60.5802137],[-78.7500000,61.6346554],[-78.7500000,62.6916960],[-78.7500000,63.7514453],[-78.7500000,64.8140156],[-81.1332839,65.2950056],[-83.5941086,65.7339737],[-86.1281613,66.1302523],[-88.7303287,66.4831531],[-90.9040148,65.7381282],[-92.9584081,64.9620192],[-94.8993869,64.1574117],[-96.7331133,63.3267129],[-96.1372892,62.2933031],[-95.5861186,61.2592429],[-95.0748344,60.2246931],[-94.5993024,59.1897675],[-92.5139395,58.9587485],[-90.4526357,58.6944183],[-88.4183250,58.3964885],[-86.4138572,58.0646001],[-84.6005833,58.7451024],[-82.7184518,59.3924183],[-80.7678883,60.0047211],[-78.7500000,60.5802137]]]}},
{"type":"Feature","properties":{"name": "45"},"geometry":{"type":"Polygon","coordinates":[[[-62.9006976,59.1897675],[-62.4251656,60.2246931],[-61.9138814,61.2592429],[-61.3627108,62.2933031],[-60.7668867,63.3267129],[-62.6006131,64.1574117],[-64.5415919,64.9620192],[-66.5959852,65.7381282],[-68.7696713,66.4831531],[-71.3718387,66.1302523],[-73.9058914,65.7339737],[-76.3667161,65.2950056],[-78.7500000,64.8140156],[-78.7500000,63.7514453],[-78.7500000,62.6916960],[-78.7500000,61.6346554],[-78.7500000,60.5802137],[-76.7321117,60.0047211],[-74.7815482,59.3924183],[-72.8994167,58.7451024],[-71.0861428,58.0646001],[-69.0816750,58.3964885],[-67.0473643,58.6944183],[-64.9860605,58.9587485],[-62.9006976,59.1897675]]]}},
{"type":"Feature","properties":{"name": "46"},"geometry":{"type":"Polygon","coordinates":[[[-49.2371739,55.9766570],[-48.4558754,56.9678930],[-47.6369125,57.9557296],[-46.7760251,58.9399245],[-45.8683534,59.9201652],[-47.0966039,60.9327551],[-48.3990449,61.9333990],[-49.7825389,62.9206901],[-51.2546248,63.8930841],[-53.6588347,63.8138756],[-56.0499856,63.6928488],[-58.4214358,63.5303055],[-60.7668867,63.3267129],[-61.3627108,62.2933031],[-61.9138814,61.2592429],[-62.4251656,60.2246931],[-62.9006976,59.1897675],[-61.3018549,58.3574427],[-59.7779715,57.5029378],[-58.3254912,56.6279668],[-56.9408516,55.7341498],[-55.0224254,55.8358324],[-53.0976433,55.9100009],[-51.1685434,55.9568717],[-49.2371739,55.9766570]]]}},
{"type":"Feature","properties":{"name": "47"},"geometry":{"type":"Polygon","coordinates":[[[-141.3660458,28.1557813],[-142.3326357,28.8282832],[-143.3089396,29.4951372],[-144.2953904,30.1565437],[-145.2924510,30.8126538],[-146.5738360,30.4125710],[-147.8448426,30.0000000],[-149.1051718,29.5753225],[-150.3545574,29.1389307],[-150.5910991,28.0779792],[-150.8265376,27.0167365],[-151.0608386,25.9548755],[-151.2939292,24.8920454],[-150.3306938,24.2844024],[-149.3757113,23.6729778],[-148.4285419,23.0577461],[-147.4887525,22.4386488],[-146.2813549,22.8604447],[-145.0641925,23.2684374],[-143.8378153,23.6621810],[-142.6028099,24.0412514],[-142.2982287,25.0696812],[-141.9907219,26.0980763],[-141.6800752,27.1266970],[-141.3660458,28.1557813]]]}},
{"type":"Feature","properties":{"name": "48"},"geometry":{"type":"Polygon","coordinates":[[[-134.7146676,33.5224232],[-135.6360617,34.2688329],[-136.5734990,35.0052637],[-137.5275800,35.7315249],[-138.4989132,36.4474149],[-139.8941693,36.1089915],[-141.2805845,35.7561142],[-142.6575560,35.3891165],[-144.0245221,35.0083553],[-144.3582141,33.9603702],[-144.6805247,32.9119497],[-144.9918159,31.8628008],[-145.2924510,30.8126538],[-144.2953904,30.1565437],[-143.3089396,29.4951372],[-142.3326357,28.8282832],[-141.3660458,28.1557813],[-140.0845031,28.5024740],[-138.7956062,28.8343741],[-137.4999411,29.1511848],[-136.1981238,29.4526328],[-135.8370061,30.4678737],[-135.4697174,31.4845142],[-135.0957765,32.5026635],[-134.7146676,33.5224232]]]}},
{"type":"Feature","properties":{"name": "49"},"geometry":{"type":"Polygon","coordinates":[[[-127.1032497,38.6031615],[-127.9832274,39.4165083],[-128.8814748,40.2209373],[-129.7988341,41.0162281],[-130.7361703,41.8021412],[-132.2374055,41.5311882],[-133.7342192,41.2443861],[-135.2256184,40.9419038],[-136.7106434,40.6239492],[-137.1787163,39.5772202],[-137.6327388,38.5325940],[-138.0727542,37.4894951],[-138.4989132,36.4474149],[-137.5275800,35.7315249],[-136.5734990,35.0052637],[-135.6360617,34.2688329],[-134.7146676,33.5224232],[-133.3588401,33.7953041],[-131.9974424,34.0527377],[-130.6311233,34.2945401],[-129.2605560,34.5205516],[-128.7441334,35.5398224],[-128.2124740,36.5596517],[-127.6655025,37.5805659],[-127.1032497,38.6031615]]]}},
{"type":"Feature","properties":{"name": "50"},"geometry":{"type":"Polygon","coordinates":[[[-118.9445318,43.6979020],[-119.7666948,44.5889600],[-120.6102726,45.4731584],[-121.4766295,46.3503166],[-122.3672171,47.2202312],[-123.9438094,46.9956361],[-125.5105261,46.7484055],[-127.0670816,46.4794033],[-128.6134007,46.1895975],[-129.1675464,45.0871754],[-129.7052761,43.9881318],[-130.2277862,42.8929618],[-130.7361703,41.8021412],[-129.7988341,41.0162281],[-128.8814748,40.2209373],[-127.9832274,39.4165083],[-127.1032497,38.6031615],[-125.7099205,38.8479888],[-124.3126994,39.0769862],[-122.9113859,39.2891238],[-121.5059175,39.4834837],[-120.8984353,40.5385825],[-120.2699696,41.5929883],[-119.6191580,42.6462523],[-118.9445318,43.6979020]]]}},
{"type":"Feature","properties":{"name": "51"},"geometry":{"type":"Polygon","coordinates":[[[-109.5942789,48.0713973],[-110.2655162,49.0596456],[-110.9667827,50.0417657],[-111.7007956,51.0175357],[-112.4704392,51.9866815],[-114.2205565,51.9141470],[-115.9642971,51.8126133],[-117.6998804,51.6824974],[-119.4256701,51.5242823],[-120.2073045,50.4515995],[-120.9565553,49.3762787],[-121.6758021,48.2989554],[-122.3672171,47.2202312],[-121.4766295,46.3503166],[-120.6102726,45.4731584],[-119.7666948,44.5889600],[-118.9445318,43.6979020],[-117.4723180,43.8033114],[-115.9986977,43.8915240],[-114.5242463,43.9625374],[-113.0495421,44.0163570],[-112.2386908,45.0388684],[-111.3939210,46.0560927],[-110.5131795,47.0672206],[-109.5942789,48.0713973]]]}},
{"type":"Feature","properties":{"name": "52"},"geometry":{"type":"Polygon","coordinates":[[[-98.5486483,51.6416493],[-99.0102835,52.6683961],[-99.4975321,53.6927337],[-100.0129015,54.7146648],[-100.5591484,55.7341498],[-102.4775746,55.8358324],[-104.4023567,55.9100009],[-106.3314566,55.9568717],[-108.2628261,55.9766570],[-109.3921940,54.9934039],[-110.4674744,54.0000000],[-111.4924025,52.9974486],[-112.4704392,51.9866815],[-111.7007956,51.0175357],[-110.9667827,50.0417657],[-110.2655162,49.0596456],[-109.5942789,48.0713973],[-107.9989095,48.0707052],[-106.4050063,48.0502850],[-104.8133566,48.0100775],[-103.2247264,47.9500136],[-102.1306548,48.8946907],[-100.9881224,49.8257582],[-99.7948787,50.7418769],[-98.5486483,51.6416493]]]}},
{"type":"Feature","properties":{"name": "53"},"geometry":{"type":"Polygon","coordinates":[[[-85.6769529,53.8939313],[-85.8438219,54.9346274],[-86.0215157,55.9765688],[-86.2111183,57.0198608],[-86.4138572,58.0646001],[-88.4183250,58.3964885],[-90.4526357,58.6944183],[-92.5139395,58.9587485],[-94.5993024,59.1897675],[-96.1981451,58.3574427],[-97.7220285,57.5029378],[-99.1745088,56.6279668],[-100.5591484,55.7341498],[-100.0129015,54.7146648],[-99.4975321,53.6927337],[-99.0102835,52.6683961],[-98.5486483,51.6416493],[-96.8294909,51.4927717],[-95.1189639,51.3196128],[-93.4181885,51.1217931],[-91.7282723,50.8988385],[-90.2983711,51.6888633],[-88.8134094,52.4525283],[-87.2729656,53.1881197],[-85.6769529,53.8939313]]]}},
{"type":"Feature","properties":{"name": "54"},"geometry":{"type":"Polygon","coordinates":[[[-71.8230471,53.8939313],[-71.6561781,54.9346274],[-71.4784843,55.9765688],[-71.2888817,57.0198608],[-71.0861428,58.0646001],[-72.8994167,58.7451024],[-74.7815482,59.3924183],[-76.7321117,60.0047211],[-78.7500000,60.5802137],[-80.7678883,60.0047211],[-82.7184518,59.3924183],[-84.6005833,58.7451024],[-86.4138572,58.0646001],[-86.2111183,57.0198608],[-86.0215157,55.9765688],[-85.8438219,54.9346274],[-85.6769529,53.8939313],[-83.9037183,53.5280597],[-82.1565134,53.1291160],[-80.4377079,52.6956187],[-78.7500000,52.2257248],[-77.0622921,52.6956187],[-75.3434866,53.1291160],[-73.5962817,53.5280597],[-71.8230471,53.8939313]]]}},
{"type":"Feature","properties":{"name": "55"},"geometry":{"type":"Polygon","coordinates":[[[-58.9513517,51.6416493],[-58.4897165,52.6683961],[-58.0024679,53.6927337],[-57.4870985,54.7146648],[-56.9408516,55.7341498],[-58.3254912,56.6279668],[-59.7779715,57.5029378],[-61.3018549,58.3574427],[-62.9006976,59.1897675],[-64.9860605,58.9587485],[-67.0473643,58.6944183],[-69.0816750,58.3964885],[-71.0861428,58.0646001],[-71.2888817,57.0198608],[-71.4784843,55.9765688],[-71.6561781,54.9346274],[-71.8230471,53.8939313],[-70.2270344,53.1881197],[-68.6865906,52.4525283],[-67.2016289,51.6888633],[-65.7717277,50.8988385],[-64.0818115,51.1217931],[-62.3810361,51.3196128],[-60.6705091,51.4927717],[-58.9513517,51.6416493]]]}},
{"type":"Feature","properties":{"name": "56"},"geometry":{"type":"Polygon","coordinates":[[[-138.9131140,21.3647385],[-139.8258336,22.0437578],[-140.7448488,22.7158145],[-141.6704080,23.3814883],[-142.6028099,24.0412514],[-143.8378153,23.6621810],[-145.0641925,23.2684374],[-146.2813549,22.8604447],[-147.4887525,22.4386488],[-147.7537944,21.3881251],[-148.0166311,20.3354447],[-148.2770657,19.2800953],[-148.5348071,18.2215048],[-147.6306572,17.6135738],[-146.7316523,17.0024780],[-145.8373823,16.3880718],[-144.9474341,15.7701508],[-143.7715086,16.1860995],[-142.5854013,16.5840551],[-141.3902708,16.9633847],[-140.1873256,17.3235066],[-139.8726621,18.3351103],[-139.5555176,19.3456121],[-139.2357329,20.3553815],[-138.9131140,21.3647385]]]}},
{"type":"Feature","properties":{"name": "57"},"geometry":{"type":"Polygon","coordinates":[[[-132.4934912,26.5032347],[-133.4045231,27.2539040],[-134.3256149,27.9952214],[-135.2567779,28.7279228],[-136.1981238,29.4526328],[-137.4999411,29.1511848],[-138.7956062,28.8343741],[-140.0845031,28.5024740],[-141.3660458,28.1557813],[-141.6800752,27.1266970],[-141.9907219,26.0980763],[-142.2982287,25.0696812],[-142.6028099,24.0412514],[-141.6704080,23.3814883],[-140.7448488,22.7158145],[-139.8258336,22.0437578],[-138.9131140,21.3647385],[-137.6768180,21.6823405],[-136.4360701,21.9818907],[-135.1918571,22.2631048],[-133.9451869,22.5257427],[-133.5900861,23.5185518],[-133.2300278,24.5123465],[-132.8646303,25.5072142],[-132.4934912,26.5032347]]]}},
{"type":"Feature","properties":{"name": "58"},"geometry":{"type":"Polygon","coordinates":[[[-125.6444353,31.2870338],[-126.5272161,32.1100668],[-127.4242146,32.9228590],[-128.3353217,33.7261419],[-129.2605560,34.5205516],[-130.6311233,34.2945401],[-131.9974424,34.0527377],[-133.3588401,33.7953041],[-134.7146676,33.5224232],[-135.0957765,32.5026635],[-135.4697174,31.4845142],[-135.8370061,30.4678737],[-136.1981238,29.4526328],[-135.2567779,28.7279228],[-134.3256149,27.9952214],[-133.4045231,27.2539040],[-132.4934912,26.5032347],[-131.2125238,26.7355941],[-129.9304451,26.9505971],[-128.6481184,27.1481582],[-127.3664144,27.3282279],[-126.9498060,28.3162053],[-126.5243320,29.3053243],[-126.0894141,30.2955976],[-125.6444353,31.2870338]]]}},
{"type":"Feature","properties":{"name": "59"},"geometry":{"type":"Polygon","coordinates":[[[-118.5225030,35.7302744],[-119.2457825,36.6794348],[-119.9826762,37.6216518],[-120.7353523,38.5564785],[-121.5059175,39.4834837],[-122.9113859,39.2891238],[-124.3126994,39.0769862],[-125.7099205,38.8479888],[-127.1032497,38.6031615],[-127.6655025,37.5805659],[-128.2124740,36.5596517],[-128.7441334,35.5398224],[-129.2605560,34.5205516],[-128.3353217,33.7261419],[-127.4242146,32.9228590],[-126.5272161,32.1100668],[-125.6444353,31.2870338],[-124.3450974,31.3863328],[-123.0476690,31.4705823],[-121.7522253,31.5409369],[-120.4587890,31.5984132],[-119.9945104,32.6294773],[-119.5184075,33.6619072],[-119.0284937,34.6955723],[-118.5225030,35.7302744]]]}},
{"type":"Feature","properties":{"name": "60"},"geometry":{"type":"Polygon","coordinates":[[[-110.4836237,40.0451762],[-111.0996227,41.0475407],[-111.7310542,42.0436453],[-112.3802575,43.0333119],[-113.0495421,44.0163570],[-114.5242463,43.9625374],[-115.9986977,43.8915240],[-117.4723180,43.8033114],[-118.9445318,43.6979020],[-119.6191580,42.6462523],[-120.2699696,41.5929883],[-120.8984353,40.5385825],[-121.5059175,39.4834837],[-120.7353523,38.5564785],[-119.9826762,37.6216518],[-119.2457825,36.6794348],[-118.5225030,35.7302744],[-117.2166448,35.8107387],[-115.9118471,35.8768968],[-114.6084436,35.9288081],[-113.3067701,35.9665389],[-112.6427068,36.9892571],[-111.9517447,38.0104527],[-111.2325279,39.0293603],[-110.4836237,40.0451762]]]}},
{"type":"Feature","properties":{"name": "61"},"geometry":{"type":"Polygon","coordinates":[[[-101.3100361,43.8301769],[-101.7636933,44.8669734],[-102.2326145,45.8991248],[-102.7189147,46.9267700],[-103.2247264,47.9500136],[-104.8133566,48.0100775],[-106.4050063,48.0502850],[-107.9989095,48.0707052],[-109.5942789,48.0713973],[-110.5131795,47.0672206],[-111.3939210,46.0560927],[-112.2386908,45.0388684],[-113.0495421,44.0163570],[-112.3802575,43.0333119],[-111.7310542,42.0436453],[-111.0996227,41.0475407],[-110.4836237,40.0451762],[-109.1115081,40.0461207],[-107.7420836,40.0318914],[-106.3757598,40.0025719],[-105.0129323,39.9582504],[-104.1465121,40.9395187],[-103.2416123,41.9127954],[-102.2966546,42.8767939],[-101.3100361,43.8301769]]]}},
{"type":"Feature","properties":{"name": "62"},"geometry":{"type":"Polygon","coordinates":[[[-90.7062433,46.7365905],[-90.9441246,47.7791868],[-91.1929362,48.8202486],[-91.4538941,49.8600539],[-91.7282723,50.8988385],[-93.4181885,51.1217931],[-95.1189639,51.3196128],[-96.8294909,51.4927717],[-98.5486483,51.6416493],[-99.7948787,50.7418769],[-100.9881224,49.8257582],[-102.1306548,48.8946907],[-103.2247264,47.9500136],[-102.7189147,46.9267700],[-102.2326145,45.8991248],[-101.7636933,44.8669734],[-101.3100361,43.8301769],[-99.8575934,43.7300918],[-98.4099546,43.6129239],[-96.9674564,43.4786091],[-95.5303853,43.3270387],[-94.3968221,44.2107809],[-93.2153448,45.0748857],[-91.9853016,45.9174567],[-90.7062433,46.7365905]]]}},
{"type":"Feature","properties":{"name": "63"},"geometry":{"type":"Polygon","coordinates":[[[-78.7500000,48.0923032],[-78.7500000,49.1234347],[-78.7500000,50.1559886],[-78.7500000,51.1900549],[-78.7500000,52.2257248],[-80.4377079,52.6956187],[-82.1565134,53.1291160],[-83.9037183,53.5280597],[-85.6769529,53.8939313],[-87.2729656,53.1881197],[-88.8134094,52.4525283],[-90.2983711,51.6888633],[-91.7282723,50.8988385],[-91.4538941,49.8600539],[-91.1929362,48.8202486],[-90.9441246,47.7791868],[-90.7062433,46.7365905],[-89.1741078,46.4884310],[-87.6509918,46.2166398],[-86.1374686,45.9199465],[-84.6342314,45.5966737],[-83.2209100,46.2777489],[-81.7670935,46.9218456],[-80.2756784,47.5272129],[-78.7500000,48.0923032]]]}},
{"type":"Feature","properties":{"name": "64"},"geometry":{"type":"Polygon","coordinates":[[[-66.7937567,46.7365905],[-66.5558754,47.7791868],[-66.3070638,48.8202486],[-66.0461059,49.8600539],[-65.7717277,50.8988385],[-67.2016289,51.6888633],[-68.6865906,52.4525283],[-70.2270344,53.1881197],[-71.8230471,53.8939313],[-73.5962817,53.5280597],[-75.3434866,53.1291160],[-77.0622921,52.6956187],[-78.7500000,52.2257248],[-78.7500000,51.1900549],[-78.7500000,50.1559886],[-78.7500000,49.1234347],[-78.7500000,48.0923032],[-77.2243216,47.5272129],[-75.7329065,46.9218456],[-74.2790900,46.2777489],[-72.8657686,45.5966737],[-71.3625314,45.9199465],[-69.8490082,46.2166398],[-68.3258922,46.4884310],[-66.7937567,46.7365905]]]}},
{"type":"Feature","properties":{"name": "65"},"geometry":{"type":"Polygon","coordinates":[[[-136.6475137,14.6044961],[-137.5264126,15.2997583],[-138.4094227,15.9836028],[-139.2963847,16.6577392],[-140.1873256,17.3235066],[-141.3902708,16.9633847],[-142.5854013,16.5840551],[-143.7715086,16.1860995],[-144.9474341,15.7701508],[-145.2282808,14.7233403],[-145.5053288,13.6712523],[-145.7777443,12.6128166],[-146.0443365,11.5467671],[-145.1822312,10.9429677],[-144.3228344,10.3367709],[-143.4656814,9.7279119],[-142.6102654,9.1159969],[-141.4600789,9.5399065],[-140.2953105,9.9355905],[-139.1192465,10.3016555],[-137.9352876,10.6369102],[-137.6160832,11.6311284],[-137.2951546,12.6234337],[-136.9723601,13.6144061],[-136.6475137,14.6044961]]]}},
{"type":"Feature","properties":{"name": "66"},"geometry":{"type":"Polygon","coordinates":[[[-130.4391129,19.4628315],[-131.3006963,20.2511953],[-132.1728839,21.0231876],[-133.0546191,21.7808135],[-133.9451869,22.5257427],[-135.1918571,22.2631048],[-136.4360701,21.9818907],[-137.6768180,21.6823405],[-138.9131140,21.3647385],[-139.2357329,20.3553815],[-139.5555176,19.3456121],[-139.8726621,18.3351103],[-140.1873256,17.3235066],[-139.2963847,16.6577392],[-138.4094227,15.9836028],[-137.5264126,15.2997583],[-136.6475137,14.6044961],[-135.4442965,14.8799677],[-134.2413344,15.1299328],[-133.0406477,15.3541608],[-131.8442306,15.5525357],[-131.4992428,16.5289098],[-131.1502655,17.5060571],[-130.7969946,18.4840180],[-130.4391129,19.4628315]]]}},
{"type":"Feature","properties":{"name": "67"},"geometry":{"type":"Polygon","coordinates":[[[-124.0908148,23.7439697],[-124.8901762,24.6571234],[-125.7024361,25.5592525],[-126.5277885,26.4498028],[-127.3664144,27.3282279],[-128.6481184,27.1481582],[-129.9304451,26.9505971],[-131.2125238,26.7355941],[-132.4934912,26.5032347],[-132.8646303,25.5072142],[-133.2300278,24.5123465],[-133.5900861,23.5185518],[-133.9451869,22.5257427],[-133.0546191,21.7808135],[-132.1728839,21.0231876],[-131.3006963,20.2511953],[-130.4391129,19.4628315],[-129.2459378,19.5789348],[-128.0576828,19.6766252],[-126.8741922,19.7584843],[-125.6952193,19.8266199],[-125.3045567,20.8055279],[-124.9072322,21.7846868],[-124.5028049,22.7641517],[-124.0908148,23.7439697]]]}},
{"type":"Feature","properties":{"name": "68"},"geometry":{"type":"Polygon","coordinates":[[[-117.3884888,27.8143599],[-118.1372415,28.7700505],[-118.8981956,29.7195505],[-119.6718680,30.6624696],[-120.4587890,31.5984132],[-121.7522253,31.5409369],[-123.0476690,31.4705823],[-124.3450974,31.3863328],[-125.6444353,31.2870338],[-126.0894141,30.2955976],[-126.5243320,29.3053243],[-126.9498060,28.3162053],[-127.3664144,27.3282279],[-126.5277885,26.4498028],[-125.7024361,25.5592525],[-124.8901762,24.6571234],[-124.0908148,23.7439697],[-122.8835269,23.7997788],[-121.6793385,23.8448875],[-120.4780164,23.8802817],[-119.2793139,23.9068067],[-118.8223396,24.8842514],[-118.3552984,25.8613135],[-117.8775667,26.8380134],[-117.3884888,27.8143599]]]}},
{"type":"Feature","properties":{"name": "69"},"geometry":{"type":"Polygon","coordinates":[[[-110.4820453,31.9548219],[-111.1758349,32.9661419],[-111.8776139,33.9721752],[-112.5877866,34.9724592],[-113.3067701,35.9665389],[-114.6084436,35.9288081],[-115.9118471,35.8768968],[-117.2166448,35.8107387],[-118.5225030,35.7302744],[-119.0284937,34.6955723],[-119.5184075,33.6619072],[-119.9945104,32.6294773],[-120.4587890,31.5984132],[-119.6718680,30.6624696],[-118.8981956,29.7195505],[-118.1372415,28.7700505],[-117.3884888,27.8143599],[-116.1812609,27.8641311],[-114.9755338,27.9013806],[-113.7714324,27.9261784],[-112.5690754,27.9385989],[-112.0650731,28.9413237],[-111.5503975,29.9449975],[-111.0233635,30.9495427],[-110.4820453,31.9548219]]]}},
{"type":"Feature","properties":{"name": "70"},"geometry":{"type":"Polygon","coordinates":[[[-102.9954932,35.7679651],[-103.4979635,36.8235149],[-103.9994457,37.8738750],[-104.5034091,38.9188258],[-105.0129323,39.9582504],[-106.3757598,40.0025719],[-107.7420836,40.0318914],[-109.1115081,40.0461207],[-110.4836237,40.0451762],[-111.2325279,39.0293603],[-111.9517447,38.0104527],[-112.6427068,36.9892571],[-113.3067701,35.9665389],[-112.5877866,34.9724592],[-111.8776139,33.9721752],[-111.1758349,32.9661419],[-110.4820453,31.9548219],[-109.2442731,31.9401129],[-108.0092869,31.9124954],[-106.7772815,31.8720596],[-105.5484405,31.8189000],[-104.9480288,32.8077215],[-104.3249674,33.7960283],[-103.6755823,34.7831114],[-102.9954932,35.7679651]]]}},
{"type":"Feature","properties":{"name": "71"},"geometry":{"type":"Polygon","coordinates":[[[-94.2766251,39.0745162],[-94.5854432,40.1458800],[-94.8956248,41.2113974],[-95.2098400,42.2716155],[-95.5303853,43.3270387],[-96.9674564,43.4786091],[-98.4099546,43.6129239],[-99.8575934,43.7300918],[-101.3100361,43.8301769],[-102.2966546,42.8767939],[-103.2416123,41.9127954],[-104.1465121,40.9395187],[-105.0129323,39.9582504],[-104.5034091,38.9188258],[-103.9994457,37.8738750],[-103.4979635,36.8235149],[-102.9954932,35.7679651],[-101.7241499,35.6821102],[-100.4577129,35.5830840],[-99.1964572,35.4710189],[-97.9406459,35.3460522],[-97.0948601,36.2941164],[-96.2028638,37.2330940],[-95.2637155,38.1606840],[-94.2766251,39.0745162]]]}},
{"type":"Feature","properties":{"name": "72"},"geometry":{"type":"Polygon","coordinates":[[[-84.2439332,41.4445378],[-84.3363440,42.4846523],[-84.4317997,43.5230375],[-84.5309129,44.5602339],[-84.6342314,45.5966737],[-86.1374686,45.9199465],[-87.6509918,46.2166398],[-89.1741078,46.4884310],[-90.7062433,46.7365905],[-91.9853016,45.9174567],[-93.2153448,45.0748857],[-94.3968221,44.2107809],[-95.5303853,43.3270387],[-95.2098400,42.2716155],[-94.8956248,41.2113974],[-94.5854432,40.1458800],[-94.2766251,39.0745162],[-92.9591212,38.8990127],[-91.6474701,38.7091203],[-90.3415937,38.5047262],[-89.0412980,38.2856092],[-87.9188976,39.1226911],[-86.7435925,39.9305638],[-85.5176459,40.7056440],[-84.2439332,41.4445378]]]}},
{"type":"Feature","properties":{"name": "73"},"geometry":{"type":"Polygon","coordinates":[[[-73.2560668,41.4445378],[-73.1636560,42.4846523],[-73.0682003,43.5230375],[-72.9690871,44.5602339],[-72.8657686,45.5966737],[-74.2790900,46.2777489],[-75.7329065,46.9218456],[-77.2243216,47.5272129],[-78.7500000,48.0923032],[-80.2756784,47.5272129],[-81.7670935,46.9218456],[-83.2209100,46.2777489],[-84.6342314,45.5966737],[-84.5309129,44.5602339],[-84.4317997,43.5230375],[-84.3363440,42.4846523],[-84.2439332,41.4445378],[-82.8592320,41.1090152],[-81.4807360,40.7421384],[-80.1098440,40.3372274],[-78.7500000,39.8839642],[-77.3901560,40.3372274],[-76.0192640,40.7421384],[-74.6407680,41.1090152],[-73.2560668,41.4445378]]]}},
{"type":"Feature","properties":{"name": "74"},"geometry":{"type":"Polygon","coordinates":[[[-134.4933758,7.7642638],[-135.3437274,8.5248293],[-136.2033940,9.2514147],[-137.0679435,9.9533606],[-137.9352876,10.6369102],[-139.1192465,10.3016555],[-140.2953105,9.9355905],[-141.4600789,9.5399065],[-142.6102654,9.1159969],[-142.8933555,8.0590499],[-143.1659930,6.9883908],[-143.4228263,5.9001950],[-143.6548140,4.7894819],[-142.8227025,4.1921562],[-141.9923247,3.5942839],[-141.1634305,2.9959452],[-140.3357708,2.3972191],[-139.2510356,2.8904172],[-138.1090628,3.3093607],[-136.9384787,3.6418799],[-135.7696030,3.8806166],[-135.4523214,4.8511264],[-135.1339997,5.8218730],[-134.8144238,6.7929032],[-134.4933758,7.7642638]]]}},
{"type":"Feature","properties":{"name": "75"},"geometry":{"type":"Polygon","coordinates":[[[-128.6294025,11.9941569],[-129.4112756,12.9144738],[-130.2082778,13.8152156],[-131.0195625,14.6950009],[-131.8442306,15.5525357],[-133.0406477,15.3541608],[-134.2413344,15.1299328],[-135.4442965,14.8799677],[-136.6475137,14.6044961],[-136.9723601,13.6144061],[-137.2951546,12.6234337],[-137.6160832,11.6311284],[-137.9352876,10.6369102],[-137.0679435,9.9533606],[-136.2033940,9.2514147],[-135.3437274,8.5248293],[-134.4933758,7.7642638],[-133.3539825,7.8776516],[-132.2284678,7.9586349],[-131.1149916,8.0176334],[-130.0116312,8.0611722],[-129.6687647,9.0468727],[-129.3245114,10.0306734],[-128.9782362,11.0129905],[-128.6294025,11.9941569]]]}},
{"type":"Feature","properties":{"name": "76"},"geometry":{"type":"Polygon","coordinates":[[[-122.6398177,16.0671853],[-123.3846081,17.0231363],[-124.1420747,17.9688554],[-124.9122675,18.9035954],[-125.6952193,19.8266199],[-126.8741922,19.7584843],[-128.0576828,19.6766252],[-129.2459378,19.5789348],[-130.4391129,19.4628315],[-130.7969946,18.4840180],[-131.1502655,17.5060571],[-131.4992428,16.5289098],[-131.8442306,15.5525357],[-131.0195625,14.6950009],[-130.2082778,13.8152156],[-129.4112756,12.9144738],[-128.6294025,11.9941569],[-127.5083154,12.0395854],[-126.3931200,12.0751711],[-125.2830200,12.1026565],[-124.1772901,12.1233767],[-123.7989478,13.1116890],[-123.4169694,14.0982852],[-123.0307744,15.0833864],[-122.6398177,16.0671853]]]}},
{"type":"Feature","properties":{"name": "77"},"geometry":{"type":"Polygon","coordinates":[[[-116.3865120,20.0349066],[-117.0936619,21.0116948],[-117.8112690,21.9829136],[-118.5396969,22.9481045],[-119.2793139,23.9068067],[-120.4780164,23.8802817],[-121.6793385,23.8448875],[-122.8835269,23.7997788],[-124.0908148,23.7439697],[-124.5028049,22.7641517],[-124.9072322,21.7846868],[-125.3045567,20.8055279],[-125.6952193,19.8266199],[-124.9122675,18.9035954],[-124.1420747,17.9688554],[-123.3846081,17.0231363],[-122.6398177,16.0671853],[-121.5094168,16.0863213],[-120.3818918,16.0994415],[-119.2568227,16.1071869],[-118.1338167,16.1100889],[-117.7074374,17.0936843],[-117.2744865,18.0756150],[-116.8343739,19.0559909],[-116.3865120,20.0349066]]]}},
{"type":"Feature","properties":{"name": "78"},"geometry":{"type":"Polygon","coordinates":[[[-109.8291720,23.9239768],[-110.5018055,24.9327664],[-111.1823915,25.9384101],[-111.8713405,26.9404930],[-112.5690754,27.9385989],[-113.7714324,27.9261784],[-114.9755338,27.9013806],[-116.1812609,27.8641311],[-117.3884888,27.8143599],[-117.8775667,26.8380134],[-118.3552984,25.8613135],[-118.8223396,24.8842514],[-119.2793139,23.9068067],[-118.5396969,22.9481045],[-117.8112690,21.9829136],[-117.0936619,21.0116948],[-116.3865120,20.0349066],[-115.2332621,20.0311210],[-114.0812670,20.0224177],[-112.9302461,20.0091180],[-111.7799303,19.9914988],[-111.2983539,20.9739592],[-110.8132210,21.9568015],[-110.3237717,22.9401135],[-109.8291720,23.9239768]]]}},
{"type":"Feature","properties":{"name": "79"},"geometry":{"type":"Polygon","coordinates":[[[-103.0236234,27.6029830],[-103.6507276,28.6602144],[-104.2804448,29.7156995],[-104.9129541,30.7688029],[-105.5484405,31.8189000],[-106.7772815,31.8720596],[-108.0092869,31.9124954],[-109.2442731,31.9401129],[-110.4820453,31.9548219],[-111.0233635,30.9495427],[-111.5503975,29.9449975],[-112.0650731,28.9413237],[-112.5690754,27.9385989],[-111.8713405,26.9404930],[-111.1823915,25.9384101],[-110.5018055,24.9327664],[-109.8291720,23.9239768],[-108.6636085,23.8923324],[-107.4994221,23.8496065],[-106.3365564,23.7959382],[-105.1749289,23.7314816],[-104.6506367,24.6986587],[-104.1181717,25.6662733],[-103.5763033,26.6343744],[-103.0236234,27.6029830]]]}},
{"type":"Feature","properties":{"name": "80"},"geometry":{"type":"Polygon","coordinates":[[[-95.8476922,30.9482949],[-96.3866617,32.0522394],[-96.9155142,33.1541113],[-97.4336945,34.2525014],[-97.9406459,35.3460522],[-99.1964572,35.4710189],[-100.4577129,35.5830840],[-101.7241499,35.6821102],[-102.9954932,35.7679651],[-103.6755823,34.7831114],[-104.3249674,33.7960283],[-104.9480288,32.8077215],[-105.5484405,31.8189000],[-104.9129541,30.7688029],[-104.2804448,29.7156995],[-103.6507276,28.6602144],[-103.0236234,27.6029830],[-101.8402300,27.5082571],[-100.6589081,27.4022457],[-99.4795185,27.2851228],[-98.3018631,27.1570878],[-97.7138678,28.1046461],[-97.1106093,29.0524824],[-96.4895791,30.0004621],[-95.8476922,30.9482949]]]}},
{"type":"Feature","properties":{"name": "81"},"geometry":{"type":"Polygon","coordinates":[[[-88.1174297,33.8996462],[-88.3833816,35.0127264],[-88.6187401,36.1139290],[-88.8354722,37.2044059],[-89.0412980,38.2856092],[-90.3415937,38.5047262],[-91.6474701,38.7091203],[-92.9591212,38.8990127],[-94.2766251,39.0745162],[-95.2637155,38.1606840],[-96.2028638,37.2330940],[-97.0948601,36.2941164],[-97.9406459,35.3460522],[-97.4336945,34.2525014],[-96.9155142,33.1541113],[-96.3866617,32.0522394],[-95.8476922,30.9482949],[-94.6521671,30.7855964],[-93.4601819,30.6113937],[-92.2714325,30.4258693],[-91.0854614,30.2292437],[-90.4021651,31.1513275],[-89.6865872,32.0722051],[-88.9295264,32.9897682],[-88.1174297,33.8996462]]]}},
{"type":"Feature","properties":{"name": "82"},"geometry":{"type":"Polygon","coordinates":[[[-78.7500000,35.7981262],[-78.7500000,36.8188961],[-78.7500000,37.8400712],[-78.7500000,38.8617332],[-78.7500000,39.8839642],[-80.1098440,40.3372274],[-81.4807360,40.7421384],[-82.8592320,41.1090152],[-84.2439332,41.4445378],[-85.5176459,40.7056440],[-86.7435925,39.9305638],[-87.9188976,39.1226911],[-89.0412980,38.2856092],[-88.8354722,37.2044059],[-88.6187401,36.1139290],[-88.3833816,35.0127264],[-88.1174297,33.8996462],[-86.9202631,33.6653695],[-85.7304186,33.4197558],[-84.5480022,33.1629734],[-83.3731047,32.8951919],[-82.3591076,33.7314764],[-81.2314363,34.5088485],[-80.0172368,35.2039108],[-78.7500000,35.7981262]]]}},
{"type":"Feature","properties":{"name": "83"},"geometry":{"type":"Polygon","coordinates":[[[-74.1268953,32.8951919],[-75.1408924,33.7314764],[-76.2685637,34.5088485],[-77.4827632,35.2039108],[-78.7500000,35.7981262],[-80.0172368,35.2039108],[-81.2314363,34.5088485],[-82.3591076,33.7314764],[-83.3731047,32.8951919],[-83.0334230,31.7397768],[-82.5949039,30.5843556],[-82.0700261,29.4577346],[-81.4751017,28.3871050],[-80.1285083,28.2754284],[-78.7500000,28.2376021],[-77.3714917,28.2754284],[-76.0248983,28.3871050],[-75.4299739,29.4577346],[-74.9050961,30.5843556],[-74.4665770,31.7397768],[-74.1268953,32.8951919]]]}},
{"type":"Feature","properties":{"name": "84"},"geometry":{"type":"Polygon","coordinates":[[[-68.4587020,38.2856092],[-69.5811024,39.1226911],[-70.7564075,39.9305638],[-71.9823541,40.7056440],[-73.2560668,41.4445378],[-74.6407680,41.1090152],[-76.0192640,40.7421384],[-77.3901560,40.3372274],[-78.7500000,39.8839642],[-78.7500000,38.8617332],[-78.7500000,37.8400712],[-78.7500000,36.8188961],[-78.7500000,35.7981262],[-77.4827632,35.2039108],[-76.2685637,34.5088485],[-75.1408924,33.7314764],[-74.1268953,32.8951919],[-72.9519978,33.1629734],[-71.7695814,33.4197558],[-70.5797369,33.6653695],[-69.3825703,33.8996462],[-69.1166184,35.0127264],[-68.8812599,36.1139290],[-68.6645278,37.2044059],[-68.4587020,38.2856092]]]}},
{"type":"Feature","properties":{"name": "85"},"geometry":{"type":"Polygon","coordinates":[[[-61.9696147,43.3270387],[-63.1031779,44.2107809],[-64.2846552,45.0748857],[-65.5146984,45.9174567],[-66.7937567,46.7365905],[-68.3258922,46.4884310],[-69.8490082,46.2166398],[-71.3625314,45.9199465],[-72.8657686,45.5966737],[-72.9690871,44.5602339],[-73.0682003,43.5230375],[-73.1636560,42.4846523],[-73.2560668,41.4445378],[-71.9823541,40.7056440],[-70.7564075,39.9305638],[-69.5811024,39.1226911],[-68.4587020,38.2856092],[-67.1584063,38.5047262],[-65.8525299,38.7091203],[-64.5408788,38.8990127],[-63.2233749,39.0745162],[-62.9145568,40.1458800],[-62.6043752,41.2113974],[-62.2901600,42.2716155],[-61.9696147,43.3270387]]]}},
{"type":"Feature","properties":{"name": "86"},"geometry":{"type":"Polygon","coordinates":[[[-54.2752736,47.9500136],[-55.3693452,48.8946907],[-56.5118776,49.8257582],[-57.7051213,50.7418769],[-58.9513517,51.6416493],[-60.6705091,51.4927717],[-62.3810361,51.3196128],[-64.0818115,51.1217931],[-65.7717277,50.8988385],[-66.0461059,49.8600539],[-66.3070638,48.8202486],[-66.5558754,47.7791868],[-66.7937567,46.7365905],[-65.5146984,45.9174567],[-64.2846552,45.0748857],[-63.1031779,44.2107809],[-61.9696147,43.3270387],[-60.5325436,43.4786091],[-59.0900454,43.6129239],[-57.6424066,43.7300918],[-56.1899639,43.8301769],[-55.7363067,44.8669734],[-55.2673855,45.8991248],[-54.7810853,46.9267700],[-54.2752736,47.9500136]]]}},
{"type":"Feature","properties":{"name": "87"},"geometry":{"type":"Polygon","coordinates":[[[-45.0295608,51.9866815],[-46.0075975,52.9974486],[-47.0325256,54.0000000],[-48.1078060,54.9934039],[-49.2371739,55.9766570],[-51.1685434,55.9568717],[-53.0976433,55.9100009],[-55.0224254,55.8358324],[-56.9408516,55.7341498],[-57.4870985,54.7146648],[-58.0024679,53.6927337],[-58.4897165,52.6683961],[-58.9513517,51.6416493],[-57.7051213,50.7418769],[-56.5118776,49.8257582],[-55.3693452,48.8946907],[-54.2752736,47.9500136],[-52.6866434,48.0100775],[-51.0949937,48.0502850],[-49.5010905,48.0707052],[-47.9057211,48.0713973],[-47.2344838,49.0596456],[-46.5332173,50.0417657],[-45.7992044,51.0175357],[-45.0295608,51.9866815]]]}},
{"type":"Feature","properties":{"name": "88"},"geometry":{"type":"Polygon","coordinates":[[[-34.0997388,55.0642410],[-34.8801260,56.1711973],[-35.6983504,57.2753019],[-36.5581057,58.3757598],[-37.4635421,59.4717297],[-39.5400461,59.6371871],[-41.6355966,59.7674440],[-43.7463895,59.8619269],[-45.8683534,59.9201652],[-46.7760251,58.9399245],[-47.6369125,57.9557296],[-48.4558754,56.9678930],[-49.2371739,55.9766570],[-48.1078060,54.9934039],[-47.0325256,54.0000000],[-46.0075975,52.9974486],[-45.0295608,51.9866815],[-43.2794435,51.9141470],[-41.5357029,51.8126133],[-39.8001196,51.6824974],[-38.0743299,51.5242823],[-37.1359977,52.4199931],[-36.1626889,53.3088016],[-35.1516191,54.1903538],[-34.0997388,55.0642410]]]}},
{"type":"Feature","properties":{"name": "89"},"geometry":{"type":"Polygon","coordinates":[[[-21.8695962,56.9772307],[-22.3232387,58.1569976],[-22.7843232,59.3385446],[-23.2537002,60.5209002],[-23.7323471,61.7030912],[-25.8166807,62.0892631],[-27.9512989,62.4421100],[-30.1340622,62.7603528],[-32.3621037,63.0427561],[-33.7532915,62.1649688],[-35.0619201,61.2764241],[-36.2962414,60.3783429],[-37.4635421,59.4717297],[-36.5581057,58.3757598],[-35.6983504,57.2753019],[-34.8801260,56.1711973],[-34.0997388,55.0642410],[-32.2738350,54.8114412],[-30.4689583,54.5300303],[-28.6861930,54.2208725],[-26.9262710,53.8849079],[-25.7336327,54.6754327],[-24.4954193,55.4547970],[-23.2085268,56.2223188],[-21.8695962,56.9772307]]]}},
{"type":"Feature","properties":{"name": "90"},"geometry":{"type":"Polygon","coordinates":[[[-8.8845132,57.5725195],[-8.9350699,58.7837812],[-8.9355540,59.9980432],[-8.8801909,61.2120012],[-8.7625192,62.4222814],[-10.6196531,63.0242057],[-12.5503091,63.5998448],[-14.5570201,64.1477035],[-16.6415888,64.6661697],[-18.5768376,63.9584236],[-20.3970280,63.2266616],[-22.1124382,62.4740376],[-23.7323471,61.7030912],[-23.2537002,60.5209002],[-22.7843232,59.3385446],[-22.3232387,58.1569976],[-21.8695962,56.9772307],[-20.0704866,56.5338918],[-18.3051167,56.0652070],[-16.5719817,55.5725896],[-14.8688471,55.0576326],[-13.4474508,55.7115712],[-11.9779011,56.3493026],[-10.4577979,56.9699433],[-8.8845132,57.5725195]]]}},
{"type":"Feature","properties":{"name": "91"},"geometry":{"type":"Polygon","coordinates":[[[4.1468224,56.8177133],[4.3650840,58.0024359],[4.7771295,59.1981468],[5.3955100,60.3724499],[6.2221639,61.4932287],[4.8019674,62.2639253],[3.3073541,63.0196611],[1.7333643,63.7591491],[0.0748577,64.4809707],[-2.3311352,64.0388959],[-4.5969383,63.5408594],[-6.7366502,62.9992841],[-8.7625192,62.4222814],[-8.8801909,61.2120012],[-8.9355540,59.9980432],[-8.9350699,58.7837812],[-8.8845132,57.5725195],[-7.2261159,56.9471054],[-5.5947211,56.3036328],[-3.9797404,55.6457772],[-2.3661186,54.9795570],[-0.7946967,55.4712318],[0.8146654,55.9420230],[2.4619203,56.3911230],[4.1468224,56.8177133]]]}},
{"type":"Feature","properties":{"name": "92"},"geometry":{"type":"Polygon","coordinates":[[[-73.4639827,25.0015249],[-74.0906424,25.8527946],[-74.7260198,26.7008643],[-75.3706031,27.5456611],[-76.0248983,28.3871050],[-77.3714917,28.2754284],[-78.7500000,28.2376021],[-80.1285083,28.2754284],[-81.4751017,28.3871050],[-82.1293969,27.5456611],[-82.7739802,26.7008643],[-83.4093576,25.8527946],[-84.0360173,25.0015249],[-83.3680185,24.0435607],[-82.6941268,23.1119800],[-82.0212498,22.1988581],[-81.3529664,21.2987386],[-80.0529873,21.2734231],[-78.7500000,21.2649734],[-77.4470127,21.2734231],[-76.1470336,21.2987386],[-75.4787502,22.1988581],[-74.8058732,23.1119800],[-74.1319815,24.0435607],[-73.4639827,25.0015249]]]}},
{"type":"Feature","properties":{"name": "93"},"geometry":{"type":"Polygon","coordinates":[[[-66.4145386,30.2292437],[-67.0978349,31.1513275],[-67.8134128,32.0722051],[-68.5704736,32.9897682],[-69.3825703,33.8996462],[-70.5797369,33.6653695],[-71.7695814,33.4197558],[-72.9519978,33.1629734],[-74.1268953,32.8951919],[-74.4665770,31.7397768],[-74.9050961,30.5843556],[-75.4299739,29.4577346],[-76.0248983,28.3871050],[-75.3706031,27.5456611],[-74.7260198,26.7008643],[-74.0906424,25.8527946],[-73.4639827,25.0015249],[-72.2275175,25.1836063],[-71.0106989,25.3803836],[-69.8081650,25.5827292],[-68.6158731,25.7851271],[-68.0414419,26.8818674],[-67.4821034,27.9900217],[-66.9393198,29.1067665],[-66.4145386,30.2292437]]]}},
{"type":"Feature","properties":{"name": "94"},"geometry":{"type":"Polygon","coordinates":[[[-59.5593541,35.3460522],[-60.4051399,36.2941164],[-61.2971362,37.2330940],[-62.2362845,38.1606840],[-63.2233749,39.0745162],[-64.5408788,38.8990127],[-65.8525299,38.7091203],[-67.1584063,38.5047262],[-68.4587020,38.2856092],[-68.6645278,37.2044059],[-68.8812599,36.1139290],[-69.1166184,35.0127264],[-69.3825703,33.8996462],[-68.5704736,32.9897682],[-67.8134128,32.0722051],[-67.0978349,31.1513275],[-66.4145386,30.2292437],[-65.2285675,30.4258693],[-64.0398181,30.6113937],[-62.8478329,30.7855964],[-61.6523078,30.9482949],[-61.1133383,32.0522394],[-60.5844858,33.1541113],[-60.0663055,34.2525014],[-59.5593541,35.3460522]]]}},
{"type":"Feature","properties":{"name": "95"},"geometry":{"type":"Polygon","coordinates":[[[-52.4870677,39.9582504],[-53.3534879,40.9395187],[-54.2583877,41.9127954],[-55.2033454,42.8767939],[-56.1899639,43.8301769],[-57.6424066,43.7300918],[-59.0900454,43.6129239],[-60.5325436,43.4786091],[-61.9696147,43.3270387],[-62.2901600,42.2716155],[-62.6043752,41.2113974],[-62.9145568,40.1458800],[-63.2233749,39.0745162],[-62.2362845,38.1606840],[-61.2971362,37.2330940],[-60.4051399,36.2941164],[-59.5593541,35.3460522],[-58.3035428,35.4710189],[-57.0422871,35.5830840],[-55.7758501,35.6821102],[-54.5045068,35.7679651],[-54.0020365,36.8235149],[-53.5005543,37.8738750],[-52.9965909,38.9188258],[-52.4870677,39.9582504]]]}},
{"type":"Feature","properties":{"name": "96"},"geometry":{"type":"Polygon","coordinates":[[[-44.4504579,44.0163570],[-45.2613092,45.0388684],[-46.1060790,46.0560927],[-46.9868205,47.0672206],[-47.9057211,48.0713973],[-49.5010905,48.0707052],[-51.0949937,48.0502850],[-52.6866434,48.0100775],[-54.2752736,47.9500136],[-54.7810853,46.9267700],[-55.2673855,45.8991248],[-55.7363067,44.8669734],[-56.1899639,43.8301769],[-55.2033454,42.8767939],[-54.2583877,41.9127954],[-53.3534879,40.9395187],[-52.4870677,39.9582504],[-51.1242402,40.0025719],[-49.7579164,40.0318914],[-48.3884919,40.0461207],[-47.0163763,40.0451762],[-46.4003773,41.0475407],[-45.7689458,42.0436453],[-45.1197425,43.0333119],[-44.4504579,44.0163570]]]}},
{"type":"Feature","properties":{"name": "97"},"geometry":{"type":"Polygon","coordinates":[[[-35.1327829,47.2202312],[-35.8241979,48.2989554],[-36.5434447,49.3762787],[-37.2926955,50.4515995],[-38.0743299,51.5242823],[-39.8001196,51.6824974],[-41.5357029,51.8126133],[-43.2794435,51.9141470],[-45.0295608,51.9866815],[-45.7992044,51.0175357],[-46.5332173,50.0417657],[-47.2344838,49.0596456],[-47.9057211,48.0713973],[-46.9868205,47.0672206],[-46.1060790,46.0560927],[-45.2613092,45.0388684],[-44.4504579,44.0163570],[-42.9757537,43.9625374],[-41.5013023,43.8915240],[-40.0276820,43.8033114],[-38.5554682,43.6979020],[-37.7333052,44.5889600],[-36.8897274,45.4731584],[-36.0233705,46.3503166],[-35.1327829,47.2202312]]]}},
{"type":"Feature","properties":{"name": "98"},"geometry":{"type":"Polygon","coordinates":[[[-24.7527757,49.3283935],[-25.2727647,50.4621416],[-25.8074088,51.5999277],[-26.3580703,52.7410800],[-26.9262710,53.8849079],[-28.6861930,54.2208725],[-30.4689583,54.5300303],[-32.2738350,54.8114412],[-34.0997388,55.0642410],[-35.1516191,54.1903538],[-36.1626889,53.3088016],[-37.1359977,52.4199931],[-38.0743299,51.5242823],[-37.2926955,50.4515995],[-36.5434447,49.3762787],[-35.8241979,48.2989554],[-35.1327829,47.2202312],[-33.5561906,46.9956361],[-31.9894739,46.7484055],[-30.4329184,46.4794033],[-28.8865993,46.1895975],[-27.8950829,46.9890089],[-26.8765412,47.7788510],[-25.8295875,48.5587727],[-24.7527757,49.3283935]]]}},
{"type":"Feature","properties":{"name": "99"},"geometry":{"type":"Polygon","coordinates":[[[-13.6161631,50.3849664],[-13.9443187,51.5366703],[-14.2631713,52.7002673],[-14.5717207,53.8743962],[-14.8688471,55.0576326],[-16.5719817,55.5725896],[-18.3051167,56.0652070],[-20.0704866,56.5338918],[-21.8695962,56.9772307],[-23.2085268,56.2223188],[-24.4954193,55.4547970],[-25.7336327,54.6754327],[-26.9262710,53.8849079],[-26.3580703,52.7410800],[-25.8074088,51.5999277],[-25.2727647,50.4621416],[-24.7527757,49.3283935],[-23.1546060,48.9513875],[-21.5699955,48.5557757],[-19.9975061,48.1433449],[-18.4352076,47.7162123],[-17.2758468,48.4034119],[-16.0868792,49.0776114],[-14.8673106,49.7383070],[-13.6161631,50.3849664]]]}},
{"type":"Feature","properties":{"name": "100"},"geometry":{"type":"Polygon","coordinates":[[[-1.5029221,50.5612547],[-1.7392955,51.6445190],[-1.9700217,52.7396739],[-2.1849267,53.8499913],[-2.3661186,54.9795570],[-3.9797404,55.6457772],[-5.5947211,56.3036328],[-7.2261159,56.9471054],[-8.8845132,57.5725195],[-10.4577979,56.9699433],[-11.9779011,56.3493026],[-13.4474508,55.7115712],[-14.8688471,55.0576326],[-14.5717207,53.8743962],[-14.2631713,52.7002673],[-13.9443187,51.5366703],[-13.6161631,50.3849664],[-11.9476980,49.9094989],[-10.2870622,49.4225708],[-8.6361341,48.9248396],[-6.9967275,48.4170559],[-5.6705351,48.9768367],[-4.3134294,49.5209995],[-2.9245400,50.0492206],[-1.5029221,50.5612547]]]}},
{"type":"Feature","properties":{"name": "101"},"geometry":{"type":"Polygon","coordinates":[[[-73.6811668,17.8455651],[-74.2866110,18.7110319],[-74.8990668,19.5748000],[-75.5190331,20.4372123],[-76.1470336,21.2987386],[-77.4470127,21.2734231],[-78.7500000,21.2649734],[-80.0529873,21.2734231],[-81.3529664,21.2987386],[-81.9809669,20.4372123],[-82.6009332,19.5748000],[-83.2133890,18.7110319],[-83.8188332,17.8455651],[-83.1646290,16.9429612],[-82.5159637,16.0464006],[-81.8732508,15.1543077],[-81.2366561,14.2654229],[-79.9938053,14.2563003],[-78.7500000,14.2532585],[-77.5061947,14.2563003],[-76.2633439,14.2654229],[-75.6267492,15.1543077],[-74.9840363,16.0464006],[-74.3353710,16.9429612],[-73.6811668,17.8455651]]]}},
{"type":"Feature","properties":{"name": "102"},"geometry":{"type":"Polygon","coordinates":[[[-66.2624826,22.2213201],[-66.8384998,23.1140809],[-67.4221396,24.0055109],[-68.0142559,24.8957862],[-68.6158731,25.7851271],[-69.8081650,25.5827292],[-71.0106989,25.3803836],[-72.2275175,25.1836063],[-73.4639827,25.0015249],[-74.1319815,24.0435607],[-74.8058732,23.1119800],[-75.4787502,22.1988581],[-76.1470336,21.2987386],[-75.5190331,20.4372123],[-74.8990668,19.5748000],[-74.2866110,18.7110319],[-73.6811668,17.8455651],[-72.4256774,17.8903236],[-71.1778831,17.9448571],[-69.9392079,18.0090652],[-68.7110163,18.0828306],[-68.0927581,19.0956226],[-67.4782506,20.1238289],[-66.8679904,21.1661746],[-66.2624826,22.2213201]]]}},
{"type":"Feature","properties":{"name": "103"},"geometry":{"type":"Polygon","coordinates":[[[-59.1981369,27.1570878],[-59.7861322,28.1046461],[-60.3893907,29.0524824],[-61.0104209,30.0004621],[-61.6523078,30.9482949],[-62.8478329,30.7855964],[-64.0398181,30.6113937],[-65.2285675,30.4258693],[-66.4145386,30.2292437],[-66.9393198,29.1067665],[-67.4821034,27.9900217],[-68.0414419,26.8818674],[-68.6158731,25.7851271],[-68.0142559,24.8957862],[-67.4221396,24.0055109],[-66.8384998,23.1140809],[-66.2624826,22.2213201],[-65.0899284,22.3873944],[-63.9221754,22.5492152],[-62.7580173,22.7053420],[-61.5964635,22.8546788],[-60.9941743,23.9249378],[-60.3936286,24.9993957],[-59.7949187,26.0770975],[-59.1981369,27.1570878]]]}},
{"type":"Feature","properties":{"name": "104"},"geometry":{"type":"Polygon","coordinates":[[[-51.9515595,31.8189000],[-52.5519712,32.8077215],[-53.1750326,33.7960283],[-53.8244177,34.7831114],[-54.5045068,35.7679651],[-55.7758501,35.6821102],[-57.0422871,35.5830840],[-58.3035428,35.4710189],[-59.5593541,35.3460522],[-60.0663055,34.2525014],[-60.5844858,33.1541113],[-61.1133383,32.0522394],[-61.6523078,30.9482949],[-61.0104209,30.0004621],[-60.3893907,29.0524824],[-59.7861322,28.1046461],[-59.1981369,27.1570878],[-58.0204815,27.2851228],[-56.8410919,27.4022457],[-55.6597700,27.5082571],[-54.4763766,27.6029830],[-53.8492724,28.6602144],[-53.2195552,29.7156995],[-52.5870459,30.7688029],[-51.9515595,31.8189000]]]}},
{"type":"Feature","properties":{"name": "105"},"geometry":{"type":"Polygon","coordinates":[[[-44.1932299,35.9665389],[-44.8572932,36.9892571],[-45.5482553,38.0104527],[-46.2674721,39.0293603],[-47.0163763,40.0451762],[-48.3884919,40.0461207],[-49.7579164,40.0318914],[-51.1242402,40.0025719],[-52.4870677,39.9582504],[-52.9965909,38.9188258],[-53.5005543,37.8738750],[-54.0020365,36.8235149],[-54.5045068,35.7679651],[-53.8244177,34.7831114],[-53.1750326,33.7960283],[-52.5519712,32.8077215],[-51.9515595,31.8189000],[-50.7227185,31.8720596],[-49.4907131,31.9124954],[-48.2557269,31.9401129],[-47.0179547,31.9548219],[-46.3241651,32.9661419],[-45.6223861,33.9721752],[-44.9122134,34.9724592],[-44.1932299,35.9665389]]]}},
{"type":"Feature","properties":{"name": "106"},"geometry":{"type":"Polygon","coordinates":[[[-35.9940825,39.4834837],[-36.6015647,40.5385825],[-37.2300304,41.5929883],[-37.8808420,42.6462523],[-38.5554682,43.6979020],[-40.0276820,43.8033114],[-41.5013023,43.8915240],[-42.9757537,43.9625374],[-44.4504579,44.0163570],[-45.1197425,43.0333119],[-45.7689458,42.0436453],[-46.4003773,41.0475407],[-47.0163763,40.0451762],[-46.2674721,39.0293603],[-45.5482553,38.0104527],[-44.8572932,36.9892571],[-44.1932299,35.9665389],[-42.8915564,35.9288081],[-41.5881529,35.8768968],[-40.2833552,35.8107387],[-38.9774970,35.7302744],[-38.2542175,36.6794348],[-37.5173238,37.6216518],[-36.7646477,38.5564785],[-35.9940825,39.4834837]]]}},
{"type":"Feature","properties":{"name": "107"},"geometry":{"type":"Polygon","coordinates":[[[-26.7638297,41.8021412],[-27.2722138,42.8929618],[-27.7947239,43.9881318],[-28.3324536,45.0871754],[-28.8865993,46.1895975],[-30.4329184,46.4794033],[-31.9894739,46.7484055],[-33.5561906,46.9956361],[-35.1327829,47.2202312],[-36.0233705,46.3503166],[-36.8897274,45.4731584],[-37.7333052,44.5889600],[-38.5554682,43.6979020],[-37.8808420,42.6462523],[-37.2300304,41.5929883],[-36.6015647,40.5385825],[-35.9940825,39.4834837],[-34.5886141,39.2891238],[-33.1873006,39.0769862],[-31.7900795,38.8479888],[-30.3967503,38.6031615],[-29.5167726,39.4165083],[-28.6185252,40.2209373],[-27.7011659,41.0162281],[-26.7638297,41.8021412]]]}},
{"type":"Feature","properties":{"name": "108"},"geometry":{"type":"Polygon","coordinates":[[[-16.5894939,43.4236795],[-17.0355140,44.4877089],[-17.4928378,45.5570237],[-17.9600938,46.6327522],[-18.4352076,47.7162123],[-19.9975061,48.1433449],[-21.5699955,48.5557757],[-23.1546060,48.9513875],[-24.7527757,49.3283935],[-25.8295875,48.5587727],[-26.8765412,47.7788510],[-27.8950829,46.9890089],[-28.8865993,46.1895975],[-28.3324536,45.0871754],[-27.7947239,43.9881318],[-27.2722138,42.8929618],[-26.7638297,41.8021412],[-25.2625945,41.5311882],[-23.7657808,41.2443861],[-22.2743816,40.9419038],[-20.7893566,40.6239492],[-19.7724095,41.3408715],[-18.7339603,42.0466787],[-17.6732453,42.7410578],[-16.5894939,43.4236795]]]}},
{"type":"Feature","properties":{"name": "109"},"geometry":{"type":"Polygon","coordinates":[[[-5.7680805,44.1447190],[-6.0622669,45.2056013],[-6.3657022,46.2705803],[-6.6776301,47.3406636],[-6.9967275,48.4170559],[-8.6361341,48.9248396],[-10.2870622,49.4225708],[-11.9476980,49.9094989],[-13.6161631,50.3849664],[-14.8673106,49.7383070],[-16.0868792,49.0776114],[-17.2758468,48.4034119],[-18.4352076,47.7162123],[-17.9600938,46.6327522],[-17.4928378,45.5570237],[-17.0355140,44.4877089],[-16.5894939,43.4236795],[-15.0588635,43.0315309],[-13.5387760,42.6255476],[-12.0301737,42.2061783],[-10.5339374,41.7739129],[-9.3787713,42.3859788],[-8.1998731,42.9852785],[-6.9965470,43.5715902],[-5.7680805,44.1447190]]]}},
{"type":"Feature","properties":{"name": "110"},"geometry":{"type":"Polygon","coordinates":[[[-73.8738003,10.7531370],[-74.4633948,11.6335738],[-75.0579321,12.5122649],[-75.6577886,13.3894511],[-76.2633439,14.2654229],[-77.5061947,14.2563003],[-78.7500000,14.2532585],[-79.9938053,14.2563003],[-81.2366561,14.2654229],[-81.8422114,13.3894511],[-82.4420679,12.5122649],[-83.0366052,11.6335738],[-83.6261997,10.7531370],[-83.0002654,9.8581890],[-82.3793616,8.9645486],[-81.7633684,8.0716089],[-81.1521162,7.1788504],[-79.9512752,7.1758962],[-78.7500000,7.1749113],[-77.5487248,7.1758962],[-76.3478838,7.1788504],[-75.7366316,8.0716089],[-75.1206384,8.9645486],[-74.4997346,9.8581890],[-73.8738003,10.7531370]]]}},
{"type":"Feature","properties":{"name": "111"},"geometry":{"type":"Polygon","coordinates":[[[-66.4662113,14.5549750],[-67.0212289,15.4410927],[-67.5801348,16.3244499],[-68.1432785,17.2050345],[-68.7110163,18.0828306],[-69.9392079,18.0090652],[-71.1778831,17.9448571],[-72.4256774,17.8903236],[-73.6811668,17.8455651],[-74.3353710,16.9429612],[-74.9840363,16.0464006],[-75.6267492,15.1543077],[-76.2633439,14.2654229],[-75.6577886,13.3894511],[-75.0579321,12.5122649],[-74.4633948,11.6335738],[-73.8738003,10.7531370],[-72.6594255,10.7693873],[-71.4481472,10.7892309],[-70.2405648,10.8126572],[-69.0372668,10.8396536],[-68.3977442,11.7572364],[-67.7553938,12.6812453],[-67.1111218,13.6132163],[-66.4662113,14.5549750]]]}},
{"type":"Feature","properties":{"name": "112"},"geometry":{"type":"Polygon","coordinates":[[[-59.4186945,19.1607421],[-59.9545382,20.0853750],[-60.4956431,21.0091628],[-61.0426957,21.9322220],[-61.5964635,22.8546788],[-62.7580173,22.7053420],[-63.9221754,22.5492152],[-65.0899284,22.3873944],[-66.2624826,22.2213201],[-66.8679904,21.1661746],[-67.4782506,20.1238289],[-68.0927581,19.0956226],[-68.7110163,18.0828306],[-68.1432785,17.2050345],[-67.5801348,16.3244499],[-67.0212289,15.4410927],[-66.4662113,14.5549750],[-65.3036981,14.6678737],[-64.1483226,14.7842275],[-62.9990683,14.9017220],[-61.8550285,15.0184907],[-61.2474312,16.0455635],[-60.6389171,17.0787152],[-60.0293766,18.1173202],[-59.4186945,19.1607421]]]}},
{"type":"Feature","properties":{"name": "113"},"geometry":{"type":"Polygon","coordinates":[[[-52.3250711,23.7314816],[-52.8493633,24.6986587],[-53.3818283,25.6662733],[-53.9236967,26.6343744],[-54.4763766,27.6029830],[-55.6597700,27.5082571],[-56.8410919,27.4022457],[-58.0204815,27.2851228],[-59.1981369,27.1570878],[-59.7949187,26.0770975],[-60.3936286,24.9993957],[-60.9941743,23.9249378],[-61.5964635,22.8546788],[-61.0426957,21.9322220],[-60.4956431,21.0091628],[-59.9545382,20.0853750],[-59.4186945,19.1607421],[-58.2749085,19.2777927],[-57.1326442,19.3874794],[-55.9914444,19.4892558],[-54.8509189,19.5826637],[-54.2257885,20.6194373],[-53.5966211,21.6568325],[-52.9631429,22.6943480],[-52.3250711,23.7314816]]]}},
{"type":"Feature","properties":{"name": "114"},"geometry":{"type":"Polygon","coordinates":[[[-44.9309246,27.9385989],[-45.4349269,28.9413237],[-45.9496025,29.9449975],[-46.4766365,30.9495427],[-47.0179547,31.9548219],[-48.2557269,31.9401129],[-49.4907131,31.9124954],[-50.7227185,31.8720596],[-51.9515595,31.8189000],[-52.5870459,30.7688029],[-53.2195552,29.7156995],[-53.8492724,28.6602144],[-54.4763766,27.6029830],[-53.9236967,26.6343744],[-53.3818283,25.6662733],[-52.8493633,24.6986587],[-52.3250711,23.7314816],[-51.1634436,23.7959382],[-50.0005779,23.8496065],[-48.8363915,23.8923324],[-47.6708280,23.9239768],[-46.9981945,24.9327664],[-46.3176085,25.9384101],[-45.6286595,26.9404930],[-44.9309246,27.9385989]]]}},
{"type":"Feature","properties":{"name": "115"},"geometry":{"type":"Polygon","coordinates":[[[-37.0412110,31.5984132],[-37.5054896,32.6294773],[-37.9815925,33.6619072],[-38.4715063,34.6955723],[-38.9774970,35.7302744],[-40.2833552,35.8107387],[-41.5881529,35.8768968],[-42.8915564,35.9288081],[-44.1932299,35.9665389],[-44.9122134,34.9724592],[-45.6223861,33.9721752],[-46.3241651,32.9661419],[-47.0179547,31.9548219],[-46.4766365,30.9495427],[-45.9496025,29.9449975],[-45.4349269,28.9413237],[-44.9309246,27.9385989],[-43.7285676,27.9261784],[-42.5244662,27.9013806],[-41.3187391,27.8641311],[-40.1115112,27.8143599],[-39.3627585,28.7700505],[-38.6018044,29.7195505],[-37.8281320,30.6624696],[-37.0412110,31.5984132]]]}},
{"type":"Feature","properties":{"name": "116"},"geometry":{"type":"Polygon","coordinates":[[[-28.2394440,34.5205516],[-28.7558666,35.5398224],[-29.2875260,36.5596517],[-29.8344975,37.5805659],[-30.3967503,38.6031615],[-31.7900795,38.8479888],[-33.1873006,39.0769862],[-34.5886141,39.2891238],[-35.9940825,39.4834837],[-36.7646477,38.5564785],[-37.5173238,37.6216518],[-38.2542175,36.6794348],[-38.9774970,35.7302744],[-38.4715063,34.6955723],[-37.9815925,33.6619072],[-37.5054896,32.6294773],[-37.0412110,31.5984132],[-35.7477747,31.5409369],[-34.4523310,31.4705823],[-33.1549026,31.3863328],[-31.8555647,31.2870338],[-30.9727839,32.1100668],[-30.0757854,32.9228590],[-29.1646783,33.7261419],[-28.2394440,34.5205516]]]}},
{"type":"Feature","properties":{"name": "117"},"geometry":{"type":"Polygon","coordinates":[[[-19.0010868,36.4474149],[-19.4272458,37.4894951],[-19.8672612,38.5325940],[-20.3212837,39.5772202],[-20.7893566,40.6239492],[-22.2743816,40.9419038],[-23.7657808,41.2443861],[-25.2625945,41.5311882],[-26.7638297,41.8021412],[-27.7011659,41.0162281],[-28.6185252,40.2209373],[-29.5167726,39.4165083],[-30.3967503,38.6031615],[-29.8344975,37.5805659],[-29.2875260,36.5596517],[-28.7558666,35.5398224],[-28.2394440,34.5205516],[-26.8688767,34.2945401],[-25.5025576,34.0527377],[-24.1411599,33.7953041],[-22.7853324,33.5224232],[-21.8639383,34.2688329],[-20.9265010,35.0052637],[-19.9724200,35.7315249],[-19.0010868,36.4474149]]]}},
{"type":"Feature","properties":{"name": "118"},"geometry":{"type":"Polygon","coordinates":[[[-9.2399619,37.5602339],[-9.5466616,38.6118002],[-9.8644096,39.6642836],[-10.1934467,40.7181463],[-10.5339374,41.7739129],[-12.0301737,42.2061783],[-13.5387760,42.6255476],[-15.0588635,43.0315309],[-16.5894939,43.4236795],[-17.6732453,42.7410578],[-18.7339603,42.0466787],[-19.7724095,41.3408715],[-20.7893566,40.6239492],[-20.3212837,39.5772202],[-19.8672612,38.5325940],[-19.4272458,37.4894951],[-19.0010868,36.4474149],[-17.6058307,36.1089915],[-16.2194155,35.7561142],[-14.8424440,35.3891165],[-13.4754779,35.0083553],[-12.4443168,35.6631935],[-11.3950417,36.3068918],[-10.3271070,36.9392897],[-9.2399619,37.5602339]]]}},
{"type":"Feature","properties":{"name": "119"},"geometry":{"type":"Polygon","coordinates":[[[-74.0108364,3.6080976],[-74.5901405,4.5039170],[-75.1725297,5.3975332],[-75.7583344,6.2891143],[-76.3478838,7.1788504],[-77.5487248,7.1758962],[-78.7500000,7.1749113],[-79.9512752,7.1758962],[-81.1521162,7.1788504],[-81.7416656,6.2891143],[-82.3274703,5.3975332],[-82.9098595,4.5039170],[-83.4891636,3.6080976],[-82.8857800,2.7075622],[-82.2860202,1.8062419],[-81.6896615,0.9038166],[-81.0964631,0.0000000],[-79.9233446,0.0000000],[-78.7500000,0.0000000],[-77.5766554,0.0000000],[-76.4035369,0.0000000],[-75.8103385,0.9038166],[-75.2139798,1.8062419],[-74.6142200,2.7075622],[-74.0108364,3.6080976]]]}},
{"type":"Feature","properties":{"name": "120"},"geometry":{"type":"Polygon","coordinates":[[[-66.8081697,7.2731664],[-67.3616012,8.1690262],[-67.9173683,9.0620375],[-68.4758093,9.9522344],[-69.0372668,10.8396536],[-70.2405648,10.8126572],[-71.4481472,10.7892309],[-72.6594255,10.7693873],[-73.8738003,10.7531370],[-74.4997346,9.8581890],[-75.1206384,8.9645486],[-75.7366316,8.0716089],[-76.3478838,7.1788504],[-75.7583344,6.2891143],[-75.1725297,5.3975332],[-74.5901405,4.5039170],[-74.0108364,3.6080976],[-72.8283701,3.6117947],[-71.6474484,3.6163125],[-70.4683749,3.6216503],[-69.2914504,3.6278074],[-68.6759563,4.5360740],[-68.0568439,5.4459339],[-67.4341928,6.3580472],[-66.8081697,7.2731664]]]}},
{"type":"Feature","properties":{"name": "121"},"geometry":{"type":"Polygon","coordinates":[[[-59.7366587,11.3699435],[-60.2630919,12.2852760],[-60.7913911,13.1984528],[-61.3219143,14.1095114],[-61.8550285,15.0184907],[-62.9990683,14.9017220],[-64.1483226,14.7842275],[-65.3036981,14.6678737],[-66.4662113,14.5549750],[-67.1111218,13.6132163],[-67.7553938,12.6812453],[-68.3977442,11.7572364],[-69.0372668,10.8396536],[-68.4758093,9.9522344],[-67.9173683,9.0620375],[-67.3616012,8.1690262],[-66.8081697,7.2731664],[-65.6303295,7.2937410],[-64.4570700,7.3162518],[-63.2887685,7.3406925],[-62.1257924,7.3670563],[-61.5307680,8.3588378],[-60.9343589,9.3568639],[-60.3363848,10.3607106],[-59.7366587,11.3699435]]]}},
{"type":"Feature","properties":{"name": "122"},"geometry":{"type":"Polygon","coordinates":[[[-52.8109404,15.7897197],[-53.3164654,16.7388754],[-53.8246015,17.6873532],[-54.3358915,18.6352495],[-54.8509189,19.5826637],[-55.9914444,19.4892558],[-57.1326442,19.3874794],[-58.2749085,19.2777927],[-59.4186945,19.1607421],[-60.0293766,18.1173202],[-60.6389171,17.0787152],[-61.2474312,16.0455635],[-61.8550285,15.0184907],[-61.3219143,14.1095114],[-60.7913911,13.1984528],[-60.2630919,12.2852760],[-59.7366587,11.3699435],[-58.6121401,11.4639028],[-57.4908002,11.5544200],[-56.3721492,11.6406317],[-55.2557449,11.7217993],[-54.6506623,12.7366717],[-54.0416928,13.7532038],[-53.4285504,14.7710150],[-52.8109404,15.7897197]]]}},
{"type":"Feature","properties":{"name": "123"},"geometry":{"type":"Polygon","coordinates":[[[-45.7200697,19.9914988],[-46.2016461,20.9739592],[-46.6867790,21.9568015],[-47.1762283,22.9401135],[-47.6708280,23.9239768],[-48.8363915,23.8923324],[-50.0005779,23.8496065],[-51.1634436,23.7959382],[-52.3250711,23.7314816],[-52.9631429,22.6943480],[-53.5966211,21.6568325],[-54.2257885,20.6194373],[-54.8509189,19.5826637],[-54.3358915,18.6352495],[-53.8246015,17.6873532],[-53.3164654,16.7388754],[-52.8109404,15.7897197],[-51.6868473,15.8551287],[-50.5630726,15.9121471],[-49.4393886,15.9604792],[-48.3155957,15.9998636],[-47.6775464,17.0008396],[-47.0325256,18.0000000],[-46.3801610,18.9970020],[-45.7200697,19.9914988]]]}},
{"type":"Feature","properties":{"name": "124"},"geometry":{"type":"Polygon","coordinates":[[[-38.2206861,23.9068067],[-38.6776604,24.8842514],[-39.1447016,25.8613135],[-39.6224333,26.8380134],[-40.1115112,27.8143599],[-41.3187391,27.8641311],[-42.5244662,27.9013806],[-43.7285676,27.9261784],[-44.9309246,27.9385989],[-45.6286595,26.9404930],[-46.3176085,25.9384101],[-46.9981945,24.9327664],[-47.6708280,23.9239768],[-47.1762283,22.9401135],[-46.6867790,21.9568015],[-46.2016461,20.9739592],[-45.7200697,19.9914988],[-44.5697539,20.0091180],[-43.4187330,20.0224177],[-42.2667379,20.0311210],[-41.1134880,20.0349066],[-40.4063381,21.0116948],[-39.6887310,21.9829136],[-38.9603031,22.9481045],[-38.2206861,23.9068067]]]}},
{"type":"Feature","properties":{"name": "125"},"geometry":{"type":"Polygon","coordinates":[[[-30.1335856,27.3282279],[-30.5501940,28.3162053],[-30.9756680,29.3053243],[-31.4105859,30.2955976],[-31.8555647,31.2870338],[-33.1549026,31.3863328],[-34.4523310,31.4705823],[-35.7477747,31.5409369],[-37.0412110,31.5984132],[-37.8281320,30.6624696],[-38.6018044,29.7195505],[-39.3627585,28.7700505],[-40.1115112,27.8143599],[-39.6224333,26.8380134],[-39.1447016,25.8613135],[-38.6776604,24.8842514],[-38.2206861,23.9068067],[-37.0219836,23.8802817],[-35.8206615,23.8448875],[-34.6164731,23.7997788],[-33.4091852,23.7439697],[-32.6098238,24.6571234],[-31.7975639,25.5592525],[-30.9722115,26.4498028],[-30.1335856,27.3282279]]]}},
{"type":"Feature","properties":{"name": "126"},"geometry":{"type":"Polygon","coordinates":[[[-21.3018762,29.4526328],[-21.6629939,30.4678737],[-22.0302826,31.4845142],[-22.4042235,32.5026635],[-22.7853324,33.5224232],[-24.1411599,33.7953041],[-25.5025576,34.0527377],[-26.8688767,34.2945401],[-28.2394440,34.5205516],[-29.1646783,33.7261419],[-30.0757854,32.9228590],[-30.9727839,32.1100668],[-31.8555647,31.2870338],[-31.4105859,30.2955976],[-30.9756680,29.3053243],[-30.5501940,28.3162053],[-30.1335856,27.3282279],[-28.8518816,27.1481582],[-27.5695549,26.9505971],[-26.2874762,26.7355941],[-25.0065088,26.5032347],[-24.0954769,27.2539040],[-23.1743851,27.9952214],[-22.2432221,28.7279228],[-21.3018762,29.4526328]]]}},
{"type":"Feature","properties":{"name": "127"},"geometry":{"type":"Polygon","coordinates":[[[-12.2075490,30.8126538],[-12.5081841,31.8628008],[-12.8194753,32.9119497],[-13.1417859,33.9603702],[-13.4754779,35.0083553],[-14.8424440,35.3891165],[-16.2194155,35.7561142],[-17.6058307,36.1089915],[-19.0010868,36.4474149],[-19.9724200,35.7315249],[-20.9265010,35.0052637],[-21.8639383,34.2688329],[-22.7853324,33.5224232],[-22.4042235,32.5026635],[-22.0302826,31.4845142],[-21.6629939,30.4678737],[-21.3018762,29.4526328],[-20.0000589,29.1511848],[-18.7043938,28.8343741],[-17.4154969,28.5024740],[-16.1339542,28.1557813],[-15.1673643,28.8282832],[-14.1910604,29.4951372],[-13.2046096,30.1565437],[-12.2075490,30.8126538]]]}},
{"type":"Feature","properties":{"name": "128"},"geometry":{"type":"Polygon","coordinates":[[[-74.0108364,-3.6080976],[-74.6142200,-2.7075622],[-75.2139798,-1.8062419],[-75.8103385,-0.9038166],[-76.4035369,0.0000000],[-77.5766554,0.0000000],[-78.7500000,0.0000000],[-79.9233446,0.0000000],[-81.0964631,0.0000000],[-81.6896615,-0.9038166],[-82.2860202,-1.8062419],[-82.8857800,-2.7075622],[-83.4891636,-3.6080976],[-82.9098595,-4.5039170],[-82.3274703,-5.3975332],[-81.7416656,-6.2891143],[-81.1521162,-7.1788504],[-79.9512752,-7.1758962],[-78.7500000,-7.1749113],[-77.5487248,-7.1758962],[-76.3478838,-7.1788504],[-75.7583344,-6.2891143],[-75.1725297,-5.3975332],[-74.5901405,-4.5039170],[-74.0108364,-3.6080976]]]}},
{"type":"Feature","properties":{"name": "129"},"geometry":{"type":"Polygon","coordinates":[[[-67.0536544,0.0000000],[-67.6116438,0.9114322],[-68.1703798,1.8198370],[-68.7302023,2.7252742],[-69.2914504,3.6278074],[-70.4683749,3.6216503],[-71.6474484,3.6163125],[-72.8283701,3.6117947],[-74.0108364,3.6080976],[-74.6142200,2.7075622],[-75.2139798,1.8062419],[-75.8103385,0.9038166],[-76.4035369,0.0000000],[-75.8103385,-0.9038166],[-75.2139798,-1.8062419],[-74.6142200,-2.7075622],[-74.0108364,-3.6080976],[-72.8283701,-3.6117947],[-71.6474484,-3.6163125],[-70.4683749,-3.6216503],[-69.2914504,-3.6278074],[-68.7302023,-2.7252742],[-68.1703798,-1.8198370],[-67.6116438,-0.9114322],[-67.0536544,0.0000000]]]}},
{"type":"Feature","properties":{"name": "130"},"geometry":{"type":"Polygon","coordinates":[[[-59.9882473,3.7064412],[-60.5223630,4.6258366],[-61.0564436,5.5423915],[-61.5908127,6.4561255],[-62.1257924,7.3670563],[-63.2887685,7.3406925],[-64.4570700,7.3162518],[-65.6303295,7.2937410],[-66.8081697,7.2731664],[-67.4341928,6.3580472],[-68.0568439,5.4459339],[-68.6759563,4.5360740],[-69.2914504,3.6278074],[-68.7302023,2.7252742],[-68.1703798,1.8198370],[-67.6116438,0.9114322],[-67.0536544,0.0000000],[-65.8926155,0.0000000],[-64.7340059,0.0000000],[-63.5780345,-0.0000000],[-62.4249074,0.0000000],[-61.8190086,0.9223016],[-61.2107437,1.8469895],[-60.6003710,2.7747717],[-59.9882473,3.7064412]]]}},
{"type":"Feature","properties":{"name": "131"},"geometry":{"type":"Polygon","coordinates":[[[-53.2105082,7.9664169],[-53.7217172,8.9078691],[-54.2327477,9.8475440],[-54.7439661,10.7855004],[-55.2557449,11.7217993],[-56.3721492,11.6406317],[-57.4908002,11.5544200],[-58.6121401,11.4639028],[-59.7366587,11.3699435],[-60.3363848,10.3607106],[-60.9343589,9.3568639],[-61.5307680,8.3588378],[-62.1257924,7.3670563],[-61.5908127,6.4561255],[-61.0564436,5.5423915],[-60.5223630,4.6258366],[-59.9882473,3.7064412],[-58.8735917,3.7722092],[-57.7628125,3.8379703],[-56.6554687,3.9026721],[-55.5511460,3.9653945],[-54.9710530,4.9630125],[-54.3877659,5.9625815],[-53.8010110,6.9638138],[-53.2105082,7.9664169]]]}},
{"type":"Feature","properties":{"name": "132"},"geometry":{"type":"Polygon","coordinates":[[[-46.4358656,12.0740697],[-46.8966741,13.0597863],[-47.3630718,14.0426123],[-47.8358051,15.0226173],[-48.3155957,15.9998636],[-49.4393886,15.9604792],[-50.5630726,15.9121471],[-51.6868473,15.8551287],[-52.8109404,15.7897197],[-53.4285504,14.7710150],[-54.0416928,13.7532038],[-54.6506623,12.7366717],[-55.2557449,11.7217993],[-54.7439661,10.7855004],[-54.2327477,9.8475440],[-53.7217172,8.9078691],[-53.2105082,7.9664169],[-52.1315976,7.9864699],[-51.0549050,8.0056252],[-49.9802718,8.0238703],[-48.9075360,8.0411894],[-48.2997945,9.0503816],[-47.6854596,10.0591955],[-47.0642471,11.0672280],[-46.4358656,12.0740697]]]}},
{"type":"Feature","properties":{"name": "133"},"geometry":{"type":"Polygon","coordinates":[[[-39.3661833,16.1100889],[-39.7925626,17.0936843],[-40.2255135,18.0756150],[-40.6656261,19.0559909],[-41.1134880,20.0349066],[-42.2667379,20.0311210],[-43.4187330,20.0224177],[-44.5697539,20.0091180],[-45.7200697,19.9914988],[-46.3801610,18.9970020],[-47.0325256,18.0000000],[-47.6775464,17.0008396],[-48.3155957,15.9998636],[-47.8358051,15.0226173],[-47.3630718,14.0426123],[-46.8966741,13.0597863],[-46.4358656,12.0740697],[-45.3458469,12.0920617],[-44.2563061,12.1081312],[-43.1669981,12.1221688],[-42.0776618,12.1340439],[-41.4151224,13.1348294],[-40.7425282,14.1314791],[-40.0596314,15.1234234],[-39.3661833,16.1100889]]]}},
{"type":"Feature","properties":{"name": "134"},"geometry":{"type":"Polygon","coordinates":[[[-31.8047807,19.8266199],[-32.1954433,20.8055279],[-32.5927678,21.7846868],[-32.9971951,22.7641517],[-33.4091852,23.7439697],[-34.6164731,23.7997788],[-35.8206615,23.8448875],[-37.0219836,23.8802817],[-38.2206861,23.9068067],[-38.9603031,22.9481045],[-39.6887310,21.9829136],[-40.4063381,21.0116948],[-41.1134880,20.0349066],[-40.6656261,19.0559909],[-40.2255135,18.0756150],[-39.7925626,17.0936843],[-39.3661833,16.1100889],[-38.2431773,16.1071869],[-37.1181082,16.0994415],[-35.9905832,16.0863213],[-34.8601823,16.0671853],[-34.1153919,17.0231363],[-33.3579253,17.9688554],[-32.5877325,18.9035954],[-31.8047807,19.8266199]]]}},
{"type":"Feature","properties":{"name": "135"},"geometry":{"type":"Polygon","coordinates":[[[-23.5548131,22.5257427],[-23.9099139,23.5185518],[-24.2699722,24.5123465],[-24.6353697,25.5072142],[-25.0065088,26.5032347],[-26.2874762,26.7355941],[-27.5695549,26.9505971],[-28.8518816,27.1481582],[-30.1335856,27.3282279],[-30.9722115,26.4498028],[-31.7975639,25.5592525],[-32.6098238,24.6571234],[-33.4091852,23.7439697],[-32.9971951,22.7641517],[-32.5927678,21.7846868],[-32.1954433,20.8055279],[-31.8047807,19.8266199],[-30.6258078,19.7584843],[-29.4423172,19.6766252],[-28.2540622,19.5789348],[-27.0608871,19.4628315],[-26.1993037,20.2511953],[-25.3271161,21.0231876],[-24.4453809,21.7808135],[-23.5548131,22.5257427]]]}},
{"type":"Feature","properties":{"name": "136"},"geometry":{"type":"Polygon","coordinates":[[[-14.8971901,24.0412514],[-15.2017713,25.0696812],[-15.5092781,26.0980763],[-15.8199248,27.1266970],[-16.1339542,28.1557813],[-17.4154969,28.5024740],[-18.7043938,28.8343741],[-20.0000589,29.1511848],[-21.3018762,29.4526328],[-22.2432221,28.7279228],[-23.1743851,27.9952214],[-24.0954769,27.2539040],[-25.0065088,26.5032347],[-24.6353697,25.5072142],[-24.2699722,24.5123465],[-23.9099139,23.5185518],[-23.5548131,22.5257427],[-22.3081429,22.2631048],[-21.0639299,21.9818907],[-19.8231820,21.6823405],[-18.5868860,21.3647385],[-17.6741664,22.0437578],[-16.7551512,22.7158145],[-15.8295920,23.3814883],[-14.8971901,24.0412514]]]}},
{"type":"Feature","properties":{"name": "137"},"geometry":{"type":"Polygon","coordinates":[[[-73.8738003,-10.7531370],[-74.4997346,-9.8581890],[-75.1206384,-8.9645486],[-75.7366316,-8.0716089],[-76.3478838,-7.1788504],[-77.5487248,-7.1758962],[-78.7500000,-7.1749113],[-79.9512752,-7.1758962],[-81.1521162,-7.1788504],[-81.7633684,-8.0716089],[-82.3793616,-8.9645486],[-83.0002654,-9.8581890],[-83.6261997,-10.7531370],[-83.0366052,-11.6335738],[-82.4420679,-12.5122649],[-81.8422114,-13.3894511],[-81.2366561,-14.2654229],[-79.9938053,-14.2563003],[-78.7500000,-14.2532585],[-77.5061947,-14.2563003],[-76.2633439,-14.2654229],[-75.6577886,-13.3894511],[-75.0579321,-12.5122649],[-74.4633948,-11.6335738],[-73.8738003,-10.7531370]]]}},
{"type":"Feature","properties":{"name": "138"},"geometry":{"type":"Polygon","coordinates":[[[-66.8081697,-7.2731664],[-67.4341928,-6.3580472],[-68.0568439,-5.4459339],[-68.6759563,-4.5360740],[-69.2914504,-3.6278074],[-70.4683749,-3.6216503],[-71.6474484,-3.6163125],[-72.8283701,-3.6117947],[-74.0108364,-3.6080976],[-74.5901405,-4.5039170],[-75.1725297,-5.3975332],[-75.7583344,-6.2891143],[-76.3478838,-7.1788504],[-75.7366316,-8.0716089],[-75.1206384,-8.9645486],[-74.4997346,-9.8581890],[-73.8738003,-10.7531370],[-72.6594255,-10.7693873],[-71.4481472,-10.7892309],[-70.2405648,-10.8126572],[-69.0372668,-10.8396536],[-68.4758093,-9.9522344],[-67.9173683,-9.0620375],[-67.3616012,-8.1690262],[-66.8081697,-7.2731664]]]}},
{"type":"Feature","properties":{"name": "139"},"geometry":{"type":"Polygon","coordinates":[[[-59.9882473,-3.7064412],[-60.6003710,-2.7747717],[-61.2107437,-1.8469895],[-61.8190086,-0.9223016],[-62.4249074,0.0000000],[-63.5780345,-0.0000000],[-64.7340059,0.0000000],[-65.8926155,0.0000000],[-67.0536544,0.0000000],[-67.6116438,-0.9114322],[-68.1703798,-1.8198370],[-68.7302023,-2.7252742],[-69.2914504,-3.6278074],[-68.6759563,-4.5360740],[-68.0568439,-5.4459339],[-67.4341928,-6.3580472],[-66.8081697,-7.2731664],[-65.6303295,-7.2937410],[-64.4570700,-7.3162518],[-63.2887685,-7.3406925],[-62.1257924,-7.3670563],[-61.5908127,-6.4561255],[-61.0564436,-5.5423915],[-60.5223630,-4.6258366],[-59.9882473,-3.7064412]]]}},
{"type":"Feature","properties":{"name": "140"},"geometry":{"type":"Polygon","coordinates":[[[-53.5640156,0.0000000],[-54.0638262,0.9958475],[-54.5606956,1.9888305],[-55.0560400,2.9787348],[-55.5511460,3.9653945],[-56.6554687,3.9026721],[-57.7628125,3.8379703],[-58.8735917,3.7722092],[-59.9882473,3.7064412],[-60.6003710,2.7747717],[-61.2107437,1.8469895],[-61.8190086,0.9223016],[-62.4249074,0.0000000],[-61.8190086,-0.9223016],[-61.2107437,-1.8469895],[-60.6003710,-2.7747717],[-59.9882473,-3.7064412],[-58.8735917,-3.7722092],[-57.7628125,-3.8379703],[-56.6554687,-3.9026721],[-55.5511460,-3.9653945],[-55.0560400,-2.9787348],[-54.5606956,-1.9888305],[-54.0638262,-0.9958475],[-53.5640156,0.0000000]]]}},
{"type":"Feature","properties":{"name": "141"},"geometry":{"type":"Polygon","coordinates":[[[-47.0449193,4.0451772],[-47.5111227,5.0490926],[-47.9761256,6.0497611],[-48.4412109,7.0471328],[-48.9075360,8.0411894],[-49.9802718,8.0238703],[-51.0549050,8.0056252],[-52.1315976,7.9864699],[-53.2105082,7.9664169],[-53.8010110,6.9638138],[-54.3877659,5.9625815],[-54.9710530,4.9630125],[-55.5511460,3.9653945],[-55.0560400,2.9787348],[-54.5606956,1.9888305],[-54.0638262,0.9958475],[-53.5640156,0.0000000],[-52.5014453,0.0000000],[-51.4416960,0.0000000],[-50.3846554,0.0000000],[-49.3302137,0.0000000],[-48.7701070,1.0086437],[-48.2026570,2.0193612],[-47.6276630,3.0316957],[-47.0449193,4.0451772]]]}},
{"type":"Feature","properties":{"name": "142"},"geometry":{"type":"Polygon","coordinates":[[[-40.3724964,8.1428541],[-40.7960223,9.1452813],[-41.2207375,10.1445225],[-41.6476480,11.1407274],[-42.0776618,12.1340439],[-43.1669981,12.1221688],[-44.2563061,12.1081312],[-45.3458469,12.0920617],[-46.4358656,12.0740697],[-47.0642471,11.0672280],[-47.6854596,10.0591955],[-48.2997945,9.0503816],[-48.9075360,8.0411894],[-48.4412109,7.0471328],[-47.9761256,6.0497611],[-47.5111227,5.0490926],[-47.0449193,4.0451772],[-45.9919340,4.0533582],[-44.9408018,4.0611314],[-43.8913867,4.0684905],[-42.8435489,4.0754273],[-42.2428621,5.0947707],[-41.6308868,6.1129352],[-41.0074790,7.1292059],[-40.3724964,8.1428541]]]}},
{"type":"Feature","properties":{"name": "143"},"geometry":{"type":"Polygon","coordinates":[[[-33.3227099,12.1233767],[-33.7010522,13.1116890],[-34.0830306,14.0982852],[-34.4692256,15.0833864],[-34.8601823,16.0671853],[-35.9905832,16.0863213],[-37.1181082,16.0994415],[-38.2431773,16.1071869],[-39.3661833,16.1100889],[-40.0596314,15.1234234],[-40.7425282,14.1314791],[-41.4151224,13.1348294],[-42.0776618,12.1340439],[-41.6476480,11.1407274],[-41.2207375,10.1445225],[-40.7960223,9.1452813],[-40.3724964,8.1428541],[-39.3083680,8.1501707],[-38.2440124,8.1559912],[-37.1791081,8.1601630],[-36.1132948,8.1624936],[-35.4378695,9.1650844],[-34.7475602,10.1601566],[-34.0424660,11.1466169],[-33.3227099,12.1233767]]]}},
{"type":"Feature","properties":{"name": "144"},"geometry":{"type":"Polygon","coordinates":[[[-25.6557694,15.5525357],[-26.0007572,16.5289098],[-26.3497345,17.5060571],[-26.7030054,18.4840180],[-27.0608871,19.4628315],[-28.2540622,19.5789348],[-29.4423172,19.6766252],[-30.6258078,19.7584843],[-31.8047807,19.8266199],[-32.5877325,18.9035954],[-33.3579253,17.9688554],[-34.1153919,17.0231363],[-34.8601823,16.0671853],[-34.4692256,15.0833864],[-34.0830306,14.0982852],[-33.7010522,13.1116890],[-33.3227099,12.1233767],[-32.2169800,12.1026565],[-31.1068800,12.0751711],[-29.9916846,12.0395854],[-28.8705975,11.9941569],[-28.0887244,12.9144738],[-27.2917222,13.8152156],[-26.4804375,14.6950009],[-25.6557694,15.5525357]]]}},
{"type":"Feature","properties":{"name": "145"},"geometry":{"type":"Polygon","coordinates":[[[-17.3126744,17.3235066],[-17.6273379,18.3351103],[-17.9444824,19.3456121],[-18.2642671,20.3553815],[-18.5868860,21.3647385],[-19.8231820,21.6823405],[-21.0639299,21.9818907],[-22.3081429,22.2631048],[-23.5548131,22.5257427],[-24.4453809,21.7808135],[-25.3271161,21.0231876],[-26.1993037,20.2511953],[-27.0608871,19.4628315],[-26.7030054,18.4840180],[-26.3497345,17.5060571],[-26.0007572,16.5289098],[-25.6557694,15.5525357],[-24.4593523,15.3541608],[-23.2586656,15.1299328],[-22.0557035,14.8799677],[-20.8524863,14.6044961],[-19.9735874,15.2997583],[-19.0905773,15.9836028],[-18.2036153,16.6577392],[-17.3126744,17.3235066]]]}},
{"type":"Feature","properties":{"name": "146"},"geometry":{"type":"Polygon","coordinates":[[[-73.6811668,-17.8455651],[-74.3353710,-16.9429612],[-74.9840363,-16.0464006],[-75.6267492,-15.1543077],[-76.2633439,-14.2654229],[-77.5061947,-14.2563003],[-78.7500000,-14.2532585],[-79.9938053,-14.2563003],[-81.2366561,-14.2654229],[-81.8732508,-15.1543077],[-82.5159637,-16.0464006],[-83.1646290,-16.9429612],[-83.8188332,-17.8455651],[-83.2133890,-18.7110319],[-82.6009332,-19.5748000],[-81.9809669,-20.4372123],[-81.3529664,-21.2987386],[-80.0529873,-21.2734231],[-78.7500000,-21.2649734],[-77.4470127,-21.2734231],[-76.1470336,-21.2987386],[-75.5190331,-20.4372123],[-74.8990668,-19.5748000],[-74.2866110,-18.7110319],[-73.6811668,-17.8455651]]]}},
{"type":"Feature","properties":{"name": "147"},"geometry":{"type":"Polygon","coordinates":[[[-66.4662113,-14.5549750],[-67.1111218,-13.6132163],[-67.7553938,-12.6812453],[-68.3977442,-11.7572364],[-69.0372668,-10.8396536],[-70.2405648,-10.8126572],[-71.4481472,-10.7892309],[-72.6594255,-10.7693873],[-73.8738003,-10.7531370],[-74.4633948,-11.6335738],[-75.0579321,-12.5122649],[-75.6577886,-13.3894511],[-76.2633439,-14.2654229],[-75.6267492,-15.1543077],[-74.9840363,-16.0464006],[-74.3353710,-16.9429612],[-73.6811668,-17.8455651],[-72.4256774,-17.8903236],[-71.1778831,-17.9448571],[-69.9392079,-18.0090652],[-68.7110163,-18.0828306],[-68.1432785,-17.2050345],[-67.5801348,-16.3244499],[-67.0212289,-15.4410927],[-66.4662113,-14.5549750]]]}},
{"type":"Feature","properties":{"name": "148"},"geometry":{"type":"Polygon","coordinates":[[[-59.7366587,-11.3699435],[-60.3363848,-10.3607106],[-60.9343589,-9.3568639],[-61.5307680,-8.3588378],[-62.1257924,-7.3670563],[-63.2887685,-7.3406925],[-64.4570700,-7.3162518],[-65.6303295,-7.2937410],[-66.8081697,-7.2731664],[-67.3616012,-8.1690262],[-67.9173683,-9.0620375],[-68.4758093,-9.9522344],[-69.0372668,-10.8396536],[-68.3977442,-11.7572364],[-67.7553938,-12.6812453],[-67.1111218,-13.6132163],[-66.4662113,-14.5549750],[-65.3036981,-14.6678737],[-64.1483226,-14.7842275],[-62.9990683,-14.9017220],[-61.8550285,-15.0184907],[-61.3219143,-14.1095114],[-60.7913911,-13.1984528],[-60.2630919,-12.2852760],[-59.7366587,-11.3699435]]]}},
{"type":"Feature","properties":{"name": "149"},"geometry":{"type":"Polygon","coordinates":[[[-53.2105082,-7.9664169],[-53.8010110,-6.9638138],[-54.3877659,-5.9625815],[-54.9710530,-4.9630125],[-55.5511460,-3.9653945],[-56.6554687,-3.9026721],[-57.7628125,-3.8379703],[-58.8735917,-3.7722092],[-59.9882473,-3.7064412],[-60.5223630,-4.6258366],[-61.0564436,-5.5423915],[-61.5908127,-6.4561255],[-62.1257924,-7.3670563],[-61.5307680,-8.3588378],[-60.9343589,-9.3568639],[-60.3363848,-10.3607106],[-59.7366587,-11.3699435],[-58.6121401,-11.4639028],[-57.4908002,-11.5544200],[-56.3721492,-11.6406317],[-55.2557449,-11.7217993],[-54.7439661,-10.7855004],[-54.2327477,-9.8475440],[-53.7217172,-8.9078691],[-53.2105082,-7.9664169]]]}},
{"type":"Feature","properties":{"name": "150"},"geometry":{"type":"Polygon","coordinates":[[[-47.0449193,-4.0451772],[-47.6276630,-3.0316957],[-48.2026570,-2.0193612],[-48.7701070,-1.0086437],[-49.3302137,0.0000000],[-50.3846554,0.0000000],[-51.4416960,0.0000000],[-52.5014453,0.0000000],[-53.5640156,0.0000000],[-54.0638262,-0.9958475],[-54.5606956,-1.9888305],[-55.0560400,-2.9787348],[-55.5511460,-3.9653945],[-54.9710530,-4.9630125],[-54.3877659,-5.9625815],[-53.8010110,-6.9638138],[-53.2105082,-7.9664169],[-52.1315976,-7.9864699],[-51.0549050,-8.0056252],[-49.9802718,-8.0238703],[-48.9075360,-8.0411894],[-48.4412109,-7.0471328],[-47.9761256,-6.0497611],[-47.5111227,-5.0490926],[-47.0449193,-4.0451772]]]}},
{"type":"Feature","properties":{"name": "151"},"geometry":{"type":"Polygon","coordinates":[[[-40.9757248,0.0000000],[-41.4576023,1.0227405],[-41.9277412,2.0431840],[-42.3889395,3.0608461],[-42.8435489,4.0754273],[-43.8913867,4.0684905],[-44.9408018,4.0611314],[-45.9919340,4.0533582],[-47.0449193,4.0451772],[-47.6276630,3.0316957],[-48.2026570,2.0193612],[-48.7701070,1.0086437],[-49.3302137,0.0000000],[-48.7701070,-1.0086437],[-48.2026570,-2.0193612],[-47.6276630,-3.0316957],[-47.0449193,-4.0451772],[-45.9919340,-4.0533582],[-44.9408018,-4.0611314],[-43.8913867,-4.0684905],[-42.8435489,-4.0754273],[-42.3889395,-3.0608461],[-41.9277412,-2.0431840],[-41.4576023,-1.0227405],[-40.9757248,0.0000000]]]}},
{"type":"Feature","properties":{"name": "152"},"geometry":{"type":"Polygon","coordinates":[[[-34.4979746,4.1135243],[-34.9085785,5.1318180],[-35.3133246,6.1459305],[-35.7143265,7.1560712],[-36.1132948,8.1624936],[-37.1791081,8.1601630],[-38.2440124,8.1559912],[-39.3083680,8.1501707],[-40.3724964,8.1428541],[-41.0074790,7.1292059],[-41.6308868,6.1129352],[-42.2428621,5.0947707],[-42.8435489,4.0754273],[-42.3889395,3.0608461],[-41.9277412,2.0431840],[-41.4576023,1.0227405],[-40.9757248,0.0000000],[-39.9400549,0.0000000],[-38.9059886,0.0000000],[-37.8734347,0.0000000],[-36.8423032,0.0000000],[-36.2873310,1.0301327],[-35.7114914,2.0601525],[-35.1149633,3.0884886],[-34.4979746,4.1135243]]]}},
{"type":"Feature","properties":{"name": "153"},"geometry":{"type":"Polygon","coordinates":[[[-27.4883688,8.0611722],[-27.8312353,9.0468727],[-28.1754886,10.0306734],[-28.5217638,11.0129905],[-28.8705975,11.9941569],[-29.9916846,12.0395854],[-31.1068800,12.0751711],[-32.2169800,12.1026565],[-33.3227099,12.1233767],[-34.0424660,11.1466169],[-34.7475602,10.1601566],[-35.4378695,9.1650844],[-36.1132948,8.1624936],[-35.7143265,7.1560712],[-35.3133246,6.1459305],[-34.9085785,5.1318180],[-34.4979746,4.1135243],[-33.4562876,4.1155299],[-32.4139594,4.1166508],[-31.3705383,4.1167127],[-30.3254620,4.1154647],[-29.6538106,5.1252612],[-28.9561430,6.1214430],[-28.2338240,7.1010432],[-27.4883688,8.0611722]]]}},
{"type":"Feature","properties":{"name": "154"},"geometry":{"type":"Polygon","coordinates":[[[-19.5647124,10.6369102],[-19.8839168,11.6311284],[-20.2048454,12.6234337],[-20.5276399,13.6144061],[-20.8524863,14.6044961],[-22.0557035,14.8799677],[-23.2586656,15.1299328],[-24.4593523,15.3541608],[-25.6557694,15.5525357],[-26.4804375,14.6950009],[-27.2917222,13.8152156],[-28.0887244,12.9144738],[-28.8705975,11.9941569],[-28.5217638,11.0129905],[-28.1754886,10.0306734],[-27.8312353,9.0468727],[-27.4883688,8.0611722],[-26.3850084,8.0176334],[-25.2715322,7.9586349],[-24.1460175,7.8776516],[-23.0066242,7.7642638],[-22.1562726,8.5248293],[-21.2966060,9.2514147],[-20.4320565,9.9533606],[-19.5647124,10.6369102]]]}},
{"type":"Feature","properties":{"name": "155"},"geometry":{"type":"Polygon","coordinates":[[[-73.4639827,-25.0015249],[-74.1319815,-24.0435607],[-74.8058732,-23.1119800],[-75.4787502,-22.1988581],[-76.1470336,-21.2987386],[-77.4470127,-21.2734231],[-78.7500000,-21.2649734],[-80.0529873,-21.2734231],[-81.3529664,-21.2987386],[-82.0212498,-22.1988581],[-82.6941268,-23.1119800],[-83.3680185,-24.0435607],[-84.0360173,-25.0015249],[-83.4093576,-25.8527946],[-82.7739802,-26.7008643],[-82.1293969,-27.5456611],[-81.4751017,-28.3871050],[-80.1285083,-28.2754284],[-78.7500000,-28.2376021],[-77.3714917,-28.2754284],[-76.0248983,-28.3871050],[-75.3706031,-27.5456611],[-74.7260198,-26.7008643],[-74.0906424,-25.8527946],[-73.4639827,-25.0015249]]]}},
{"type":"Feature","properties":{"name": "156"},"geometry":{"type":"Polygon","coordinates":[[[-66.2624826,-22.2213201],[-66.8679904,-21.1661746],[-67.4782506,-20.1238289],[-68.0927581,-19.0956226],[-68.7110163,-18.0828306],[-69.9392079,-18.0090652],[-71.1778831,-17.9448571],[-72.4256774,-17.8903236],[-73.6811668,-17.8455651],[-74.2866110,-18.7110319],[-74.8990668,-19.5748000],[-75.5190331,-20.4372123],[-76.1470336,-21.2987386],[-75.4787502,-22.1988581],[-74.8058732,-23.1119800],[-74.1319815,-24.0435607],[-73.4639827,-25.0015249],[-72.2275175,-25.1836063],[-71.0106989,-25.3803836],[-69.8081650,-25.5827292],[-68.6158731,-25.7851271],[-68.0142559,-24.8957862],[-67.4221396,-24.0055109],[-66.8384998,-23.1140809],[-66.2624826,-22.2213201]]]}},
{"type":"Feature","properties":{"name": "157"},"geometry":{"type":"Polygon","coordinates":[[[-59.4186945,-19.1607421],[-60.0293766,-18.1173202],[-60.6389171,-17.0787152],[-61.2474312,-16.0455635],[-61.8550285,-15.0184907],[-62.9990683,-14.9017220],[-64.1483226,-14.7842275],[-65.3036981,-14.6678737],[-66.4662113,-14.5549750],[-67.0212289,-15.4410927],[-67.5801348,-16.3244499],[-68.1432785,-17.2050345],[-68.7110163,-18.0828306],[-68.0927581,-19.0956226],[-67.4782506,-20.1238289],[-66.8679904,-21.1661746],[-66.2624826,-22.2213201],[-65.0899284,-22.3873944],[-63.9221754,-22.5492152],[-62.7580173,-22.7053420],[-61.5964635,-22.8546788],[-61.0426957,-21.9322220],[-60.4956431,-21.0091628],[-59.9545382,-20.0853750],[-59.4186945,-19.1607421]]]}},
{"type":"Feature","properties":{"name": "158"},"geometry":{"type":"Polygon","coordinates":[[[-52.8109404,-15.7897197],[-53.4285504,-14.7710150],[-54.0416928,-13.7532038],[-54.6506623,-12.7366717],[-55.2557449,-11.7217993],[-56.3721492,-11.6406317],[-57.4908002,-11.5544200],[-58.6121401,-11.4639028],[-59.7366587,-11.3699435],[-60.2630919,-12.2852760],[-60.7913911,-13.1984528],[-61.3219143,-14.1095114],[-61.8550285,-15.0184907],[-61.2474312,-16.0455635],[-60.6389171,-17.0787152],[-60.0293766,-18.1173202],[-59.4186945,-19.1607421],[-58.2749085,-19.2777927],[-57.1326442,-19.3874794],[-55.9914444,-19.4892558],[-54.8509189,-19.5826637],[-54.3358915,-18.6352495],[-53.8246015,-17.6873532],[-53.3164654,-16.7388754],[-52.8109404,-15.7897197]]]}},
{"type":"Feature","properties":{"name": "159"},"geometry":{"type":"Polygon","coordinates":[[[-46.4358656,-12.0740697],[-47.0642471,-11.0672280],[-47.6854596,-10.0591955],[-48.2997945,-9.0503816],[-48.9075360,-8.0411894],[-49.9802718,-8.0238703],[-51.0549050,-8.0056252],[-52.1315976,-7.9864699],[-53.2105082,-7.9664169],[-53.7217172,-8.9078691],[-54.2327477,-9.8475440],[-54.7439661,-10.7855004],[-55.2557449,-11.7217993],[-54.6506623,-12.7366717],[-54.0416928,-13.7532038],[-53.4285504,-14.7710150],[-52.8109404,-15.7897197],[-51.6868473,-15.8551287],[-50.5630726,-15.9121471],[-49.4393886,-15.9604792],[-48.3155957,-15.9998636],[-47.8358051,-15.0226173],[-47.3630718,-14.0426123],[-46.8966741,-13.0597863],[-46.4358656,-12.0740697]]]}},
{"type":"Feature","properties":{"name": "160"},"geometry":{"type":"Polygon","coordinates":[[[-40.3724964,-8.1428541],[-41.0074790,-7.1292059],[-41.6308868,-6.1129352],[-42.2428621,-5.0947707],[-42.8435489,-4.0754273],[-43.8913867,-4.0684905],[-44.9408018,-4.0611314],[-45.9919340,-4.0533582],[-47.0449193,-4.0451772],[-47.5111227,-5.0490926],[-47.9761256,-6.0497611],[-48.4412109,-7.0471328],[-48.9075360,-8.0411894],[-48.2997945,-9.0503816],[-47.6854596,-10.0591955],[-47.0642471,-11.0672280],[-46.4358656,-12.0740697],[-45.3458469,-12.0920617],[-44.2563061,-12.1081312],[-43.1669981,-12.1221688],[-42.0776618,-12.1340439],[-41.6476480,-11.1407274],[-41.2207375,-10.1445225],[-40.7960223,-9.1452813],[-40.3724964,-8.1428541]]]}},
{"type":"Feature","properties":{"name": "161"},"geometry":{"type":"Polygon","coordinates":[[[-34.4979746,-4.1135243],[-35.1149633,-3.0884886],[-35.7114914,-2.0601525],[-36.2873310,-1.0301327],[-36.8423032,0.0000000],[-37.8734347,0.0000000],[-38.9059886,0.0000000],[-39.9400549,0.0000000],[-40.9757248,0.0000000],[-41.4576023,-1.0227405],[-41.9277412,-2.0431840],[-42.3889395,-3.0608461],[-42.8435489,-4.0754273],[-42.2428621,-5.0947707],[-41.6308868,-6.1129352],[-41.0074790,-7.1292059],[-40.3724964,-8.1428541],[-39.3083680,-8.1501707],[-38.2440124,-8.1559912],[-37.1791081,-8.1601630],[-36.1132948,-8.1624936],[-35.7143265,-7.1560712],[-35.3133246,-6.1459305],[-34.9085785,-5.1318180],[-34.4979746,-4.1135243]]]}},
{"type":"Feature","properties":{"name": "162"},"geometry":{"type":"Polygon","coordinates":[[[-28.6339642,-0.0000000],[-29.0951903,1.0364975],[-29.5243315,2.0686207],[-29.9320901,3.0949931],[-30.3254620,4.1154647],[-31.3705383,4.1167127],[-32.4139594,4.1166508],[-33.4562876,4.1155299],[-34.4979746,4.1135243],[-35.1149633,3.0884886],[-35.7114914,2.0601525],[-36.2873310,1.0301327],[-36.8423032,0.0000000],[-36.2873310,-1.0301327],[-35.7114914,-2.0601525],[-35.1149633,-3.0884886],[-34.4979746,-4.1135243],[-33.4562876,-4.1155299],[-32.4139594,-4.1166508],[-31.3705383,-4.1167127],[-30.3254620,-4.1154647],[-29.9320901,-3.0949931],[-29.5243315,-2.0686207],[-29.0951903,-1.0364975],[-28.6339642,-0.0000000]]]}},
{"type":"Feature","properties":{"name": "163"},"geometry":{"type":"Polygon","coordinates":[[[-21.7303970,3.8806166],[-22.0476786,4.8511264],[-22.3660003,5.8218730],[-22.6855762,6.7929032],[-23.0066242,7.7642638],[-24.1460175,7.8776516],[-25.2715322,7.9586349],[-26.3850084,8.0176334],[-27.4883688,8.0611722],[-28.2338240,7.1010432],[-28.9561430,6.1214430],[-29.6538106,5.1252612],[-30.3254620,4.1154647],[-29.9320901,3.0949931],[-29.5243315,2.0686207],[-29.0951903,1.0364975],[-28.6339642,-0.0000000],[-27.6117332,-0.0000000],[-26.5900712,-0.0000000],[-25.5688961,-0.0000000],[-24.5481262,-0.0000000],[-23.9605130,1.0354382],[-23.2839463,2.0445943],[-22.5340259,3.0008987],[-21.7303970,3.8806166]]]}},
{"type":"Feature","properties":{"name": "164"},"geometry":{"type":"Polygon","coordinates":[[[-17.1642292,2.3972191],[-18.2489644,2.8904172],[-19.3909372,3.3093607],[-20.5615213,3.6418799],[-21.7303970,3.8806166],[-22.5340259,3.0008987],[-23.2839463,2.0445943],[-23.9605130,1.0354382],[-24.5481262,0.0000000],[-23.9605130,-1.0354382],[-23.2839463,-2.0445943],[-22.5340259,-3.0008987],[-21.7303970,-3.8806166],[-20.5615213,-3.6418799],[-19.3909372,-3.3093607],[-18.2489644,-2.8904172],[-17.1642292,-2.3972191],[-17.0323479,-1.2139992],[-16.9876021,0.0000000],[-17.0323479,1.2139992],[-17.1642292,2.3972191]]]}},
{"type":"Feature","properties":{"name": "165"},"geometry":{"type":"Polygon","coordinates":[[[-14.8897346,9.1159969],[-16.0399211,9.5399065],[-17.2046895,9.9355905],[-18.3807535,10.3016555],[-19.5647124,10.6369102],[-20.4320565,9.9533606],[-21.2966060,9.2514147],[-22.1562726,8.5248293],[-23.0066242,7.7642638],[-22.6855762,6.7929032],[-22.3660003,5.8218730],[-22.0476786,4.8511264],[-21.7303970,3.8806166],[-20.5615213,3.6418799],[-19.3909372,3.3093607],[-18.2489644,2.8904172],[-17.1642292,2.3972191],[-16.3365695,2.9959452],[-15.5076753,3.5942839],[-14.6772975,4.1921562],[-13.8451860,4.7894819],[-14.0771737,5.9001950],[-14.3340070,6.9883908],[-14.6066445,8.0590499],[-14.8897346,9.1159969]]]}},
{"type":"Feature","properties":{"name": "166"},"geometry":{"type":"Polygon","coordinates":[[[-12.5525659,15.7701508],[-13.7284914,16.1860995],[-14.9145987,16.5840551],[-16.1097292,16.9633847],[-17.3126744,17.3235066],[-18.2036153,16.6577392],[-19.0905773,15.9836028],[-19.9735874,15.2997583],[-20.8524863,14.6044961],[-20.5276399,13.6144061],[-20.2048454,12.6234337],[-19.8839168,11.6311284],[-19.5647124,10.6369102],[-18.3807535,10.3016555],[-17.2046895,9.9355905],[-16.0399211,9.5399065],[-14.8897346,9.1159969],[-14.0343186,9.7279119],[-13.1771656,10.3367709],[-12.3177688,10.9429677],[-11.4556635,11.5467671],[-11.7222557,12.6128166],[-11.9946712,13.6712523],[-12.2717192,14.7233403],[-12.5525659,15.7701508]]]}},
{"type":"Feature","properties":{"name": "167"},"geometry":{"type":"Polygon","coordinates":[[[-10.0112475,22.4386488],[-11.2186451,22.8604447],[-12.4358075,23.2684374],[-13.6621847,23.6621810],[-14.8971901,24.0412514],[-15.8295920,23.3814883],[-16.7551512,22.7158145],[-17.6741664,22.0437578],[-18.5868860,21.3647385],[-18.2642671,20.3553815],[-17.9444824,19.3456121],[-17.6273379,18.3351103],[-17.3126744,17.3235066],[-16.1097292,16.9633847],[-14.9145987,16.5840551],[-13.7284914,16.1860995],[-12.5525659,15.7701508],[-11.6626177,16.3880718],[-10.7683477,17.0024780],[-9.8693428,17.6135738],[-8.9651929,18.2215048],[-9.2229343,19.2800953],[-9.4833689,20.3354447],[-9.7462056,21.3881251],[-10.0112475,22.4386488]]]}},
{"type":"Feature","properties":{"name": "168"},"geometry":{"type":"Polygon","coordinates":[[[-7.1454426,29.1389307],[-8.3948282,29.5753225],[-9.6551574,30.0000000],[-10.9261640,30.4125710],[-12.2075490,30.8126538],[-13.2046096,30.1565437],[-14.1910604,29.4951372],[-15.1673643,28.8282832],[-16.1339542,28.1557813],[-15.8199248,27.1266970],[-15.5092781,26.0980763],[-15.2017713,25.0696812],[-14.8971901,24.0412514],[-13.6621847,23.6621810],[-12.4358075,23.2684374],[-11.2186451,22.8604447],[-10.0112475,22.4386488],[-9.0714581,23.0577461],[-8.1242887,23.6729778],[-7.1693062,24.2844024],[-6.2060708,24.8920454],[-6.4391614,25.9548755],[-6.6734624,27.0167365],[-6.9089009,28.0779792],[-7.1454426,29.1389307]]]}},
{"type":"Feature","properties":{"name": "169"},"geometry":{"type":"Polygon","coordinates":[[[-3.7560362,35.7249513],[-5.1059707,36.2000227],[-6.4701996,36.6646237],[-7.8483407,37.1182050],[-9.2399619,37.5602339],[-10.3271070,36.9392897],[-11.3950417,36.3068918],[-12.4443168,35.6631935],[-13.4754779,35.0083553],[-13.1417859,33.9603702],[-12.8194753,32.9119497],[-12.5081841,31.8628008],[-12.2075490,30.8126538],[-10.9261640,30.4125710],[-9.6551574,30.0000000],[-8.3948282,29.5753225],[-7.1454426,29.1389307],[-6.1202564,29.7486175],[-5.0801458,30.3479898],[-4.0247359,30.9370698],[-2.9536533,31.5159095],[-3.1431912,32.5697544],[-3.3398983,33.6223888],[-3.5440763,34.6740395],[-3.7560362,35.7249513]]]}},
{"type":"Feature","properties":{"name": "170"},"geometry":{"type":"Polygon","coordinates":[[[0.2173130,42.1045430],[-1.2521165,42.6263918],[-2.7399804,43.1409335],[-4.2455669,43.6473165],[-5.7680805,44.1447190],[-6.9965470,43.5715902],[-8.1998731,42.9852785],[-9.3787713,42.3859788],[-10.5339374,41.7739129],[-10.1934467,40.7181463],[-9.8644096,39.6642836],[-9.5466616,38.6118002],[-9.2399619,37.5602339],[-7.8483407,37.1182050],[-6.4701996,36.6646237],[-5.1059707,36.2000227],[-3.7560362,35.7249513],[-2.6198423,36.2900348],[-1.4643799,36.8443480],[-0.2891788,37.3880678],[0.9062325,37.9214605],[0.7440911,38.9671939],[0.5754044,40.0127349],[0.3998990,41.0583984],[0.2173130,42.1045430]]]}},
{"type":"Feature","properties":{"name": "171"},"geometry":{"type":"Polygon","coordinates":[[[5.0618169,48.2582625],[3.4502730,48.8324658],[1.8172335,49.4088776],[0.1652516,49.9857145],[-1.5029221,50.5612547],[-2.9245400,50.0492206],[-4.3134294,49.5209995],[-5.6705351,48.9768367],[-6.9967275,48.4170559],[-6.6776301,47.3406636],[-6.3657022,46.2705803],[-6.0622669,45.2056013],[-5.7680805,44.1447190],[-4.2455669,43.6473165],[-2.7399804,43.1409335],[-1.2521165,42.6263918],[0.2173130,42.1045430],[1.5035059,42.6203689],[2.8149610,43.1256597],[4.1523653,43.6212650],[5.5164065,44.1084040],[5.4099221,45.1446408],[5.2987473,46.1813740],[5.1827360,47.2190575],[5.0618169,48.2582625]]]}},
{"type":"Feature","properties":{"name": "172"},"geometry":{"type":"Polygon","coordinates":[[[11.2500000,54.2018738],[9.4545719,54.7762316],[7.6465688,55.4130827],[5.8642988,56.0987177],[4.1468224,56.8177133],[2.4619203,56.3911230],[0.8146654,55.9420230],[-0.7946967,55.4712318],[-2.3661186,54.9795570],[-2.1849267,53.8499913],[-1.9700217,52.7396739],[-1.7392955,51.6445190],[-1.5029221,50.5612547],[0.1652516,49.9857145],[1.8172335,49.4088776],[3.4502730,48.8324658],[5.0618169,48.2582625],[6.5555637,48.7224768],[8.0843705,49.1823907],[9.6492044,49.6437740],[11.2500000,50.1160358],[11.2500000,51.1382668],[11.2500000,52.1599288],[11.2500000,53.1811039],[11.2500000,54.2018738]]]}},
{"type":"Feature","properties":{"name": "173"},"geometry":{"type":"Polygon","coordinates":[[[-13.8451860,-4.7894819],[-14.6772975,-4.1921562],[-15.5076753,-3.5942839],[-16.3365695,-2.9959452],[-17.1642292,-2.3972191],[-18.2489644,-2.8904172],[-19.3909372,-3.3093607],[-20.5615213,-3.6418799],[-21.7303970,-3.8806166],[-22.0476786,-4.8511264],[-22.3660003,-5.8218730],[-22.6855762,-6.7929032],[-23.0066242,-7.7642638],[-22.1562726,-8.5248293],[-21.2966060,-9.2514147],[-20.4320565,-9.9533606],[-19.5647124,-10.6369102],[-18.3807535,-10.3016555],[-17.2046895,-9.9355905],[-16.0399211,-9.5399065],[-14.8897346,-9.1159969],[-14.6066445,-8.0590499],[-14.3340070,-6.9883908],[-14.0771737,-5.9001950],[-13.8451860,-4.7894819]]]}},
{"type":"Feature","properties":{"name": "174"},"geometry":{"type":"Polygon","coordinates":[[[-10.0687629,2.4250716],[-10.9815624,3.0285434],[-11.9110691,3.6271269],[-12.8629573,4.2165810],[-13.8451860,4.7894819],[-14.6772975,4.1921562],[-15.5076753,3.5942839],[-16.3365695,2.9959452],[-17.1642292,2.3972191],[-17.0323479,1.2139992],[-16.9876021,0.0000000],[-17.0323479,-1.2139992],[-17.1642292,-2.3972191],[-16.3365695,-2.9959452],[-15.5076753,-3.5942839],[-14.6772975,-4.1921562],[-13.8451860,-4.7894819],[-12.8629573,-4.2165810],[-11.9110691,-3.6271269],[-10.9815624,-3.0285434],[-10.0687629,-2.4250716],[-10.0284332,-1.2141874],[-10.0149734,0.0000000],[-10.0284332,1.2141874],[-10.0687629,2.4250716]]]}},
{"type":"Feature","properties":{"name": "175"},"geometry":{"type":"Polygon","coordinates":[[[-7.0952977,9.5383898],[-8.1559233,10.0645240],[-9.2370215,10.5754323],[-10.3373794,11.0699064],[-11.4556635,11.5467671],[-12.3177688,10.9429677],[-13.1771656,10.3367709],[-14.0343186,9.7279119],[-14.8897346,9.1159969],[-14.6066445,8.0590499],[-14.3340070,6.9883908],[-14.0771737,5.9001950],[-13.8451860,4.7894819],[-12.8629573,4.2165810],[-11.9110691,3.6271269],[-10.9815624,3.0285434],[-10.0687629,2.4250716],[-9.2170537,3.0273991],[-8.3657190,3.6280610],[-7.5139722,4.2270513],[-6.6611600,4.8243585],[-6.7428239,6.0173598],[-6.8424705,7.2017567],[-6.9600009,8.3759469],[-7.0952977,9.5383898]]]}},
{"type":"Feature","properties":{"name": "176"},"geometry":{"type":"Polygon","coordinates":[[[-4.4133540,16.3014712],[-5.5316169,16.8000154],[-6.6633602,17.2866272],[-7.8080717,17.7606660],[-8.9651929,18.2215048],[-9.8693428,17.6135738],[-10.7683477,17.0024780],[-11.6626177,16.3880718],[-12.5525659,15.7701508],[-12.2717192,14.7233403],[-11.9946712,13.6712523],[-11.7222557,12.6128166],[-11.4556635,11.5467671],[-10.3373794,11.0699064],[-9.2370215,10.5754323],[-8.1559233,10.0645240],[-7.0952977,9.5383898],[-6.2360270,10.1269692],[-5.3724114,10.7141171],[-4.5041748,11.2997327],[-3.6310375,11.8837122],[-3.8127306,13.0002696],[-4.0050222,14.1080727],[-4.2057875,15.2081583],[-4.4133540,16.3014712]]]}},
{"type":"Feature","properties":{"name": "177"},"geometry":{"type":"Polygon","coordinates":[[[-1.4981164,22.9758657],[-2.6575459,23.4702372],[-3.8288183,23.9547013],[-5.0117357,24.4287910],[-6.2060708,24.8920454],[-7.1693062,24.2844024],[-8.1242887,23.6729778],[-9.0714581,23.0577461],[-10.0112475,22.4386488],[-9.7462056,21.3881251],[-9.4833689,20.3354447],[-9.2229343,19.2800953],[-8.9651929,18.2215048],[-7.8080717,17.7606660],[-6.6633602,17.2866272],[-5.5316169,16.8000154],[-4.4133540,16.3014712],[-3.5093915,16.8862646],[-2.5989959,17.4687359],[-1.6818178,18.0487892],[-0.7575060,18.6263184],[-0.9386931,19.7192654],[-1.1229733,20.8081423],[-1.3096420,21.8935044],[-1.4981164,22.9758657]]]}},
{"type":"Feature","properties":{"name": "178"},"geometry":{"type":"Polygon","coordinates":[[[1.9993922,29.5197977],[0.7814414,30.0317633],[-0.4501217,30.5354387],[-1.6951972,31.0303208],[-2.9536533,31.5159095],[-4.0247359,30.9370698],[-5.0801458,30.3479898],[-6.1202564,29.7486175],[-7.1454426,29.1389307],[-6.9089009,28.0779792],[-6.6734624,27.0167365],[-6.4391614,25.9548755],[-6.2060708,24.8920454],[-5.0117357,24.4287910],[-3.8288183,23.9547013],[-2.6575459,23.4702372],[-1.4981164,22.9758657],[-0.5294029,23.5560500],[0.4485354,24.1328167],[1.4361208,24.7060391],[2.4337804,25.2755771],[2.3311255,26.3402340],[2.2246203,27.4023902],[2.1141007,28.4621943],[1.9993922,29.5197977]]]}},
{"type":"Feature","properties":{"name": "179"},"geometry":{"type":"Polygon","coordinates":[[[6.2228937,35.8016195],[4.9206216,36.3397732],[3.6003080,36.8729503],[2.2621095,37.4004219],[0.9062325,37.9214605],[-0.2891788,37.3880678],[-1.4643799,36.8443480],[-2.6198423,36.2900348],[-3.7560362,35.7249513],[-3.5440763,34.6740395],[-3.3398983,33.6223888],[-3.1431912,32.5697544],[-2.9536533,31.5159095],[-1.6951972,31.0303208],[-0.4501217,30.5354387],[0.7814414,30.0317633],[1.9993922,29.5197977],[3.1011342,30.0560953],[4.2180261,30.5840396],[5.3503208,31.1041208],[6.4982528,31.6169477],[6.4334197,32.6659009],[6.3660041,33.7129087],[6.2958752,34.7581030],[6.2228937,35.8016195]]]}},
{"type":"Feature","properties":{"name": "180"},"geometry":{"type":"Polygon","coordinates":[[[11.2500000,41.9076968],[9.8537474,42.4541953],[8.4323879,43.0039371],[6.9864076,43.5557414],[5.5164065,44.1084040],[4.1523653,43.6212650],[2.8149610,43.1256597],[1.5035059,42.6203689],[0.2173130,42.1045430],[0.3998990,41.0583984],[0.5754044,40.0127349],[0.7440911,38.9671939],[0.9062325,37.9214605],[2.2621095,37.4004219],[3.6003080,36.8729503],[4.9206216,36.3397732],[6.2228937,35.8016195],[7.4510655,36.3009066],[8.6982168,36.7949912],[9.9645088,37.2854464],[11.2500000,37.7742752],[11.2500000,38.8099451],[11.2500000,39.8440114],[11.2500000,40.8765653],[11.2500000,41.9076968]]]}},
{"type":"Feature","properties":{"name": "181"},"geometry":{"type":"Polygon","coordinates":[[[17.4381831,48.2582625],[15.9444363,48.7224768],[14.4156295,49.1823907],[12.8507956,49.6437740],[11.2500000,50.1160358],[9.6492044,49.6437740],[8.0843705,49.1823907],[6.5555637,48.7224768],[5.0618169,48.2582625],[5.1827360,47.2190575],[5.2987473,46.1813740],[5.4099221,45.1446408],[5.5164065,44.1084040],[6.9864076,43.5557414],[8.4323879,43.0039371],[9.8537474,42.4541953],[11.2500000,41.9076968],[12.6462526,42.4541953],[14.0676121,43.0039371],[15.5135924,43.5557414],[16.9835935,44.1084040],[17.0900779,45.1446408],[17.2012527,46.1813740],[17.3172640,47.2190575],[17.4381831,48.2582625]]]}},
{"type":"Feature","properties":{"name": "182"},"geometry":{"type":"Polygon","coordinates":[[[-11.4556635,-11.5467671],[-12.3177688,-10.9429677],[-13.1771656,-10.3367709],[-14.0343186,-9.7279119],[-14.8897346,-9.1159969],[-16.0399211,-9.5399065],[-17.2046895,-9.9355905],[-18.3807535,-10.3016555],[-19.5647124,-10.6369102],[-19.8839168,-11.6311284],[-20.2048454,-12.6234337],[-20.5276399,-13.6144061],[-20.8524863,-14.6044961],[-19.9735874,-15.2997583],[-19.0905773,-15.9836028],[-18.2036153,-16.6577392],[-17.3126744,-17.3235066],[-16.1097292,-16.9633847],[-14.9145987,-16.5840551],[-13.7284914,-16.1860995],[-12.5525659,-15.7701508],[-12.2717192,-14.7233403],[-11.9946712,-13.6712523],[-11.7222557,-12.6128166],[-11.4556635,-11.5467671]]]}},
{"type":"Feature","properties":{"name": "183"},"geometry":{"type":"Polygon","coordinates":[[[-6.6611600,-4.8243585],[-7.5139722,-4.2270513],[-8.3657190,-3.6280610],[-9.2170537,-3.0273991],[-10.0687629,-2.4250716],[-10.9815624,-3.0285434],[-11.9110691,-3.6271269],[-12.8629573,-4.2165810],[-13.8451860,-4.7894819],[-14.0771737,-5.9001950],[-14.3340070,-6.9883908],[-14.6066445,-8.0590499],[-14.8897346,-9.1159969],[-14.0343186,-9.7279119],[-13.1771656,-10.3367709],[-12.3177688,-10.9429677],[-11.4556635,-11.5467671],[-10.3373794,-11.0699064],[-9.2370215,-10.5754323],[-8.1559233,-10.0645240],[-7.0952977,-9.5383898],[-6.9600009,-8.3759469],[-6.8424705,-7.2017567],[-6.7428239,-6.0173598],[-6.6611600,-4.8243585]]]}},
{"type":"Feature","properties":{"name": "184"},"geometry":{"type":"Polygon","coordinates":[[[-3.0283190,2.4099331],[-3.9258118,3.0145384],[-4.8293323,3.6190354],[-5.7404782,4.2226579],[-6.6611600,4.8243585],[-7.5139722,4.2270513],[-8.3657190,3.6280610],[-9.2170537,3.0273991],[-10.0687629,2.4250716],[-10.0284332,1.2141874],[-10.0149734,0.0000000],[-10.0284332,-1.2141874],[-10.0687629,-2.4250716],[-9.2170537,-3.0273991],[-8.3657190,-3.6280610],[-7.5139722,-4.2270513],[-6.6611600,-4.8243585],[-5.7404782,-4.2226579],[-4.8293323,-3.6190354],[-3.9258118,-3.0145384],[-3.0283190,-2.4099331],[-3.0095232,-1.2054951],[-3.0032585,0.0000000],[-3.0095232,1.2054951],[-3.0283190,2.4099331]]]}},
{"type":"Feature","properties":{"name": "185"},"geometry":{"type":"Polygon","coordinates":[[[0.2565253,9.5377982],[-0.6962467,10.1327443],[-1.6604840,10.7231915],[-2.6380432,11.3075267],[-3.6310375,11.8837122],[-4.5041748,11.2997327],[-5.3724114,10.7141171],[-6.2360270,10.1269692],[-7.0952977,9.5383898],[-6.9600009,8.3759469],[-6.8424705,7.2017567],[-6.7428239,6.0173598],[-6.6611600,4.8243585],[-5.7404782,4.2226579],[-4.8293323,3.6190354],[-3.9258118,3.0145384],[-3.0283190,2.4099331],[-2.1582698,3.0080822],[-1.2874656,3.6042628],[-0.4153152,4.1983869],[0.4587183,4.7903727],[0.4209205,5.9829075],[0.3746520,7.1720893],[0.3198703,8.3572667],[0.2565253,9.5377982]]]}},
{"type":"Feature","properties":{"name": "186"},"geometry":{"type":"Polygon","coordinates":[[[3.5653429,16.4830422],[2.5048617,17.0306947],[1.4307960,17.5708217],[0.3432844,18.1028786],[-0.7575060,18.6263184],[-1.6818178,18.0487892],[-2.5989959,17.4687359],[-3.5093915,16.8862646],[-4.4133540,16.3014712],[-4.2057875,15.2081583],[-4.0050222,14.1080727],[-3.8127306,13.0002696],[-3.6310375,11.8837122],[-2.6380432,11.3075267],[-1.6604840,10.7231915],[-0.6962467,10.1327443],[0.2565253,9.5377982],[1.1389060,10.1179462],[2.0263520,10.6958196],[2.9191855,11.2713207],[3.8177268,11.8443460],[3.7629653,13.0116388],[3.7027015,14.1741179],[3.6368563,15.3313828],[3.5653429,16.4830422]]]}},
{"type":"Feature","properties":{"name": "187"},"geometry":{"type":"Polygon","coordinates":[[[6.9370342,23.1400807],[5.8292092,23.6843305],[4.7094154,24.2219479],[3.5776129,24.7525065],[2.4337804,25.2755771],[1.4361208,24.7060391],[0.4485354,24.1328167],[-0.5294029,23.5560500],[-1.4981164,22.9758657],[-1.3096420,21.8935044],[-1.1229733,20.8081423],[-0.9386931,19.7192654],[-0.7575060,18.6263184],[0.3432844,18.1028786],[1.4307960,17.5708217],[2.5048617,17.0306947],[3.5653429,16.4830422],[4.4958349,17.0470274],[5.4342536,17.6081258],[6.3809278,18.1661857],[7.3361912,18.7210492],[7.2395953,19.8315375],[7.1402336,20.9379038],[7.0390911,22.0406064],[6.9370342,23.1400807]]]}},
{"type":"Feature","properties":{"name": "188"},"geometry":{"type":"Polygon","coordinates":[[[11.2500000,29.4197863],[10.0855945,29.9747716],[8.9055412,30.5263463],[7.7097744,31.0739333],[6.4982528,31.6169477],[5.3503208,31.1041208],[4.2180261,30.5840396],[3.1011342,30.0560953],[1.9993922,29.5197977],[2.1141007,28.4621943],[2.2246203,27.4023902],[2.3311255,26.3402340],[2.4337804,25.2755771],[3.5776129,24.7525065],[4.7094154,24.2219479],[5.8292092,23.6843305],[6.9370342,23.1400807],[7.9976222,23.6599922],[9.0699114,24.1738018],[10.1540100,24.6821960],[11.2500000,25.1859844],[11.2500000,26.2485547],[11.2500000,27.3083040],[11.2500000,28.3653446],[11.2500000,29.4197863]]]}},
{"type":"Feature","properties":{"name": "189"},"geometry":{"type":"Polygon","coordinates":[[[16.2771063,35.8016195],[15.0489345,36.3009066],[13.8017832,36.7949912],[12.5354912,37.2854464],[11.2500000,37.7742752],[9.9645088,37.2854464],[8.6982168,36.7949912],[7.4510655,36.3009066],[6.2228937,35.8016195],[6.2958752,34.7581030],[6.3660041,33.7129087],[6.4334197,32.6659009],[6.4982528,31.6169477],[7.7097744,31.0739333],[8.9055412,30.5263463],[10.0855945,29.9747716],[11.2500000,29.4197863],[12.4144055,29.9747716],[13.5944588,30.5263463],[14.7902256,31.0739333],[16.0017472,31.6169477],[16.0665803,32.6659009],[16.1339959,33.7129087],[16.2041248,34.7581030],[16.2771063,35.8016195]]]}},
{"type":"Feature","properties":{"name": "190"},"geometry":{"type":"Polygon","coordinates":[[[22.2826870,42.1045430],[20.9964941,42.6203689],[19.6850390,43.1256597],[18.3476347,43.6212650],[16.9835935,44.1084040],[15.5135924,43.5557414],[14.0676121,43.0039371],[12.6462526,42.4541953],[11.2500000,41.9076968],[11.2500000,40.8765653],[11.2500000,39.8440114],[11.2500000,38.8099451],[11.2500000,37.7742752],[12.5354912,37.2854464],[13.8017832,36.7949912],[15.0489345,36.3009066],[16.2771063,35.8016195],[17.5793784,36.3397732],[18.8996920,36.8729503],[20.2378905,37.4004219],[21.5937675,37.9214605],[21.7559089,38.9671939],[21.9245956,40.0127349],[22.1001010,41.0583984],[22.2826870,42.1045430]]]}},
{"type":"Feature","properties":{"name": "191"},"geometry":{"type":"Polygon","coordinates":[[[-8.9651929,-18.2215048],[-9.8693428,-17.6135738],[-10.7683477,-17.0024780],[-11.6626177,-16.3880718],[-12.5525659,-15.7701508],[-13.7284914,-16.1860995],[-14.9145987,-16.5840551],[-16.1097292,-16.9633847],[-17.3126744,-17.3235066],[-17.6273379,-18.3351103],[-17.9444824,-19.3456121],[-18.2642671,-20.3553815],[-18.5868860,-21.3647385],[-17.6741664,-22.0437578],[-16.7551512,-22.7158145],[-15.8295920,-23.3814883],[-14.8971901,-24.0412514],[-13.6621847,-23.6621810],[-12.4358075,-23.2684374],[-11.2186451,-22.8604447],[-10.0112475,-22.4386488],[-9.7462056,-21.3881251],[-9.4833689,-20.3354447],[-9.2229343,-19.2800953],[-8.9651929,-18.2215048]]]}},
{"type":"Feature","properties":{"name": "192"},"geometry":{"type":"Polygon","coordinates":[[[-3.6310375,-11.8837122],[-4.5041748,-11.2997327],[-5.3724114,-10.7141171],[-6.2360270,-10.1269692],[-7.0952977,-9.5383898],[-8.1559233,-10.0645240],[-9.2370215,-10.5754323],[-10.3373794,-11.0699064],[-11.4556635,-11.5467671],[-11.7222557,-12.6128166],[-11.9946712,-13.6712523],[-12.2717192,-14.7233403],[-12.5525659,-15.7701508],[-11.6626177,-16.3880718],[-10.7683477,-17.0024780],[-9.8693428,-17.6135738],[-8.9651929,-18.2215048],[-7.8080717,-17.7606660],[-6.6633602,-17.2866272],[-5.5316169,-16.8000154],[-4.4133540,-16.3014712],[-4.2057875,-15.2081583],[-4.0050222,-14.1080727],[-3.8127306,-13.0002696],[-3.6310375,-11.8837122]]]}},
{"type":"Feature","properties":{"name": "193"},"geometry":{"type":"Polygon","coordinates":[[[0.4587183,-4.7903727],[-0.4153152,-4.1983869],[-1.2874656,-3.6042628],[-2.1582698,-3.0080822],[-3.0283190,-2.4099331],[-3.9258118,-3.0145384],[-4.8293323,-3.6190354],[-5.7404782,-4.2226579],[-6.6611600,-4.8243585],[-6.7428239,-6.0173598],[-6.8424705,-7.2017567],[-6.9600009,-8.3759469],[-7.0952977,-9.5383898],[-6.2360270,-10.1269692],[-5.3724114,-10.7141171],[-4.5041748,-11.2997327],[-3.6310375,-11.8837122],[-2.6380432,-11.3075267],[-1.6604840,-10.7231915],[-0.6962467,-10.1327443],[0.2565253,-9.5377982],[0.3198703,-8.3572667],[0.3746520,-7.1720893],[0.4209205,-5.9829075],[0.4587183,-4.7903727]]]}},
{"type":"Feature","properties":{"name": "194"},"geometry":{"type":"Polygon","coordinates":[[[4.0649018,2.3832748],[3.1673626,2.9834889],[2.2677296,3.5849704],[1.3651602,4.1873954],[0.4587183,4.7903727],[-0.4153152,4.1983869],[-1.2874656,3.6042628],[-2.1582698,3.0080822],[-3.0283190,2.4099331],[-3.0095232,1.2054951],[-3.0032585,0.0000000],[-3.0095232,-1.2054951],[-3.0283190,-2.4099331],[-2.1582698,-3.0080822],[-1.2874656,-3.6042628],[-0.4153152,-4.1983869],[0.4587183,-4.7903727],[1.3651602,-4.1873954],[2.2677296,-3.5849704],[3.1673626,-2.9834889],[4.0649018,-2.3832748],[4.0725428,-1.1918646],[4.0750887,0.0000000],[4.0725428,1.1918646],[4.0649018,2.3832748]]]}},
{"type":"Feature","properties":{"name": "195"},"geometry":{"type":"Polygon","coordinates":[[[7.5723282,9.4394224],[6.6431995,10.0421615],[5.7084200,10.6443249],[4.7669685,11.2452962],[3.8177268,11.8443460],[2.9191855,11.2713207],[2.0263520,10.6958196],[1.1389060,10.1179462],[0.2565253,9.5377982],[0.3198703,8.3572667],[0.3746520,7.1720893],[0.4209205,5.9829075],[0.4587183,4.7903727],[1.3651602,4.1873954],[2.2677296,3.5849704],[3.1673626,2.9834889],[4.0649018,2.3832748],[4.9523717,2.9736449],[5.8419907,3.5615874],[6.7342354,4.1469912],[7.6295574,4.7297485],[7.6188808,5.9098263],[7.6057980,7.0883364],[7.5902885,8.2649703],[7.5723282,9.4394224]]]}},
{"type":"Feature","properties":{"name": "196"},"geometry":{"type":"Polygon","coordinates":[[[11.2500000,16.3250926],[10.2859188,16.9287317],[9.3130258,17.5298486],[8.3301898,18.1276093],[7.3361912,18.7210492],[6.3809278,18.1661857],[5.4342536,17.6081258],[4.4958349,17.0470274],[3.5653429,16.4830422],[3.6368563,15.3313828],[3.7027015,14.1741179],[3.7629653,13.0116388],[3.8177268,11.8443460],[4.7669685,11.2452962],[5.7084200,10.6443249],[6.6431995,10.0421615],[7.5723282,9.4394224],[8.4825804,10.0083485],[9.3987138,10.5742227],[10.3210731,11.1369289],[11.2500000,11.6963456],[11.2500000,12.8573845],[11.2500000,14.0159941],[11.2500000,15.1719655],[11.2500000,16.3250926]]]}},
{"type":"Feature","properties":{"name": "197"},"geometry":{"type":"Polygon","coordinates":[[[15.5629658,23.1400807],[14.5023778,23.6599922],[13.4300886,24.1738018],[12.3459900,24.6821960],[11.2500000,25.1859844],[10.1540100,24.6821960],[9.0699114,24.1738018],[7.9976222,23.6599922],[6.9370342,23.1400807],[7.0390911,22.0406064],[7.1402336,20.9379038],[7.2395953,19.8315375],[7.3361912,18.7210492],[8.3301898,18.1276093],[9.3130258,17.5298486],[10.2859188,16.9287317],[11.2500000,16.3250926],[12.2140812,16.9287317],[13.1869742,17.5298486],[14.1698102,18.1276093],[15.1638088,18.7210492],[15.2604047,19.8315375],[15.3597664,20.9379038],[15.4609089,22.0406064],[15.5629658,23.1400807]]]}},
{"type":"Feature","properties":{"name": "198"},"geometry":{"type":"Polygon","coordinates":[[[20.5006078,29.5197977],[19.3988658,30.0560953],[18.2819739,30.5840396],[17.1496792,31.1041208],[16.0017472,31.6169477],[14.7902256,31.0739333],[13.5944588,30.5263463],[12.4144055,29.9747716],[11.2500000,29.4197863],[11.2500000,28.3653446],[11.2500000,27.3083040],[11.2500000,26.2485547],[11.2500000,25.1859844],[12.3459900,24.6821960],[13.4300886,24.1738018],[14.5023778,23.6599922],[15.5629658,23.1400807],[16.6707908,23.6843305],[17.7905846,24.2219479],[18.9223871,24.7525065],[20.0662196,25.2755771],[20.1688745,26.3402340],[20.2753797,27.4023902],[20.3858993,28.4621943],[20.5006078,29.5197977]]]}},
{"type":"Feature","properties":{"name": "199"},"geometry":{"type":"Polygon","coordinates":[[[26.2560362,35.7249513],[25.1198423,36.2900348],[23.9643799,36.8443480],[22.7891788,37.3880678],[21.5937675,37.9214605],[20.2378905,37.4004219],[18.8996920,36.8729503],[17.5793784,36.3397732],[16.2771063,35.8016195],[16.2041248,34.7581030],[16.1339959,33.7129087],[16.0665803,32.6659009],[16.0017472,31.6169477],[17.1496792,31.1041208],[18.2819739,30.5840396],[19.3988658,30.0560953],[20.5006078,29.5197977],[21.7185586,30.0317633],[22.9501217,30.5354387],[24.1951972,31.0303208],[25.4536533,31.5159095],[25.6431912,32.5697544],[25.8398983,33.6223888],[26.0440763,34.6740395],[26.2560362,35.7249513]]]}},
{"type":"Feature","properties":{"name": "200"},"geometry":{"type":"Polygon","coordinates":[[[-6.2060708,-24.8920454],[-7.1693062,-24.2844024],[-8.1242887,-23.6729778],[-9.0714581,-23.0577461],[-10.0112475,-22.4386488],[-11.2186451,-22.8604447],[-12.4358075,-23.2684374],[-13.6621847,-23.6621810],[-14.8971901,-24.0412514],[-15.2017713,-25.0696812],[-15.5092781,-26.0980763],[-15.8199248,-27.1266970],[-16.1339542,-28.1557813],[-15.1673643,-28.8282832],[-14.1910604,-29.4951372],[-13.2046096,-30.1565437],[-12.2075490,-30.8126538],[-10.9261640,-30.4125710],[-9.6551574,-30.0000000],[-8.3948282,-29.5753225],[-7.1454426,-29.1389307],[-6.9089009,-28.0779792],[-6.6734624,-27.0167365],[-6.4391614,-25.9548755],[-6.2060708,-24.8920454]]]}},
{"type":"Feature","properties":{"name": "201"},"geometry":{"type":"Polygon","coordinates":[[[-0.7575060,-18.6263184],[-1.6818178,-18.0487892],[-2.5989959,-17.4687359],[-3.5093915,-16.8862646],[-4.4133540,-16.3014712],[-5.5316169,-16.8000154],[-6.6633602,-17.2866272],[-7.8080717,-17.7606660],[-8.9651929,-18.2215048],[-9.2229343,-19.2800953],[-9.4833689,-20.3354447],[-9.7462056,-21.3881251],[-10.0112475,-22.4386488],[-9.0714581,-23.0577461],[-8.1242887,-23.6729778],[-7.1693062,-24.2844024],[-6.2060708,-24.8920454],[-5.0117357,-24.4287910],[-3.8288183,-23.9547013],[-2.6575459,-23.4702372],[-1.4981164,-22.9758657],[-1.3096420,-21.8935044],[-1.1229733,-20.8081423],[-0.9386931,-19.7192654],[-0.7575060,-18.6263184]]]}},
{"type":"Feature","properties":{"name": "202"},"geometry":{"type":"Polygon","coordinates":[[[3.8177268,-11.8443460],[2.9191855,-11.2713207],[2.0263520,-10.6958196],[1.1389060,-10.1179462],[0.2565253,-9.5377982],[-0.6962467,-10.1327443],[-1.6604840,-10.7231915],[-2.6380432,-11.3075267],[-3.6310375,-11.8837122],[-3.8127306,-13.0002696],[-4.0050222,-14.1080727],[-4.2057875,-15.2081583],[-4.4133540,-16.3014712],[-3.5093915,-16.8862646],[-2.5989959,-17.4687359],[-1.6818178,-18.0487892],[-0.7575060,-18.6263184],[0.3432844,-18.1028786],[1.4307960,-17.5708217],[2.5048617,-17.0306947],[3.5653429,-16.4830422],[3.6368563,-15.3313828],[3.7027015,-14.1741179],[3.7629653,-13.0116388],[3.8177268,-11.8443460]]]}},
{"type":"Feature","properties":{"name": "203"},"geometry":{"type":"Polygon","coordinates":[[[7.6295574,-4.7297485],[6.7342354,-4.1469912],[5.8419907,-3.5615874],[4.9523717,-2.9736449],[4.0649018,-2.3832748],[3.1673626,-2.9834889],[2.2677296,-3.5849704],[1.3651602,-4.1873954],[0.4587183,-4.7903727],[0.4209205,-5.9829075],[0.3746520,-7.1720893],[0.3198703,-8.3572667],[0.2565253,-9.5377982],[1.1389060,-10.1179462],[2.0263520,-10.6958196],[2.9191855,-11.2713207],[3.8177268,-11.8443460],[4.7669685,-11.2452962],[5.7084200,-10.6443249],[6.6431995,-10.0421615],[7.5723282,-9.4394224],[7.5902885,-8.2649703],[7.6057980,-7.0883364],[7.6188808,-5.9098263],[7.6295574,-4.7297485]]]}},
{"type":"Feature","properties":{"name": "204"},"geometry":{"type":"Polygon","coordinates":[[[11.2500000,2.3464631],[10.3449927,2.9392954],[9.4403151,3.5342611],[8.5353793,4.1311550],[7.6295574,4.7297485],[6.7342354,4.1469912],[5.8419907,3.5615874],[4.9523717,2.9736449],[4.0649018,2.3832748],[4.0725428,1.1918646],[4.0750887,0.0000000],[4.0725428,-1.1918646],[4.0649018,-2.3832748],[4.9523717,-2.9736449],[5.8419907,-3.5615874],[6.7342354,-4.1469912],[7.6295574,-4.7297485],[8.5353793,-4.1311550],[9.4403151,-3.5342611],[10.3449927,-2.9392954],[11.2500000,-2.3464631],[11.2500000,-1.1733446],[11.2500000,0.0000000],[11.2500000,1.1733446],[11.2500000,2.3464631]]]}},
{"type":"Feature","properties":{"name": "205"},"geometry":{"type":"Polygon","coordinates":[[[14.9276718,9.4394224],[14.0174196,10.0083485],[13.1012862,10.5742227],[12.1789269,11.1369289],[11.2500000,11.6963456],[10.3210731,11.1369289],[9.3987138,10.5742227],[8.4825804,10.0083485],[7.5723282,9.4394224],[7.5902885,8.2649703],[7.6057980,7.0883364],[7.6188808,5.9098263],[7.6295574,4.7297485],[8.5353793,4.1311550],[9.4403151,3.5342611],[10.3449927,2.9392954],[11.2500000,2.3464631],[12.1550073,2.9392954],[13.0596849,3.5342611],[13.9646207,4.1311550],[14.8704426,4.7297485],[14.8811192,5.9098263],[14.8942020,7.0883364],[14.9097115,8.2649703],[14.9276718,9.4394224]]]}},
{"type":"Feature","properties":{"name": "206"},"geometry":{"type":"Polygon","coordinates":[[[18.9346571,16.4830422],[18.0041651,17.0470274],[17.0657464,17.6081258],[16.1190722,18.1661857],[15.1638088,18.7210492],[14.1698102,18.1276093],[13.1869742,17.5298486],[12.2140812,16.9287317],[11.2500000,16.3250926],[11.2500000,15.1719655],[11.2500000,14.0159941],[11.2500000,12.8573845],[11.2500000,11.6963456],[12.1789269,11.1369289],[13.1012862,10.5742227],[14.0174196,10.0083485],[14.9276718,9.4394224],[15.8568005,10.0421615],[16.7915800,10.6443249],[17.7330315,11.2452962],[18.6822732,11.8443460],[18.7370347,13.0116388],[18.7972985,14.1741179],[18.8631437,15.3313828],[18.9346571,16.4830422]]]}},
{"type":"Feature","properties":{"name": "207"},"geometry":{"type":"Polygon","coordinates":[[[23.9981164,22.9758657],[23.0294029,23.5560500],[22.0514646,24.1328167],[21.0638792,24.7060391],[20.0662196,25.2755771],[18.9223871,24.7525065],[17.7905846,24.2219479],[16.6707908,23.6843305],[15.5629658,23.1400807],[15.4609089,22.0406064],[15.3597664,20.9379038],[15.2604047,19.8315375],[15.1638088,18.7210492],[16.1190722,18.1661857],[17.0657464,17.6081258],[18.0041651,17.0470274],[18.9346571,16.4830422],[19.9951383,17.0306947],[21.0692040,17.5708217],[22.1567156,18.1028786],[23.2575060,18.6263184],[23.4386931,19.7192654],[23.6229733,20.8081423],[23.8096420,21.8935044],[23.9981164,22.9758657]]]}},
{"type":"Feature","properties":{"name": "208"},"geometry":{"type":"Polygon","coordinates":[[[29.6454426,29.1389307],[28.6202564,29.7486175],[27.5801458,30.3479898],[26.5247359,30.9370698],[25.4536533,31.5159095],[24.1951972,31.0303208],[22.9501217,30.5354387],[21.7185586,30.0317633],[20.5006078,29.5197977],[20.3858993,28.4621943],[20.2753797,27.4023902],[20.1688745,26.3402340],[20.0662196,25.2755771],[21.0638792,24.7060391],[22.0514646,24.1328167],[23.0294029,23.5560500],[23.9981164,22.9758657],[25.1575459,23.4702372],[26.3288183,23.9547013],[27.5117357,24.4287910],[28.7060708,24.8920454],[28.9391614,25.9548755],[29.1734624,27.0167365],[29.4089009,28.0779792],[29.6454426,29.1389307]]]}},
{"type":"Feature","properties":{"name": "209"},"geometry":{"type":"Polygon","coordinates":[[[-2.9536533,-31.5159095],[-4.0247359,-30.9370698],[-5.0801458,-30.3479898],[-6.1202564,-29.7486175],[-7.1454426,-29.1389307],[-8.3948282,-29.5753225],[-9.6551574,-30.0000000],[-10.9261640,-30.4125710],[-12.2075490,-30.8126538],[-12.5081841,-31.8628008],[-12.8194753,-32.9119497],[-13.1417859,-33.9603702],[-13.4754779,-35.0083553],[-12.4443168,-35.6631935],[-11.3950417,-36.3068918],[-10.3271070,-36.9392897],[-9.2399619,-37.5602339],[-7.8483407,-37.1182050],[-6.4701996,-36.6646237],[-5.1059707,-36.2000227],[-3.7560362,-35.7249513],[-3.5440763,-34.6740395],[-3.3398983,-33.6223888],[-3.1431912,-32.5697544],[-2.9536533,-31.5159095]]]}},
{"type":"Feature","properties":{"name": "210"},"geometry":{"type":"Polygon","coordinates":[[[2.4337804,-25.2755771],[1.4361208,-24.7060391],[0.4485354,-24.1328167],[-0.5294029,-23.5560500],[-1.4981164,-22.9758657],[-2.6575459,-23.4702372],[-3.8288183,-23.9547013],[-5.0117357,-24.4287910],[-6.2060708,-24.8920454],[-6.4391614,-25.9548755],[-6.6734624,-27.0167365],[-6.9089009,-28.0779792],[-7.1454426,-29.1389307],[-6.1202564,-29.7486175],[-5.0801458,-30.3479898],[-4.0247359,-30.9370698],[-2.9536533,-31.5159095],[-1.6951972,-31.0303208],[-0.4501217,-30.5354387],[0.7814414,-30.0317633],[1.9993922,-29.5197977],[2.1141007,-28.4621943],[2.2246203,-27.4023902],[2.3311255,-26.3402340],[2.4337804,-25.2755771]]]}},
{"type":"Feature","properties":{"name": "211"},"geometry":{"type":"Polygon","coordinates":[[[7.3361912,-18.7210492],[6.3809278,-18.1661857],[5.4342536,-17.6081258],[4.4958349,-17.0470274],[3.5653429,-16.4830422],[2.5048617,-17.0306947],[1.4307960,-17.5708217],[0.3432844,-18.1028786],[-0.7575060,-18.6263184],[-0.9386931,-19.7192654],[-1.1229733,-20.8081423],[-1.3096420,-21.8935044],[-1.4981164,-22.9758657],[-0.5294029,-23.5560500],[0.4485354,-24.1328167],[1.4361208,-24.7060391],[2.4337804,-25.2755771],[3.5776129,-24.7525065],[4.7094154,-24.2219479],[5.8292092,-23.6843305],[6.9370342,-23.1400807],[7.0390911,-22.0406064],[7.1402336,-20.9379038],[7.2395953,-19.8315375],[7.3361912,-18.7210492]]]}},
{"type":"Feature","properties":{"name": "212"},"geometry":{"type":"Polygon","coordinates":[[[11.2500000,-11.6963456],[10.3210731,-11.1369289],[9.3987138,-10.5742227],[8.4825804,-10.0083485],[7.5723282,-9.4394224],[6.6431995,-10.0421615],[5.7084200,-10.6443249],[4.7669685,-11.2452962],[3.8177268,-11.8443460],[3.7629653,-13.0116388],[3.7027015,-14.1741179],[3.6368563,-15.3313828],[3.5653429,-16.4830422],[4.4958349,-17.0470274],[5.4342536,-17.6081258],[6.3809278,-18.1661857],[7.3361912,-18.7210492],[8.3301898,-18.1276093],[9.3130258,-17.5298486],[10.2859188,-16.9287317],[11.2500000,-16.3250926],[11.2500000,-15.1719655],[11.2500000,-14.0159941],[11.2500000,-12.8573845],[11.2500000,-11.6963456]]]}},
{"type":"Feature","properties":{"name": "213"},"geometry":{"type":"Polygon","coordinates":[[[14.8704426,-4.7297485],[13.9646207,-4.1311550],[13.0596849,-3.5342611],[12.1550073,-2.9392954],[11.2500000,-2.3464631],[10.3449927,-2.9392954],[9.4403151,-3.5342611],[8.5353793,-4.1311550],[7.6295574,-4.7297485],[7.6188808,-5.9098263],[7.6057980,-7.0883364],[7.5902885,-8.2649703],[7.5723282,-9.4394224],[8.4825804,-10.0083485],[9.3987138,-10.5742227],[10.3210731,-11.1369289],[11.2500000,-11.6963456],[12.1789269,-11.1369289],[13.1012862,-10.5742227],[14.0174196,-10.0083485],[14.9276718,-9.4394224],[14.9097115,-8.2649703],[14.8942020,-7.0883364],[14.8811192,-5.9098263],[14.8704426,-4.7297485]]]}},
{"type":"Feature","properties":{"name": "214"},"geometry":{"type":"Polygon","coordinates":[[[18.4350982,2.3832748],[17.5476283,2.9736449],[16.6580093,3.5615874],[15.7657646,4.1469912],[14.8704426,4.7297485],[13.9646207,4.1311550],[13.0596849,3.5342611],[12.1550073,2.9392954],[11.2500000,2.3464631],[11.2500000,1.1733446],[11.2500000,0.0000000],[11.2500000,-1.1733446],[11.2500000,-2.3464631],[12.1550073,-2.9392954],[13.0596849,-3.5342611],[13.9646207,-4.1311550],[14.8704426,-4.7297485],[15.7657646,-4.1469912],[16.6580093,-3.5615874],[17.5476283,-2.9736449],[18.4350982,-2.3832748],[18.4274572,-1.1918646],[18.4249113,0.0000000],[18.4274572,1.1918646],[18.4350982,2.3832748]]]}},
{"type":"Feature","properties":{"name": "215"},"geometry":{"type":"Polygon","coordinates":[[[22.2434747,9.5377982],[21.3610940,10.1179462],[20.4736480,10.6958196],[19.5808145,11.2713207],[18.6822732,11.8443460],[17.7330315,11.2452962],[16.7915800,10.6443249],[15.8568005,10.0421615],[14.9276718,9.4394224],[14.9097115,8.2649703],[14.8942020,7.0883364],[14.8811192,5.9098263],[14.8704426,4.7297485],[15.7657646,4.1469912],[16.6580093,3.5615874],[17.5476283,2.9736449],[18.4350982,2.3832748],[19.3326374,2.9834889],[20.2322704,3.5849704],[21.1348398,4.1873954],[22.0412817,4.7903727],[22.0790795,5.9829075],[22.1253480,7.1720893],[22.1801297,8.3572667],[22.2434747,9.5377982]]]}},
{"type":"Feature","properties":{"name": "216"},"geometry":{"type":"Polygon","coordinates":[[[26.9133540,16.3014712],[26.0093915,16.8862646],[25.0989959,17.4687359],[24.1818178,18.0487892],[23.2575060,18.6263184],[22.1567156,18.1028786],[21.0692040,17.5708217],[19.9951383,17.0306947],[18.9346571,16.4830422],[18.8631437,15.3313828],[18.7972985,14.1741179],[18.7370347,13.0116388],[18.6822732,11.8443460],[19.5808145,11.2713207],[20.4736480,10.6958196],[21.3610940,10.1179462],[22.2434747,9.5377982],[23.1962467,10.1327443],[24.1604840,10.7231915],[25.1380432,11.3075267],[26.1310375,11.8837122],[26.3127306,13.0002696],[26.5050222,14.1080727],[26.7057875,15.2081583],[26.9133540,16.3014712]]]}},
{"type":"Feature","properties":{"name": "217"},"geometry":{"type":"Polygon","coordinates":[[[32.5112475,22.4386488],[31.5714581,23.0577461],[30.6242887,23.6729778],[29.6693062,24.2844024],[28.7060708,24.8920454],[27.5117357,24.4287910],[26.3288183,23.9547013],[25.1575459,23.4702372],[23.9981164,22.9758657],[23.8096420,21.8935044],[23.6229733,20.8081423],[23.4386931,19.7192654],[23.2575060,18.6263184],[24.1818178,18.0487892],[25.0989959,17.4687359],[26.0093915,16.8862646],[26.9133540,16.3014712],[28.0316169,16.8000154],[29.1633602,17.2866272],[30.3080717,17.7606660],[31.4651929,18.2215048],[31.7229343,19.2800953],[31.9833689,20.3354447],[32.2462056,21.3881251],[32.5112475,22.4386488]]]}},
{"type":"Feature","properties":{"name": "218"},"geometry":{"type":"Polygon","coordinates":[[[0.9062325,-37.9214605],[-0.2891788,-37.3880678],[-1.4643799,-36.8443480],[-2.6198423,-36.2900348],[-3.7560362,-35.7249513],[-5.1059707,-36.2000227],[-6.4701996,-36.6646237],[-7.8483407,-37.1182050],[-9.2399619,-37.5602339],[-9.5466616,-38.6118002],[-9.8644096,-39.6642836],[-10.1934467,-40.7181463],[-10.5339374,-41.7739129],[-9.3787713,-42.3859788],[-8.1998731,-42.9852785],[-6.9965470,-43.5715902],[-5.7680805,-44.1447190],[-4.2455669,-43.6473165],[-2.7399804,-43.1409335],[-1.2521165,-42.6263918],[0.2173130,-42.1045430],[0.3998990,-41.0583984],[0.5754044,-40.0127349],[0.7440911,-38.9671939],[0.9062325,-37.9214605]]]}},
{"type":"Feature","properties":{"name": "219"},"geometry":{"type":"Polygon","coordinates":[[[6.4982528,-31.6169477],[5.3503208,-31.1041208],[4.2180261,-30.5840396],[3.1011342,-30.0560953],[1.9993922,-29.5197977],[0.7814414,-30.0317633],[-0.4501217,-30.5354387],[-1.6951972,-31.0303208],[-2.9536533,-31.5159095],[-3.1431912,-32.5697544],[-3.3398983,-33.6223888],[-3.5440763,-34.6740395],[-3.7560362,-35.7249513],[-2.6198423,-36.2900348],[-1.4643799,-36.8443480],[-0.2891788,-37.3880678],[0.9062325,-37.9214605],[2.2621095,-37.4004219],[3.6003080,-36.8729503],[4.9206216,-36.3397732],[6.2228937,-35.8016195],[6.2958752,-34.7581030],[6.3660041,-33.7129087],[6.4334197,-32.6659009],[6.4982528,-31.6169477]]]}},
{"type":"Feature","properties":{"name": "220"},"geometry":{"type":"Polygon","coordinates":[[[11.2500000,-25.1859844],[10.1540100,-24.6821960],[9.0699114,-24.1738018],[7.9976222,-23.6599922],[6.9370342,-23.1400807],[5.8292092,-23.6843305],[4.7094154,-24.2219479],[3.5776129,-24.7525065],[2.4337804,-25.2755771],[2.3311255,-26.3402340],[2.2246203,-27.4023902],[2.1141007,-28.4621943],[1.9993922,-29.5197977],[3.1011342,-30.0560953],[4.2180261,-30.5840396],[5.3503208,-31.1041208],[6.4982528,-31.6169477],[7.7097744,-31.0739333],[8.9055412,-30.5263463],[10.0855945,-29.9747716],[11.2500000,-29.4197863],[11.2500000,-28.3653446],[11.2500000,-27.3083040],[11.2500000,-26.2485547],[11.2500000,-25.1859844]]]}},
{"type":"Feature","properties":{"name": "221"},"geometry":{"type":"Polygon","coordinates":[[[15.1638088,-18.7210492],[14.1698102,-18.1276093],[13.1869742,-17.5298486],[12.2140812,-16.9287317],[11.2500000,-16.3250926],[10.2859188,-16.9287317],[9.3130258,-17.5298486],[8.3301898,-18.1276093],[7.3361912,-18.7210492],[7.2395953,-19.8315375],[7.1402336,-20.9379038],[7.0390911,-22.0406064],[6.9370342,-23.1400807],[7.9976222,-23.6599922],[9.0699114,-24.1738018],[10.1540100,-24.6821960],[11.2500000,-25.1859844],[12.3459900,-24.6821960],[13.4300886,-24.1738018],[14.5023778,-23.6599922],[15.5629658,-23.1400807],[15.4609089,-22.0406064],[15.3597664,-20.9379038],[15.2604047,-19.8315375],[15.1638088,-18.7210492]]]}},
{"type":"Feature","properties":{"name": "222"},"geometry":{"type":"Polygon","coordinates":[[[18.6822732,-11.8443460],[17.7330315,-11.2452962],[16.7915800,-10.6443249],[15.8568005,-10.0421615],[14.9276718,-9.4394224],[14.0174196,-10.0083485],[13.1012862,-10.5742227],[12.1789269,-11.1369289],[11.2500000,-11.6963456],[11.2500000,-12.8573845],[11.2500000,-14.0159941],[11.2500000,-15.1719655],[11.2500000,-16.3250926],[12.2140812,-16.9287317],[13.1869742,-17.5298486],[14.1698102,-18.1276093],[15.1638088,-18.7210492],[16.1190722,-18.1661857],[17.0657464,-17.6081258],[18.0041651,-17.0470274],[18.9346571,-16.4830422],[18.8631437,-15.3313828],[18.7972985,-14.1741179],[18.7370347,-13.0116388],[18.6822732,-11.8443460]]]}},
{"type":"Feature","properties":{"name": "223"},"geometry":{"type":"Polygon","coordinates":[[[22.0412817,-4.7903727],[21.1348398,-4.1873954],[20.2322704,-3.5849704],[19.3326374,-2.9834889],[18.4350982,-2.3832748],[17.5476283,-2.9736449],[16.6580093,-3.5615874],[15.7657646,-4.1469912],[14.8704426,-4.7297485],[14.8811192,-5.9098263],[14.8942020,-7.0883364],[14.9097115,-8.2649703],[14.9276718,-9.4394224],[15.8568005,-10.0421615],[16.7915800,-10.6443249],[17.7330315,-11.2452962],[18.6822732,-11.8443460],[19.5808145,-11.2713207],[20.4736480,-10.6958196],[21.3610940,-10.1179462],[22.2434747,-9.5377982],[22.1801297,-8.3572667],[22.1253480,-7.1720893],[22.0790795,-5.9829075],[22.0412817,-4.7903727]]]}},
{"type":"Feature","properties":{"name": "224"},"geometry":{"type":"Polygon","coordinates":[[[25.5283190,2.4099331],[24.6582698,3.0080822],[23.7874656,3.6042628],[22.9153152,4.1983869],[22.0412817,4.7903727],[21.1348398,4.1873954],[20.2322704,3.5849704],[19.3326374,2.9834889],[18.4350982,2.3832748],[18.4274572,1.1918646],[18.4249113,0.0000000],[18.4274572,-1.1918646],[18.4350982,-2.3832748],[19.3326374,-2.9834889],[20.2322704,-3.5849704],[21.1348398,-4.1873954],[22.0412817,-4.7903727],[22.9153152,-4.1983869],[23.7874656,-3.6042628],[24.6582698,-3.0080822],[25.5283190,-2.4099331],[25.5095232,-1.2054951],[25.5032585,0.0000000],[25.5095232,1.2054951],[25.5283190,2.4099331]]]}},
{"type":"Feature","properties":{"name": "225"},"geometry":{"type":"Polygon","coordinates":[[[29.5952977,9.5383898],[28.7360270,10.1269692],[27.8724114,10.7141171],[27.0041748,11.2997327],[26.1310375,11.8837122],[25.1380432,11.3075267],[24.1604840,10.7231915],[23.1962467,10.1327443],[22.2434747,9.5377982],[22.1801297,8.3572667],[22.1253480,7.1720893],[22.0790795,5.9829075],[22.0412817,4.7903727],[22.9153152,4.1983869],[23.7874656,3.6042628],[24.6582698,3.0080822],[25.5283190,2.4099331],[26.4258118,3.0145384],[27.3293323,3.6190354],[28.2404782,4.2226579],[29.1611600,4.8243585],[29.2428239,6.0173598],[29.3424705,7.2017567],[29.4600009,8.3759469],[29.5952977,9.5383898]]]}},
{"type":"Feature","properties":{"name": "226"},"geometry":{"type":"Polygon","coordinates":[[[35.0525659,15.7701508],[34.1626177,16.3880718],[33.2683477,17.0024780],[32.3693428,17.6135738],[31.4651929,18.2215048],[30.3080717,17.7606660],[29.1633602,17.2866272],[28.0316169,16.8000154],[26.9133540,16.3014712],[26.7057875,15.2081583],[26.5050222,14.1080727],[26.3127306,13.0002696],[26.1310375,11.8837122],[27.0041748,11.2997327],[27.8724114,10.7141171],[28.7360270,10.1269692],[29.5952977,9.5383898],[30.6559233,10.0645240],[31.7370215,10.5754323],[32.8373794,11.0699064],[33.9556635,11.5467671],[34.2222557,12.6128166],[34.4946712,13.6712523],[34.7717192,14.7233403],[35.0525659,15.7701508]]]}},
{"type":"Feature","properties":{"name": "227"},"geometry":{"type":"Polygon","coordinates":[[[5.5164065,-44.1084040],[4.1523653,-43.6212650],[2.8149610,-43.1256597],[1.5035059,-42.6203689],[0.2173130,-42.1045430],[-1.2521165,-42.6263918],[-2.7399804,-43.1409335],[-4.2455669,-43.6473165],[-5.7680805,-44.1447190],[-6.0622669,-45.2056013],[-6.3657022,-46.2705803],[-6.6776301,-47.3406636],[-6.9967275,-48.4170559],[-5.6705351,-48.9768367],[-4.3134294,-49.5209995],[-2.9245400,-50.0492206],[-1.5029221,-50.5612547],[0.1652516,-49.9857145],[1.8172335,-49.4088776],[3.4502730,-48.8324658],[5.0618169,-48.2582625],[5.1827360,-47.2190575],[5.2987473,-46.1813740],[5.4099221,-45.1446408],[5.5164065,-44.1084040]]]}},
{"type":"Feature","properties":{"name": "228"},"geometry":{"type":"Polygon","coordinates":[[[11.2500000,-37.7742752],[9.9645088,-37.2854464],[8.6982168,-36.7949912],[7.4510655,-36.3009066],[6.2228937,-35.8016195],[4.9206216,-36.3397732],[3.6003080,-36.8729503],[2.2621095,-37.4004219],[0.9062325,-37.9214605],[0.7440911,-38.9671939],[0.5754044,-40.0127349],[0.3998990,-41.0583984],[0.2173130,-42.1045430],[1.5035059,-42.6203689],[2.8149610,-43.1256597],[4.1523653,-43.6212650],[5.5164065,-44.1084040],[6.9864076,-43.5557414],[8.4323879,-43.0039371],[9.8537474,-42.4541953],[11.2500000,-41.9076968],[11.2500000,-40.8765653],[11.2500000,-39.8440114],[11.2500000,-38.8099451],[11.2500000,-37.7742752]]]}},
{"type":"Feature","properties":{"name": "229"},"geometry":{"type":"Polygon","coordinates":[[[16.0017472,-31.6169477],[14.7902256,-31.0739333],[13.5944588,-30.5263463],[12.4144055,-29.9747716],[11.2500000,-29.4197863],[10.0855945,-29.9747716],[8.9055412,-30.5263463],[7.7097744,-31.0739333],[6.4982528,-31.6169477],[6.4334197,-32.6659009],[6.3660041,-33.7129087],[6.2958752,-34.7581030],[6.2228937,-35.8016195],[7.4510655,-36.3009066],[8.6982168,-36.7949912],[9.9645088,-37.2854464],[11.2500000,-37.7742752],[12.5354912,-37.2854464],[13.8017832,-36.7949912],[15.0489345,-36.3009066],[16.2771063,-35.8016195],[16.2041248,-34.7581030],[16.1339959,-33.7129087],[16.0665803,-32.6659009],[16.0017472,-31.6169477]]]}},
{"type":"Feature","properties":{"name": "230"},"geometry":{"type":"Polygon","coordinates":[[[20.0662196,-25.2755771],[18.9223871,-24.7525065],[17.7905846,-24.2219479],[16.6707908,-23.6843305],[15.5629658,-23.1400807],[14.5023778,-23.6599922],[13.4300886,-24.1738018],[12.3459900,-24.6821960],[11.2500000,-25.1859844],[11.2500000,-26.2485547],[11.2500000,-27.3083040],[11.2500000,-28.3653446],[11.2500000,-29.4197863],[12.4144055,-29.9747716],[13.5944588,-30.5263463],[14.7902256,-31.0739333],[16.0017472,-31.6169477],[17.1496792,-31.1041208],[18.2819739,-30.5840396],[19.3988658,-30.0560953],[20.5006078,-29.5197977],[20.3858993,-28.4621943],[20.2753797,-27.4023902],[20.1688745,-26.3402340],[20.0662196,-25.2755771]]]}},
{"type":"Feature","properties":{"name": "231"},"geometry":{"type":"Polygon","coordinates":[[[23.2575060,-18.6263184],[22.1567156,-18.1028786],[21.0692040,-17.5708217],[19.9951383,-17.0306947],[18.9346571,-16.4830422],[18.0041651,-17.0470274],[17.0657464,-17.6081258],[16.1190722,-18.1661857],[15.1638088,-18.7210492],[15.2604047,-19.8315375],[15.3597664,-20.9379038],[15.4609089,-22.0406064],[15.5629658,-23.1400807],[16.6707908,-23.6843305],[17.7905846,-24.2219479],[18.9223871,-24.7525065],[20.0662196,-25.2755771],[21.0638792,-24.7060391],[22.0514646,-24.1328167],[23.0294029,-23.5560500],[23.9981164,-22.9758657],[23.8096420,-21.8935044],[23.6229733,-20.8081423],[23.4386931,-19.7192654],[23.2575060,-18.6263184]]]}},
{"type":"Feature","properties":{"name": "232"},"geometry":{"type":"Polygon","coordinates":[[[26.1310375,-11.8837122],[25.1380432,-11.3075267],[24.1604840,-10.7231915],[23.1962467,-10.1327443],[22.2434747,-9.5377982],[21.3610940,-10.1179462],[20.4736480,-10.6958196],[19.5808145,-11.2713207],[18.6822732,-11.8443460],[18.7370347,-13.0116388],[18.7972985,-14.1741179],[18.8631437,-15.3313828],[18.9346571,-16.4830422],[19.9951383,-17.0306947],[21.0692040,-17.5708217],[22.1567156,-18.1028786],[23.2575060,-18.6263184],[24.1818178,-18.0487892],[25.0989959,-17.4687359],[26.0093915,-16.8862646],[26.9133540,-16.3014712],[26.7057875,-15.2081583],[26.5050222,-14.1080727],[26.3127306,-13.0002696],[26.1310375,-11.8837122]]]}},
{"type":"Feature","properties":{"name": "233"},"geometry":{"type":"Polygon","coordinates":[[[29.1611600,-4.8243585],[28.2404782,-4.2226579],[27.3293323,-3.6190354],[26.4258118,-3.0145384],[25.5283190,-2.4099331],[24.6582698,-3.0080822],[23.7874656,-3.6042628],[22.9153152,-4.1983869],[22.0412817,-4.7903727],[22.0790795,-5.9829075],[22.1253480,-7.1720893],[22.1801297,-8.3572667],[22.2434747,-9.5377982],[23.1962467,-10.1327443],[24.1604840,-10.7231915],[25.1380432,-11.3075267],[26.1310375,-11.8837122],[27.0041748,-11.2997327],[27.8724114,-10.7141171],[28.7360270,-10.1269692],[29.5952977,-9.5383898],[29.4600009,-8.3759469],[29.3424705,-7.2017567],[29.2428239,-6.0173598],[29.1611600,-4.8243585]]]}},
{"type":"Feature","properties":{"name": "234"},"geometry":{"type":"Polygon","coordinates":[[[32.5687629,2.4250716],[31.7170537,3.0273991],[30.8657190,3.6280610],[30.0139722,4.2270513],[29.1611600,4.8243585],[28.2404782,4.2226579],[27.3293323,3.6190354],[26.4258118,3.0145384],[25.5283190,2.4099331],[25.5095232,1.2054951],[25.5032585,0.0000000],[25.5095232,-1.2054951],[25.5283190,-2.4099331],[26.4258118,-3.0145384],[27.3293323,-3.6190354],[28.2404782,-4.2226579],[29.1611600,-4.8243585],[30.0139722,-4.2270513],[30.8657190,-3.6280610],[31.7170537,-3.0273991],[32.5687629,-2.4250716],[32.5284332,-1.2141874],[32.5149734,0.0000000],[32.5284332,1.2141874],[32.5687629,2.4250716]]]}},
{"type":"Feature","properties":{"name": "235"},"geometry":{"type":"Polygon","coordinates":[[[37.3897346,9.1159969],[36.5343186,9.7279119],[35.6771656,10.3367709],[34.8177688,10.9429677],[33.9556635,11.5467671],[32.8373794,11.0699064],[31.7370215,10.5754323],[30.6559233,10.0645240],[29.5952977,9.5383898],[29.4600009,8.3759469],[29.3424705,7.2017567],[29.2428239,6.0173598],[29.1611600,4.8243585],[30.0139722,4.2270513],[30.8657190,3.6280610],[31.7170537,3.0273991],[32.5687629,2.4250716],[33.4815624,3.0285434],[34.4110691,3.6271269],[35.3629573,4.2165810],[36.3451860,4.7894819],[36.5771737,5.9001950],[36.8340070,6.9883908],[37.1066445,8.0590499],[37.3897346,9.1159969]]]}},
{"type":"Feature","properties":{"name": "236"},"geometry":{"type":"Polygon","coordinates":[[[11.2500000,-50.1160358],[9.6492044,-49.6437740],[8.0843705,-49.1823907],[6.5555637,-48.7224768],[5.0618169,-48.2582625],[3.4502730,-48.8324658],[1.8172335,-49.4088776],[0.1652516,-49.9857145],[-1.5029221,-50.5612547],[-1.7392955,-51.6445190],[-1.9700217,-52.7396739],[-2.1849267,-53.8499913],[-2.3661186,-54.9795570],[-0.7946967,-55.4712318],[0.8146654,-55.9420230],[2.4619203,-56.3911230],[4.1468224,-56.8177133],[5.8642988,-56.0987177],[7.6465688,-55.4130827],[9.4545719,-54.7762316],[11.2500000,-54.2018738],[11.2500000,-53.1811039],[11.2500000,-52.1599288],[11.2500000,-51.1382668],[11.2500000,-50.1160358]]]}},
{"type":"Feature","properties":{"name": "237"},"geometry":{"type":"Polygon","coordinates":[[[16.9835935,-44.1084040],[15.5135924,-43.5557414],[14.0676121,-43.0039371],[12.6462526,-42.4541953],[11.2500000,-41.9076968],[9.8537474,-42.4541953],[8.4323879,-43.0039371],[6.9864076,-43.5557414],[5.5164065,-44.1084040],[5.4099221,-45.1446408],[5.2987473,-46.1813740],[5.1827360,-47.2190575],[5.0618169,-48.2582625],[6.5555637,-48.7224768],[8.0843705,-49.1823907],[9.6492044,-49.6437740],[11.2500000,-50.1160358],[12.8507956,-49.6437740],[14.4156295,-49.1823907],[15.9444363,-48.7224768],[17.4381831,-48.2582625],[17.3172640,-47.2190575],[17.2012527,-46.1813740],[17.0900779,-45.1446408],[16.9835935,-44.1084040]]]}},
{"type":"Feature","properties":{"name": "238"},"geometry":{"type":"Polygon","coordinates":[[[21.5937675,-37.9214605],[20.2378905,-37.4004219],[18.8996920,-36.8729503],[17.5793784,-36.3397732],[16.2771063,-35.8016195],[15.0489345,-36.3009066],[13.8017832,-36.7949912],[12.5354912,-37.2854464],[11.2500000,-37.7742752],[11.2500000,-38.8099451],[11.2500000,-39.8440114],[11.2500000,-40.8765653],[11.2500000,-41.9076968],[12.6462526,-42.4541953],[14.0676121,-43.0039371],[15.5135924,-43.5557414],[16.9835935,-44.1084040],[18.3476347,-43.6212650],[19.6850390,-43.1256597],[20.9964941,-42.6203689],[22.2826870,-42.1045430],[22.1001010,-41.0583984],[21.9245956,-40.0127349],[21.7559089,-38.9671939],[21.5937675,-37.9214605]]]}},
{"type":"Feature","properties":{"name": "239"},"geometry":{"type":"Polygon","coordinates":[[[25.4536533,-31.5159095],[24.1951972,-31.0303208],[22.9501217,-30.5354387],[21.7185586,-30.0317633],[20.5006078,-29.5197977],[19.3988658,-30.0560953],[18.2819739,-30.5840396],[17.1496792,-31.1041208],[16.0017472,-31.6169477],[16.0665803,-32.6659009],[16.1339959,-33.7129087],[16.2041248,-34.7581030],[16.2771063,-35.8016195],[17.5793784,-36.3397732],[18.8996920,-36.8729503],[20.2378905,-37.4004219],[21.5937675,-37.9214605],[22.7891788,-37.3880678],[23.9643799,-36.8443480],[25.1198423,-36.2900348],[26.2560362,-35.7249513],[26.0440763,-34.6740395],[25.8398983,-33.6223888],[25.6431912,-32.5697544],[25.4536533,-31.5159095]]]}},
{"type":"Feature","properties":{"name": "240"},"geometry":{"type":"Polygon","coordinates":[[[28.7060708,-24.8920454],[27.5117357,-24.4287910],[26.3288183,-23.9547013],[25.1575459,-23.4702372],[23.9981164,-22.9758657],[23.0294029,-23.5560500],[22.0514646,-24.1328167],[21.0638792,-24.7060391],[20.0662196,-25.2755771],[20.1688745,-26.3402340],[20.2753797,-27.4023902],[20.3858993,-28.4621943],[20.5006078,-29.5197977],[21.7185586,-30.0317633],[22.9501217,-30.5354387],[24.1951972,-31.0303208],[25.4536533,-31.5159095],[26.5247359,-30.9370698],[27.5801458,-30.3479898],[28.6202564,-29.7486175],[29.6454426,-29.1389307],[29.4089009,-28.0779792],[29.1734624,-27.0167365],[28.9391614,-25.9548755],[28.7060708,-24.8920454]]]}},
{"type":"Feature","properties":{"name": "241"},"geometry":{"type":"Polygon","coordinates":[[[31.4651929,-18.2215048],[30.3080717,-17.7606660],[29.1633602,-17.2866272],[28.0316169,-16.8000154],[26.9133540,-16.3014712],[26.0093915,-16.8862646],[25.0989959,-17.4687359],[24.1818178,-18.0487892],[23.2575060,-18.6263184],[23.4386931,-19.7192654],[23.6229733,-20.8081423],[23.8096420,-21.8935044],[23.9981164,-22.9758657],[25.1575459,-23.4702372],[26.3288183,-23.9547013],[27.5117357,-24.4287910],[28.7060708,-24.8920454],[29.6693062,-24.2844024],[30.6242887,-23.6729778],[31.5714581,-23.0577461],[32.5112475,-22.4386488],[32.2462056,-21.3881251],[31.9833689,-20.3354447],[31.7229343,-19.2800953],[31.4651929,-18.2215048]]]}},
{"type":"Feature","properties":{"name": "242"},"geometry":{"type":"Polygon","coordinates":[[[33.9556635,-11.5467671],[32.8373794,-11.0699064],[31.7370215,-10.5754323],[30.6559233,-10.0645240],[29.5952977,-9.5383898],[28.7360270,-10.1269692],[27.8724114,-10.7141171],[27.0041748,-11.2997327],[26.1310375,-11.8837122],[26.3127306,-13.0002696],[26.5050222,-14.1080727],[26.7057875,-15.2081583],[26.9133540,-16.3014712],[28.0316169,-16.8000154],[29.1633602,-17.2866272],[30.3080717,-17.7606660],[31.4651929,-18.2215048],[32.3693428,-17.6135738],[33.2683477,-17.0024780],[34.1626177,-16.3880718],[35.0525659,-15.7701508],[34.7717192,-14.7233403],[34.4946712,-13.6712523],[34.2222557,-12.6128166],[33.9556635,-11.5467671]]]}},
{"type":"Feature","properties":{"name": "243"},"geometry":{"type":"Polygon","coordinates":[[[36.3451860,-4.7894819],[35.3629573,-4.2165810],[34.4110691,-3.6271269],[33.4815624,-3.0285434],[32.5687629,-2.4250716],[31.7170537,-3.0273991],[30.8657190,-3.6280610],[30.0139722,-4.2270513],[29.1611600,-4.8243585],[29.2428239,-6.0173598],[29.3424705,-7.2017567],[29.4600009,-8.3759469],[29.5952977,-9.5383898],[30.6559233,-10.0645240],[31.7370215,-10.5754323],[32.8373794,-11.0699064],[33.9556635,-11.5467671],[34.8177688,-10.9429677],[35.6771656,-10.3367709],[36.5343186,-9.7279119],[37.3897346,-9.1159969],[37.1066445,-8.0590499],[36.8340070,-6.9883908],[36.5771737,-5.9001950],[36.3451860,-4.7894819]]]}},
{"type":"Feature","properties":{"name": "244"},"geometry":{"type":"Polygon","coordinates":[[[39.6642292,2.3972191],[38.8365695,2.9959452],[38.0076753,3.5942839],[37.1772975,4.1921562],[36.3451860,4.7894819],[35.3629573,4.2165810],[34.4110691,3.6271269],[33.4815624,3.0285434],[32.5687629,2.4250716],[32.5284332,1.2141874],[32.5149734,0.0000000],[32.5284332,-1.2141874],[32.5687629,-2.4250716],[33.4815624,-3.0285434],[34.4110691,-3.6271269],[35.3629573,-4.2165810],[36.3451860,-4.7894819],[37.1772975,-4.1921562],[38.0076753,-3.5942839],[38.8365695,-2.9959452],[39.6642292,-2.3972191],[39.5323479,-1.2139992],[39.4876021,0.0000000],[39.5323479,1.2139992],[39.6642292,2.3972191]]]}},
{"type":"Feature","properties":{"name": "245"},"geometry":{"type":"Polygon","coordinates":[[[44.2303970,3.8806166],[43.0615213,3.6418799],[41.8909372,3.3093607],[40.7489644,2.8904172],[39.6642292,2.3972191],[39.5323479,1.2139992],[39.4876021,0.0000000],[39.5323479,-1.2139992],[39.6642292,-2.3972191],[40.7489644,-2.8904172],[41.8909372,-3.3093607],[43.0615213,-3.6418799],[44.2303970,-3.8806166],[45.0340259,-3.0008987],[45.7839463,-2.0445943],[46.4605130,-1.0354382],[47.0481262,0.0000000],[46.4605130,1.0354382],[45.7839463,2.0445943],[45.0340259,3.0008987],[44.2303970,3.8806166]]]}},
{"type":"Feature","properties":{"name": "246"},"geometry":{"type":"Polygon","coordinates":[[[42.0647124,10.6369102],[40.8807535,10.3016555],[39.7046895,9.9355905],[38.5399211,9.5399065],[37.3897346,9.1159969],[37.1066445,8.0590499],[36.8340070,6.9883908],[36.5771737,5.9001950],[36.3451860,4.7894819],[37.1772975,4.1921562],[38.0076753,3.5942839],[38.8365695,2.9959452],[39.6642292,2.3972191],[40.7489644,2.8904172],[41.8909372,3.3093607],[43.0615213,3.6418799],[44.2303970,3.8806166],[44.5476786,4.8511264],[44.8660003,5.8218730],[45.1855762,6.7929032],[45.5066242,7.7642638],[44.6562726,8.5248293],[43.7966060,9.2514147],[42.9320565,9.9533606],[42.0647124,10.6369102]]]}},
{"type":"Feature","properties":{"name": "247"},"geometry":{"type":"Polygon","coordinates":[[[39.8126744,17.3235066],[38.6097292,16.9633847],[37.4145987,16.5840551],[36.2284914,16.1860995],[35.0525659,15.7701508],[34.7717192,14.7233403],[34.4946712,13.6712523],[34.2222557,12.6128166],[33.9556635,11.5467671],[34.8177688,10.9429677],[35.6771656,10.3367709],[36.5343186,9.7279119],[37.3897346,9.1159969],[38.5399211,9.5399065],[39.7046895,9.9355905],[40.8807535,10.3016555],[42.0647124,10.6369102],[42.3839168,11.6311284],[42.7048454,12.6234337],[43.0276399,13.6144061],[43.3524863,14.6044961],[42.4735874,15.2997583],[41.5905773,15.9836028],[40.7036153,16.6577392],[39.8126744,17.3235066]]]}},
{"type":"Feature","properties":{"name": "248"},"geometry":{"type":"Polygon","coordinates":[[[37.3971901,24.0412514],[36.1621847,23.6621810],[34.9358075,23.2684374],[33.7186451,22.8604447],[32.5112475,22.4386488],[32.2462056,21.3881251],[31.9833689,20.3354447],[31.7229343,19.2800953],[31.4651929,18.2215048],[32.3693428,17.6135738],[33.2683477,17.0024780],[34.1626177,16.3880718],[35.0525659,15.7701508],[36.2284914,16.1860995],[37.4145987,16.5840551],[38.6097292,16.9633847],[39.8126744,17.3235066],[40.1273379,18.3351103],[40.4444824,19.3456121],[40.7642671,20.3553815],[41.0868860,21.3647385],[40.1741664,22.0437578],[39.2551512,22.7158145],[38.3295920,23.3814883],[37.3971901,24.0412514]]]}},
{"type":"Feature","properties":{"name": "249"},"geometry":{"type":"Polygon","coordinates":[[[34.7075490,30.8126538],[33.4261640,30.4125710],[32.1551574,30.0000000],[30.8948282,29.5753225],[29.6454426,29.1389307],[29.4089009,28.0779792],[29.1734624,27.0167365],[28.9391614,25.9548755],[28.7060708,24.8920454],[29.6693062,24.2844024],[30.6242887,23.6729778],[31.5714581,23.0577461],[32.5112475,22.4386488],[33.7186451,22.8604447],[34.9358075,23.2684374],[36.1621847,23.6621810],[37.3971901,24.0412514],[37.7017713,25.0696812],[38.0092781,26.0980763],[38.3199248,27.1266970],[38.6339542,28.1557813],[37.6673643,28.8282832],[36.6910604,29.4951372],[35.7046096,30.1565437],[34.7075490,30.8126538]]]}},
{"type":"Feature","properties":{"name": "250"},"geometry":{"type":"Polygon","coordinates":[[[31.7399619,37.5602339],[30.3483407,37.1182050],[28.9701996,36.6646237],[27.6059707,36.2000227],[26.2560362,35.7249513],[26.0440763,34.6740395],[25.8398983,33.6223888],[25.6431912,32.5697544],[25.4536533,31.5159095],[26.5247359,30.9370698],[27.5801458,30.3479898],[28.6202564,29.7486175],[29.6454426,29.1389307],[30.8948282,29.5753225],[32.1551574,30.0000000],[33.4261640,30.4125710],[34.7075490,30.8126538],[35.0081841,31.8628008],[35.3194753,32.9119497],[35.6417859,33.9603702],[35.9754779,35.0083553],[34.9443168,35.6631935],[33.8950417,36.3068918],[32.8271070,36.9392897],[31.7399619,37.5602339]]]}},
{"type":"Feature","properties":{"name": "251"},"geometry":{"type":"Polygon","coordinates":[[[28.2680805,44.1447190],[26.7455669,43.6473165],[25.2399804,43.1409335],[23.7521165,42.6263918],[22.2826870,42.1045430],[22.1001010,41.0583984],[21.9245956,40.0127349],[21.7559089,38.9671939],[21.5937675,37.9214605],[22.7891788,37.3880678],[23.9643799,36.8443480],[25.1198423,36.2900348],[26.2560362,35.7249513],[27.6059707,36.2000227],[28.9701996,36.6646237],[30.3483407,37.1182050],[31.7399619,37.5602339],[32.0466616,38.6118002],[32.3644096,39.6642836],[32.6934467,40.7181463],[33.0339374,41.7739129],[31.8787713,42.3859788],[30.6998731,42.9852785],[29.4965470,43.5715902],[28.2680805,44.1447190]]]}},
{"type":"Feature","properties":{"name": "252"},"geometry":{"type":"Polygon","coordinates":[[[24.0029221,50.5612547],[22.3347484,49.9857145],[20.6827665,49.4088776],[19.0497270,48.8324658],[17.4381831,48.2582625],[17.3172640,47.2190575],[17.2012527,46.1813740],[17.0900779,45.1446408],[16.9835935,44.1084040],[18.3476347,43.6212650],[19.6850390,43.1256597],[20.9964941,42.6203689],[22.2826870,42.1045430],[23.7521165,42.6263918],[25.2399804,43.1409335],[26.7455669,43.6473165],[28.2680805,44.1447190],[28.5622669,45.2056013],[28.8657022,46.2705803],[29.1776301,47.3406636],[29.4967275,48.4170559],[28.1705351,48.9768367],[26.8134294,49.5209995],[25.4245400,50.0492206],[24.0029221,50.5612547]]]}},
{"type":"Feature","properties":{"name": "253"},"geometry":{"type":"Polygon","coordinates":[[[18.3531776,56.8177133],[16.6357012,56.0987177],[14.8534312,55.4130827],[13.0454281,54.7762316],[11.2500000,54.2018738],[11.2500000,53.1811039],[11.2500000,52.1599288],[11.2500000,51.1382668],[11.2500000,50.1160358],[12.8507956,49.6437740],[14.4156295,49.1823907],[15.9444363,48.7224768],[17.4381831,48.2582625],[19.0497270,48.8324658],[20.6827665,49.4088776],[22.3347484,49.9857145],[24.0029221,50.5612547],[24.2392955,51.6445190],[24.4700217,52.7396739],[24.6849267,53.8499913],[24.8661186,54.9795570],[23.2946967,55.4712318],[21.6853346,55.9420230],[20.0380797,56.3911230],[18.3531776,56.8177133]]]}},
{"type":"Feature","properties":{"name": "254"},"geometry":{"type":"Polygon","coordinates":[[[51.1339642,0.0000000],[50.1117332,0.0000000],[49.0900712,0.0000000],[48.0688961,0.0000000],[47.0481262,0.0000000],[46.4605130,-1.0354382],[45.7839463,-2.0445943],[45.0340259,-3.0008987],[44.2303970,-3.8806166],[44.5476786,-4.8511264],[44.8660003,-5.8218730],[45.1855762,-6.7929032],[45.5066242,-7.7642638],[46.6460175,-7.8776516],[47.7715322,-7.9586349],[48.8850084,-8.0176334],[49.9883688,-8.0611722],[50.7338240,-7.1010432],[51.4561430,-6.1214430],[52.1538106,-5.1252612],[52.8254620,-4.1154647],[52.4320901,-3.0949931],[52.0243315,-2.0686207],[51.5951903,-1.0364975],[51.1339642,0.0000000]]]}},
{"type":"Feature","properties":{"name": "255"},"geometry":{"type":"Polygon","coordinates":[[[49.9883688,8.0611722],[48.8850084,8.0176334],[47.7715322,7.9586349],[46.6460175,7.8776516],[45.5066242,7.7642638],[45.1855762,6.7929032],[44.8660003,5.8218730],[44.5476786,4.8511264],[44.2303970,3.8806166],[45.0340259,3.0008987],[45.7839463,2.0445943],[46.4605130,1.0354382],[47.0481262,0.0000000],[48.0688961,0.0000000],[49.0900712,0.0000000],[50.1117332,0.0000000],[51.1339642,0.0000000],[51.5951903,1.0364975],[52.0243315,2.0686207],[52.4320901,3.0949931],[52.8254620,4.1154647],[52.1538106,5.1252612],[51.4561430,6.1214430],[50.7338240,7.1010432],[49.9883688,8.0611722]]]}},
{"type":"Feature","properties":{"name": "256"},"geometry":{"type":"Polygon","coordinates":[[[48.1557694,15.5525357],[46.9593523,15.3541608],[45.7586656,15.1299328],[44.5557035,14.8799677],[43.3524863,14.6044961],[43.0276399,13.6144061],[42.7048454,12.6234337],[42.3839168,11.6311284],[42.0647124,10.6369102],[42.9320565,9.9533606],[43.7966060,9.2514147],[44.6562726,8.5248293],[45.5066242,7.7642638],[46.6460175,7.8776516],[47.7715322,7.9586349],[48.8850084,8.0176334],[49.9883688,8.0611722],[50.3312353,9.0468727],[50.6754886,10.0306734],[51.0217638,11.0129905],[51.3705975,11.9941569],[50.5887244,12.9144738],[49.7917222,13.8152156],[48.9804375,14.6950009],[48.1557694,15.5525357]]]}},
{"type":"Feature","properties":{"name": "257"},"geometry":{"type":"Polygon","coordinates":[[[46.0548131,22.5257427],[44.8081429,22.2631048],[43.5639299,21.9818907],[42.3231820,21.6823405],[41.0868860,21.3647385],[40.7642671,20.3553815],[40.4444824,19.3456121],[40.1273379,18.3351103],[39.8126744,17.3235066],[40.7036153,16.6577392],[41.5905773,15.9836028],[42.4735874,15.2997583],[43.3524863,14.6044961],[44.5557035,14.8799677],[45.7586656,15.1299328],[46.9593523,15.3541608],[48.1557694,15.5525357],[48.5007572,16.5289098],[48.8497345,17.5060571],[49.2030054,18.4840180],[49.5608871,19.4628315],[48.6993037,20.2511953],[47.8271161,21.0231876],[46.9453809,21.7808135],[46.0548131,22.5257427]]]}},
{"type":"Feature","properties":{"name": "258"},"geometry":{"type":"Polygon","coordinates":[[[43.8018762,29.4526328],[42.5000589,29.1511848],[41.2043938,28.8343741],[39.9154969,28.5024740],[38.6339542,28.1557813],[38.3199248,27.1266970],[38.0092781,26.0980763],[37.7017713,25.0696812],[37.3971901,24.0412514],[38.3295920,23.3814883],[39.2551512,22.7158145],[40.1741664,22.0437578],[41.0868860,21.3647385],[42.3231820,21.6823405],[43.5639299,21.9818907],[44.8081429,22.2631048],[46.0548131,22.5257427],[46.4099139,23.5185518],[46.7699722,24.5123465],[47.1353697,25.5072142],[47.5065088,26.5032347],[46.5954769,27.2539040],[45.6743851,27.9952214],[44.7432221,28.7279228],[43.8018762,29.4526328]]]}},
{"type":"Feature","properties":{"name": "259"},"geometry":{"type":"Polygon","coordinates":[[[41.5010868,36.4474149],[40.1058307,36.1089915],[38.7194155,35.7561142],[37.3424440,35.3891165],[35.9754779,35.0083553],[35.6417859,33.9603702],[35.3194753,32.9119497],[35.0081841,31.8628008],[34.7075490,30.8126538],[35.7046096,30.1565437],[36.6910604,29.4951372],[37.6673643,28.8282832],[38.6339542,28.1557813],[39.9154969,28.5024740],[41.2043938,28.8343741],[42.5000589,29.1511848],[43.8018762,29.4526328],[44.1629939,30.4678737],[44.5302826,31.4845142],[44.9042235,32.5026635],[45.2853324,33.5224232],[44.3639383,34.2688329],[43.4265010,35.0052637],[42.4724200,35.7315249],[41.5010868,36.4474149]]]}},
{"type":"Feature","properties":{"name": "260"},"geometry":{"type":"Polygon","coordinates":[[[39.0894939,43.4236795],[37.5588635,43.0315309],[36.0387760,42.6255476],[34.5301737,42.2061783],[33.0339374,41.7739129],[32.6934467,40.7181463],[32.3644096,39.6642836],[32.0466616,38.6118002],[31.7399619,37.5602339],[32.8271070,36.9392897],[33.8950417,36.3068918],[34.9443168,35.6631935],[35.9754779,35.0083553],[37.3424440,35.3891165],[38.7194155,35.7561142],[40.1058307,36.1089915],[41.5010868,36.4474149],[41.9272458,37.4894951],[42.3672612,38.5325940],[42.8212837,39.5772202],[43.2893566,40.6239492],[42.2724095,41.3408715],[41.2339603,42.0466787],[40.1732453,42.7410578],[39.0894939,43.4236795]]]}},
{"type":"Feature","properties":{"name": "261"},"geometry":{"type":"Polygon","coordinates":[[[36.1161631,50.3849664],[34.4476980,49.9094989],[32.7870622,49.4225708],[31.1361341,48.9248396],[29.4967275,48.4170559],[29.1776301,47.3406636],[28.8657022,46.2705803],[28.5622669,45.2056013],[28.2680805,44.1447190],[29.4965470,43.5715902],[30.6998731,42.9852785],[31.8787713,42.3859788],[33.0339374,41.7739129],[34.5301737,42.2061783],[36.0387760,42.6255476],[37.5588635,43.0315309],[39.0894939,43.4236795],[39.5355140,44.4877089],[39.9928378,45.5570237],[40.4600938,46.6327522],[40.9352076,47.7162123],[39.7758468,48.4034119],[38.5868792,49.0776114],[37.3673106,49.7383070],[36.1161631,50.3849664]]]}},
{"type":"Feature","properties":{"name": "262"},"geometry":{"type":"Polygon","coordinates":[[[31.3845132,57.5725195],[29.7261159,56.9471054],[28.0947211,56.3036328],[26.4797404,55.6457772],[24.8661186,54.9795570],[24.6849267,53.8499913],[24.4700217,52.7396739],[24.2392955,51.6445190],[24.0029221,50.5612547],[25.4245400,50.0492206],[26.8134294,49.5209995],[28.1705351,48.9768367],[29.4967275,48.4170559],[31.1361341,48.9248396],[32.7870622,49.4225708],[34.4476980,49.9094989],[36.1161631,50.3849664],[36.4443187,51.5366703],[36.7631713,52.7002673],[37.0717207,53.8743962],[37.3688471,55.0576326],[35.9474508,55.7115712],[34.4779011,56.3493026],[32.9577979,56.9699433],[31.3845132,57.5725195]]]}},
{"type":"Feature","properties":{"name": "263"},"geometry":{"type":"Polygon","coordinates":[[[56.9979746,-4.1135243],[55.9562876,-4.1155299],[54.9139594,-4.1166508],[53.8705383,-4.1167127],[52.8254620,-4.1154647],[52.1538106,-5.1252612],[51.4561430,-6.1214430],[50.7338240,-7.1010432],[49.9883688,-8.0611722],[50.3312353,-9.0468727],[50.6754886,-10.0306734],[51.0217638,-11.0129905],[51.3705975,-11.9941569],[52.4916846,-12.0395854],[53.6068800,-12.0751711],[54.7169800,-12.1026565],[55.8227099,-12.1233767],[56.5424660,-11.1466169],[57.2475602,-10.1601566],[57.9378695,-9.1650844],[58.6132948,-8.1624936],[58.2143265,-7.1560712],[57.8133246,-6.1459305],[57.4085785,-5.1318180],[56.9979746,-4.1135243]]]}},
{"type":"Feature","properties":{"name": "264"},"geometry":{"type":"Polygon","coordinates":[[[56.9979746,4.1135243],[55.9562876,4.1155299],[54.9139594,4.1166508],[53.8705383,4.1167127],[52.8254620,4.1154647],[52.4320901,3.0949931],[52.0243315,2.0686207],[51.5951903,1.0364975],[51.1339642,0.0000000],[51.5951903,-1.0364975],[52.0243315,-2.0686207],[52.4320901,-3.0949931],[52.8254620,-4.1154647],[53.8705383,-4.1167127],[54.9139594,-4.1166508],[55.9562876,-4.1155299],[56.9979746,-4.1135243],[57.6149633,-3.0884886],[58.2114914,-2.0601525],[58.7873310,-1.0301327],[59.3423032,0.0000000],[58.7873310,1.0301327],[58.2114914,2.0601525],[57.6149633,3.0884886],[56.9979746,4.1135243]]]}},
{"type":"Feature","properties":{"name": "265"},"geometry":{"type":"Polygon","coordinates":[[[55.8227099,12.1233767],[54.7169800,12.1026565],[53.6068800,12.0751711],[52.4916846,12.0395854],[51.3705975,11.9941569],[51.0217638,11.0129905],[50.6754886,10.0306734],[50.3312353,9.0468727],[49.9883688,8.0611722],[50.7338240,7.1010432],[51.4561430,6.1214430],[52.1538106,5.1252612],[52.8254620,4.1154647],[53.8705383,4.1167127],[54.9139594,4.1166508],[55.9562876,4.1155299],[56.9979746,4.1135243],[57.4085785,5.1318180],[57.8133246,6.1459305],[58.2143265,7.1560712],[58.6132948,8.1624936],[57.9378695,9.1650844],[57.2475602,10.1601566],[56.5424660,11.1466169],[55.8227099,12.1233767]]]}},
{"type":"Feature","properties":{"name": "266"},"geometry":{"type":"Polygon","coordinates":[[[54.3047807,19.8266199],[53.1258078,19.7584843],[51.9423172,19.6766252],[50.7540622,19.5789348],[49.5608871,19.4628315],[49.2030054,18.4840180],[48.8497345,17.5060571],[48.5007572,16.5289098],[48.1557694,15.5525357],[48.9804375,14.6950009],[49.7917222,13.8152156],[50.5887244,12.9144738],[51.3705975,11.9941569],[52.4916846,12.0395854],[53.6068800,12.0751711],[54.7169800,12.1026565],[55.8227099,12.1233767],[56.2010522,13.1116890],[56.5830306,14.0982852],[56.9692256,15.0833864],[57.3601823,16.0671853],[56.6153919,17.0231363],[55.8579253,17.9688554],[55.0877325,18.9035954],[54.3047807,19.8266199]]]}},
{"type":"Feature","properties":{"name": "267"},"geometry":{"type":"Polygon","coordinates":[[[52.6335856,27.3282279],[51.3518816,27.1481582],[50.0695549,26.9505971],[48.7874762,26.7355941],[47.5065088,26.5032347],[47.1353697,25.5072142],[46.7699722,24.5123465],[46.4099139,23.5185518],[46.0548131,22.5257427],[46.9453809,21.7808135],[47.8271161,21.0231876],[48.6993037,20.2511953],[49.5608871,19.4628315],[50.7540622,19.5789348],[51.9423172,19.6766252],[53.1258078,19.7584843],[54.3047807,19.8266199],[54.6954433,20.8055279],[55.0927678,21.7846868],[55.4971951,22.7641517],[55.9091852,23.7439697],[55.1098238,24.6571234],[54.2975639,25.5592525],[53.4722115,26.4498028],[52.6335856,27.3282279]]]}},
{"type":"Feature","properties":{"name": "268"},"geometry":{"type":"Polygon","coordinates":[[[50.7394440,34.5205516],[49.3688767,34.2945401],[48.0025576,34.0527377],[46.6411599,33.7953041],[45.2853324,33.5224232],[44.9042235,32.5026635],[44.5302826,31.4845142],[44.1629939,30.4678737],[43.8018762,29.4526328],[44.7432221,28.7279228],[45.6743851,27.9952214],[46.5954769,27.2539040],[47.5065088,26.5032347],[48.7874762,26.7355941],[50.0695549,26.9505971],[51.3518816,27.1481582],[52.6335856,27.3282279],[53.0501940,28.3162053],[53.4756680,29.3053243],[53.9105859,30.2955976],[54.3555647,31.2870338],[53.4727839,32.1100668],[52.5757854,32.9228590],[51.6646783,33.7261419],[50.7394440,34.5205516]]]}},
{"type":"Feature","properties":{"name": "269"},"geometry":{"type":"Polygon","coordinates":[[[49.2638297,41.8021412],[47.7625945,41.5311882],[46.2657808,41.2443861],[44.7743816,40.9419038],[43.2893566,40.6239492],[42.8212837,39.5772202],[42.3672612,38.5325940],[41.9272458,37.4894951],[41.5010868,36.4474149],[42.4724200,35.7315249],[43.4265010,35.0052637],[44.3639383,34.2688329],[45.2853324,33.5224232],[46.6411599,33.7953041],[48.0025576,34.0527377],[49.3688767,34.2945401],[50.7394440,34.5205516],[51.2558666,35.5398224],[51.7875260,36.5596517],[52.3344975,37.5805659],[52.8967503,38.6031615],[52.0167726,39.4165083],[51.1185252,40.2209373],[50.2011659,41.0162281],[49.2638297,41.8021412]]]}},
{"type":"Feature","properties":{"name": "270"},"geometry":{"type":"Polygon","coordinates":[[[47.2527757,49.3283935],[45.6546060,48.9513875],[44.0699955,48.5557757],[42.4975061,48.1433449],[40.9352076,47.7162123],[40.4600938,46.6327522],[39.9928378,45.5570237],[39.5355140,44.4877089],[39.0894939,43.4236795],[40.1732453,42.7410578],[41.2339603,42.0466787],[42.2724095,41.3408715],[43.2893566,40.6239492],[44.7743816,40.9419038],[46.2657808,41.2443861],[47.7625945,41.5311882],[49.2638297,41.8021412],[49.7722138,42.8929618],[50.2947239,43.9881318],[50.8324536,45.0871754],[51.3865993,46.1895975],[50.3950829,46.9890089],[49.3765412,47.7788510],[48.3295875,48.5587727],[47.2527757,49.3283935]]]}},
{"type":"Feature","properties":{"name": "271"},"geometry":{"type":"Polygon","coordinates":[[[44.3695962,56.9772307],[42.5704866,56.5338918],[40.8051167,56.0652070],[39.0719817,55.5725896],[37.3688471,55.0576326],[37.0717207,53.8743962],[36.7631713,52.7002673],[36.4443187,51.5366703],[36.1161631,50.3849664],[37.3673106,49.7383070],[38.5868792,49.0776114],[39.7758468,48.4034119],[40.9352076,47.7162123],[42.4975061,48.1433449],[44.0699955,48.5557757],[45.6546060,48.9513875],[47.2527757,49.3283935],[47.7727647,50.4621416],[48.3074088,51.5999277],[48.8580703,52.7410800],[49.4262710,53.8849079],[48.2336327,54.6754327],[46.9954193,55.4547970],[45.7085268,56.2223188],[44.3695962,56.9772307]]]}},
{"type":"Feature","properties":{"name": "272"},"geometry":{"type":"Polygon","coordinates":[[[62.8724964,-8.1428541],[61.8083680,-8.1501707],[60.7440124,-8.1559912],[59.6791081,-8.1601630],[58.6132948,-8.1624936],[57.9378695,-9.1650844],[57.2475602,-10.1601566],[56.5424660,-11.1466169],[55.8227099,-12.1233767],[56.2010522,-13.1116890],[56.5830306,-14.0982852],[56.9692256,-15.0833864],[57.3601823,-16.0671853],[58.4905832,-16.0863213],[59.6181082,-16.0994415],[60.7431773,-16.1071869],[61.8661833,-16.1100889],[62.5596314,-15.1234234],[63.2425282,-14.1314791],[63.9151224,-13.1348294],[64.5776618,-12.1340439],[64.1476480,-11.1407274],[63.7207375,-10.1445225],[63.2960223,-9.1452813],[62.8724964,-8.1428541]]]}},
{"type":"Feature","properties":{"name": "273"},"geometry":{"type":"Polygon","coordinates":[[[63.4757248,0.0000000],[62.4400549,0.0000000],[61.4059886,0.0000000],[60.3734347,0.0000000],[59.3423032,0.0000000],[58.7873310,-1.0301327],[58.2114914,-2.0601525],[57.6149633,-3.0884886],[56.9979746,-4.1135243],[57.4085785,-5.1318180],[57.8133246,-6.1459305],[58.2143265,-7.1560712],[58.6132948,-8.1624936],[59.6791081,-8.1601630],[60.7440124,-8.1559912],[61.8083680,-8.1501707],[62.8724964,-8.1428541],[63.5074790,-7.1292059],[64.1308868,-6.1129352],[64.7428621,-5.0947707],[65.3435489,-4.0754273],[64.8889395,-3.0608461],[64.4277412,-2.0431840],[63.9576023,-1.0227405],[63.4757248,0.0000000]]]}},
{"type":"Feature","properties":{"name": "274"},"geometry":{"type":"Polygon","coordinates":[[[62.8724964,8.1428541],[61.8083680,8.1501707],[60.7440124,8.1559912],[59.6791081,8.1601630],[58.6132948,8.1624936],[58.2143265,7.1560712],[57.8133246,6.1459305],[57.4085785,5.1318180],[56.9979746,4.1135243],[57.6149633,3.0884886],[58.2114914,2.0601525],[58.7873310,1.0301327],[59.3423032,0.0000000],[60.3734347,0.0000000],[61.4059886,0.0000000],[62.4400549,0.0000000],[63.4757248,0.0000000],[63.9576023,1.0227405],[64.4277412,2.0431840],[64.8889395,3.0608461],[65.3435489,4.0754273],[64.7428621,5.0947707],[64.1308868,6.1129352],[63.5074790,7.1292059],[62.8724964,8.1428541]]]}},
{"type":"Feature","properties":{"name": "275"},"geometry":{"type":"Polygon","coordinates":[[[61.8661833,16.1100889],[60.7431773,16.1071869],[59.6181082,16.0994415],[58.4905832,16.0863213],[57.3601823,16.0671853],[56.9692256,15.0833864],[56.5830306,14.0982852],[56.2010522,13.1116890],[55.8227099,12.1233767],[56.5424660,11.1466169],[57.2475602,10.1601566],[57.9378695,9.1650844],[58.6132948,8.1624936],[59.6791081,8.1601630],[60.7440124,8.1559912],[61.8083680,8.1501707],[62.8724964,8.1428541],[63.2960223,9.1452813],[63.7207375,10.1445225],[64.1476480,11.1407274],[64.5776618,12.1340439],[63.9151224,13.1348294],[63.2425282,14.1314791],[62.5596314,15.1234234],[61.8661833,16.1100889]]]}},
{"type":"Feature","properties":{"name": "276"},"geometry":{"type":"Polygon","coordinates":[[[60.7206861,23.9068067],[59.5219836,23.8802817],[58.3206615,23.8448875],[57.1164731,23.7997788],[55.9091852,23.7439697],[55.4971951,22.7641517],[55.0927678,21.7846868],[54.6954433,20.8055279],[54.3047807,19.8266199],[55.0877325,18.9035954],[55.8579253,17.9688554],[56.6153919,17.0231363],[57.3601823,16.0671853],[58.4905832,16.0863213],[59.6181082,16.0994415],[60.7431773,16.1071869],[61.8661833,16.1100889],[62.2925626,17.0936843],[62.7255135,18.0756150],[63.1656261,19.0559909],[63.6134880,20.0349066],[62.9063381,21.0116948],[62.1887310,21.9829136],[61.4603031,22.9481045],[60.7206861,23.9068067]]]}},
{"type":"Feature","properties":{"name": "277"},"geometry":{"type":"Polygon","coordinates":[[[59.5412110,31.5984132],[58.2477747,31.5409369],[56.9523310,31.4705823],[55.6549026,31.3863328],[54.3555647,31.2870338],[53.9105859,30.2955976],[53.4756680,29.3053243],[53.0501940,28.3162053],[52.6335856,27.3282279],[53.4722115,26.4498028],[54.2975639,25.5592525],[55.1098238,24.6571234],[55.9091852,23.7439697],[57.1164731,23.7997788],[58.3206615,23.8448875],[59.5219836,23.8802817],[60.7206861,23.9068067],[61.1776604,24.8842514],[61.6447016,25.8613135],[62.1224333,26.8380134],[62.6115112,27.8143599],[61.8627585,28.7700505],[61.1018044,29.7195505],[60.3281320,30.6624696],[59.5412110,31.5984132]]]}},
{"type":"Feature","properties":{"name": "278"},"geometry":{"type":"Polygon","coordinates":[[[58.4940825,39.4834837],[57.0886141,39.2891238],[55.6873006,39.0769862],[54.2900795,38.8479888],[52.8967503,38.6031615],[52.3344975,37.5805659],[51.7875260,36.5596517],[51.2558666,35.5398224],[50.7394440,34.5205516],[51.6646783,33.7261419],[52.5757854,32.9228590],[53.4727839,32.1100668],[54.3555647,31.2870338],[55.6549026,31.3863328],[56.9523310,31.4705823],[58.2477747,31.5409369],[59.5412110,31.5984132],[60.0054896,32.6294773],[60.4815925,33.6619072],[60.9715063,34.6955723],[61.4774970,35.7302744],[60.7542175,36.6794348],[60.0173238,37.6216518],[59.2646477,38.5564785],[58.4940825,39.4834837]]]}},
{"type":"Feature","properties":{"name": "279"},"geometry":{"type":"Polygon","coordinates":[[[57.6327829,47.2202312],[56.0561906,46.9956361],[54.4894739,46.7484055],[52.9329184,46.4794033],[51.3865993,46.1895975],[50.8324536,45.0871754],[50.2947239,43.9881318],[49.7722138,42.8929618],[49.2638297,41.8021412],[50.2011659,41.0162281],[51.1185252,40.2209373],[52.0167726,39.4165083],[52.8967503,38.6031615],[54.2900795,38.8479888],[55.6873006,39.0769862],[57.0886141,39.2891238],[58.4940825,39.4834837],[59.1015647,40.5385825],[59.7300304,41.5929883],[60.3808420,42.6462523],[61.0554682,43.6979020],[60.2333052,44.5889600],[59.3897274,45.4731584],[58.5233705,46.3503166],[57.6327829,47.2202312]]]}},
{"type":"Feature","properties":{"name": "280"},"geometry":{"type":"Polygon","coordinates":[[[56.5997388,55.0642410],[54.7738350,54.8114412],[52.9689583,54.5300303],[51.1861930,54.2208725],[49.4262710,53.8849079],[48.8580703,52.7410800],[48.3074088,51.5999277],[47.7727647,50.4621416],[47.2527757,49.3283935],[48.3295875,48.5587727],[49.3765412,47.7788510],[50.3950829,46.9890089],[51.3865993,46.1895975],[52.9329184,46.4794033],[54.4894739,46.7484055],[56.0561906,46.9956361],[57.6327829,47.2202312],[58.3241979,48.2989554],[59.0434447,49.3762787],[59.7926955,50.4515995],[60.5743299,51.5242823],[59.6359977,52.4199931],[58.6626889,53.3088016],[57.6516191,54.1903538],[56.5997388,55.0642410]]]}},
{"type":"Feature","properties":{"name": "281"},"geometry":{"type":"Polygon","coordinates":[[[68.9358656,-12.0740697],[67.8458469,-12.0920617],[66.7563061,-12.1081312],[65.6669981,-12.1221688],[64.5776618,-12.1340439],[63.9151224,-13.1348294],[63.2425282,-14.1314791],[62.5596314,-15.1234234],[61.8661833,-16.1100889],[62.2925626,-17.0936843],[62.7255135,-18.0756150],[63.1656261,-19.0559909],[63.6134880,-20.0349066],[64.7667379,-20.0311210],[65.9187330,-20.0224177],[67.0697539,-20.0091180],[68.2200697,-19.9914988],[68.8801610,-18.9970020],[69.5325256,-18.0000000],[70.1775464,-17.0008396],[70.8155957,-15.9998636],[70.3358051,-15.0226173],[69.8630718,-14.0426123],[69.3966741,-13.0597863],[68.9358656,-12.0740697]]]}},
{"type":"Feature","properties":{"name": "282"},"geometry":{"type":"Polygon","coordinates":[[[69.5449193,-4.0451772],[68.4919340,-4.0533582],[67.4408018,-4.0611314],[66.3913867,-4.0684905],[65.3435489,-4.0754273],[64.7428621,-5.0947707],[64.1308868,-6.1129352],[63.5074790,-7.1292059],[62.8724964,-8.1428541],[63.2960223,-9.1452813],[63.7207375,-10.1445225],[64.1476480,-11.1407274],[64.5776618,-12.1340439],[65.6669981,-12.1221688],[66.7563061,-12.1081312],[67.8458469,-12.0920617],[68.9358656,-12.0740697],[69.5642471,-11.0672280],[70.1854596,-10.0591955],[70.7997945,-9.0503816],[71.4075360,-8.0411894],[70.9412109,-7.0471328],[70.4761256,-6.0497611],[70.0111227,-5.0490926],[69.5449193,-4.0451772]]]}},
{"type":"Feature","properties":{"name": "283"},"geometry":{"type":"Polygon","coordinates":[[[69.5449193,4.0451772],[68.4919340,4.0533582],[67.4408018,4.0611314],[66.3913867,4.0684905],[65.3435489,4.0754273],[64.8889395,3.0608461],[64.4277412,2.0431840],[63.9576023,1.0227405],[63.4757248,0.0000000],[63.9576023,-1.0227405],[64.4277412,-2.0431840],[64.8889395,-3.0608461],[65.3435489,-4.0754273],[66.3913867,-4.0684905],[67.4408018,-4.0611314],[68.4919340,-4.0533582],[69.5449193,-4.0451772],[70.1276630,-3.0316957],[70.7026570,-2.0193612],[71.2701070,-1.0086437],[71.8302137,0.0000000],[71.2701070,1.0086437],[70.7026570,2.0193612],[70.1276630,3.0316957],[69.5449193,4.0451772]]]}},
{"type":"Feature","properties":{"name": "284"},"geometry":{"type":"Polygon","coordinates":[[[68.9358656,12.0740697],[67.8458469,12.0920617],[66.7563061,12.1081312],[65.6669981,12.1221688],[64.5776618,12.1340439],[64.1476480,11.1407274],[63.7207375,10.1445225],[63.2960223,9.1452813],[62.8724964,8.1428541],[63.5074790,7.1292059],[64.1308868,6.1129352],[64.7428621,5.0947707],[65.3435489,4.0754273],[66.3913867,4.0684905],[67.4408018,4.0611314],[68.4919340,4.0533582],[69.5449193,4.0451772],[70.0111227,5.0490926],[70.4761256,6.0497611],[70.9412109,7.0471328],[71.4075360,8.0411894],[70.7997945,9.0503816],[70.1854596,10.0591955],[69.5642471,11.0672280],[68.9358656,12.0740697]]]}},
{"type":"Feature","properties":{"name": "285"},"geometry":{"type":"Polygon","coordinates":[[[68.2200697,19.9914988],[67.0697539,20.0091180],[65.9187330,20.0224177],[64.7667379,20.0311210],[63.6134880,20.0349066],[63.1656261,19.0559909],[62.7255135,18.0756150],[62.2925626,17.0936843],[61.8661833,16.1100889],[62.5596314,15.1234234],[63.2425282,14.1314791],[63.9151224,13.1348294],[64.5776618,12.1340439],[65.6669981,12.1221688],[66.7563061,12.1081312],[67.8458469,12.0920617],[68.9358656,12.0740697],[69.3966741,13.0597863],[69.8630718,14.0426123],[70.3358051,15.0226173],[70.8155957,15.9998636],[70.1775464,17.0008396],[69.5325256,18.0000000],[68.8801610,18.9970020],[68.2200697,19.9914988]]]}},
{"type":"Feature","properties":{"name": "286"},"geometry":{"type":"Polygon","coordinates":[[[67.4309246,27.9385989],[66.2285676,27.9261784],[65.0244662,27.9013806],[63.8187391,27.8641311],[62.6115112,27.8143599],[62.1224333,26.8380134],[61.6447016,25.8613135],[61.1776604,24.8842514],[60.7206861,23.9068067],[61.4603031,22.9481045],[62.1887310,21.9829136],[62.9063381,21.0116948],[63.6134880,20.0349066],[64.7667379,20.0311210],[65.9187330,20.0224177],[67.0697539,20.0091180],[68.2200697,19.9914988],[68.7016461,20.9739592],[69.1867790,21.9568015],[69.6762283,22.9401135],[70.1708280,23.9239768],[69.4981945,24.9327664],[68.8176085,25.9384101],[68.1286595,26.9404930],[67.4309246,27.9385989]]]}},
{"type":"Feature","properties":{"name": "287"},"geometry":{"type":"Polygon","coordinates":[[[66.6932299,35.9665389],[65.3915564,35.9288081],[64.0881529,35.8768968],[62.7833552,35.8107387],[61.4774970,35.7302744],[60.9715063,34.6955723],[60.4815925,33.6619072],[60.0054896,32.6294773],[59.5412110,31.5984132],[60.3281320,30.6624696],[61.1018044,29.7195505],[61.8627585,28.7700505],[62.6115112,27.8143599],[63.8187391,27.8641311],[65.0244662,27.9013806],[66.2285676,27.9261784],[67.4309246,27.9385989],[67.9349269,28.9413237],[68.4496025,29.9449975],[68.9766365,30.9495427],[69.5179547,31.9548219],[68.8241651,32.9661419],[68.1223861,33.9721752],[67.4122134,34.9724592],[66.6932299,35.9665389]]]}},
{"type":"Feature","properties":{"name": "288"},"geometry":{"type":"Polygon","coordinates":[[[66.9504579,44.0163570],[65.4757537,43.9625374],[64.0013023,43.8915240],[62.5276820,43.8033114],[61.0554682,43.6979020],[60.3808420,42.6462523],[59.7300304,41.5929883],[59.1015647,40.5385825],[58.4940825,39.4834837],[59.2646477,38.5564785],[60.0173238,37.6216518],[60.7542175,36.6794348],[61.4774970,35.7302744],[62.7833552,35.8107387],[64.0881529,35.8768968],[65.3915564,35.9288081],[66.6932299,35.9665389],[67.3572932,36.9892571],[68.0482553,38.0104527],[68.7674721,39.0293603],[69.5163763,40.0451762],[68.9003773,41.0475407],[68.2689458,42.0436453],[67.6197425,43.0333119],[66.9504579,44.0163570]]]}},
{"type":"Feature","properties":{"name": "289"},"geometry":{"type":"Polygon","coordinates":[[[67.5295608,51.9866815],[65.7794435,51.9141470],[64.0357029,51.8126133],[62.3001196,51.6824974],[60.5743299,51.5242823],[59.7926955,50.4515995],[59.0434447,49.3762787],[58.3241979,48.2989554],[57.6327829,47.2202312],[58.5233705,46.3503166],[59.3897274,45.4731584],[60.2333052,44.5889600],[61.0554682,43.6979020],[62.5276820,43.8033114],[64.0013023,43.8915240],[65.4757537,43.9625374],[66.9504579,44.0163570],[67.7613092,45.0388684],[68.6060790,46.0560927],[69.4868205,47.0672206],[70.4057211,48.0713973],[69.7344838,49.0596456],[69.0332173,50.0417657],[68.2992044,51.0175357],[67.5295608,51.9866815]]]}},
{"type":"Feature","properties":{"name": "290"},"geometry":{"type":"Polygon","coordinates":[[[75.3109404,-15.7897197],[74.1868473,-15.8551287],[73.0630726,-15.9121471],[71.9393886,-15.9604792],[70.8155957,-15.9998636],[70.1775464,-17.0008396],[69.5325256,-18.0000000],[68.8801610,-18.9970020],[68.2200697,-19.9914988],[68.7016461,-20.9739592],[69.1867790,-21.9568015],[69.6762283,-22.9401135],[70.1708280,-23.9239768],[71.3363915,-23.8923324],[72.5005779,-23.8496065],[73.6634436,-23.7959382],[74.8250711,-23.7314816],[75.4631429,-22.6943480],[76.0966211,-21.6568325],[76.7257885,-20.6194373],[77.3509189,-19.5826637],[76.8358915,-18.6352495],[76.3246015,-17.6873532],[75.8164654,-16.7388754],[75.3109404,-15.7897197]]]}},
{"type":"Feature","properties":{"name": "291"},"geometry":{"type":"Polygon","coordinates":[[[75.7105082,-7.9664169],[74.6315976,-7.9864699],[73.5549050,-8.0056252],[72.4802718,-8.0238703],[71.4075360,-8.0411894],[70.7997945,-9.0503816],[70.1854596,-10.0591955],[69.5642471,-11.0672280],[68.9358656,-12.0740697],[69.3966741,-13.0597863],[69.8630718,-14.0426123],[70.3358051,-15.0226173],[70.8155957,-15.9998636],[71.9393886,-15.9604792],[73.0630726,-15.9121471],[74.1868473,-15.8551287],[75.3109404,-15.7897197],[75.9285504,-14.7710150],[76.5416928,-13.7532038],[77.1506623,-12.7366717],[77.7557449,-11.7217993],[77.2439661,-10.7855004],[76.7327477,-9.8475440],[76.2217172,-8.9078691],[75.7105082,-7.9664169]]]}},
{"type":"Feature","properties":{"name": "292"},"geometry":{"type":"Polygon","coordinates":[[[76.0640156,0.0000000],[75.0014453,0.0000000],[73.9416960,0.0000000],[72.8846554,0.0000000],[71.8302137,0.0000000],[71.2701070,-1.0086437],[70.7026570,-2.0193612],[70.1276630,-3.0316957],[69.5449193,-4.0451772],[70.0111227,-5.0490926],[70.4761256,-6.0497611],[70.9412109,-7.0471328],[71.4075360,-8.0411894],[72.4802718,-8.0238703],[73.5549050,-8.0056252],[74.6315976,-7.9864699],[75.7105082,-7.9664169],[76.3010110,-6.9638138],[76.8877659,-5.9625815],[77.4710530,-4.9630125],[78.0511460,-3.9653945],[77.5560400,-2.9787348],[77.0606956,-1.9888305],[76.5638262,-0.9958475],[76.0640156,0.0000000]]]}},
{"type":"Feature","properties":{"name": "293"},"geometry":{"type":"Polygon","coordinates":[[[75.7105082,7.9664169],[74.6315976,7.9864699],[73.5549050,8.0056252],[72.4802718,8.0238703],[71.4075360,8.0411894],[70.9412109,7.0471328],[70.4761256,6.0497611],[70.0111227,5.0490926],[69.5449193,4.0451772],[70.1276630,3.0316957],[70.7026570,2.0193612],[71.2701070,1.0086437],[71.8302137,0.0000000],[72.8846554,0.0000000],[73.9416960,0.0000000],[75.0014453,0.0000000],[76.0640156,0.0000000],[76.5638262,0.9958475],[77.0606956,1.9888305],[77.5560400,2.9787348],[78.0511460,3.9653945],[77.4710530,4.9630125],[76.8877659,5.9625815],[76.3010110,6.9638138],[75.7105082,7.9664169]]]}},
{"type":"Feature","properties":{"name": "294"},"geometry":{"type":"Polygon","coordinates":[[[75.3109404,15.7897197],[74.1868473,15.8551287],[73.0630726,15.9121471],[71.9393886,15.9604792],[70.8155957,15.9998636],[70.3358051,15.0226173],[69.8630718,14.0426123],[69.3966741,13.0597863],[68.9358656,12.0740697],[69.5642471,11.0672280],[70.1854596,10.0591955],[70.7997945,9.0503816],[71.4075360,8.0411894],[72.4802718,8.0238703],[73.5549050,8.0056252],[74.6315976,7.9864699],[75.7105082,7.9664169],[76.2217172,8.9078691],[76.7327477,9.8475440],[77.2439661,10.7855004],[77.7557449,11.7217993],[77.1506623,12.7366717],[76.5416928,13.7532038],[75.9285504,14.7710150],[75.3109404,15.7897197]]]}},
{"type":"Feature","properties":{"name": "295"},"geometry":{"type":"Polygon","coordinates":[[[74.8250711,23.7314816],[73.6634436,23.7959382],[72.5005779,23.8496065],[71.3363915,23.8923324],[70.1708280,23.9239768],[69.6762283,22.9401135],[69.1867790,21.9568015],[68.7016461,20.9739592],[68.2200697,19.9914988],[68.8801610,18.9970020],[69.5325256,18.0000000],[70.1775464,17.0008396],[70.8155957,15.9998636],[71.9393886,15.9604792],[73.0630726,15.9121471],[74.1868473,15.8551287],[75.3109404,15.7897197],[75.8164654,16.7388754],[76.3246015,17.6873532],[76.8358915,18.6352495],[77.3509189,19.5826637],[76.7257885,20.6194373],[76.0966211,21.6568325],[75.4631429,22.6943480],[74.8250711,23.7314816]]]}},
{"type":"Feature","properties":{"name": "296"},"geometry":{"type":"Polygon","coordinates":[[[74.4515595,31.8189000],[73.2227185,31.8720596],[71.9907131,31.9124954],[70.7557269,31.9401129],[69.5179547,31.9548219],[68.9766365,30.9495427],[68.4496025,29.9449975],[67.9349269,28.9413237],[67.4309246,27.9385989],[68.1286595,26.9404930],[68.8176085,25.9384101],[69.4981945,24.9327664],[70.1708280,23.9239768],[71.3363915,23.8923324],[72.5005779,23.8496065],[73.6634436,23.7959382],[74.8250711,23.7314816],[75.3493633,24.6986587],[75.8818283,25.6662733],[76.4236967,26.6343744],[76.9763766,27.6029830],[76.3492724,28.6602144],[75.7195552,29.7156995],[75.0870459,30.7688029],[74.4515595,31.8189000]]]}},
{"type":"Feature","properties":{"name": "297"},"geometry":{"type":"Polygon","coordinates":[[[74.9870677,39.9582504],[73.6242402,40.0025719],[72.2579164,40.0318914],[70.8884919,40.0461207],[69.5163763,40.0451762],[68.7674721,39.0293603],[68.0482553,38.0104527],[67.3572932,36.9892571],[66.6932299,35.9665389],[67.4122134,34.9724592],[68.1223861,33.9721752],[68.8241651,32.9661419],[69.5179547,31.9548219],[70.7557269,31.9401129],[71.9907131,31.9124954],[73.2227185,31.8720596],[74.4515595,31.8189000],[75.0519712,32.8077215],[75.6750326,33.7960283],[76.3244177,34.7831114],[77.0045068,35.7679651],[76.5020365,36.8235149],[76.0005543,37.8738750],[75.4965909,38.9188258],[74.9870677,39.9582504]]]}},
{"type":"Feature","properties":{"name": "298"},"geometry":{"type":"Polygon","coordinates":[[[76.7752736,47.9500136],[75.1866434,48.0100775],[73.5949937,48.0502850],[72.0010905,48.0707052],[70.4057211,48.0713973],[69.4868205,47.0672206],[68.6060790,46.0560927],[67.7613092,45.0388684],[66.9504579,44.0163570],[67.6197425,43.0333119],[68.2689458,42.0436453],[68.9003773,41.0475407],[69.5163763,40.0451762],[70.8884919,40.0461207],[72.2579164,40.0318914],[73.6242402,40.0025719],[74.9870677,39.9582504],[75.8534879,40.9395187],[76.7583877,41.9127954],[77.7033454,42.8767939],[78.6899639,43.8301769],[78.2363067,44.8669734],[77.7673855,45.8991248],[77.2810853,46.9267700],[76.7752736,47.9500136]]]}},
{"type":"Feature","properties":{"name": "299"},"geometry":{"type":"Polygon","coordinates":[[[81.9186945,-19.1607421],[80.7749085,-19.2777927],[79.6326442,-19.3874794],[78.4914444,-19.4892558],[77.3509189,-19.5826637],[76.7257885,-20.6194373],[76.0966211,-21.6568325],[75.4631429,-22.6943480],[74.8250711,-23.7314816],[75.3493633,-24.6986587],[75.8818283,-25.6662733],[76.4236967,-26.6343744],[76.9763766,-27.6029830],[78.1597700,-27.5082571],[79.3410919,-27.4022457],[80.5204815,-27.2851228],[81.6981369,-27.1570878],[82.2949187,-26.0770975],[82.8936286,-24.9993957],[83.4941743,-23.9249378],[84.0964635,-22.8546788],[83.5426957,-21.9322220],[82.9956431,-21.0091628],[82.4545382,-20.0853750],[81.9186945,-19.1607421]]]}},
{"type":"Feature","properties":{"name": "300"},"geometry":{"type":"Polygon","coordinates":[[[82.2366587,-11.3699435],[81.1121401,-11.4639028],[79.9908002,-11.5544200],[78.8721492,-11.6406317],[77.7557449,-11.7217993],[77.1506623,-12.7366717],[76.5416928,-13.7532038],[75.9285504,-14.7710150],[75.3109404,-15.7897197],[75.8164654,-16.7388754],[76.3246015,-17.6873532],[76.8358915,-18.6352495],[77.3509189,-19.5826637],[78.4914444,-19.4892558],[79.6326442,-19.3874794],[80.7749085,-19.2777927],[81.9186945,-19.1607421],[82.5293766,-18.1173202],[83.1389171,-17.0787152],[83.7474312,-16.0455635],[84.3550285,-15.0184907],[83.8219143,-14.1095114],[83.2913911,-13.1984528],[82.7630919,-12.2852760],[82.2366587,-11.3699435]]]}},
{"type":"Feature","properties":{"name": "301"},"geometry":{"type":"Polygon","coordinates":[[[82.4882473,-3.7064412],[81.3735917,-3.7722092],[80.2628125,-3.8379703],[79.1554687,-3.9026721],[78.0511460,-3.9653945],[77.4710530,-4.9630125],[76.8877659,-5.9625815],[76.3010110,-6.9638138],[75.7105082,-7.9664169],[76.2217172,-8.9078691],[76.7327477,-9.8475440],[77.2439661,-10.7855004],[77.7557449,-11.7217993],[78.8721492,-11.6406317],[79.9908002,-11.5544200],[81.1121401,-11.4639028],[82.2366587,-11.3699435],[82.8363848,-10.3607106],[83.4343589,-9.3568639],[84.0307680,-8.3588378],[84.6257924,-7.3670563],[84.0908127,-6.4561255],[83.5564436,-5.5423915],[83.0223630,-4.6258366],[82.4882473,-3.7064412]]]}},
{"type":"Feature","properties":{"name": "302"},"geometry":{"type":"Polygon","coordinates":[[[82.4882473,3.7064412],[81.3735917,3.7722092],[80.2628125,3.8379703],[79.1554687,3.9026721],[78.0511460,3.9653945],[77.5560400,2.9787348],[77.0606956,1.9888305],[76.5638262,0.9958475],[76.0640156,0.0000000],[76.5638262,-0.9958475],[77.0606956,-1.9888305],[77.5560400,-2.9787348],[78.0511460,-3.9653945],[79.1554687,-3.9026721],[80.2628125,-3.8379703],[81.3735917,-3.7722092],[82.4882473,-3.7064412],[83.1003710,-2.7747717],[83.7107437,-1.8469895],[84.3190086,-0.9223016],[84.9249074,0.0000000],[84.3190086,0.9223016],[83.7107437,1.8469895],[83.1003710,2.7747717],[82.4882473,3.7064412]]]}},
{"type":"Feature","properties":{"name": "303"},"geometry":{"type":"Polygon","coordinates":[[[82.2366587,11.3699435],[81.1121401,11.4639028],[79.9908002,11.5544200],[78.8721492,11.6406317],[77.7557449,11.7217993],[77.2439661,10.7855004],[76.7327477,9.8475440],[76.2217172,8.9078691],[75.7105082,7.9664169],[76.3010110,6.9638138],[76.8877659,5.9625815],[77.4710530,4.9630125],[78.0511460,3.9653945],[79.1554687,3.9026721],[80.2628125,3.8379703],[81.3735917,3.7722092],[82.4882473,3.7064412],[83.0223630,4.6258366],[83.5564436,5.5423915],[84.0908127,6.4561255],[84.6257924,7.3670563],[84.0307680,8.3588378],[83.4343589,9.3568639],[82.8363848,10.3607106],[82.2366587,11.3699435]]]}},
{"type":"Feature","properties":{"name": "304"},"geometry":{"type":"Polygon","coordinates":[[[81.9186945,19.1607421],[80.7749085,19.2777927],[79.6326442,19.3874794],[78.4914444,19.4892558],[77.3509189,19.5826637],[76.8358915,18.6352495],[76.3246015,17.6873532],[75.8164654,16.7388754],[75.3109404,15.7897197],[75.9285504,14.7710150],[76.5416928,13.7532038],[77.1506623,12.7366717],[77.7557449,11.7217993],[78.8721492,11.6406317],[79.9908002,11.5544200],[81.1121401,11.4639028],[82.2366587,11.3699435],[82.7630919,12.2852760],[83.2913911,13.1984528],[83.8219143,14.1095114],[84.3550285,15.0184907],[83.7474312,16.0455635],[83.1389171,17.0787152],[82.5293766,18.1173202],[81.9186945,19.1607421]]]}},
{"type":"Feature","properties":{"name": "305"},"geometry":{"type":"Polygon","coordinates":[[[81.6981369,27.1570878],[80.5204815,27.2851228],[79.3410919,27.4022457],[78.1597700,27.5082571],[76.9763766,27.6029830],[76.4236967,26.6343744],[75.8818283,25.6662733],[75.3493633,24.6986587],[74.8250711,23.7314816],[75.4631429,22.6943480],[76.0966211,21.6568325],[76.7257885,20.6194373],[77.3509189,19.5826637],[78.4914444,19.4892558],[79.6326442,19.3874794],[80.7749085,19.2777927],[81.9186945,19.1607421],[82.4545382,20.0853750],[82.9956431,21.0091628],[83.5426957,21.9322220],[84.0964635,22.8546788],[83.4941743,23.9249378],[82.8936286,24.9993957],[82.2949187,26.0770975],[81.6981369,27.1570878]]]}},
{"type":"Feature","properties":{"name": "306"},"geometry":{"type":"Polygon","coordinates":[[[82.0593541,35.3460522],[80.8035428,35.4710189],[79.5422871,35.5830840],[78.2758501,35.6821102],[77.0045068,35.7679651],[76.3244177,34.7831114],[75.6750326,33.7960283],[75.0519712,32.8077215],[74.4515595,31.8189000],[75.0870459,30.7688029],[75.7195552,29.7156995],[76.3492724,28.6602144],[76.9763766,27.6029830],[78.1597700,27.5082571],[79.3410919,27.4022457],[80.5204815,27.2851228],[81.6981369,27.1570878],[82.2861322,28.1046461],[82.8893907,29.0524824],[83.5104209,30.0004621],[84.1523078,30.9482949],[83.6133383,32.0522394],[83.0844858,33.1541113],[82.5663055,34.2525014],[82.0593541,35.3460522]]]}},
{"type":"Feature","properties":{"name": "307"},"geometry":{"type":"Polygon","coordinates":[[[84.4696147,43.3270387],[83.0325436,43.4786091],[81.5900454,43.6129239],[80.1424066,43.7300918],[78.6899639,43.8301769],[77.7033454,42.8767939],[76.7583877,41.9127954],[75.8534879,40.9395187],[74.9870677,39.9582504],[75.4965909,38.9188258],[76.0005543,37.8738750],[76.5020365,36.8235149],[77.0045068,35.7679651],[78.2758501,35.6821102],[79.5422871,35.5830840],[80.8035428,35.4710189],[82.0593541,35.3460522],[82.9051399,36.2941164],[83.7971362,37.2330940],[84.7362845,38.1606840],[85.7233749,39.0745162],[85.4145568,40.1458800],[85.1043752,41.2113974],[84.7901600,42.2716155],[84.4696147,43.3270387]]]}},
{"type":"Feature","properties":{"name": "308"},"geometry":{"type":"Polygon","coordinates":[[[88.7624826,-22.2213201],[87.5899284,-22.3873944],[86.4221754,-22.5492152],[85.2580173,-22.7053420],[84.0964635,-22.8546788],[83.4941743,-23.9249378],[82.8936286,-24.9993957],[82.2949187,-26.0770975],[81.6981369,-27.1570878],[82.2861322,-28.1046461],[82.8893907,-29.0524824],[83.5104209,-30.0004621],[84.1523078,-30.9482949],[85.3478329,-30.7855964],[86.5398181,-30.6113937],[87.7285675,-30.4258693],[88.9145386,-30.2292437],[89.4393198,-29.1067665],[89.9821034,-27.9900217],[90.5414419,-26.8818674],[91.1158731,-25.7851271],[90.5142559,-24.8957862],[89.9221396,-24.0055109],[89.3384998,-23.1140809],[88.7624826,-22.2213201]]]}},
{"type":"Feature","properties":{"name": "309"},"geometry":{"type":"Polygon","coordinates":[[[88.9662113,-14.5549750],[87.8036981,-14.6678737],[86.6483226,-14.7842275],[85.4990683,-14.9017220],[84.3550285,-15.0184907],[83.7474312,-16.0455635],[83.1389171,-17.0787152],[82.5293766,-18.1173202],[81.9186945,-19.1607421],[82.4545382,-20.0853750],[82.9956431,-21.0091628],[83.5426957,-21.9322220],[84.0964635,-22.8546788],[85.2580173,-22.7053420],[86.4221754,-22.5492152],[87.5899284,-22.3873944],[88.7624826,-22.2213201],[89.3679904,-21.1661746],[89.9782506,-20.1238289],[90.5927581,-19.0956226],[91.2110163,-18.0828306],[90.6432785,-17.2050345],[90.0801348,-16.3244499],[89.5212289,-15.4410927],[88.9662113,-14.5549750]]]}},
{"type":"Feature","properties":{"name": "310"},"geometry":{"type":"Polygon","coordinates":[[[89.3081697,-7.2731664],[88.1303295,-7.2937410],[86.9570700,-7.3162518],[85.7887685,-7.3406925],[84.6257924,-7.3670563],[84.0307680,-8.3588378],[83.4343589,-9.3568639],[82.8363848,-10.3607106],[82.2366587,-11.3699435],[82.7630919,-12.2852760],[83.2913911,-13.1984528],[83.8219143,-14.1095114],[84.3550285,-15.0184907],[85.4990683,-14.9017220],[86.6483226,-14.7842275],[87.8036981,-14.6678737],[88.9662113,-14.5549750],[89.6111218,-13.6132163],[90.2553938,-12.6812453],[90.8977442,-11.7572364],[91.5372668,-10.8396536],[90.9758093,-9.9522344],[90.4173683,-9.0620375],[89.8616012,-8.1690262],[89.3081697,-7.2731664]]]}},
{"type":"Feature","properties":{"name": "311"},"geometry":{"type":"Polygon","coordinates":[[[89.5536544,0.0000000],[88.3926155,0.0000000],[87.2340059,0.0000000],[86.0780345,0.0000000],[84.9249074,0.0000000],[84.3190086,-0.9223016],[83.7107437,-1.8469895],[83.1003710,-2.7747717],[82.4882473,-3.7064412],[83.0223630,-4.6258366],[83.5564436,-5.5423915],[84.0908127,-6.4561255],[84.6257924,-7.3670563],[85.7887685,-7.3406925],[86.9570700,-7.3162518],[88.1303295,-7.2937410],[89.3081697,-7.2731664],[89.9341928,-6.3580472],[90.5568439,-5.4459339],[91.1759563,-4.5360740],[91.7914504,-3.6278074],[91.2302023,-2.7252742],[90.6703798,-1.8198370],[90.1116438,-0.9114322],[89.5536544,0.0000000]]]}},
{"type":"Feature","properties":{"name": "312"},"geometry":{"type":"Polygon","coordinates":[[[89.3081697,7.2731664],[88.1303295,7.2937410],[86.9570700,7.3162518],[85.7887685,7.3406925],[84.6257924,7.3670563],[84.0908127,6.4561255],[83.5564436,5.5423915],[83.0223630,4.6258366],[82.4882473,3.7064412],[83.1003710,2.7747717],[83.7107437,1.8469895],[84.3190086,0.9223016],[84.9249074,0.0000000],[86.0780345,0.0000000],[87.2340059,0.0000000],[88.3926155,0.0000000],[89.5536544,0.0000000],[90.1116438,0.9114322],[90.6703798,1.8198370],[91.2302023,2.7252742],[91.7914504,3.6278074],[91.1759563,4.5360740],[90.5568439,5.4459339],[89.9341928,6.3580472],[89.3081697,7.2731664]]]}},
{"type":"Feature","properties":{"name": "313"},"geometry":{"type":"Polygon","coordinates":[[[88.9662113,14.5549750],[87.8036981,14.6678737],[86.6483226,14.7842275],[85.4990683,14.9017220],[84.3550285,15.0184907],[83.8219143,14.1095114],[83.2913911,13.1984528],[82.7630919,12.2852760],[82.2366587,11.3699435],[82.8363848,10.3607106],[83.4343589,9.3568639],[84.0307680,8.3588378],[84.6257924,7.3670563],[85.7887685,7.3406925],[86.9570700,7.3162518],[88.1303295,7.2937410],[89.3081697,7.2731664],[89.8616012,8.1690262],[90.4173683,9.0620375],[90.9758093,9.9522344],[91.5372668,10.8396536],[90.8977442,11.7572364],[90.2553938,12.6812453],[89.6111218,13.6132163],[88.9662113,14.5549750]]]}},
{"type":"Feature","properties":{"name": "314"},"geometry":{"type":"Polygon","coordinates":[[[88.7624826,22.2213201],[87.5899284,22.3873944],[86.4221754,22.5492152],[85.2580173,22.7053420],[84.0964635,22.8546788],[83.5426957,21.9322220],[82.9956431,21.0091628],[82.4545382,20.0853750],[81.9186945,19.1607421],[82.5293766,18.1173202],[83.1389171,17.0787152],[83.7474312,16.0455635],[84.3550285,15.0184907],[85.4990683,14.9017220],[86.6483226,14.7842275],[87.8036981,14.6678737],[88.9662113,14.5549750],[89.5212289,15.4410927],[90.0801348,16.3244499],[90.6432785,17.2050345],[91.2110163,18.0828306],[90.5927581,19.0956226],[89.9782506,20.1238289],[89.3679904,21.1661746],[88.7624826,22.2213201]]]}},
{"type":"Feature","properties":{"name": "315"},"geometry":{"type":"Polygon","coordinates":[[[88.9145386,30.2292437],[87.7285675,30.4258693],[86.5398181,30.6113937],[85.3478329,30.7855964],[84.1523078,30.9482949],[83.5104209,30.0004621],[82.8893907,29.0524824],[82.2861322,28.1046461],[81.6981369,27.1570878],[82.2949187,26.0770975],[82.8936286,24.9993957],[83.4941743,23.9249378],[84.0964635,22.8546788],[85.2580173,22.7053420],[86.4221754,22.5492152],[87.5899284,22.3873944],[88.7624826,22.2213201],[89.3384998,23.1140809],[89.9221396,24.0055109],[90.5142559,24.8957862],[91.1158731,25.7851271],[90.5414419,26.8818674],[89.9821034,27.9900217],[89.4393198,29.1067665],[88.9145386,30.2292437]]]}},
{"type":"Feature","properties":{"name": "316"},"geometry":{"type":"Polygon","coordinates":[[[90.9587020,38.2856092],[89.6584063,38.5047262],[88.3525299,38.7091203],[87.0408788,38.8990127],[85.7233749,39.0745162],[84.7362845,38.1606840],[83.7971362,37.2330940],[82.9051399,36.2941164],[82.0593541,35.3460522],[82.5663055,34.2525014],[83.0844858,33.1541113],[83.6133383,32.0522394],[84.1523078,30.9482949],[85.3478329,30.7855964],[86.5398181,30.6113937],[87.7285675,30.4258693],[88.9145386,30.2292437],[89.5978349,31.1513275],[90.3134128,32.0722051],[91.0704736,32.9897682],[91.8825703,33.8996462],[91.6166184,35.0127264],[91.3812599,36.1139290],[91.1645278,37.2044059],[90.9587020,38.2856092]]]}},
{"type":"Feature","properties":{"name": "317"},"geometry":{"type":"Polygon","coordinates":[[[95.9639827,-25.0015249],[94.7275175,-25.1836063],[93.5106989,-25.3803836],[92.3081650,-25.5827292],[91.1158731,-25.7851271],[90.5414419,-26.8818674],[89.9821034,-27.9900217],[89.4393198,-29.1067665],[88.9145386,-30.2292437],[89.5978349,-31.1513275],[90.3134128,-32.0722051],[91.0704736,-32.9897682],[91.8825703,-33.8996462],[93.0797369,-33.6653695],[94.2695814,-33.4197558],[95.4519978,-33.1629734],[96.6268953,-32.8951919],[96.9665770,-31.7397768],[97.4050961,-30.5843556],[97.9299739,-29.4577346],[98.5248983,-28.3871050],[97.8706031,-27.5456611],[97.2260198,-26.7008643],[96.5906424,-25.8527946],[95.9639827,-25.0015249]]]}},
{"type":"Feature","properties":{"name": "318"},"geometry":{"type":"Polygon","coordinates":[[[96.1811668,-17.8455651],[94.9256774,-17.8903236],[93.6778831,-17.9448571],[92.4392079,-18.0090652],[91.2110163,-18.0828306],[90.5927581,-19.0956226],[89.9782506,-20.1238289],[89.3679904,-21.1661746],[88.7624826,-22.2213201],[89.3384998,-23.1140809],[89.9221396,-24.0055109],[90.5142559,-24.8957862],[91.1158731,-25.7851271],[92.3081650,-25.5827292],[93.5106989,-25.3803836],[94.7275175,-25.1836063],[95.9639827,-25.0015249],[96.6319815,-24.0435607],[97.3058732,-23.1119800],[97.9787502,-22.1988581],[98.6470336,-21.2987386],[98.0190331,-20.4372123],[97.3990668,-19.5748000],[96.7866110,-18.7110319],[96.1811668,-17.8455651]]]}},
{"type":"Feature","properties":{"name": "319"},"geometry":{"type":"Polygon","coordinates":[[[96.3738003,-10.7531370],[95.1594255,-10.7693873],[93.9481472,-10.7892309],[92.7405648,-10.8126572],[91.5372668,-10.8396536],[90.8977442,-11.7572364],[90.2553938,-12.6812453],[89.6111218,-13.6132163],[88.9662113,-14.5549750],[89.5212289,-15.4410927],[90.0801348,-16.3244499],[90.6432785,-17.2050345],[91.2110163,-18.0828306],[92.4392079,-18.0090652],[93.6778831,-17.9448571],[94.9256774,-17.8903236],[96.1811668,-17.8455651],[96.8353710,-16.9429612],[97.4840363,-16.0464006],[98.1267492,-15.1543077],[98.7633439,-14.2654229],[98.1577886,-13.3894511],[97.5579321,-12.5122649],[96.9633948,-11.6335738],[96.3738003,-10.7531370]]]}},
{"type":"Feature","properties":{"name": "320"},"geometry":{"type":"Polygon","coordinates":[[[96.5108364,-3.6080976],[95.3283701,-3.6117947],[94.1474484,-3.6163125],[92.9683749,-3.6216503],[91.7914504,-3.6278074],[91.1759563,-4.5360740],[90.5568439,-5.4459339],[89.9341928,-6.3580472],[89.3081697,-7.2731664],[89.8616012,-8.1690262],[90.4173683,-9.0620375],[90.9758093,-9.9522344],[91.5372668,-10.8396536],[92.7405648,-10.8126572],[93.9481472,-10.7892309],[95.1594255,-10.7693873],[96.3738003,-10.7531370],[96.9997346,-9.8581890],[97.6206384,-8.9645486],[98.2366316,-8.0716089],[98.8478838,-7.1788504],[98.2583344,-6.2891143],[97.6725297,-5.3975332],[97.0901405,-4.5039170],[96.5108364,-3.6080976]]]}},
{"type":"Feature","properties":{"name": "321"},"geometry":{"type":"Polygon","coordinates":[[[96.5108364,3.6080976],[95.3283701,3.6117947],[94.1474484,3.6163125],[92.9683749,3.6216503],[91.7914504,3.6278074],[91.2302023,2.7252742],[90.6703798,1.8198370],[90.1116438,0.9114322],[89.5536544,0.0000000],[90.1116438,-0.9114322],[90.6703798,-1.8198370],[91.2302023,-2.7252742],[91.7914504,-3.6278074],[92.9683749,-3.6216503],[94.1474484,-3.6163125],[95.3283701,-3.6117947],[96.5108364,-3.6080976],[97.1142200,-2.7075622],[97.7139798,-1.8062419],[98.3103385,-0.9038166],[98.9035369,0.0000000],[98.3103385,0.9038166],[97.7139798,1.8062419],[97.1142200,2.7075622],[96.5108364,3.6080976]]]}},
{"type":"Feature","properties":{"name": "322"},"geometry":{"type":"Polygon","coordinates":[[[96.3738003,10.7531370],[95.1594255,10.7693873],[93.9481472,10.7892309],[92.7405648,10.8126572],[91.5372668,10.8396536],[90.9758093,9.9522344],[90.4173683,9.0620375],[89.8616012,8.1690262],[89.3081697,7.2731664],[89.9341928,6.3580472],[90.5568439,5.4459339],[91.1759563,4.5360740],[91.7914504,3.6278074],[92.9683749,3.6216503],[94.1474484,3.6163125],[95.3283701,3.6117947],[96.5108364,3.6080976],[97.0901405,4.5039170],[97.6725297,5.3975332],[98.2583344,6.2891143],[98.8478838,7.1788504],[98.2366316,8.0716089],[97.6206384,8.9645486],[96.9997346,9.8581890],[96.3738003,10.7531370]]]}},
{"type":"Feature","properties":{"name": "323"},"geometry":{"type":"Polygon","coordinates":[[[96.1811668,17.8455651],[94.9256774,17.8903236],[93.6778831,17.9448571],[92.4392079,18.0090652],[91.2110163,18.0828306],[90.6432785,17.2050345],[90.0801348,16.3244499],[89.5212289,15.4410927],[88.9662113,14.5549750],[89.6111218,13.6132163],[90.2553938,12.6812453],[90.8977442,11.7572364],[91.5372668,10.8396536],[92.7405648,10.8126572],[93.9481472,10.7892309],[95.1594255,10.7693873],[96.3738003,10.7531370],[96.9633948,11.6335738],[97.5579321,12.5122649],[98.1577886,13.3894511],[98.7633439,14.2654229],[98.1267492,15.1543077],[97.4840363,16.0464006],[96.8353710,16.9429612],[96.1811668,17.8455651]]]}},
{"type":"Feature","properties":{"name": "324"},"geometry":{"type":"Polygon","coordinates":[[[95.9639827,25.0015249],[94.7275175,25.1836063],[93.5106989,25.3803836],[92.3081650,25.5827292],[91.1158731,25.7851271],[90.5142559,24.8957862],[89.9221396,24.0055109],[89.3384998,23.1140809],[88.7624826,22.2213201],[89.3679904,21.1661746],[89.9782506,20.1238289],[90.5927581,19.0956226],[91.2110163,18.0828306],[92.4392079,18.0090652],[93.6778831,17.9448571],[94.9256774,17.8903236],[96.1811668,17.8455651],[96.7866110,18.7110319],[97.3990668,19.5748000],[98.0190331,20.4372123],[98.6470336,21.2987386],[97.9787502,22.1988581],[97.3058732,23.1119800],[96.6319815,24.0435607],[95.9639827,25.0015249]]]}},
{"type":"Feature","properties":{"name": "325"},"geometry":{"type":"Polygon","coordinates":[[[96.6268953,32.8951919],[95.4519978,33.1629734],[94.2695814,33.4197558],[93.0797369,33.6653695],[91.8825703,33.8996462],[91.0704736,32.9897682],[90.3134128,32.0722051],[89.5978349,31.1513275],[88.9145386,30.2292437],[89.4393198,29.1067665],[89.9821034,27.9900217],[90.5414419,26.8818674],[91.1158731,25.7851271],[92.3081650,25.5827292],[93.5106989,25.3803836],[94.7275175,25.1836063],[95.9639827,25.0015249],[96.5906424,25.8527946],[97.2260198,26.7008643],[97.8706031,27.5456611],[98.5248983,28.3871050],[97.9299739,29.4577346],[97.4050961,30.5843556],[96.9665770,31.7397768],[96.6268953,32.8951919]]]}},
{"type":"Feature","properties":{"name": "326"},"geometry":{"type":"Polygon","coordinates":[[[101.2500000,35.7981262],[99.9827632,35.2039108],[98.7685637,34.5088485],[97.6408924,33.7314764],[96.6268953,32.8951919],[96.9665770,31.7397768],[97.4050961,30.5843556],[97.9299739,29.4577346],[98.5248983,28.3871050],[99.8714917,28.2754284],[101.2500000,28.2376021],[102.6285083,28.2754284],[103.9751017,28.3871050],[104.5700261,29.4577346],[105.0949039,30.5843556],[105.5334230,31.7397768],[105.8731047,32.8951919],[104.8591076,33.7314764],[103.7314363,34.5088485],[102.5172368,35.2039108],[101.2500000,35.7981262]]]}},
{"type":"Feature","properties":{"name": "327"},"geometry":{"type":"Polygon","coordinates":[[[95.7560668,41.4445378],[94.4823541,40.7056440],[93.2564075,39.9305638],[92.0811024,39.1226911],[90.9587020,38.2856092],[91.1645278,37.2044059],[91.3812599,36.1139290],[91.6166184,35.0127264],[91.8825703,33.8996462],[93.0797369,33.6653695],[94.2695814,33.4197558],[95.4519978,33.1629734],[96.6268953,32.8951919],[97.6408924,33.7314764],[98.7685637,34.5088485],[99.9827632,35.2039108],[101.2500000,35.7981262],[101.2500000,36.8188961],[101.2500000,37.8400712],[101.2500000,38.8617332],[101.2500000,39.8839642],[99.8901560,40.3372274],[98.5192640,40.7421384],[97.1407680,41.1090152],[95.7560668,41.4445378]]]}},
{"type":"Feature","properties":{"name": "328"},"geometry":{"type":"Polygon","coordinates":[[[89.2937567,46.7365905],[88.0146984,45.9174567],[86.7846552,45.0748857],[85.6031779,44.2107809],[84.4696147,43.3270387],[84.7901600,42.2716155],[85.1043752,41.2113974],[85.4145568,40.1458800],[85.7233749,39.0745162],[87.0408788,38.8990127],[88.3525299,38.7091203],[89.6584063,38.5047262],[90.9587020,38.2856092],[92.0811024,39.1226911],[93.2564075,39.9305638],[94.4823541,40.7056440],[95.7560668,41.4445378],[95.6636560,42.4846523],[95.5682003,43.5230375],[95.4690871,44.5602339],[95.3657686,45.5966737],[93.8625314,45.9199465],[92.3490082,46.2166398],[90.8258922,46.4884310],[89.2937567,46.7365905]]]}},
{"type":"Feature","properties":{"name": "329"},"geometry":{"type":"Polygon","coordinates":[[[81.4513517,51.6416493],[80.2051213,50.7418769],[79.0118776,49.8257582],[77.8693452,48.8946907],[76.7752736,47.9500136],[77.2810853,46.9267700],[77.7673855,45.8991248],[78.2363067,44.8669734],[78.6899639,43.8301769],[80.1424066,43.7300918],[81.5900454,43.6129239],[83.0325436,43.4786091],[84.4696147,43.3270387],[85.6031779,44.2107809],[86.7846552,45.0748857],[88.0146984,45.9174567],[89.2937567,46.7365905],[89.0558754,47.7791868],[88.8070638,48.8202486],[88.5461059,49.8600539],[88.2717277,50.8988385],[86.5818115,51.1217931],[84.8810361,51.3196128],[83.1705091,51.4927717],[81.4513517,51.6416493]]]}},
{"type":"Feature","properties":{"name": "330"},"geometry":{"type":"Polygon","coordinates":[[[71.7371739,55.9766570],[70.6078060,54.9934039],[69.5325256,54.0000000],[68.5075975,52.9974486],[67.5295608,51.9866815],[68.2992044,51.0175357],[69.0332173,50.0417657],[69.7344838,49.0596456],[70.4057211,48.0713973],[72.0010905,48.0707052],[73.5949937,48.0502850],[75.1866434,48.0100775],[76.7752736,47.9500136],[77.8693452,48.8946907],[79.0118776,49.8257582],[80.2051213,50.7418769],[81.4513517,51.6416493],[80.9897165,52.6683961],[80.5024679,53.6927337],[79.9870985,54.7146648],[79.4408516,55.7341498],[77.5224254,55.8358324],[75.5976433,55.9100009],[73.6685434,55.9568717],[71.7371739,55.9766570]]]}},
{"type":"Feature","properties":{"name": "331"},"geometry":{"type":"Polygon","coordinates":[[[59.9635421,59.4717297],[59.0581057,58.3757598],[58.1983504,57.2753019],[57.3801260,56.1711973],[56.5997388,55.0642410],[57.6516191,54.1903538],[58.6626889,53.3088016],[59.6359977,52.4199931],[60.5743299,51.5242823],[62.3001196,51.6824974],[64.0357029,51.8126133],[65.7794435,51.9141470],[67.5295608,51.9866815],[68.5075975,52.9974486],[69.5325256,54.0000000],[70.6078060,54.9934039],[71.7371739,55.9766570],[70.9558754,56.9678930],[70.1369125,57.9557296],[69.2760251,58.9399245],[68.3683534,59.9201652],[66.2463895,59.8619269],[64.1355966,59.7674440],[62.0400461,59.6371871],[59.9635421,59.4717297]]]}},
{"type":"Feature","properties":{"name": "332"},"geometry":{"type":"Polygon","coordinates":[[[46.2323471,61.7030912],[45.7537002,60.5209002],[45.2843232,59.3385446],[44.8232387,58.1569976],[44.3695962,56.9772307],[45.7085268,56.2223188],[46.9954193,55.4547970],[48.2336327,54.6754327],[49.4262710,53.8849079],[51.1861930,54.2208725],[52.9689583,54.5300303],[54.7738350,54.8114412],[56.5997388,55.0642410],[57.3801260,56.1711973],[58.1983504,57.2753019],[59.0581057,58.3757598],[59.9635421,59.4717297],[58.7962414,60.3783429],[57.5619201,61.2764241],[56.2532915,62.1649688],[54.8621037,63.0427561],[52.6340622,62.7603528],[50.4512989,62.4421100],[48.3166807,62.0892631],[46.2323471,61.7030912]]]}},
{"type":"Feature","properties":{"name": "333"},"geometry":{"type":"Polygon","coordinates":[[[31.2625192,62.4222814],[31.3801909,61.2120012],[31.4355540,59.9980432],[31.4350699,58.7837812],[31.3845132,57.5725195],[32.9577979,56.9699433],[34.4779011,56.3493026],[35.9474508,55.7115712],[37.3688471,55.0576326],[39.0719817,55.5725896],[40.8051167,56.0652070],[42.5704866,56.5338918],[44.3695962,56.9772307],[44.8232387,58.1569976],[45.2843232,59.3385446],[45.7537002,60.5209002],[46.2323471,61.7030912],[44.6124382,62.4740376],[42.8970280,63.2266616],[41.0768376,63.9584236],[39.1415888,64.6661697],[37.0570201,64.1477035],[35.0503091,63.5998448],[33.1196531,63.0242057],[31.2625192,62.4222814]]]}},
{"type":"Feature","properties":{"name": "334"},"geometry":{"type":"Polygon","coordinates":[[[16.2778361,61.4932287],[17.1044900,60.3724499],[17.7228705,59.1981468],[18.1349160,58.0024359],[18.3531776,56.8177133],[20.0380797,56.3911230],[21.6853346,55.9420230],[23.2946967,55.4712318],[24.8661186,54.9795570],[26.4797404,55.6457772],[28.0947211,56.3036328],[29.7261159,56.9471054],[31.3845132,57.5725195],[31.4350699,58.7837812],[31.4355540,59.9980432],[31.3801909,61.2120012],[31.2625192,62.4222814],[29.2366502,62.9992841],[27.0969383,63.5408594],[24.8311352,64.0388959],[22.4251423,64.4809707],[20.7666357,63.7591491],[19.1926459,63.0196611],[17.6980326,62.2639253],[16.2778361,61.4932287]]]}},
{"type":"Feature","properties":{"name": "335"},"geometry":{"type":"Polygon","coordinates":[[[110.6174297,33.8996462],[109.4202631,33.6653695],[108.2304186,33.4197558],[107.0480022,33.1629734],[105.8731047,32.8951919],[105.5334230,31.7397768],[105.0949039,30.5843556],[104.5700261,29.4577346],[103.9751017,28.3871050],[104.6293969,27.5456611],[105.2739802,26.7008643],[105.9093576,25.8527946],[106.5360173,25.0015249],[107.7724825,25.1836063],[108.9893011,25.3803836],[110.1918350,25.5827292],[111.3841269,25.7851271],[111.9585581,26.8818674],[112.5178966,27.9900217],[113.0606802,29.1067665],[113.5854614,30.2292437],[112.9021651,31.1513275],[112.1865872,32.0722051],[111.4295264,32.9897682],[110.6174297,33.8996462]]]}},
{"type":"Feature","properties":{"name": "336"},"geometry":{"type":"Polygon","coordinates":[[[106.7439332,41.4445378],[105.3592320,41.1090152],[103.9807360,40.7421384],[102.6098440,40.3372274],[101.2500000,39.8839642],[101.2500000,38.8617332],[101.2500000,37.8400712],[101.2500000,36.8188961],[101.2500000,35.7981262],[102.5172368,35.2039108],[103.7314363,34.5088485],[104.8591076,33.7314764],[105.8731047,32.8951919],[107.0480022,33.1629734],[108.2304186,33.4197558],[109.4202631,33.6653695],[110.6174297,33.8996462],[110.8833816,35.0127264],[111.1187401,36.1139290],[111.3354722,37.2044059],[111.5412980,38.2856092],[110.4188976,39.1226911],[109.2435925,39.9305638],[108.0176459,40.7056440],[106.7439332,41.4445378]]]}},
{"type":"Feature","properties":{"name": "337"},"geometry":{"type":"Polygon","coordinates":[[[101.2500000,48.0923032],[99.7243216,47.5272129],[98.2329065,46.9218456],[96.7790900,46.2777489],[95.3657686,45.5966737],[95.4690871,44.5602339],[95.5682003,43.5230375],[95.6636560,42.4846523],[95.7560668,41.4445378],[97.1407680,41.1090152],[98.5192640,40.7421384],[99.8901560,40.3372274],[101.2500000,39.8839642],[102.6098440,40.3372274],[103.9807360,40.7421384],[105.3592320,41.1090152],[106.7439332,41.4445378],[106.8363440,42.4846523],[106.9317997,43.5230375],[107.0309129,44.5602339],[107.1342314,45.5966737],[105.7209100,46.2777489],[104.2670935,46.9218456],[102.7756784,47.5272129],[101.2500000,48.0923032]]]}},
{"type":"Feature","properties":{"name": "338"},"geometry":{"type":"Polygon","coordinates":[[[94.3230471,53.8939313],[92.7270344,53.1881197],[91.1865906,52.4525283],[89.7016289,51.6888633],[88.2717277,50.8988385],[88.5461059,49.8600539],[88.8070638,48.8202486],[89.0558754,47.7791868],[89.2937567,46.7365905],[90.8258922,46.4884310],[92.3490082,46.2166398],[93.8625314,45.9199465],[95.3657686,45.5966737],[96.7790900,46.2777489],[98.2329065,46.9218456],[99.7243216,47.5272129],[101.2500000,48.0923032],[101.2500000,49.1234347],[101.2500000,50.1559886],[101.2500000,51.1900549],[101.2500000,52.2257248],[99.5622921,52.6956187],[97.8434866,53.1291160],[96.0962817,53.5280597],[94.3230471,53.8939313]]]}},
{"type":"Feature","properties":{"name": "339"},"geometry":{"type":"Polygon","coordinates":[[[85.4006976,59.1897675],[83.8018549,58.3574427],[82.2779715,57.5029378],[80.8254912,56.6279668],[79.4408516,55.7341498],[79.9870985,54.7146648],[80.5024679,53.6927337],[80.9897165,52.6683961],[81.4513517,51.6416493],[83.1705091,51.4927717],[84.8810361,51.3196128],[86.5818115,51.1217931],[88.2717277,50.8988385],[89.7016289,51.6888633],[91.1865906,52.4525283],[92.7270344,53.1881197],[94.3230471,53.8939313],[94.1561781,54.9346274],[93.9784843,55.9765688],[93.7888817,57.0198608],[93.5861428,58.0646001],[91.5816750,58.3964885],[89.5473643,58.6944183],[87.4860605,58.9587485],[85.4006976,59.1897675]]]}},
{"type":"Feature","properties":{"name": "340"},"geometry":{"type":"Polygon","coordinates":[[[73.7546248,63.8930841],[72.2825389,62.9206901],[70.8990449,61.9333990],[69.5966039,60.9327551],[68.3683534,59.9201652],[69.2760251,58.9399245],[70.1369125,57.9557296],[70.9558754,56.9678930],[71.7371739,55.9766570],[73.6685434,55.9568717],[75.5976433,55.9100009],[77.5224254,55.8358324],[79.4408516,55.7341498],[80.8254912,56.6279668],[82.2779715,57.5029378],[83.8018549,58.3574427],[85.4006976,59.1897675],[84.9251656,60.2246931],[84.4138814,61.2592429],[83.8627108,62.2933031],[83.2668867,63.3267129],[80.9214358,63.5303055],[78.5499856,63.6928488],[76.1588347,63.8138756],[73.7546248,63.8930841]]]}},
{"type":"Feature","properties":{"name": "341"},"geometry":{"type":"Polygon","coordinates":[[[58.5371884,67.5413725],[57.5296299,66.4267117],[56.5861840,65.3047202],[55.6991858,64.1764140],[54.8621037,63.0427561],[56.2532915,62.1649688],[57.5619201,61.2764241],[58.7962414,60.3783429],[59.9635421,59.4717297],[62.0400461,59.6371871],[64.1355966,59.7674440],[66.2463895,59.8619269],[68.3683534,59.9201652],[69.5966039,60.9327551],[70.8990449,61.9333990],[72.2825389,62.9206901],[73.7546248,63.8930841],[72.8314937,64.9142892],[71.8339362,65.9322136],[70.7500269,66.9460712],[69.5654636,67.9548194],[66.7699402,67.9227793],[63.9929456,67.8426403],[61.2453257,67.7151637],[58.5371884,67.5413725]]]}},
{"type":"Feature","properties":{"name": "342"},"geometry":{"type":"Polygon","coordinates":[[[39.3463714,69.3991593],[39.3605715,68.2290704],[39.3272074,67.0491887],[39.2524779,65.8610377],[39.1415888,64.6661697],[41.0768376,63.9584236],[42.8970280,63.2266616],[44.6124382,62.4740376],[46.2323471,61.7030912],[48.3166807,62.0892631],[50.4512989,62.4421100],[52.6340622,62.7603528],[54.8621037,63.0427561],[55.6991858,64.1764140],[56.5861840,65.3047202],[57.5296299,66.4267117],[58.5371884,67.5413725],[56.8196151,68.4476030],[54.9378789,69.3358045],[52.8677547,70.2018180],[50.5816768,71.0403309],[47.6007524,70.6962288],[44.7313417,70.3060755],[41.9788752,69.8727509],[39.3463714,69.3991593]]]}},
{"type":"Feature","properties":{"name": "343"},"geometry":{"type":"Polygon","coordinates":[[[17.8944544,68.5501363],[19.2104359,67.5734672],[20.4054944,66.5721009],[21.4797454,65.5428617],[22.4251423,64.4809707],[24.8311352,64.0388959],[27.0969383,63.5408594],[29.2366502,62.9992841],[31.2625192,62.4222814],[33.1196531,63.0242057],[35.0503091,63.5998448],[37.0570201,64.1477035],[39.1415888,64.6661697],[39.2524779,65.8610377],[39.3272074,67.0491887],[39.3605715,68.2290704],[39.3463714,69.3991593],[36.4779942,70.0155304],[33.3909511,70.5715271],[30.0920706,71.0592686],[26.5961885,71.4710877],[24.1902318,70.7825344],[21.9456022,70.0645845],[19.8507830,69.3197639],[17.8944544,68.5501363]]]}},
{"type":"Feature","properties":{"name": "344"},"geometry":{"type":"Polygon","coordinates":[[[118.3476922,30.9482949],[117.1521671,30.7855964],[115.9601819,30.6113937],[114.7714325,30.4258693],[113.5854614,30.2292437],[113.0606802,29.1067665],[112.5178966,27.9900217],[111.9585581,26.8818674],[111.3841269,25.7851271],[111.9857441,24.8957862],[112.5778604,24.0055109],[113.1615002,23.1140809],[113.7375174,22.2213201],[114.9100716,22.3873944],[116.0778246,22.5492152],[117.2419827,22.7053420],[118.4035365,22.8546788],[119.0058257,23.9249378],[119.6063714,24.9993957],[120.2050813,26.0770975],[120.8018631,27.1570878],[120.2138678,28.1046461],[119.6106093,29.0524824],[118.9895791,30.0004621],[118.3476922,30.9482949]]]}},
{"type":"Feature","properties":{"name": "345"},"geometry":{"type":"Polygon","coordinates":[[[116.7766251,39.0745162],[115.4591212,38.8990127],[114.1474701,38.7091203],[112.8415937,38.5047262],[111.5412980,38.2856092],[111.3354722,37.2044059],[111.1187401,36.1139290],[110.8833816,35.0127264],[110.6174297,33.8996462],[111.4295264,32.9897682],[112.1865872,32.0722051],[112.9021651,31.1513275],[113.5854614,30.2292437],[114.7714325,30.4258693],[115.9601819,30.6113937],[117.1521671,30.7855964],[118.3476922,30.9482949],[118.8866617,32.0522394],[119.4155142,33.1541113],[119.9336945,34.2525014],[120.4406459,35.3460522],[119.5948601,36.2941164],[118.7028638,37.2330940],[117.7637155,38.1606840],[116.7766251,39.0745162]]]}},
{"type":"Feature","properties":{"name": "346"},"geometry":{"type":"Polygon","coordinates":[[[113.2062433,46.7365905],[111.6741078,46.4884310],[110.1509918,46.2166398],[108.6374686,45.9199465],[107.1342314,45.5966737],[107.0309129,44.5602339],[106.9317997,43.5230375],[106.8363440,42.4846523],[106.7439332,41.4445378],[108.0176459,40.7056440],[109.2435925,39.9305638],[110.4188976,39.1226911],[111.5412980,38.2856092],[112.8415937,38.5047262],[114.1474701,38.7091203],[115.4591212,38.8990127],[116.7766251,39.0745162],[117.0854432,40.1458800],[117.3956248,41.2113974],[117.7098400,42.2716155],[118.0303853,43.3270387],[116.8968221,44.2107809],[115.7153448,45.0748857],[114.4853016,45.9174567],[113.2062433,46.7365905]]]}},
{"type":"Feature","properties":{"name": "347"},"geometry":{"type":"Polygon","coordinates":[[[108.1769529,53.8939313],[106.4037183,53.5280597],[104.6565134,53.1291160],[102.9377079,52.6956187],[101.2500000,52.2257248],[101.2500000,51.1900549],[101.2500000,50.1559886],[101.2500000,49.1234347],[101.2500000,48.0923032],[102.7756784,47.5272129],[104.2670935,46.9218456],[105.7209100,46.2777489],[107.1342314,45.5966737],[108.6374686,45.9199465],[110.1509918,46.2166398],[111.6741078,46.4884310],[113.2062433,46.7365905],[113.4441246,47.7791868],[113.6929362,48.8202486],[113.9538941,49.8600539],[114.2282723,50.8988385],[112.7983711,51.6888633],[111.3134094,52.4525283],[109.7729656,53.1881197],[108.1769529,53.8939313]]]}},
{"type":"Feature","properties":{"name": "348"},"geometry":{"type":"Polygon","coordinates":[[[101.2500000,60.5802137],[99.2321117,60.0047211],[97.2815482,59.3924183],[95.3994167,58.7451024],[93.5861428,58.0646001],[93.7888817,57.0198608],[93.9784843,55.9765688],[94.1561781,54.9346274],[94.3230471,53.8939313],[96.0962817,53.5280597],[97.8434866,53.1291160],[99.5622921,52.6956187],[101.2500000,52.2257248],[102.9377079,52.6956187],[104.6565134,53.1291160],[106.4037183,53.5280597],[108.1769529,53.8939313],[108.3438219,54.9346274],[108.5215157,55.9765688],[108.7111183,57.0198608],[108.9138572,58.0646001],[107.1005833,58.7451024],[105.2184518,59.3924183],[103.2678883,60.0047211],[101.2500000,60.5802137]]]}},
{"type":"Feature","properties":{"name": "349"},"geometry":{"type":"Polygon","coordinates":[[[91.2696713,66.4831531],[89.0959852,65.7381282],[87.0415919,64.9620192],[85.1006131,64.1574117],[83.2668867,63.3267129],[83.8627108,62.2933031],[84.4138814,61.2592429],[84.9251656,60.2246931],[85.4006976,59.1897675],[87.4860605,58.9587485],[89.5473643,58.6944183],[91.5816750,58.3964885],[93.5861428,58.0646001],[95.3994167,58.7451024],[97.2815482,59.3924183],[99.2321117,60.0047211],[101.2500000,60.5802137],[101.2500000,61.6346554],[101.2500000,62.6916960],[101.2500000,63.7514453],[101.2500000,64.8140156],[98.8667161,65.2950056],[96.4058914,65.7339737],[93.8718387,66.1302523],[91.2696713,66.4831531]]]}},
{"type":"Feature","properties":{"name": "350"},"geometry":{"type":"Polygon","coordinates":[[[76.9305988,71.8587621],[74.8526034,70.9145905],[72.9448301,69.9474922],[71.1880895,68.9601264],[69.5654636,67.9548194],[70.7500269,66.9460712],[71.8339362,65.9322136],[72.8314937,64.9142892],[73.7546248,63.8930841],[76.1588347,63.8138756],[78.5499856,63.6928488],[80.9214358,63.5303055],[83.2668867,63.3267129],[85.1006131,64.1574117],[87.0415919,64.9620192],[89.0959852,65.7381282],[91.2696713,66.4831531],[90.9699745,67.5804465],[90.6410482,68.6803586],[90.2751813,69.7830379],[89.8624520,70.8885799],[86.7468819,71.2138883],[83.5430371,71.4852299],[80.2653152,71.7006951],[76.9305988,71.8587621]]]}},
{"type":"Feature","properties":{"name": "351"},"geometry":{"type":"Polygon","coordinates":[[[52.6328642,75.4843213],[52.0570504,74.3830195],[51.5336013,73.2754614],[51.0464287,72.1613483],[50.5816768,71.0403309],[52.8677547,70.2018180],[54.9378789,69.3358045],[56.8196151,68.4476030],[58.5371884,67.5413725],[61.2453257,67.7151637],[63.9929456,67.8426403],[66.7699402,67.9227793],[69.5654636,67.9548194],[71.1880895,68.9601264],[72.9448301,69.9474922],[74.8526034,70.9145905],[76.9305988,71.8587621],[75.4583544,72.9231246],[73.7730183,73.9781641],[71.8323636,75.0203347],[69.5837905,76.0451719],[65.2332587,76.0162134],[60.9306372,75.9115655],[56.7182120,75.7332578],[52.6328642,75.4843213]]]}},
{"type":"Feature","properties":{"name": "352"},"geometry":{"type":"Polygon","coordinates":[[[20.9338506,75.5239014],[22.6242887,74.5345819],[24.1134477,73.5289164],[25.4300614,72.5076801],[26.5961885,71.4710877],[30.0920706,71.0592686],[33.3909511,70.5715271],[36.4779942,70.0155304],[39.3463714,69.3991593],[41.9788752,69.8727509],[44.7313417,70.3060755],[47.6007524,70.6962288],[50.5816768,71.0403309],[51.0464287,72.1613483],[51.5336013,73.2754614],[52.0570504,74.3830195],[52.6328642,75.4843213],[49.0173763,76.2718854],[44.9511139,76.9964551],[40.4035357,77.6453818],[35.3628206,78.2047756],[31.2035290,77.6120334],[27.4311063,76.9627190],[24.0183940,76.2644825],[20.9338506,75.5239014]]]}},
{"type":"Feature","properties":{"name": "353"},"geometry":{"type":"Polygon","coordinates":[[[125.5236234,27.6029830],[124.3402300,27.5082571],[123.1589081,27.4022457],[121.9795185,27.2851228],[120.8018631,27.1570878],[120.2050813,26.0770975],[119.6063714,24.9993957],[119.0058257,23.9249378],[118.4035365,22.8546788],[118.9573043,21.9322220],[119.5043569,21.0091628],[120.0454618,20.0853750],[120.5813055,19.1607421],[121.7250915,19.2777927],[122.8673558,19.3874794],[124.0085556,19.4892558],[125.1490811,19.5826637],[125.7742115,20.6194373],[126.4033789,21.6568325],[127.0368571,22.6943480],[127.6749289,23.7314816],[127.1506367,24.6986587],[126.6181717,25.6662733],[126.0763033,26.6343744],[125.5236234,27.6029830]]]}},
{"type":"Feature","properties":{"name": "354"},"geometry":{"type":"Polygon","coordinates":[[[125.4954932,35.7679651],[124.2241499,35.6821102],[122.9577129,35.5830840],[121.6964572,35.4710189],[120.4406459,35.3460522],[119.9336945,34.2525014],[119.4155142,33.1541113],[118.8866617,32.0522394],[118.3476922,30.9482949],[118.9895791,30.0004621],[119.6106093,29.0524824],[120.2138678,28.1046461],[120.8018631,27.1570878],[121.9795185,27.2851228],[123.1589081,27.4022457],[124.3402300,27.5082571],[125.5236234,27.6029830],[126.1507276,28.6602144],[126.7804448,29.7156995],[127.4129541,30.7688029],[128.0484405,31.8189000],[127.4480288,32.8077215],[126.8249674,33.7960283],[126.1755823,34.7831114],[125.4954932,35.7679651]]]}},
{"type":"Feature","properties":{"name": "355"},"geometry":{"type":"Polygon","coordinates":[[[123.8100361,43.8301769],[122.3575934,43.7300918],[120.9099546,43.6129239],[119.4674564,43.4786091],[118.0303853,43.3270387],[117.7098400,42.2716155],[117.3956248,41.2113974],[117.0854432,40.1458800],[116.7766251,39.0745162],[117.7637155,38.1606840],[118.7028638,37.2330940],[119.5948601,36.2941164],[120.4406459,35.3460522],[121.6964572,35.4710189],[122.9577129,35.5830840],[124.2241499,35.6821102],[125.4954932,35.7679651],[125.9979635,36.8235149],[126.4994457,37.8738750],[127.0034091,38.9188258],[127.5129323,39.9582504],[126.6465121,40.9395187],[125.7416123,41.9127954],[124.7966546,42.8767939],[123.8100361,43.8301769]]]}},
{"type":"Feature","properties":{"name": "356"},"geometry":{"type":"Polygon","coordinates":[[[121.0486483,51.6416493],[119.3294909,51.4927717],[117.6189639,51.3196128],[115.9181885,51.1217931],[114.2282723,50.8988385],[113.9538941,49.8600539],[113.6929362,48.8202486],[113.4441246,47.7791868],[113.2062433,46.7365905],[114.4853016,45.9174567],[115.7153448,45.0748857],[116.8968221,44.2107809],[118.0303853,43.3270387],[119.4674564,43.4786091],[120.9099546,43.6129239],[122.3575934,43.7300918],[123.8100361,43.8301769],[124.2636933,44.8669734],[124.7326145,45.8991248],[125.2189147,46.9267700],[125.7247264,47.9500136],[124.6306548,48.8946907],[123.4881224,49.8257582],[122.2948787,50.7418769],[121.0486483,51.6416493]]]}},
{"type":"Feature","properties":{"name": "357"},"geometry":{"type":"Polygon","coordinates":[[[117.0993024,59.1897675],[115.0139395,58.9587485],[112.9526357,58.6944183],[110.9183250,58.3964885],[108.9138572,58.0646001],[108.7111183,57.0198608],[108.5215157,55.9765688],[108.3438219,54.9346274],[108.1769529,53.8939313],[109.7729656,53.1881197],[111.3134094,52.4525283],[112.7983711,51.6888633],[114.2282723,50.8988385],[115.9181885,51.1217931],[117.6189639,51.3196128],[119.3294909,51.4927717],[121.0486483,51.6416493],[121.5102835,52.6683961],[121.9975321,53.6927337],[122.5129015,54.7146648],[123.0591484,55.7341498],[121.6745088,56.6279668],[120.2220285,57.5029378],[118.6981451,58.3574427],[117.0993024,59.1897675]]]}},
{"type":"Feature","properties":{"name": "358"},"geometry":{"type":"Polygon","coordinates":[[[111.2303287,66.4831531],[108.6281613,66.1302523],[106.0941086,65.7339737],[103.6332839,65.2950056],[101.2500000,64.8140156],[101.2500000,63.7514453],[101.2500000,62.6916960],[101.2500000,61.6346554],[101.2500000,60.5802137],[103.2678883,60.0047211],[105.2184518,59.3924183],[107.1005833,58.7451024],[108.9138572,58.0646001],[110.9183250,58.3964885],[112.9526357,58.6944183],[115.0139395,58.9587485],[117.0993024,59.1897675],[117.5748344,60.2246931],[118.0861186,61.2592429],[118.6372892,62.2933031],[119.2331133,63.3267129],[117.3993869,64.1574117],[115.4584081,64.9620192],[113.4040148,65.7381282],[111.2303287,66.4831531]]]}},
{"type":"Feature","properties":{"name": "359"},"geometry":{"type":"Polygon","coordinates":[[[101.2500000,73.6749074],[98.0859163,73.0446408],[95.1422528,72.3668027],[92.4061562,71.6465511],[89.8624520,70.8885799],[90.2751813,69.7830379],[90.6410482,68.6803586],[90.9699745,67.5804465],[91.2696713,66.4831531],[93.8718387,66.1302523],[96.4058914,65.7339737],[98.8667161,65.2950056],[101.2500000,64.8140156],[103.6332839,65.2950056],[106.0941086,65.7339737],[108.6281613,66.1302523],[111.2303287,66.4831531],[111.5300255,67.5804465],[111.8589518,68.6803586],[112.2248187,69.7830379],[112.6375480,70.8885799],[110.0938438,71.6465511],[107.3577472,72.3668027],[104.4140837,73.0446408],[101.2500000,73.6749074]]]}},
{"type":"Feature","properties":{"name": "360"},"geometry":{"type":"Polygon","coordinates":[[[80.1528207,79.8755078],[76.8533422,78.9614419],[74.0555215,78.0143239],[71.6588270,77.0406458],[69.5837905,76.0451719],[71.8323636,75.0203347],[73.7730183,73.9781641],[75.4583544,72.9231246],[76.9305988,71.8587621],[80.2653152,71.7006951],[83.5430371,71.4852299],[86.7468819,71.2138883],[89.8624520,70.8885799],[92.4061562,71.6465511],[95.1422528,72.3668027],[98.0859163,73.0446408],[101.2500000,73.6749074],[101.2500000,74.8280345],[101.2500000,75.9840059],[101.2500000,77.1426155],[101.2500000,78.3036544],[96.5421509,78.8248850],[91.4320288,79.2667599],[85.9490633,79.6198465],[80.1528207,79.8755078]]]}},
{"type":"Feature","properties":{"name": "361"},"geometry":{"type":"Polygon","coordinates":[[[29.6553698,82.4319206],[31.5890085,81.3877355],[33.1145859,80.3341991],[34.3475831,79.2729331],[35.3628206,78.2047756],[40.4035357,77.6453818],[44.9511139,76.9964551],[49.0173763,76.2718854],[52.6328642,75.4843213],[56.7182120,75.7332578],[60.9306372,75.9115655],[65.2332587,76.0162134],[69.5837905,76.0451719],[71.6588270,77.0406458],[74.0555215,78.0143239],[76.8533422,78.9614419],[80.1528207,79.8755078],[77.5281899,80.9661653],[74.1765123,82.0340173],[69.7904390,83.0671601],[63.8986081,84.0461500],[53.8918642,83.8718657],[44.6910176,83.5274605],[36.5904687,83.0381726],[29.6553698,82.4319206]]]}},
{"type":"Feature","properties":{"name": "362"},"geometry":{"type":"Polygon","coordinates":[[[132.3291720,23.9239768],[131.1636085,23.8923324],[129.9994221,23.8496065],[128.8365564,23.7959382],[127.6749289,23.7314816],[127.0368571,22.6943480],[126.4033789,21.6568325],[125.7742115,20.6194373],[125.1490811,19.5826637],[125.6641085,18.6352495],[126.1753985,17.6873532],[126.6835346,16.7388754],[127.1890596,15.7897197],[128.3131527,15.8551287],[129.4369274,15.9121471],[130.5606114,15.9604792],[131.6844043,15.9998636],[132.3224536,17.0008396],[132.9674744,18.0000000],[133.6198390,18.9970020],[134.2799303,19.9914988],[133.7983539,20.9739592],[133.3132210,21.9568015],[132.8237717,22.9401135],[132.3291720,23.9239768]]]}},
{"type":"Feature","properties":{"name": "363"},"geometry":{"type":"Polygon","coordinates":[[[132.9820453,31.9548219],[131.7442731,31.9401129],[130.5092869,31.9124954],[129.2772815,31.8720596],[128.0484405,31.8189000],[127.4129541,30.7688029],[126.7804448,29.7156995],[126.1507276,28.6602144],[125.5236234,27.6029830],[126.0763033,26.6343744],[126.6181717,25.6662733],[127.1506367,24.6986587],[127.6749289,23.7314816],[128.8365564,23.7959382],[129.9994221,23.8496065],[131.1636085,23.8923324],[132.3291720,23.9239768],[133.0018055,24.9327664],[133.6823915,25.9384101],[134.3713405,26.9404930],[135.0690754,27.9385989],[134.5650731,28.9413237],[134.0503975,29.9449975],[133.5233635,30.9495427],[132.9820453,31.9548219]]]}},
{"type":"Feature","properties":{"name": "364"},"geometry":{"type":"Polygon","coordinates":[[[132.9836237,40.0451762],[131.6115081,40.0461207],[130.2420836,40.0318914],[128.8757598,40.0025719],[127.5129323,39.9582504],[127.0034091,38.9188258],[126.4994457,37.8738750],[125.9979635,36.8235149],[125.4954932,35.7679651],[126.1755823,34.7831114],[126.8249674,33.7960283],[127.4480288,32.8077215],[128.0484405,31.8189000],[129.2772815,31.8720596],[130.5092869,31.9124954],[131.7442731,31.9401129],[132.9820453,31.9548219],[133.6758349,32.9661419],[134.3776139,33.9721752],[135.0877866,34.9724592],[135.8067701,35.9665389],[135.1427068,36.9892571],[134.4517447,38.0104527],[133.7325279,39.0293603],[132.9836237,40.0451762]]]}},
{"type":"Feature","properties":{"name": "365"},"geometry":{"type":"Polygon","coordinates":[[[132.0942789,48.0713973],[130.4989095,48.0707052],[128.9050063,48.0502850],[127.3133566,48.0100775],[125.7247264,47.9500136],[125.2189147,46.9267700],[124.7326145,45.8991248],[124.2636933,44.8669734],[123.8100361,43.8301769],[124.7966546,42.8767939],[125.7416123,41.9127954],[126.6465121,40.9395187],[127.5129323,39.9582504],[128.8757598,40.0025719],[130.2420836,40.0318914],[131.6115081,40.0461207],[132.9836237,40.0451762],[133.5996227,41.0475407],[134.2310542,42.0436453],[134.8802575,43.0333119],[135.5495421,44.0163570],[134.7386908,45.0388684],[133.8939210,46.0560927],[133.0131795,47.0672206],[132.0942789,48.0713973]]]}},
{"type":"Feature","properties":{"name": "366"},"geometry":{"type":"Polygon","coordinates":[[[130.7628261,55.9766570],[128.8314566,55.9568717],[126.9023567,55.9100009],[124.9775746,55.8358324],[123.0591484,55.7341498],[122.5129015,54.7146648],[121.9975321,53.6927337],[121.5102835,52.6683961],[121.0486483,51.6416493],[122.2948787,50.7418769],[123.4881224,49.8257582],[124.6306548,48.8946907],[125.7247264,47.9500136],[127.3133566,48.0100775],[128.9050063,48.0502850],[130.4989095,48.0707052],[132.0942789,48.0713973],[132.7655162,49.0596456],[133.4667827,50.0417657],[134.2007956,51.0175357],[134.9704392,51.9866815],[133.9924025,52.9974486],[132.9674744,54.0000000],[131.8921940,54.9934039],[130.7628261,55.9766570]]]}},
{"type":"Feature","properties":{"name": "367"},"geometry":{"type":"Polygon","coordinates":[[[128.7453752,63.8930841],[126.3411653,63.8138756],[123.9500144,63.6928488],[121.5785642,63.5303055],[119.2331133,63.3267129],[118.6372892,62.2933031],[118.0861186,61.2592429],[117.5748344,60.2246931],[117.0993024,59.1897675],[118.6981451,58.3574427],[120.2220285,57.5029378],[121.6745088,56.6279668],[123.0591484,55.7341498],[124.9775746,55.8358324],[126.9023567,55.9100009],[128.8314566,55.9568717],[130.7628261,55.9766570],[131.5441246,56.9678930],[132.3630875,57.9557296],[133.2239749,58.9399245],[134.1316466,59.9201652],[132.9033961,60.9327551],[131.6009551,61.9333990],[130.2174611,62.9206901],[128.7453752,63.8930841]]]}},
{"type":"Feature","properties":{"name": "368"},"geometry":{"type":"Polygon","coordinates":[[[125.5694012,71.8587621],[122.2346848,71.7006951],[118.9569629,71.4852299],[115.7531181,71.2138883],[112.6375480,70.8885799],[112.2248187,69.7830379],[111.8589518,68.6803586],[111.5300255,67.5804465],[111.2303287,66.4831531],[113.4040148,65.7381282],[115.4584081,64.9620192],[117.3993869,64.1574117],[119.2331133,63.3267129],[121.5785642,63.5303055],[123.9500144,63.6928488],[126.3411653,63.8138756],[128.7453752,63.8930841],[129.6685063,64.9142892],[130.6660638,65.9322136],[131.7499731,66.9460712],[132.9345364,67.9548194],[131.3119105,68.9601264],[129.5551699,69.9474922],[127.6473966,70.9145905],[125.5694012,71.8587621]]]}},
{"type":"Feature","properties":{"name": "369"},"geometry":{"type":"Polygon","coordinates":[[[122.3471793,79.8755078],[116.5509367,79.6198465],[111.0679712,79.2667599],[105.9578491,78.8248850],[101.2500000,78.3036544],[101.2500000,77.1426155],[101.2500000,75.9840059],[101.2500000,74.8280345],[101.2500000,73.6749074],[104.4140837,73.0446408],[107.3577472,72.3668027],[110.0938438,71.6465511],[112.6375480,70.8885799],[115.7531181,71.2138883],[118.9569629,71.4852299],[122.2346848,71.7006951],[125.5694012,71.8587621],[127.0416456,72.9231246],[128.7269817,73.9781641],[130.6676364,75.0203347],[132.9162095,76.0451719],[130.8411730,77.0406458],[128.4444785,78.0143239],[125.6466578,78.9614419],[122.3471793,79.8755078]]]}},
{"type":"Feature","properties":{"name": "370"},"geometry":{"type":"Polygon","coordinates":[[[101.2500000,87.6535369],[84.1512403,86.9246501],[74.1690715,86.0298860],[67.9961468,85.0580540],[63.8986081,84.0461500],[69.7904390,83.0671601],[74.1765123,82.0340173],[77.5281899,80.9661653],[80.1528207,79.8755078],[85.9490633,79.6198465],[91.4320288,79.2667599],[96.5421509,78.8248850],[101.2500000,78.3036544],[105.9578491,78.8248850],[111.0679712,79.2667599],[116.5509367,79.6198465],[122.3471793,79.8755078],[124.9718101,80.9661653],[128.3234877,82.0340173],[132.7095610,83.0671601],[138.6013919,84.0461500],[134.5038532,85.0580540],[128.3309285,86.0298860],[118.3487597,86.9246501],[101.2500000,87.6535369]]]}},
{"type":"Feature","properties":{"name": "371"},"geometry":{"type":"Polygon","coordinates":[[[138.8865120,20.0349066],[137.7332621,20.0311210],[136.5812670,20.0224177],[135.4302461,20.0091180],[134.2799303,19.9914988],[133.6198390,18.9970020],[132.9674744,18.0000000],[132.3224536,17.0008396],[131.6844043,15.9998636],[132.1641949,15.0226173],[132.6369282,14.0426123],[133.1033259,13.0597863],[133.5641344,12.0740697],[134.6541531,12.0920617],[135.7436939,12.1081312],[136.8330019,12.1221688],[137.9223382,12.1340439],[138.5848776,13.1348294],[139.2574718,14.1314791],[139.9403686,15.1234234],[140.6338167,16.1100889],[140.2074374,17.0936843],[139.7744865,18.0756150],[139.3343739,19.0559909],[138.8865120,20.0349066]]]}},
{"type":"Feature","properties":{"name": "372"},"geometry":{"type":"Polygon","coordinates":[[[139.8884888,27.8143599],[138.6812609,27.8641311],[137.4755338,27.9013806],[136.2714324,27.9261784],[135.0690754,27.9385989],[134.3713405,26.9404930],[133.6823915,25.9384101],[133.0018055,24.9327664],[132.3291720,23.9239768],[132.8237717,22.9401135],[133.3132210,21.9568015],[133.7983539,20.9739592],[134.2799303,19.9914988],[135.4302461,20.0091180],[136.5812670,20.0224177],[137.7332621,20.0311210],[138.8865120,20.0349066],[139.5936619,21.0116948],[140.3112690,21.9829136],[141.0396969,22.9481045],[141.7793139,23.9068067],[141.3223396,24.8842514],[140.8552984,25.8613135],[140.3775667,26.8380134],[139.8884888,27.8143599]]]}},
{"type":"Feature","properties":{"name": "373"},"geometry":{"type":"Polygon","coordinates":[[[141.0225030,35.7302744],[139.7166448,35.8107387],[138.4118471,35.8768968],[137.1084436,35.9288081],[135.8067701,35.9665389],[135.0877866,34.9724592],[134.3776139,33.9721752],[133.6758349,32.9661419],[132.9820453,31.9548219],[133.5233635,30.9495427],[134.0503975,29.9449975],[134.5650731,28.9413237],[135.0690754,27.9385989],[136.2714324,27.9261784],[137.4755338,27.9013806],[138.6812609,27.8641311],[139.8884888,27.8143599],[140.6372415,28.7700505],[141.3981956,29.7195505],[142.1718680,30.6624696],[142.9587890,31.5984132],[142.4945104,32.6294773],[142.0184075,33.6619072],[141.5284937,34.6955723],[141.0225030,35.7302744]]]}},
{"type":"Feature","properties":{"name": "374"},"geometry":{"type":"Polygon","coordinates":[[[141.4445318,43.6979020],[139.9723180,43.8033114],[138.4986977,43.8915240],[137.0242463,43.9625374],[135.5495421,44.0163570],[134.8802575,43.0333119],[134.2310542,42.0436453],[133.5996227,41.0475407],[132.9836237,40.0451762],[133.7325279,39.0293603],[134.4517447,38.0104527],[135.1427068,36.9892571],[135.8067701,35.9665389],[137.1084436,35.9288081],[138.4118471,35.8768968],[139.7166448,35.8107387],[141.0225030,35.7302744],[141.7457825,36.6794348],[142.4826762,37.6216518],[143.2353523,38.5564785],[144.0059175,39.4834837],[143.3984353,40.5385825],[142.7699696,41.5929883],[142.1191580,42.6462523],[141.4445318,43.6979020]]]}},
{"type":"Feature","properties":{"name": "375"},"geometry":{"type":"Polygon","coordinates":[[[141.9256701,51.5242823],[140.1998804,51.6824974],[138.4642971,51.8126133],[136.7205565,51.9141470],[134.9704392,51.9866815],[134.2007956,51.0175357],[133.4667827,50.0417657],[132.7655162,49.0596456],[132.0942789,48.0713973],[133.0131795,47.0672206],[133.8939210,46.0560927],[134.7386908,45.0388684],[135.5495421,44.0163570],[137.0242463,43.9625374],[138.4986977,43.8915240],[139.9723180,43.8033114],[141.4445318,43.6979020],[142.2666948,44.5889600],[143.1102726,45.4731584],[143.9766295,46.3503166],[144.8672171,47.2202312],[144.1758021,48.2989554],[143.4565553,49.3762787],[142.7073045,50.4515995],[141.9256701,51.5242823]]]}},
{"type":"Feature","properties":{"name": "376"},"geometry":{"type":"Polygon","coordinates":[[[142.5364579,59.4717297],[140.4599539,59.6371871],[138.3644034,59.7674440],[136.2536105,59.8619269],[134.1316466,59.9201652],[133.2239749,58.9399245],[132.3630875,57.9557296],[131.5441246,56.9678930],[130.7628261,55.9766570],[131.8921940,54.9934039],[132.9674744,54.0000000],[133.9924025,52.9974486],[134.9704392,51.9866815],[136.7205565,51.9141470],[138.4642971,51.8126133],[140.1998804,51.6824974],[141.9256701,51.5242823],[142.8640023,52.4199931],[143.8373111,53.3088016],[144.8483809,54.1903538],[145.9002612,55.0642410],[145.1198740,56.1711973],[144.3016496,57.2753019],[143.4418943,58.3757598],[142.5364579,59.4717297]]]}},
{"type":"Feature","properties":{"name": "377"},"geometry":{"type":"Polygon","coordinates":[[[143.9628116,67.5413725],[141.2546743,67.7151637],[138.5070544,67.8426403],[135.7300598,67.9227793],[132.9345364,67.9548194],[131.7499731,66.9460712],[130.6660638,65.9322136],[129.6685063,64.9142892],[128.7453752,63.8930841],[130.2174611,62.9206901],[131.6009551,61.9333990],[132.9033961,60.9327551],[134.1316466,59.9201652],[136.2536105,59.8619269],[138.3644034,59.7674440],[140.4599539,59.6371871],[142.5364579,59.4717297],[143.7037586,60.3783429],[144.9380799,61.2764241],[146.2467085,62.1649688],[147.6378963,63.0427561],[146.8008142,64.1764140],[145.9138160,65.3047202],[144.9703701,66.4267117],[143.9628116,67.5413725]]]}},
{"type":"Feature","properties":{"name": "378"},"geometry":{"type":"Polygon","coordinates":[[[149.8671358,75.4843213],[145.7817880,75.7332578],[141.5693628,75.9115655],[137.2667413,76.0162134],[132.9162095,76.0451719],[130.6676364,75.0203347],[128.7269817,73.9781641],[127.0416456,72.9231246],[125.5694012,71.8587621],[127.6473966,70.9145905],[129.5551699,69.9474922],[131.3119105,68.9601264],[132.9345364,67.9548194],[135.7300598,67.9227793],[138.5070544,67.8426403],[141.2546743,67.7151637],[143.9628116,67.5413725],[145.6803849,68.4476030],[147.5621211,69.3358045],[149.6322453,70.2018180],[151.9183232,71.0403309],[151.4535713,72.1613483],[150.9663987,73.2754614],[150.4429496,74.3830195],[149.8671358,75.4843213]]]}},
{"type":"Feature","properties":{"name": "379"},"geometry":{"type":"Polygon","coordinates":[[[172.8446302,82.4319206],[165.9095313,83.0381726],[157.8089824,83.5274605],[148.6081358,83.8718657],[138.6013919,84.0461500],[132.7095610,83.0671601],[128.3234877,82.0340173],[124.9718101,80.9661653],[122.3471793,79.8755078],[125.6466578,78.9614419],[128.4444785,78.0143239],[130.8411730,77.0406458],[132.9162095,76.0451719],[137.2667413,76.0162134],[141.5693628,75.9115655],[145.7817880,75.7332578],[149.8671358,75.4843213],[153.4826237,76.2718854],[157.5488861,76.9964551],[162.0964643,77.6453818],[167.1371794,78.2047756],[168.1524169,79.2729331],[169.3854141,80.3341991],[170.9109915,81.3877355],[172.8446302,82.4319206]]]}},
{"type":"Feature","properties":{"name": "380"},"geometry":{"type":"Polygon","coordinates":[[[145.1398177,16.0671853],[144.0094168,16.0863213],[142.8818918,16.0994415],[141.7568227,16.1071869],[140.6338167,16.1100889],[139.9403686,15.1234234],[139.2574718,14.1314791],[138.5848776,13.1348294],[137.9223382,12.1340439],[138.3523520,11.1407274],[138.7792625,10.1445225],[139.2039777,9.1452813],[139.6275036,8.1428541],[140.6916320,8.1501707],[141.7559876,8.1559912],[142.8208919,8.1601630],[143.8867052,8.1624936],[144.5621305,9.1650844],[145.2524398,10.1601566],[145.9575340,11.1466169],[146.6772901,12.1233767],[146.2989478,13.1116890],[145.9169694,14.0982852],[145.5307744,15.0833864],[145.1398177,16.0671853]]]}},
{"type":"Feature","properties":{"name": "381"},"geometry":{"type":"Polygon","coordinates":[[[146.5908148,23.7439697],[145.3835269,23.7997788],[144.1793385,23.8448875],[142.9780164,23.8802817],[141.7793139,23.9068067],[141.0396969,22.9481045],[140.3112690,21.9829136],[139.5936619,21.0116948],[138.8865120,20.0349066],[139.3343739,19.0559909],[139.7744865,18.0756150],[140.2074374,17.0936843],[140.6338167,16.1100889],[141.7568227,16.1071869],[142.8818918,16.0994415],[144.0094168,16.0863213],[145.1398177,16.0671853],[145.8846081,17.0231363],[146.6420747,17.9688554],[147.4122675,18.9035954],[148.1952193,19.8266199],[147.8045567,20.8055279],[147.4072322,21.7846868],[147.0028049,22.7641517],[146.5908148,23.7439697]]]}},
{"type":"Feature","properties":{"name": "382"},"geometry":{"type":"Polygon","coordinates":[[[148.1444353,31.2870338],[146.8450974,31.3863328],[145.5476690,31.4705823],[144.2522253,31.5409369],[142.9587890,31.5984132],[142.1718680,30.6624696],[141.3981956,29.7195505],[140.6372415,28.7700505],[139.8884888,27.8143599],[140.3775667,26.8380134],[140.8552984,25.8613135],[141.3223396,24.8842514],[141.7793139,23.9068067],[142.9780164,23.8802817],[144.1793385,23.8448875],[145.3835269,23.7997788],[146.5908148,23.7439697],[147.3901762,24.6571234],[148.2024361,25.5592525],[149.0277885,26.4498028],[149.8664144,27.3282279],[149.4498060,28.3162053],[149.0243320,29.3053243],[148.5894141,30.2955976],[148.1444353,31.2870338]]]}},
{"type":"Feature","properties":{"name": "383"},"geometry":{"type":"Polygon","coordinates":[[[149.6032497,38.6031615],[148.2099205,38.8479888],[146.8126994,39.0769862],[145.4113859,39.2891238],[144.0059175,39.4834837],[143.2353523,38.5564785],[142.4826762,37.6216518],[141.7457825,36.6794348],[141.0225030,35.7302744],[141.5284937,34.6955723],[142.0184075,33.6619072],[142.4945104,32.6294773],[142.9587890,31.5984132],[144.2522253,31.5409369],[145.5476690,31.4705823],[146.8450974,31.3863328],[148.1444353,31.2870338],[149.0272161,32.1100668],[149.9242146,32.9228590],[150.8353217,33.7261419],[151.7605560,34.5205516],[151.2441334,35.5398224],[150.7124740,36.5596517],[150.1655025,37.5805659],[149.6032497,38.6031615]]]}},
{"type":"Feature","properties":{"name": "384"},"geometry":{"type":"Polygon","coordinates":[[[151.1134007,46.1895975],[149.5670816,46.4794033],[148.0105261,46.7484055],[146.4438094,46.9956361],[144.8672171,47.2202312],[143.9766295,46.3503166],[143.1102726,45.4731584],[142.2666948,44.5889600],[141.4445318,43.6979020],[142.1191580,42.6462523],[142.7699696,41.5929883],[143.3984353,40.5385825],[144.0059175,39.4834837],[145.4113859,39.2891238],[146.8126994,39.0769862],[148.2099205,38.8479888],[149.6032497,38.6031615],[150.4832274,39.4165083],[151.3814748,40.2209373],[152.2988341,41.0162281],[153.2361703,41.8021412],[152.7277862,42.8929618],[152.2052761,43.9881318],[151.6675464,45.0871754],[151.1134007,46.1895975]]]}},
{"type":"Feature","properties":{"name": "385"},"geometry":{"type":"Polygon","coordinates":[[[153.0737290,53.8849079],[151.3138070,54.2208725],[149.5310417,54.5300303],[147.7261650,54.8114412],[145.9002612,55.0642410],[144.8483809,54.1903538],[143.8373111,53.3088016],[142.8640023,52.4199931],[141.9256701,51.5242823],[142.7073045,50.4515995],[143.4565553,49.3762787],[144.1758021,48.2989554],[144.8672171,47.2202312],[146.4438094,46.9956361],[148.0105261,46.7484055],[149.5670816,46.4794033],[151.1134007,46.1895975],[152.1049171,46.9890089],[153.1234588,47.7788510],[154.1704125,48.5587727],[155.2472243,49.3283935],[154.7272353,50.4621416],[154.1925912,51.5999277],[153.6419297,52.7410800],[153.0737290,53.8849079]]]}},
{"type":"Feature","properties":{"name": "386"},"geometry":{"type":"Polygon","coordinates":[[[156.2676529,61.7030912],[154.1833193,62.0892631],[152.0487011,62.4421100],[149.8659378,62.7603528],[147.6378963,63.0427561],[146.2467085,62.1649688],[144.9380799,61.2764241],[143.7037586,60.3783429],[142.5364579,59.4717297],[143.4418943,58.3757598],[144.3016496,57.2753019],[145.1198740,56.1711973],[145.9002612,55.0642410],[147.7261650,54.8114412],[149.5310417,54.5300303],[151.3138070,54.2208725],[153.0737290,53.8849079],[154.2663673,54.6754327],[155.5045807,55.4547970],[156.7914732,56.2223188],[158.1304038,56.9772307],[157.6767613,58.1569976],[157.2156768,59.3385446],[156.7462998,60.5209002],[156.2676529,61.7030912]]]}},
{"type":"Feature","properties":{"name": "387"},"geometry":{"type":"Polygon","coordinates":[[[163.1536286,69.3991593],[160.5211248,69.8727509],[157.7686583,70.3060755],[154.8992476,70.6962288],[151.9183232,71.0403309],[149.6322453,70.2018180],[147.5621211,69.3358045],[145.6803849,68.4476030],[143.9628116,67.5413725],[144.9703701,66.4267117],[145.9138160,65.3047202],[146.8008142,64.1764140],[147.6378963,63.0427561],[149.8659378,62.7603528],[152.0487011,62.4421100],[154.1833193,62.0892631],[156.2676529,61.7030912],[157.8875618,62.4740376],[159.6029720,63.2266616],[161.4231624,63.9584236],[163.3584112,64.6661697],[163.2475221,65.8610377],[163.1727926,67.0491887],[163.1394285,68.2290704],[163.1536286,69.3991593]]]}},
{"type":"Feature","properties":{"name": "388"},"geometry":{"type":"Polygon","coordinates":[[[-178.4338506,75.5239014],[178.4816060,76.2644825],[175.0688937,76.9627190],[171.2964710,77.6120334],[167.1371794,78.2047756],[162.0964643,77.6453818],[157.5488861,76.9964551],[153.4826237,76.2718854],[149.8671358,75.4843213],[150.4429496,74.3830195],[150.9663987,73.2754614],[151.4535713,72.1613483],[151.9183232,71.0403309],[154.8992476,70.6962288],[157.7686583,70.3060755],[160.5211248,69.8727509],[163.1536286,69.3991593],[166.0220058,70.0155304],[169.1090489,70.5715271],[172.4079294,71.0592686],[175.9038115,71.4710877],[177.0699386,72.5076801],[178.3865523,73.5289164],[179.8757113,74.5345819],[-178.4338506,75.5239014]]]}},
{"type":"Feature","properties":{"name": "389"},"geometry":{"type":"Polygon","coordinates":[[[151.1294025,11.9941569],[150.0083154,12.0395854],[148.8931200,12.0751711],[147.7830200,12.1026565],[146.6772901,12.1233767],[145.9575340,11.1466169],[145.2524398,10.1601566],[144.5621305,9.1650844],[143.8867052,8.1624936],[144.2856735,7.1560712],[144.6866754,6.1459305],[145.0914215,5.1318180],[145.5020254,4.1135243],[146.5437124,4.1155299],[147.5860406,4.1166508],[148.6294617,4.1167127],[149.6745380,4.1154647],[150.3461894,5.1252612],[151.0438570,6.1214430],[151.7661760,7.1010432],[152.5116312,8.0611722],[152.1687647,9.0468727],[151.8245114,10.0306734],[151.4782362,11.0129905],[151.1294025,11.9941569]]]}},
{"type":"Feature","properties":{"name": "390"},"geometry":{"type":"Polygon","coordinates":[[[152.9391129,19.4628315],[151.7459378,19.5789348],[150.5576828,19.6766252],[149.3741922,19.7584843],[148.1952193,19.8266199],[147.4122675,18.9035954],[146.6420747,17.9688554],[145.8846081,17.0231363],[145.1398177,16.0671853],[145.5307744,15.0833864],[145.9169694,14.0982852],[146.2989478,13.1116890],[146.6772901,12.1233767],[147.7830200,12.1026565],[148.8931200,12.0751711],[150.0083154,12.0395854],[151.1294025,11.9941569],[151.9112756,12.9144738],[152.7082778,13.8152156],[153.5195625,14.6950009],[154.3442306,15.5525357],[153.9992428,16.5289098],[153.6502655,17.5060571],[153.2969946,18.4840180],[152.9391129,19.4628315]]]}},
{"type":"Feature","properties":{"name": "391"},"geometry":{"type":"Polygon","coordinates":[[[154.9934912,26.5032347],[153.7125238,26.7355941],[152.4304451,26.9505971],[151.1481184,27.1481582],[149.8664144,27.3282279],[149.0277885,26.4498028],[148.2024361,25.5592525],[147.3901762,24.6571234],[146.5908148,23.7439697],[147.0028049,22.7641517],[147.4072322,21.7846868],[147.8045567,20.8055279],[148.1952193,19.8266199],[149.3741922,19.7584843],[150.5576828,19.6766252],[151.7459378,19.5789348],[152.9391129,19.4628315],[153.8006963,20.2511953],[154.6728839,21.0231876],[155.5546191,21.7808135],[156.4451869,22.5257427],[156.0900861,23.5185518],[155.7300278,24.5123465],[155.3646303,25.5072142],[154.9934912,26.5032347]]]}},
{"type":"Feature","properties":{"name": "392"},"geometry":{"type":"Polygon","coordinates":[[[157.2146676,33.5224232],[155.8588401,33.7953041],[154.4974424,34.0527377],[153.1311233,34.2945401],[151.7605560,34.5205516],[150.8353217,33.7261419],[149.9242146,32.9228590],[149.0272161,32.1100668],[148.1444353,31.2870338],[148.5894141,30.2955976],[149.0243320,29.3053243],[149.4498060,28.3162053],[149.8664144,27.3282279],[151.1481184,27.1481582],[152.4304451,26.9505971],[153.7125238,26.7355941],[154.9934912,26.5032347],[155.9045231,27.2539040],[156.8256149,27.9952214],[157.7567779,28.7279228],[158.6981238,29.4526328],[158.3370061,30.4678737],[157.9697174,31.4845142],[157.5957765,32.5026635],[157.2146676,33.5224232]]]}},
{"type":"Feature","properties":{"name": "393"},"geometry":{"type":"Polygon","coordinates":[[[159.2106434,40.6239492],[157.7256184,40.9419038],[156.2342192,41.2443861],[154.7374055,41.5311882],[153.2361703,41.8021412],[152.2988341,41.0162281],[151.3814748,40.2209373],[150.4832274,39.4165083],[149.6032497,38.6031615],[150.1655025,37.5805659],[150.7124740,36.5596517],[151.2441334,35.5398224],[151.7605560,34.5205516],[153.1311233,34.2945401],[154.4974424,34.0527377],[155.8588401,33.7953041],[157.2146676,33.5224232],[158.1360617,34.2688329],[159.0734990,35.0052637],[160.0275800,35.7315249],[160.9989132,36.4474149],[160.5727542,37.4894951],[160.1327388,38.5325940],[159.6787163,39.5772202],[159.2106434,40.6239492]]]}},
{"type":"Feature","properties":{"name": "394"},"geometry":{"type":"Polygon","coordinates":[[[161.5647924,47.7162123],[160.0024939,48.1433449],[158.4300045,48.5557757],[156.8453940,48.9513875],[155.2472243,49.3283935],[154.1704125,48.5587727],[153.1234588,47.7788510],[152.1049171,46.9890089],[151.1134007,46.1895975],[151.6675464,45.0871754],[152.2052761,43.9881318],[152.7277862,42.8929618],[153.2361703,41.8021412],[154.7374055,41.5311882],[156.2342192,41.2443861],[157.7256184,40.9419038],[159.2106434,40.6239492],[160.2275905,41.3408715],[161.2660397,42.0466787],[162.3267547,42.7410578],[163.4105061,43.4236795],[162.9644860,44.4877089],[162.5071622,45.5570237],[162.0399062,46.6327522],[161.5647924,47.7162123]]]}},
{"type":"Feature","properties":{"name": "395"},"geometry":{"type":"Polygon","coordinates":[[[165.1311529,55.0576326],[163.4280183,55.5725896],[161.6948833,56.0652070],[159.9295134,56.5338918],[158.1304038,56.9772307],[156.7914732,56.2223188],[155.5045807,55.4547970],[154.2663673,54.6754327],[153.0737290,53.8849079],[153.6419297,52.7410800],[154.1925912,51.5999277],[154.7272353,50.4621416],[155.2472243,49.3283935],[156.8453940,48.9513875],[158.4300045,48.5557757],[160.0024939,48.1433449],[161.5647924,47.7162123],[162.7241532,48.4034119],[163.9131208,49.0776114],[165.1326894,49.7383070],[166.3838369,50.3849664],[166.0556813,51.5366703],[165.7368287,52.7002673],[165.4282793,53.8743962],[165.1311529,55.0576326]]]}},
{"type":"Feature","properties":{"name": "396"},"geometry":{"type":"Polygon","coordinates":[[[171.2374808,62.4222814],[169.3803469,63.0242057],[167.4496909,63.5998448],[165.4429799,64.1477035],[163.3584112,64.6661697],[161.4231624,63.9584236],[159.6029720,63.2266616],[157.8875618,62.4740376],[156.2676529,61.7030912],[156.7462998,60.5209002],[157.2156768,59.3385446],[157.6767613,58.1569976],[158.1304038,56.9772307],[159.9295134,56.5338918],[161.6948833,56.0652070],[163.4280183,55.5725896],[165.1311529,55.0576326],[166.5525492,55.7115712],[168.0220989,56.3493026],[169.5422021,56.9699433],[171.1154868,57.5725195],[171.0649301,58.7837812],[171.0644460,59.9980432],[171.1198091,61.2120012],[171.2374808,62.4222814]]]}},
{"type":"Feature","properties":{"name": "397"},"geometry":{"type":"Polygon","coordinates":[[[-175.3944544,68.5501363],[-177.3507830,69.3197639],[-179.4456022,70.0645845],[178.3097682,70.7825344],[175.9038115,71.4710877],[172.4079294,71.0592686],[169.1090489,70.5715271],[166.0220058,70.0155304],[163.1536286,69.3991593],[163.1394285,68.2290704],[163.1727926,67.0491887],[163.2475221,65.8610377],[163.3584112,64.6661697],[165.4429799,64.1477035],[167.4496909,63.5998448],[169.3803469,63.0242057],[171.2374808,62.4222814],[173.2633498,62.9992841],[175.4030617,63.5408594],[177.6688648,64.0388959],[-179.9251423,64.4809707],[-178.9797454,65.5428617],[-177.9054944,66.5721009],[-176.7104359,67.5734672],[-175.3944544,68.5501363]]]}},
{"type":"Feature","properties":{"name": "398"},"geometry":{"type":"Polygon","coordinates":[[[156.9933758,7.7642638],[155.8539825,7.8776516],[154.7284678,7.9586349],[153.6149916,8.0176334],[152.5116312,8.0611722],[151.7661760,7.1010432],[151.0438570,6.1214430],[150.3461894,5.1252612],[149.6745380,4.1154647],[150.0679099,3.0949931],[150.4756685,2.0686207],[150.9048097,1.0364975],[151.3660358,-0.0000000],[152.3882668,0.0000000],[153.4099288,0.0000000],[154.4311039,-0.0000000],[155.4518738,-0.0000000],[156.0394870,1.0354382],[156.7160537,2.0445943],[157.4659741,3.0008987],[158.2696030,3.8806166],[157.9523214,4.8511264],[157.6339997,5.8218730],[157.3144238,6.7929032],[156.9933758,7.7642638]]]}},
{"type":"Feature","properties":{"name": "399"},"geometry":{"type":"Polygon","coordinates":[[[159.1475137,14.6044961],[157.9442965,14.8799677],[156.7413344,15.1299328],[155.5406477,15.3541608],[154.3442306,15.5525357],[153.5195625,14.6950009],[152.7082778,13.8152156],[151.9112756,12.9144738],[151.1294025,11.9941569],[151.4782362,11.0129905],[151.8245114,10.0306734],[152.1687647,9.0468727],[152.5116312,8.0611722],[153.6149916,8.0176334],[154.7284678,7.9586349],[155.8539825,7.8776516],[156.9933758,7.7642638],[157.8437274,8.5248293],[158.7033940,9.2514147],[159.5679435,9.9533606],[160.4352876,10.6369102],[160.1160832,11.6311284],[159.7951546,12.6234337],[159.4723601,13.6144061],[159.1475137,14.6044961]]]}},
{"type":"Feature","properties":{"name": "400"},"geometry":{"type":"Polygon","coordinates":[[[161.4131140,21.3647385],[160.1768180,21.6823405],[158.9360701,21.9818907],[157.6918571,22.2631048],[156.4451869,22.5257427],[155.5546191,21.7808135],[154.6728839,21.0231876],[153.8006963,20.2511953],[152.9391129,19.4628315],[153.2969946,18.4840180],[153.6502655,17.5060571],[153.9992428,16.5289098],[154.3442306,15.5525357],[155.5406477,15.3541608],[156.7413344,15.1299328],[157.9442965,14.8799677],[159.1475137,14.6044961],[160.0264126,15.2997583],[160.9094227,15.9836028],[161.7963847,16.6577392],[162.6873256,17.3235066],[162.3726621,18.3351103],[162.0555176,19.3456121],[161.7357329,20.3553815],[161.4131140,21.3647385]]]}},
{"type":"Feature","properties":{"name": "401"},"geometry":{"type":"Polygon","coordinates":[[[163.8660458,28.1557813],[162.5845031,28.5024740],[161.2956062,28.8343741],[159.9999411,29.1511848],[158.6981238,29.4526328],[157.7567779,28.7279228],[156.8256149,27.9952214],[155.9045231,27.2539040],[154.9934912,26.5032347],[155.3646303,25.5072142],[155.7300278,24.5123465],[156.0900861,23.5185518],[156.4451869,22.5257427],[157.6918571,22.2631048],[158.9360701,21.9818907],[160.1768180,21.6823405],[161.4131140,21.3647385],[162.3258336,22.0437578],[163.2448488,22.7158145],[164.1704080,23.3814883],[165.1028099,24.0412514],[164.7982287,25.0696812],[164.4907219,26.0980763],[164.1800752,27.1266970],[163.8660458,28.1557813]]]}},
{"type":"Feature","properties":{"name": "402"},"geometry":{"type":"Polygon","coordinates":[[[166.5245221,35.0083553],[165.1575560,35.3891165],[163.7805845,35.7561142],[162.3941693,36.1089915],[160.9989132,36.4474149],[160.0275800,35.7315249],[159.0734990,35.0052637],[158.1360617,34.2688329],[157.2146676,33.5224232],[157.5957765,32.5026635],[157.9697174,31.4845142],[158.3370061,30.4678737],[158.6981238,29.4526328],[159.9999411,29.1511848],[161.2956062,28.8343741],[162.5845031,28.5024740],[163.8660458,28.1557813],[164.8326357,28.8282832],[165.8089396,29.4951372],[166.7953904,30.1565437],[167.7924510,30.8126538],[167.4918159,31.8628008],[167.1805247,32.9119497],[166.8582141,33.9603702],[166.5245221,35.0083553]]]}},
{"type":"Feature","properties":{"name": "403"},"geometry":{"type":"Polygon","coordinates":[[[169.4660626,41.7739129],[167.9698263,42.2061783],[166.4612240,42.6255476],[164.9411365,43.0315309],[163.4105061,43.4236795],[162.3267547,42.7410578],[161.2660397,42.0466787],[160.2275905,41.3408715],[159.2106434,40.6239492],[159.6787163,39.5772202],[160.1327388,38.5325940],[160.5727542,37.4894951],[160.9989132,36.4474149],[162.3941693,36.1089915],[163.7805845,35.7561142],[165.1575560,35.3891165],[166.5245221,35.0083553],[167.5556832,35.6631935],[168.6049583,36.3068918],[169.6728930,36.9392897],[170.7600381,37.5602339],[170.4533384,38.6118002],[170.1355904,39.6642836],[169.8065533,40.7181463],[169.4660626,41.7739129]]]}},
{"type":"Feature","properties":{"name": "404"},"geometry":{"type":"Polygon","coordinates":[[[173.0032725,48.4170559],[171.3638659,48.9248396],[169.7129378,49.4225708],[168.0523020,49.9094989],[166.3838369,50.3849664],[165.1326894,49.7383070],[163.9131208,49.0776114],[162.7241532,48.4034119],[161.5647924,47.7162123],[162.0399062,46.6327522],[162.5071622,45.5570237],[162.9644860,44.4877089],[163.4105061,43.4236795],[164.9411365,43.0315309],[166.4612240,42.6255476],[167.9698263,42.2061783],[169.4660626,41.7739129],[170.6212287,42.3859788],[171.8001269,42.9852785],[173.0034530,43.5715902],[174.2319195,44.1447190],[173.9377331,45.2056013],[173.6342978,46.2705803],[173.3223699,47.3406636],[173.0032725,48.4170559]]]}},
{"type":"Feature","properties":{"name": "405"},"geometry":{"type":"Polygon","coordinates":[[[177.6338814,54.9795570],[176.0202596,55.6457772],[174.4052789,56.3036328],[172.7738841,56.9471054],[171.1154868,57.5725195],[169.5422021,56.9699433],[168.0220989,56.3493026],[166.5525492,55.7115712],[165.1311529,55.0576326],[165.4282793,53.8743962],[165.7368287,52.7002673],[166.0556813,51.5366703],[166.3838369,50.3849664],[168.0523020,49.9094989],[169.7129378,49.4225708],[171.3638659,48.9248396],[173.0032725,48.4170559],[174.3294649,48.9768367],[175.6865706,49.5209995],[177.0754600,50.0492206],[178.4970779,50.5612547],[178.2607045,51.6445190],[178.0299783,52.7396739],[177.8150733,53.8499913],[177.6338814,54.9795570]]]}},
{"type":"Feature","properties":{"name": "406"},"geometry":{"type":"Polygon","coordinates":[[[-173.7778361,61.4932287],[-175.1980326,62.2639253],[-176.6926459,63.0196611],[-178.2666357,63.7591491],[-179.9251423,64.4809707],[177.6688648,64.0388959],[175.4030617,63.5408594],[173.2633498,62.9992841],[171.2374808,62.4222814],[171.1198091,61.2120012],[171.0644460,59.9980432],[171.0649301,58.7837812],[171.1154868,57.5725195],[172.7738841,56.9471054],[174.4052789,56.3036328],[176.0202596,55.6457772],[177.6338814,54.9795570],[179.2053033,55.4712318],[-179.1853346,55.9420230],[-177.5380797,56.3911230],[-175.8531776,56.8177133],[-175.6349160,58.0024359],[-175.2228705,59.1981468],[-174.6044900,60.3724499],[-173.7778361,61.4932287]]]}},
{"type":"Feature","properties":{"name": "407"},"geometry":{"type":"Polygon","coordinates":[[[-132.9518738,0.0000000],[-133.5394870,1.0354382],[-134.2160537,2.0445943],[-134.9659741,3.0008987],[-135.7696030,3.8806166],[-136.9384787,3.6418799],[-138.1090628,3.3093607],[-139.2510356,2.8904172],[-140.3357708,2.3972191],[-140.4676521,1.2139992],[-140.5123979,-0.0000000],[-140.4676521,-1.2139992],[-140.3357708,-2.3972191],[-139.2510356,-2.8904172],[-138.1090628,-3.3093607],[-136.9384787,-3.6418799],[-135.7696030,-3.8806166],[-134.9659741,-3.0008987],[-134.2160537,-2.0445943],[-133.5394870,-1.0354382],[-132.9518738,0.0000000]]]}},
{"type":"Feature","properties":{"name": "408"},"geometry":{"type":"Polygon","coordinates":[[[-127.1745380,4.1154647],[-127.8461894,5.1252612],[-128.5438570,6.1214430],[-129.2661760,7.1010432],[-130.0116312,8.0611722],[-131.1149916,8.0176334],[-132.2284678,7.9586349],[-133.3539825,7.8776516],[-134.4933758,7.7642638],[-134.8144238,6.7929032],[-135.1339997,5.8218730],[-135.4523214,4.8511264],[-135.7696030,3.8806166],[-134.9659741,3.0008987],[-134.2160537,2.0445943],[-133.5394870,1.0354382],[-132.9518738,0.0000000],[-131.9311039,0.0000000],[-130.9099288,0.0000000],[-129.8882668,0.0000000],[-128.8660358,0.0000000],[-128.4048097,1.0364975],[-127.9756685,2.0686207],[-127.5679099,3.0949931],[-127.1745380,4.1154647]]]}},
{"type":"Feature","properties":{"name": "409"},"geometry":{"type":"Polygon","coordinates":[[[-121.3867052,8.1624936],[-122.0621305,9.1650844],[-122.7524398,10.1601566],[-123.4575340,11.1466169],[-124.1772901,12.1233767],[-125.2830200,12.1026565],[-126.3931200,12.0751711],[-127.5083154,12.0395854],[-128.6294025,11.9941569],[-128.9782362,11.0129905],[-129.3245114,10.0306734],[-129.6687647,9.0468727],[-130.0116312,8.0611722],[-129.2661760,7.1010432],[-128.5438570,6.1214430],[-127.8461894,5.1252612],[-127.1745380,4.1154647],[-126.1294617,4.1167127],[-125.0860406,4.1166508],[-124.0437124,4.1155299],[-123.0020254,4.1135243],[-122.5914215,5.1318180],[-122.1866754,6.1459305],[-121.7856735,7.1560712],[-121.3867052,8.1624936]]]}},
{"type":"Feature","properties":{"name": "410"},"geometry":{"type":"Polygon","coordinates":[[[-115.4223382,12.1340439],[-116.0848776,13.1348294],[-116.7574718,14.1314791],[-117.4403686,15.1234234],[-118.1338167,16.1100889],[-119.2568227,16.1071869],[-120.3818918,16.0994415],[-121.5094168,16.0863213],[-122.6398177,16.0671853],[-123.0307744,15.0833864],[-123.4169694,14.0982852],[-123.7989478,13.1116890],[-124.1772901,12.1233767],[-123.4575340,11.1466169],[-122.7524398,10.1601566],[-122.0621305,9.1650844],[-121.3867052,8.1624936],[-120.3208919,8.1601630],[-119.2559876,8.1559912],[-118.1916320,8.1501707],[-117.1275036,8.1428541],[-116.7039777,9.1452813],[-116.2792625,10.1445225],[-115.8523520,11.1407274],[-115.4223382,12.1340439]]]}},
{"type":"Feature","properties":{"name": "411"},"geometry":{"type":"Polygon","coordinates":[[[-109.1844043,15.9998636],[-109.8224536,17.0008396],[-110.4674744,18.0000000],[-111.1198390,18.9970020],[-111.7799303,19.9914988],[-112.9302461,20.0091180],[-114.0812670,20.0224177],[-115.2332621,20.0311210],[-116.3865120,20.0349066],[-116.8343739,19.0559909],[-117.2744865,18.0756150],[-117.7074374,17.0936843],[-118.1338167,16.1100889],[-117.4403686,15.1234234],[-116.7574718,14.1314791],[-116.0848776,13.1348294],[-115.4223382,12.1340439],[-114.3330019,12.1221688],[-113.2436939,12.1081312],[-112.1541531,12.0920617],[-111.0641344,12.0740697],[-110.6033259,13.0597863],[-110.1369282,14.0426123],[-109.6641949,15.0226173],[-109.1844043,15.9998636]]]}},
{"type":"Feature","properties":{"name": "412"},"geometry":{"type":"Polygon","coordinates":[[[-102.6490811,19.5826637],[-103.2742115,20.6194373],[-103.9033789,21.6568325],[-104.5368571,22.6943480],[-105.1749289,23.7314816],[-106.3365564,23.7959382],[-107.4994221,23.8496065],[-108.6636085,23.8923324],[-109.8291720,23.9239768],[-110.3237717,22.9401135],[-110.8132210,21.9568015],[-111.2983539,20.9739592],[-111.7799303,19.9914988],[-111.1198390,18.9970020],[-110.4674744,18.0000000],[-109.8224536,17.0008396],[-109.1844043,15.9998636],[-108.0606114,15.9604792],[-106.9369274,15.9121471],[-105.8131527,15.8551287],[-104.6890596,15.7897197],[-104.1835346,16.7388754],[-103.6753985,17.6873532],[-103.1641085,18.6352495],[-102.6490811,19.5826637]]]}},
{"type":"Feature","properties":{"name": "413"},"geometry":{"type":"Polygon","coordinates":[[[-95.9035365,22.8546788],[-96.5058257,23.9249378],[-97.1063714,24.9993957],[-97.7050813,26.0770975],[-98.3018631,27.1570878],[-99.4795185,27.2851228],[-100.6589081,27.4022457],[-101.8402300,27.5082571],[-103.0236234,27.6029830],[-103.5763033,26.6343744],[-104.1181717,25.6662733],[-104.6506367,24.6986587],[-105.1749289,23.7314816],[-104.5368571,22.6943480],[-103.9033789,21.6568325],[-103.2742115,20.6194373],[-102.6490811,19.5826637],[-101.5085556,19.4892558],[-100.3673558,19.3874794],[-99.2250915,19.2777927],[-98.0813055,19.1607421],[-97.5454618,20.0853750],[-97.0043569,21.0091628],[-96.4573043,21.9322220],[-95.9035365,22.8546788]]]}},
{"type":"Feature","properties":{"name": "414"},"geometry":{"type":"Polygon","coordinates":[[[-88.8841269,25.7851271],[-89.4585581,26.8818674],[-90.0178966,27.9900217],[-90.5606802,29.1067665],[-91.0854614,30.2292437],[-92.2714325,30.4258693],[-93.4601819,30.6113937],[-94.6521671,30.7855964],[-95.8476922,30.9482949],[-96.4895791,30.0004621],[-97.1106093,29.0524824],[-97.7138678,28.1046461],[-98.3018631,27.1570878],[-97.7050813,26.0770975],[-97.1063714,24.9993957],[-96.5058257,23.9249378],[-95.9035365,22.8546788],[-94.7419827,22.7053420],[-93.5778246,22.5492152],[-92.4100716,22.3873944],[-91.2375174,22.2213201],[-90.6615002,23.1140809],[-90.0778604,24.0055109],[-89.4857441,24.8957862],[-88.8841269,25.7851271]]]}},
{"type":"Feature","properties":{"name": "415"},"geometry":{"type":"Polygon","coordinates":[[[-81.4751017,28.3871050],[-82.0700261,29.4577346],[-82.5949039,30.5843556],[-83.0334230,31.7397768],[-83.3731047,32.8951919],[-84.5480022,33.1629734],[-85.7304186,33.4197558],[-86.9202631,33.6653695],[-88.1174297,33.8996462],[-88.9295264,32.9897682],[-89.6865872,32.0722051],[-90.4021651,31.1513275],[-91.0854614,30.2292437],[-90.5606802,29.1067665],[-90.0178966,27.9900217],[-89.4585581,26.8818674],[-88.8841269,25.7851271],[-87.6918350,25.5827292],[-86.4893011,25.3803836],[-85.2724825,25.1836063],[-84.0360173,25.0015249],[-83.4093576,25.8527946],[-82.7739802,26.7008643],[-82.1293969,27.5456611],[-81.4751017,28.3871050]]]}},
{"type":"Feature","properties":{"name": "416"},"geometry":{"type":"Polygon","coordinates":[[[-134.4933758,-7.7642638],[-134.8144238,-6.7929032],[-135.1339997,-5.8218730],[-135.4523214,-4.8511264],[-135.7696030,-3.8806166],[-136.9384787,-3.6418799],[-138.1090628,-3.3093607],[-139.2510356,-2.8904172],[-140.3357708,-2.3972191],[-141.1634305,-2.9959452],[-141.9923247,-3.5942839],[-142.8227025,-4.1921562],[-143.6548140,-4.7894819],[-143.4228263,-5.9001950],[-143.1659930,-6.9883908],[-142.8933555,-8.0590499],[-142.6102654,-9.1159969],[-141.4600789,-9.5399065],[-140.2953105,-9.9355905],[-139.1192465,-10.3016555],[-137.9352876,-10.6369102],[-137.0679435,-9.9533606],[-136.2033940,-9.2514147],[-135.3437274,-8.5248293],[-134.4933758,-7.7642638]]]}},
{"type":"Feature","properties":{"name": "417"},"geometry":{"type":"Polygon","coordinates":[[[-127.1745380,-4.1154647],[-127.5679099,-3.0949931],[-127.9756685,-2.0686207],[-128.4048097,-1.0364975],[-128.8660358,0.0000000],[-129.8882668,0.0000000],[-130.9099288,0.0000000],[-131.9311039,0.0000000],[-132.9518738,0.0000000],[-133.5394870,-1.0354382],[-134.2160537,-2.0445943],[-134.9659741,-3.0008987],[-135.7696030,-3.8806166],[-135.4523214,-4.8511264],[-135.1339997,-5.8218730],[-134.8144238,-6.7929032],[-134.4933758,-7.7642638],[-133.3539825,-7.8776516],[-132.2284678,-7.9586349],[-131.1149916,-8.0176334],[-130.0116312,-8.0611722],[-129.2661760,-7.1010432],[-128.5438570,-6.1214430],[-127.8461894,-5.1252612],[-127.1745380,-4.1154647]]]}},
{"type":"Feature","properties":{"name": "418"},"geometry":{"type":"Polygon","coordinates":[[[-120.6576968,0.0000000],[-121.2126690,1.0301327],[-121.7885086,2.0601525],[-122.3850367,3.0884886],[-123.0020254,4.1135243],[-124.0437124,4.1155299],[-125.0860406,4.1166508],[-126.1294617,4.1167127],[-127.1745380,4.1154647],[-127.5679099,3.0949931],[-127.9756685,2.0686207],[-128.4048097,1.0364975],[-128.8660358,0.0000000],[-128.4048097,-1.0364975],[-127.9756685,-2.0686207],[-127.5679099,-3.0949931],[-127.1745380,-4.1154647],[-126.1294617,-4.1167127],[-125.0860406,-4.1166508],[-124.0437124,-4.1155299],[-123.0020254,-4.1135243],[-122.3850367,-3.0884886],[-121.7885086,-2.0601525],[-121.2126690,-1.0301327],[-120.6576968,0.0000000]]]}},
{"type":"Feature","properties":{"name": "419"},"geometry":{"type":"Polygon","coordinates":[[[-114.6564511,4.0754273],[-115.2571379,5.0947707],[-115.8691132,6.1129352],[-116.4925210,7.1292059],[-117.1275036,8.1428541],[-118.1916320,8.1501707],[-119.2559876,8.1559912],[-120.3208919,8.1601630],[-121.3867052,8.1624936],[-121.7856735,7.1560712],[-122.1866754,6.1459305],[-122.5914215,5.1318180],[-123.0020254,4.1135243],[-122.3850367,3.0884886],[-121.7885086,2.0601525],[-121.2126690,1.0301327],[-120.6576968,0.0000000],[-119.6265653,0.0000000],[-118.5940114,0.0000000],[-117.5599451,0.0000000],[-116.5242752,0.0000000],[-116.0423977,1.0227405],[-115.5722588,2.0431840],[-115.1110605,3.0608461],[-114.6564511,4.0754273]]]}},
{"type":"Feature","properties":{"name": "420"},"geometry":{"type":"Polygon","coordinates":[[[-108.5924640,8.0411894],[-109.2002055,9.0503816],[-109.8145404,10.0591955],[-110.4357529,11.0672280],[-111.0641344,12.0740697],[-112.1541531,12.0920617],[-113.2436939,12.1081312],[-114.3330019,12.1221688],[-115.4223382,12.1340439],[-115.8523520,11.1407274],[-116.2792625,10.1445225],[-116.7039777,9.1452813],[-117.1275036,8.1428541],[-116.4925210,7.1292059],[-115.8691132,6.1129352],[-115.2571379,5.0947707],[-114.6564511,4.0754273],[-113.6086133,4.0684905],[-112.5591982,4.0611314],[-111.5080660,4.0533582],[-110.4550807,4.0451772],[-109.9888773,5.0490926],[-109.5238744,6.0497611],[-109.0587891,7.0471328],[-108.5924640,8.0411894]]]}},
{"type":"Feature","properties":{"name": "421"},"geometry":{"type":"Polygon","coordinates":[[[-102.2442551,11.7217993],[-102.8493377,12.7366717],[-103.4583072,13.7532038],[-104.0714496,14.7710150],[-104.6890596,15.7897197],[-105.8131527,15.8551287],[-106.9369274,15.9121471],[-108.0606114,15.9604792],[-109.1844043,15.9998636],[-109.6641949,15.0226173],[-110.1369282,14.0426123],[-110.6033259,13.0597863],[-111.0641344,12.0740697],[-110.4357529,11.0672280],[-109.8145404,10.0591955],[-109.2002055,9.0503816],[-108.5924640,8.0411894],[-107.5197282,8.0238703],[-106.4450950,8.0056252],[-105.3684024,7.9864699],[-104.2894918,7.9664169],[-103.7782828,8.9078691],[-103.2672523,9.8475440],[-102.7560339,10.7855004],[-102.2442551,11.7217993]]]}},
{"type":"Feature","properties":{"name": "422"},"geometry":{"type":"Polygon","coordinates":[[[-95.6449715,15.0184907],[-96.2525688,16.0455635],[-96.8610829,17.0787152],[-97.4706234,18.1173202],[-98.0813055,19.1607421],[-99.2250915,19.2777927],[-100.3673558,19.3874794],[-101.5085556,19.4892558],[-102.6490811,19.5826637],[-103.1641085,18.6352495],[-103.6753985,17.6873532],[-104.1835346,16.7388754],[-104.6890596,15.7897197],[-104.0714496,14.7710150],[-103.4583072,13.7532038],[-102.8493377,12.7366717],[-102.2442551,11.7217993],[-101.1278508,11.6406317],[-100.0091998,11.5544200],[-98.8878599,11.4639028],[-97.7633413,11.3699435],[-97.2369081,12.2852760],[-96.7086089,13.1984528],[-96.1780857,14.1095114],[-95.6449715,15.0184907]]]}},
{"type":"Feature","properties":{"name": "423"},"geometry":{"type":"Polygon","coordinates":[[[-88.7889837,18.0828306],[-89.4072419,19.0956226],[-90.0217494,20.1238289],[-90.6320096,21.1661746],[-91.2375174,22.2213201],[-92.4100716,22.3873944],[-93.5778246,22.5492152],[-94.7419827,22.7053420],[-95.9035365,22.8546788],[-96.4573043,21.9322220],[-97.0043569,21.0091628],[-97.5454618,20.0853750],[-98.0813055,19.1607421],[-97.4706234,18.1173202],[-96.8610829,17.0787152],[-96.2525688,16.0455635],[-95.6449715,15.0184907],[-94.5009317,14.9017220],[-93.3516774,14.7842275],[-92.1963019,14.6678737],[-91.0337887,14.5549750],[-90.4787711,15.4410927],[-89.9198652,16.3244499],[-89.3567215,17.2050345],[-88.7889837,18.0828306]]]}},
{"type":"Feature","properties":{"name": "424"},"geometry":{"type":"Polygon","coordinates":[[[-81.3529664,21.2987386],[-82.0212498,22.1988581],[-82.6941268,23.1119800],[-83.3680185,24.0435607],[-84.0360173,25.0015249],[-85.2724825,25.1836063],[-86.4893011,25.3803836],[-87.6918350,25.5827292],[-88.8841269,25.7851271],[-89.4857441,24.8957862],[-90.0778604,24.0055109],[-90.6615002,23.1140809],[-91.2375174,22.2213201],[-90.6320096,21.1661746],[-90.0217494,20.1238289],[-89.4072419,19.0956226],[-88.7889837,18.0828306],[-87.5607921,18.0090652],[-86.3221169,17.9448571],[-85.0743226,17.8903236],[-83.8188332,17.8455651],[-83.2133890,18.7110319],[-82.6009332,19.5748000],[-81.9809669,20.4372123],[-81.3529664,21.2987386]]]}},
{"type":"Feature","properties":{"name": "425"},"geometry":{"type":"Polygon","coordinates":[[[-136.6475137,-14.6044961],[-136.9723601,-13.6144061],[-137.2951546,-12.6234337],[-137.6160832,-11.6311284],[-137.9352876,-10.6369102],[-139.1192465,-10.3016555],[-140.2953105,-9.9355905],[-141.4600789,-9.5399065],[-142.6102654,-9.1159969],[-143.4656814,-9.7279119],[-144.3228344,-10.3367709],[-145.1822312,-10.9429677],[-146.0443365,-11.5467671],[-145.7777443,-12.6128166],[-145.5053288,-13.6712523],[-145.2282808,-14.7233403],[-144.9474341,-15.7701508],[-143.7715086,-16.1860995],[-142.5854013,-16.5840551],[-141.3902708,-16.9633847],[-140.1873256,-17.3235066],[-139.2963847,-16.6577392],[-138.4094227,-15.9836028],[-137.5264126,-15.2997583],[-136.6475137,-14.6044961]]]}},
{"type":"Feature","properties":{"name": "426"},"geometry":{"type":"Polygon","coordinates":[[[-128.6294025,-11.9941569],[-128.9782362,-11.0129905],[-129.3245114,-10.0306734],[-129.6687647,-9.0468727],[-130.0116312,-8.0611722],[-131.1149916,-8.0176334],[-132.2284678,-7.9586349],[-133.3539825,-7.8776516],[-134.4933758,-7.7642638],[-135.3437274,-8.5248293],[-136.2033940,-9.2514147],[-137.0679435,-9.9533606],[-137.9352876,-10.6369102],[-137.6160832,-11.6311284],[-137.2951546,-12.6234337],[-136.9723601,-13.6144061],[-136.6475137,-14.6044961],[-135.4442965,-14.8799677],[-134.2413344,-15.1299328],[-133.0406477,-15.3541608],[-131.8442306,-15.5525357],[-131.0195625,-14.6950009],[-130.2082778,-13.8152156],[-129.4112756,-12.9144738],[-128.6294025,-11.9941569]]]}},
{"type":"Feature","properties":{"name": "427"},"geometry":{"type":"Polygon","coordinates":[[[-121.3867052,-8.1624936],[-121.7856735,-7.1560712],[-122.1866754,-6.1459305],[-122.5914215,-5.1318180],[-123.0020254,-4.1135243],[-124.0437124,-4.1155299],[-125.0860406,-4.1166508],[-126.1294617,-4.1167127],[-127.1745380,-4.1154647],[-127.8461894,-5.1252612],[-128.5438570,-6.1214430],[-129.2661760,-7.1010432],[-130.0116312,-8.0611722],[-129.6687647,-9.0468727],[-129.3245114,-10.0306734],[-128.9782362,-11.0129905],[-128.6294025,-11.9941569],[-127.5083154,-12.0395854],[-126.3931200,-12.0751711],[-125.2830200,-12.1026565],[-124.1772901,-12.1233767],[-123.4575340,-11.1466169],[-122.7524398,-10.1601566],[-122.0621305,-9.1650844],[-121.3867052,-8.1624936]]]}},
{"type":"Feature","properties":{"name": "428"},"geometry":{"type":"Polygon","coordinates":[[[-114.6564511,-4.0754273],[-115.1110605,-3.0608461],[-115.5722588,-2.0431840],[-116.0423977,-1.0227405],[-116.5242752,0.0000000],[-117.5599451,0.0000000],[-118.5940114,0.0000000],[-119.6265653,0.0000000],[-120.6576968,0.0000000],[-121.2126690,-1.0301327],[-121.7885086,-2.0601525],[-122.3850367,-3.0884886],[-123.0020254,-4.1135243],[-122.5914215,-5.1318180],[-122.1866754,-6.1459305],[-121.7856735,-7.1560712],[-121.3867052,-8.1624936],[-120.3208919,-8.1601630],[-119.2559876,-8.1559912],[-118.1916320,-8.1501707],[-117.1275036,-8.1428541],[-116.4925210,-7.1292059],[-115.8691132,-6.1129352],[-115.2571379,-5.0947707],[-114.6564511,-4.0754273]]]}},
{"type":"Feature","properties":{"name": "429"},"geometry":{"type":"Polygon","coordinates":[[[-108.1697863,0.0000000],[-108.7298930,1.0086437],[-109.2973430,2.0193612],[-109.8723370,3.0316957],[-110.4550807,4.0451772],[-111.5080660,4.0533582],[-112.5591982,4.0611314],[-113.6086133,4.0684905],[-114.6564511,4.0754273],[-115.1110605,3.0608461],[-115.5722588,2.0431840],[-116.0423977,1.0227405],[-116.5242752,0.0000000],[-116.0423977,-1.0227405],[-115.5722588,-2.0431840],[-115.1110605,-3.0608461],[-114.6564511,-4.0754273],[-113.6086133,-4.0684905],[-112.5591982,-4.0611314],[-111.5080660,-4.0533582],[-110.4550807,-4.0451772],[-109.8723370,-3.0316957],[-109.2973430,-2.0193612],[-108.7298930,-1.0086437],[-108.1697863,0.0000000]]]}},
{"type":"Feature","properties":{"name": "430"},"geometry":{"type":"Polygon","coordinates":[[[-101.9488540,3.9653945],[-102.5289470,4.9630125],[-103.1122341,5.9625815],[-103.6989890,6.9638138],[-104.2894918,7.9664169],[-105.3684024,7.9864699],[-106.4450950,8.0056252],[-107.5197282,8.0238703],[-108.5924640,8.0411894],[-109.0587891,7.0471328],[-109.5238744,6.0497611],[-109.9888773,5.0490926],[-110.4550807,4.0451772],[-109.8723370,3.0316957],[-109.2973430,2.0193612],[-108.7298930,1.0086437],[-108.1697863,0.0000000],[-107.1153446,0.0000000],[-106.0583040,0.0000000],[-104.9985547,0.0000000],[-103.9359844,0.0000000],[-103.4361738,0.9958475],[-102.9393044,1.9888305],[-102.4439600,2.9787348],[-101.9488540,3.9653945]]]}},
{"type":"Feature","properties":{"name": "431"},"geometry":{"type":"Polygon","coordinates":[[[-95.3742076,7.3670563],[-95.9692320,8.3588378],[-96.5656411,9.3568639],[-97.1636152,10.3607106],[-97.7633413,11.3699435],[-98.8878599,11.4639028],[-100.0091998,11.5544200],[-101.1278508,11.6406317],[-102.2442551,11.7217993],[-102.7560339,10.7855004],[-103.2672523,9.8475440],[-103.7782828,8.9078691],[-104.2894918,7.9664169],[-103.6989890,6.9638138],[-103.1122341,5.9625815],[-102.5289470,4.9630125],[-101.9488540,3.9653945],[-100.8445313,3.9026721],[-99.7371875,3.8379703],[-98.6264083,3.7722092],[-97.5117527,3.7064412],[-96.9776370,4.6258366],[-96.4435564,5.5423915],[-95.9091873,6.4561255],[-95.3742076,7.3670563]]]}},
{"type":"Feature","properties":{"name": "432"},"geometry":{"type":"Polygon","coordinates":[[[-88.4627332,10.8396536],[-89.1022558,11.7572364],[-89.7446062,12.6812453],[-90.3888782,13.6132163],[-91.0337887,14.5549750],[-92.1963019,14.6678737],[-93.3516774,14.7842275],[-94.5009317,14.9017220],[-95.6449715,15.0184907],[-96.1780857,14.1095114],[-96.7086089,13.1984528],[-97.2369081,12.2852760],[-97.7633413,11.3699435],[-97.1636152,10.3607106],[-96.5656411,9.3568639],[-95.9692320,8.3588378],[-95.3742076,7.3670563],[-94.2112315,7.3406925],[-93.0429300,7.3162518],[-91.8696705,7.2937410],[-90.6918303,7.2731664],[-90.1383988,8.1690262],[-89.5826317,9.0620375],[-89.0241907,9.9522344],[-88.4627332,10.8396536]]]}},
{"type":"Feature","properties":{"name": "433"},"geometry":{"type":"Polygon","coordinates":[[[-81.2366561,14.2654229],[-81.8732508,15.1543077],[-82.5159637,16.0464006],[-83.1646290,16.9429612],[-83.8188332,17.8455651],[-85.0743226,17.8903236],[-86.3221169,17.9448571],[-87.5607921,18.0090652],[-88.7889837,18.0828306],[-89.3567215,17.2050345],[-89.9198652,16.3244499],[-90.4787711,15.4410927],[-91.0337887,14.5549750],[-90.3888782,13.6132163],[-89.7446062,12.6812453],[-89.1022558,11.7572364],[-88.4627332,10.8396536],[-87.2594352,10.8126572],[-86.0518528,10.7892309],[-84.8405745,10.7693873],[-83.6261997,10.7531370],[-83.0366052,11.6335738],[-82.4420679,12.5122649],[-81.8422114,13.3894511],[-81.2366561,14.2654229]]]}},
{"type":"Feature","properties":{"name": "434"},"geometry":{"type":"Polygon","coordinates":[[[-138.9131140,-21.3647385],[-139.2357329,-20.3553815],[-139.5555176,-19.3456121],[-139.8726621,-18.3351103],[-140.1873256,-17.3235066],[-141.3902708,-16.9633847],[-142.5854013,-16.5840551],[-143.7715086,-16.1860995],[-144.9474341,-15.7701508],[-145.8373823,-16.3880718],[-146.7316523,-17.0024780],[-147.6306572,-17.6135738],[-148.5348071,-18.2215048],[-148.2770657,-19.2800953],[-148.0166311,-20.3354447],[-147.7537944,-21.3881251],[-147.4887525,-22.4386488],[-146.2813549,-22.8604447],[-145.0641925,-23.2684374],[-143.8378153,-23.6621810],[-142.6028099,-24.0412514],[-141.6704080,-23.3814883],[-140.7448488,-22.7158145],[-139.8258336,-22.0437578],[-138.9131140,-21.3647385]]]}},
{"type":"Feature","properties":{"name": "435"},"geometry":{"type":"Polygon","coordinates":[[[-130.4391129,-19.4628315],[-130.7969946,-18.4840180],[-131.1502655,-17.5060571],[-131.4992428,-16.5289098],[-131.8442306,-15.5525357],[-133.0406477,-15.3541608],[-134.2413344,-15.1299328],[-135.4442965,-14.8799677],[-136.6475137,-14.6044961],[-137.5264126,-15.2997583],[-138.4094227,-15.9836028],[-139.2963847,-16.6577392],[-140.1873256,-17.3235066],[-139.8726621,-18.3351103],[-139.5555176,-19.3456121],[-139.2357329,-20.3553815],[-138.9131140,-21.3647385],[-137.6768180,-21.6823405],[-136.4360701,-21.9818907],[-135.1918571,-22.2631048],[-133.9451869,-22.5257427],[-133.0546191,-21.7808135],[-132.1728839,-21.0231876],[-131.3006963,-20.2511953],[-130.4391129,-19.4628315]]]}},
{"type":"Feature","properties":{"name": "436"},"geometry":{"type":"Polygon","coordinates":[[[-122.6398177,-16.0671853],[-123.0307744,-15.0833864],[-123.4169694,-14.0982852],[-123.7989478,-13.1116890],[-124.1772901,-12.1233767],[-125.2830200,-12.1026565],[-126.3931200,-12.0751711],[-127.5083154,-12.0395854],[-128.6294025,-11.9941569],[-129.4112756,-12.9144738],[-130.2082778,-13.8152156],[-131.0195625,-14.6950009],[-131.8442306,-15.5525357],[-131.4992428,-16.5289098],[-131.1502655,-17.5060571],[-130.7969946,-18.4840180],[-130.4391129,-19.4628315],[-129.2459378,-19.5789348],[-128.0576828,-19.6766252],[-126.8741922,-19.7584843],[-125.6952193,-19.8266199],[-124.9122675,-18.9035954],[-124.1420747,-17.9688554],[-123.3846081,-17.0231363],[-122.6398177,-16.0671853]]]}},
{"type":"Feature","properties":{"name": "437"},"geometry":{"type":"Polygon","coordinates":[[[-115.4223382,-12.1340439],[-115.8523520,-11.1407274],[-116.2792625,-10.1445225],[-116.7039777,-9.1452813],[-117.1275036,-8.1428541],[-118.1916320,-8.1501707],[-119.2559876,-8.1559912],[-120.3208919,-8.1601630],[-121.3867052,-8.1624936],[-122.0621305,-9.1650844],[-122.7524398,-10.1601566],[-123.4575340,-11.1466169],[-124.1772901,-12.1233767],[-123.7989478,-13.1116890],[-123.4169694,-14.0982852],[-123.0307744,-15.0833864],[-122.6398177,-16.0671853],[-121.5094168,-16.0863213],[-120.3818918,-16.0994415],[-119.2568227,-16.1071869],[-118.1338167,-16.1100889],[-117.4403686,-15.1234234],[-116.7574718,-14.1314791],[-116.0848776,-13.1348294],[-115.4223382,-12.1340439]]]}},
{"type":"Feature","properties":{"name": "438"},"geometry":{"type":"Polygon","coordinates":[[[-108.5924640,-8.0411894],[-109.0587891,-7.0471328],[-109.5238744,-6.0497611],[-109.9888773,-5.0490926],[-110.4550807,-4.0451772],[-111.5080660,-4.0533582],[-112.5591982,-4.0611314],[-113.6086133,-4.0684905],[-114.6564511,-4.0754273],[-115.2571379,-5.0947707],[-115.8691132,-6.1129352],[-116.4925210,-7.1292059],[-117.1275036,-8.1428541],[-116.7039777,-9.1452813],[-116.2792625,-10.1445225],[-115.8523520,-11.1407274],[-115.4223382,-12.1340439],[-114.3330019,-12.1221688],[-113.2436939,-12.1081312],[-112.1541531,-12.0920617],[-111.0641344,-12.0740697],[-110.4357529,-11.0672280],[-109.8145404,-10.0591955],[-109.2002055,-9.0503816],[-108.5924640,-8.0411894]]]}},
{"type":"Feature","properties":{"name": "439"},"geometry":{"type":"Polygon","coordinates":[[[-101.9488540,-3.9653945],[-102.4439600,-2.9787348],[-102.9393044,-1.9888305],[-103.4361738,-0.9958475],[-103.9359844,0.0000000],[-104.9985547,0.0000000],[-106.0583040,0.0000000],[-107.1153446,0.0000000],[-108.1697863,0.0000000],[-108.7298930,-1.0086437],[-109.2973430,-2.0193612],[-109.8723370,-3.0316957],[-110.4550807,-4.0451772],[-109.9888773,-5.0490926],[-109.5238744,-6.0497611],[-109.0587891,-7.0471328],[-108.5924640,-8.0411894],[-107.5197282,-8.0238703],[-106.4450950,-8.0056252],[-105.3684024,-7.9864699],[-104.2894918,-7.9664169],[-103.6989890,-6.9638138],[-103.1122341,-5.9625815],[-102.5289470,-4.9630125],[-101.9488540,-3.9653945]]]}},
{"type":"Feature","properties":{"name": "440"},"geometry":{"type":"Polygon","coordinates":[[[-95.0750926,0.0000000],[-95.6809914,0.9223016],[-96.2892563,1.8469895],[-96.8996290,2.7747717],[-97.5117527,3.7064412],[-98.6264083,3.7722092],[-99.7371875,3.8379703],[-100.8445313,3.9026721],[-101.9488540,3.9653945],[-102.4439600,2.9787348],[-102.9393044,1.9888305],[-103.4361738,0.9958475],[-103.9359844,0.0000000],[-103.4361738,-0.9958475],[-102.9393044,-1.9888305],[-102.4439600,-2.9787348],[-101.9488540,-3.9653945],[-100.8445313,-3.9026721],[-99.7371875,-3.8379703],[-98.6264083,-3.7722092],[-97.5117527,-3.7064412],[-96.8996290,-2.7747717],[-96.2892563,-1.8469895],[-95.6809914,-0.9223016],[-95.0750926,0.0000000]]]}},
{"type":"Feature","properties":{"name": "441"},"geometry":{"type":"Polygon","coordinates":[[[-88.2085496,3.6278074],[-88.8240437,4.5360740],[-89.4431561,5.4459339],[-90.0658072,6.3580472],[-90.6918303,7.2731664],[-91.8696705,7.2937410],[-93.0429300,7.3162518],[-94.2112315,7.3406925],[-95.3742076,7.3670563],[-95.9091873,6.4561255],[-96.4435564,5.5423915],[-96.9776370,4.6258366],[-97.5117527,3.7064412],[-96.8996290,2.7747717],[-96.2892563,1.8469895],[-95.6809914,0.9223016],[-95.0750926,0.0000000],[-93.9219655,0.0000000],[-92.7659941,0.0000000],[-91.6073845,0.0000000],[-90.4463456,0.0000000],[-89.8883562,0.9114322],[-89.3296202,1.8198370],[-88.7697977,2.7252742],[-88.2085496,3.6278074]]]}},
{"type":"Feature","properties":{"name": "442"},"geometry":{"type":"Polygon","coordinates":[[[-81.1521162,7.1788504],[-81.7633684,8.0716089],[-82.3793616,8.9645486],[-83.0002654,9.8581890],[-83.6261997,10.7531370],[-84.8405745,10.7693873],[-86.0518528,10.7892309],[-87.2594352,10.8126572],[-88.4627332,10.8396536],[-89.0241907,9.9522344],[-89.5826317,9.0620375],[-90.1383988,8.1690262],[-90.6918303,7.2731664],[-90.0658072,6.3580472],[-89.4431561,5.4459339],[-88.8240437,4.5360740],[-88.2085496,3.6278074],[-87.0316251,3.6216503],[-85.8525516,3.6163125],[-84.6716299,3.6117947],[-83.4891636,3.6080976],[-82.9098595,4.5039170],[-82.3274703,5.3975332],[-81.7416656,6.2891143],[-81.1521162,7.1788504]]]}},
{"type":"Feature","properties":{"name": "443"},"geometry":{"type":"Polygon","coordinates":[[[-141.3660458,-28.1557813],[-141.6800752,-27.1266970],[-141.9907219,-26.0980763],[-142.2982287,-25.0696812],[-142.6028099,-24.0412514],[-143.8378153,-23.6621810],[-145.0641925,-23.2684374],[-146.2813549,-22.8604447],[-147.4887525,-22.4386488],[-148.4285419,-23.0577461],[-149.3757113,-23.6729778],[-150.3306938,-24.2844024],[-151.2939292,-24.8920454],[-151.0608386,-25.9548755],[-150.8265376,-27.0167365],[-150.5910991,-28.0779792],[-150.3545574,-29.1389307],[-149.1051718,-29.5753225],[-147.8448426,-30.0000000],[-146.5738360,-30.4125710],[-145.2924510,-30.8126538],[-144.2953904,-30.1565437],[-143.3089396,-29.4951372],[-142.3326357,-28.8282832],[-141.3660458,-28.1557813]]]}},
{"type":"Feature","properties":{"name": "444"},"geometry":{"type":"Polygon","coordinates":[[[-132.4934912,-26.5032347],[-132.8646303,-25.5072142],[-133.2300278,-24.5123465],[-133.5900861,-23.5185518],[-133.9451869,-22.5257427],[-135.1918571,-22.2631048],[-136.4360701,-21.9818907],[-137.6768180,-21.6823405],[-138.9131140,-21.3647385],[-139.8258336,-22.0437578],[-140.7448488,-22.7158145],[-141.6704080,-23.3814883],[-142.6028099,-24.0412514],[-142.2982287,-25.0696812],[-141.9907219,-26.0980763],[-141.6800752,-27.1266970],[-141.3660458,-28.1557813],[-140.0845031,-28.5024740],[-138.7956062,-28.8343741],[-137.4999411,-29.1511848],[-136.1981238,-29.4526328],[-135.2567779,-28.7279228],[-134.3256149,-27.9952214],[-133.4045231,-27.2539040],[-132.4934912,-26.5032347]]]}},
{"type":"Feature","properties":{"name": "445"},"geometry":{"type":"Polygon","coordinates":[[[-124.0908148,-23.7439697],[-124.5028049,-22.7641517],[-124.9072322,-21.7846868],[-125.3045567,-20.8055279],[-125.6952193,-19.8266199],[-126.8741922,-19.7584843],[-128.0576828,-19.6766252],[-129.2459378,-19.5789348],[-130.4391129,-19.4628315],[-131.3006963,-20.2511953],[-132.1728839,-21.0231876],[-133.0546191,-21.7808135],[-133.9451869,-22.5257427],[-133.5900861,-23.5185518],[-133.2300278,-24.5123465],[-132.8646303,-25.5072142],[-132.4934912,-26.5032347],[-131.2125238,-26.7355941],[-129.9304451,-26.9505971],[-128.6481184,-27.1481582],[-127.3664144,-27.3282279],[-126.5277885,-26.4498028],[-125.7024361,-25.5592525],[-124.8901762,-24.6571234],[-124.0908148,-23.7439697]]]}},
{"type":"Feature","properties":{"name": "446"},"geometry":{"type":"Polygon","coordinates":[[[-116.3865120,-20.0349066],[-116.8343739,-19.0559909],[-117.2744865,-18.0756150],[-117.7074374,-17.0936843],[-118.1338167,-16.1100889],[-119.2568227,-16.1071869],[-120.3818918,-16.0994415],[-121.5094168,-16.0863213],[-122.6398177,-16.0671853],[-123.3846081,-17.0231363],[-124.1420747,-17.9688554],[-124.9122675,-18.9035954],[-125.6952193,-19.8266199],[-125.3045567,-20.8055279],[-124.9072322,-21.7846868],[-124.5028049,-22.7641517],[-124.0908148,-23.7439697],[-122.8835269,-23.7997788],[-121.6793385,-23.8448875],[-120.4780164,-23.8802817],[-119.2793139,-23.9068067],[-118.5396969,-22.9481045],[-117.8112690,-21.9829136],[-117.0936619,-21.0116948],[-116.3865120,-20.0349066]]]}},
{"type":"Feature","properties":{"name": "447"},"geometry":{"type":"Polygon","coordinates":[[[-109.1844043,-15.9998636],[-109.6641949,-15.0226173],[-110.1369282,-14.0426123],[-110.6033259,-13.0597863],[-111.0641344,-12.0740697],[-112.1541531,-12.0920617],[-113.2436939,-12.1081312],[-114.3330019,-12.1221688],[-115.4223382,-12.1340439],[-116.0848776,-13.1348294],[-116.7574718,-14.1314791],[-117.4403686,-15.1234234],[-118.1338167,-16.1100889],[-117.7074374,-17.0936843],[-117.2744865,-18.0756150],[-116.8343739,-19.0559909],[-116.3865120,-20.0349066],[-115.2332621,-20.0311210],[-114.0812670,-20.0224177],[-112.9302461,-20.0091180],[-111.7799303,-19.9914988],[-111.1198390,-18.9970020],[-110.4674744,-18.0000000],[-109.8224536,-17.0008396],[-109.1844043,-15.9998636]]]}},
{"type":"Feature","properties":{"name": "448"},"geometry":{"type":"Polygon","coordinates":[[[-102.2442551,-11.7217993],[-102.7560339,-10.7855004],[-103.2672523,-9.8475440],[-103.7782828,-8.9078691],[-104.2894918,-7.9664169],[-105.3684024,-7.9864699],[-106.4450950,-8.0056252],[-107.5197282,-8.0238703],[-108.5924640,-8.0411894],[-109.2002055,-9.0503816],[-109.8145404,-10.0591955],[-110.4357529,-11.0672280],[-111.0641344,-12.0740697],[-110.6033259,-13.0597863],[-110.1369282,-14.0426123],[-109.6641949,-15.0226173],[-109.1844043,-15.9998636],[-108.0606114,-15.9604792],[-106.9369274,-15.9121471],[-105.8131527,-15.8551287],[-104.6890596,-15.7897197],[-104.0714496,-14.7710150],[-103.4583072,-13.7532038],[-102.8493377,-12.7366717],[-102.2442551,-11.7217993]]]}},
{"type":"Feature","properties":{"name": "449"},"geometry":{"type":"Polygon","coordinates":[[[-95.3742076,-7.3670563],[-95.9091873,-6.4561255],[-96.4435564,-5.5423915],[-96.9776370,-4.6258366],[-97.5117527,-3.7064412],[-98.6264083,-3.7722092],[-99.7371875,-3.8379703],[-100.8445313,-3.9026721],[-101.9488540,-3.9653945],[-102.5289470,-4.9630125],[-103.1122341,-5.9625815],[-103.6989890,-6.9638138],[-104.2894918,-7.9664169],[-103.7782828,-8.9078691],[-103.2672523,-9.8475440],[-102.7560339,-10.7855004],[-102.2442551,-11.7217993],[-101.1278508,-11.6406317],[-100.0091998,-11.5544200],[-98.8878599,-11.4639028],[-97.7633413,-11.3699435],[-97.1636152,-10.3607106],[-96.5656411,-9.3568639],[-95.9692320,-8.3588378],[-95.3742076,-7.3670563]]]}},
{"type":"Feature","properties":{"name": "450"},"geometry":{"type":"Polygon","coordinates":[[[-88.2085496,-3.6278074],[-88.7697977,-2.7252742],[-89.3296202,-1.8198370],[-89.8883562,-0.9114322],[-90.4463456,0.0000000],[-91.6073845,0.0000000],[-92.7659941,0.0000000],[-93.9219655,0.0000000],[-95.0750926,0.0000000],[-95.6809914,-0.9223016],[-96.2892563,-1.8469895],[-96.8996290,-2.7747717],[-97.5117527,-3.7064412],[-96.9776370,-4.6258366],[-96.4435564,-5.5423915],[-95.9091873,-6.4561255],[-95.3742076,-7.3670563],[-94.2112315,-7.3406925],[-93.0429300,-7.3162518],[-91.8696705,-7.2937410],[-90.6918303,-7.2731664],[-90.0658072,-6.3580472],[-89.4431561,-5.4459339],[-88.8240437,-4.5360740],[-88.2085496,-3.6278074]]]}},
{"type":"Feature","properties":{"name": "451"},"geometry":{"type":"Polygon","coordinates":[[[-81.0964631,0.0000000],[-81.6896615,0.9038166],[-82.2860202,1.8062419],[-82.8857800,2.7075622],[-83.4891636,3.6080976],[-84.6716299,3.6117947],[-85.8525516,3.6163125],[-87.0316251,3.6216503],[-88.2085496,3.6278074],[-88.7697977,2.7252742],[-89.3296202,1.8198370],[-89.8883562,0.9114322],[-90.4463456,0.0000000],[-89.8883562,-0.9114322],[-89.3296202,-1.8198370],[-88.7697977,-2.7252742],[-88.2085496,-3.6278074],[-87.0316251,-3.6216503],[-85.8525516,-3.6163125],[-84.6716299,-3.6117947],[-83.4891636,-3.6080976],[-82.8857800,-2.7075622],[-82.2860202,-1.8062419],[-81.6896615,-0.9038166],[-81.0964631,0.0000000]]]}},
{"type":"Feature","properties":{"name": "452"},"geometry":{"type":"Polygon","coordinates":[[[-144.0245221,-35.0083553],[-144.3582141,-33.9603702],[-144.6805247,-32.9119497],[-144.9918159,-31.8628008],[-145.2924510,-30.8126538],[-146.5738360,-30.4125710],[-147.8448426,-30.0000000],[-149.1051718,-29.5753225],[-150.3545574,-29.1389307],[-151.3797436,-29.7486175],[-152.4198542,-30.3479898],[-153.4752641,-30.9370698],[-154.5463467,-31.5159095],[-154.3568088,-32.5697544],[-154.1601017,-33.6223888],[-153.9559237,-34.6740395],[-153.7439638,-35.7249513],[-152.3940293,-36.2000227],[-151.0298004,-36.6646237],[-149.6516593,-37.1182050],[-148.2600381,-37.5602339],[-147.1728930,-36.9392897],[-146.1049583,-36.3068918],[-145.0556832,-35.6631935],[-144.0245221,-35.0083553]]]}},
{"type":"Feature","properties":{"name": "453"},"geometry":{"type":"Polygon","coordinates":[[[-134.7146676,-33.5224232],[-135.0957765,-32.5026635],[-135.4697174,-31.4845142],[-135.8370061,-30.4678737],[-136.1981238,-29.4526328],[-137.4999411,-29.1511848],[-138.7956062,-28.8343741],[-140.0845031,-28.5024740],[-141.3660458,-28.1557813],[-142.3326357,-28.8282832],[-143.3089396,-29.4951372],[-144.2953904,-30.1565437],[-145.2924510,-30.8126538],[-144.9918159,-31.8628008],[-144.6805247,-32.9119497],[-144.3582141,-33.9603702],[-144.0245221,-35.0083553],[-142.6575560,-35.3891165],[-141.2805845,-35.7561142],[-139.8941693,-36.1089915],[-138.4989132,-36.4474149],[-137.5275800,-35.7315249],[-136.5734990,-35.0052637],[-135.6360617,-34.2688329],[-134.7146676,-33.5224232]]]}},
{"type":"Feature","properties":{"name": "454"},"geometry":{"type":"Polygon","coordinates":[[[-125.6444353,-31.2870338],[-126.0894141,-30.2955976],[-126.5243320,-29.3053243],[-126.9498060,-28.3162053],[-127.3664144,-27.3282279],[-128.6481184,-27.1481582],[-129.9304451,-26.9505971],[-131.2125238,-26.7355941],[-132.4934912,-26.5032347],[-133.4045231,-27.2539040],[-134.3256149,-27.9952214],[-135.2567779,-28.7279228],[-136.1981238,-29.4526328],[-135.8370061,-30.4678737],[-135.4697174,-31.4845142],[-135.0957765,-32.5026635],[-134.7146676,-33.5224232],[-133.3588401,-33.7953041],[-131.9974424,-34.0527377],[-130.6311233,-34.2945401],[-129.2605560,-34.5205516],[-128.3353217,-33.7261419],[-127.4242146,-32.9228590],[-126.5272161,-32.1100668],[-125.6444353,-31.2870338]]]}},
{"type":"Feature","properties":{"name": "455"},"geometry":{"type":"Polygon","coordinates":[[[-117.3884888,-27.8143599],[-117.8775667,-26.8380134],[-118.3552984,-25.8613135],[-118.8223396,-24.8842514],[-119.2793139,-23.9068067],[-120.4780164,-23.8802817],[-121.6793385,-23.8448875],[-122.8835269,-23.7997788],[-124.0908148,-23.7439697],[-124.8901762,-24.6571234],[-125.7024361,-25.5592525],[-126.5277885,-26.4498028],[-127.3664144,-27.3282279],[-126.9498060,-28.3162053],[-126.5243320,-29.3053243],[-126.0894141,-30.2955976],[-125.6444353,-31.2870338],[-124.3450974,-31.3863328],[-123.0476690,-31.4705823],[-121.7522253,-31.5409369],[-120.4587890,-31.5984132],[-119.6718680,-30.6624696],[-118.8981956,-29.7195505],[-118.1372415,-28.7700505],[-117.3884888,-27.8143599]]]}},
{"type":"Feature","properties":{"name": "456"},"geometry":{"type":"Polygon","coordinates":[[[-109.8291720,-23.9239768],[-110.3237717,-22.9401135],[-110.8132210,-21.9568015],[-111.2983539,-20.9739592],[-111.7799303,-19.9914988],[-112.9302461,-20.0091180],[-114.0812670,-20.0224177],[-115.2332621,-20.0311210],[-116.3865120,-20.0349066],[-117.0936619,-21.0116948],[-117.8112690,-21.9829136],[-118.5396969,-22.9481045],[-119.2793139,-23.9068067],[-118.8223396,-24.8842514],[-118.3552984,-25.8613135],[-117.8775667,-26.8380134],[-117.3884888,-27.8143599],[-116.1812609,-27.8641311],[-114.9755338,-27.9013806],[-113.7714324,-27.9261784],[-112.5690754,-27.9385989],[-111.8713405,-26.9404930],[-111.1823915,-25.9384101],[-110.5018055,-24.9327664],[-109.8291720,-23.9239768]]]}},
{"type":"Feature","properties":{"name": "457"},"geometry":{"type":"Polygon","coordinates":[[[-102.6490811,-19.5826637],[-103.1641085,-18.6352495],[-103.6753985,-17.6873532],[-104.1835346,-16.7388754],[-104.6890596,-15.7897197],[-105.8131527,-15.8551287],[-106.9369274,-15.9121471],[-108.0606114,-15.9604792],[-109.1844043,-15.9998636],[-109.8224536,-17.0008396],[-110.4674744,-18.0000000],[-111.1198390,-18.9970020],[-111.7799303,-19.9914988],[-111.2983539,-20.9739592],[-110.8132210,-21.9568015],[-110.3237717,-22.9401135],[-109.8291720,-23.9239768],[-108.6636085,-23.8923324],[-107.4994221,-23.8496065],[-106.3365564,-23.7959382],[-105.1749289,-23.7314816],[-104.5368571,-22.6943480],[-103.9033789,-21.6568325],[-103.2742115,-20.6194373],[-102.6490811,-19.5826637]]]}},
{"type":"Feature","properties":{"name": "458"},"geometry":{"type":"Polygon","coordinates":[[[-95.6449715,-15.0184907],[-96.1780857,-14.1095114],[-96.7086089,-13.1984528],[-97.2369081,-12.2852760],[-97.7633413,-11.3699435],[-98.8878599,-11.4639028],[-100.0091998,-11.5544200],[-101.1278508,-11.6406317],[-102.2442551,-11.7217993],[-102.8493377,-12.7366717],[-103.4583072,-13.7532038],[-104.0714496,-14.7710150],[-104.6890596,-15.7897197],[-104.1835346,-16.7388754],[-103.6753985,-17.6873532],[-103.1641085,-18.6352495],[-102.6490811,-19.5826637],[-101.5085556,-19.4892558],[-100.3673558,-19.3874794],[-99.2250915,-19.2777927],[-98.0813055,-19.1607421],[-97.4706234,-18.1173202],[-96.8610829,-17.0787152],[-96.2525688,-16.0455635],[-95.6449715,-15.0184907]]]}},
{"type":"Feature","properties":{"name": "459"},"geometry":{"type":"Polygon","coordinates":[[[-88.4627332,-10.8396536],[-89.0241907,-9.9522344],[-89.5826317,-9.0620375],[-90.1383988,-8.1690262],[-90.6918303,-7.2731664],[-91.8696705,-7.2937410],[-93.0429300,-7.3162518],[-94.2112315,-7.3406925],[-95.3742076,-7.3670563],[-95.9692320,-8.3588378],[-96.5656411,-9.3568639],[-97.1636152,-10.3607106],[-97.7633413,-11.3699435],[-97.2369081,-12.2852760],[-96.7086089,-13.1984528],[-96.1780857,-14.1095114],[-95.6449715,-15.0184907],[-94.5009317,-14.9017220],[-93.3516774,-14.7842275],[-92.1963019,-14.6678737],[-91.0337887,-14.5549750],[-90.3888782,-13.6132163],[-89.7446062,-12.6812453],[-89.1022558,-11.7572364],[-88.4627332,-10.8396536]]]}},
{"type":"Feature","properties":{"name": "460"},"geometry":{"type":"Polygon","coordinates":[[[-81.1521162,-7.1788504],[-81.7416656,-6.2891143],[-82.3274703,-5.3975332],[-82.9098595,-4.5039170],[-83.4891636,-3.6080976],[-84.6716299,-3.6117947],[-85.8525516,-3.6163125],[-87.0316251,-3.6216503],[-88.2085496,-3.6278074],[-88.8240437,-4.5360740],[-89.4431561,-5.4459339],[-90.0658072,-6.3580472],[-90.6918303,-7.2731664],[-90.1383988,-8.1690262],[-89.5826317,-9.0620375],[-89.0241907,-9.9522344],[-88.4627332,-10.8396536],[-87.2594352,-10.8126572],[-86.0518528,-10.7892309],[-84.8405745,-10.7693873],[-83.6261997,-10.7531370],[-83.0002654,-9.8581890],[-82.3793616,-8.9645486],[-81.7633684,-8.0716089],[-81.1521162,-7.1788504]]]}},
{"type":"Feature","properties":{"name": "461"},"geometry":{"type":"Polygon","coordinates":[[[-146.9660626,-41.7739129],[-147.3065533,-40.7181463],[-147.6355904,-39.6642836],[-147.9533384,-38.6118002],[-148.2600381,-37.5602339],[-149.6516593,-37.1182050],[-151.0298004,-36.6646237],[-152.3940293,-36.2000227],[-153.7439638,-35.7249513],[-154.8801577,-36.2900348],[-156.0356201,-36.8443480],[-157.2108212,-37.3880678],[-158.4062325,-37.9214605],[-158.2440911,-38.9671939],[-158.0754044,-40.0127349],[-157.8998990,-41.0583984],[-157.7173130,-42.1045430],[-156.2478835,-42.6263918],[-154.7600196,-43.1409335],[-153.2544331,-43.6473165],[-151.7319195,-44.1447190],[-150.5034530,-43.5715902],[-149.3001269,-42.9852785],[-148.1212287,-42.3859788],[-146.9660626,-41.7739129]]]}},
{"type":"Feature","properties":{"name": "462"},"geometry":{"type":"Polygon","coordinates":[[[-136.7106434,-40.6239492],[-137.1787163,-39.5772202],[-137.6327388,-38.5325940],[-138.0727542,-37.4894951],[-138.4989132,-36.4474149],[-139.8941693,-36.1089915],[-141.2805845,-35.7561142],[-142.6575560,-35.3891165],[-144.0245221,-35.0083553],[-145.0556832,-35.6631935],[-146.1049583,-36.3068918],[-147.1728930,-36.9392897],[-148.2600381,-37.5602339],[-147.9533384,-38.6118002],[-147.6355904,-39.6642836],[-147.3065533,-40.7181463],[-146.9660626,-41.7739129],[-145.4698263,-42.2061783],[-143.9612240,-42.6255476],[-142.4411365,-43.0315309],[-140.9105061,-43.4236795],[-139.8267547,-42.7410578],[-138.7660397,-42.0466787],[-137.7275905,-41.3408715],[-136.7106434,-40.6239492]]]}},
{"type":"Feature","properties":{"name": "463"},"geometry":{"type":"Polygon","coordinates":[[[-127.1032497,-38.6031615],[-127.6655025,-37.5805659],[-128.2124740,-36.5596517],[-128.7441334,-35.5398224],[-129.2605560,-34.5205516],[-130.6311233,-34.2945401],[-131.9974424,-34.0527377],[-133.3588401,-33.7953041],[-134.7146676,-33.5224232],[-135.6360617,-34.2688329],[-136.5734990,-35.0052637],[-137.5275800,-35.7315249],[-138.4989132,-36.4474149],[-138.0727542,-37.4894951],[-137.6327388,-38.5325940],[-137.1787163,-39.5772202],[-136.7106434,-40.6239492],[-135.2256184,-40.9419038],[-133.7342192,-41.2443861],[-132.2374055,-41.5311882],[-130.7361703,-41.8021412],[-129.7988341,-41.0162281],[-128.8814748,-40.2209373],[-127.9832274,-39.4165083],[-127.1032497,-38.6031615]]]}},
{"type":"Feature","properties":{"name": "464"},"geometry":{"type":"Polygon","coordinates":[[[-118.5225030,-35.7302744],[-119.0284937,-34.6955723],[-119.5184075,-33.6619072],[-119.9945104,-32.6294773],[-120.4587890,-31.5984132],[-121.7522253,-31.5409369],[-123.0476690,-31.4705823],[-124.3450974,-31.3863328],[-125.6444353,-31.2870338],[-126.5272161,-32.1100668],[-127.4242146,-32.9228590],[-128.3353217,-33.7261419],[-129.2605560,-34.5205516],[-128.7441334,-35.5398224],[-128.2124740,-36.5596517],[-127.6655025,-37.5805659],[-127.1032497,-38.6031615],[-125.7099205,-38.8479888],[-124.3126994,-39.0769862],[-122.9113859,-39.2891238],[-121.5059175,-39.4834837],[-120.7353523,-38.5564785],[-119.9826762,-37.6216518],[-119.2457825,-36.6794348],[-118.5225030,-35.7302744]]]}},
{"type":"Feature","properties":{"name": "465"},"geometry":{"type":"Polygon","coordinates":[[[-110.4820453,-31.9548219],[-111.0233635,-30.9495427],[-111.5503975,-29.9449975],[-112.0650731,-28.9413237],[-112.5690754,-27.9385989],[-113.7714324,-27.9261784],[-114.9755338,-27.9013806],[-116.1812609,-27.8641311],[-117.3884888,-27.8143599],[-118.1372415,-28.7700505],[-118.8981956,-29.7195505],[-119.6718680,-30.6624696],[-120.4587890,-31.5984132],[-119.9945104,-32.6294773],[-119.5184075,-33.6619072],[-119.0284937,-34.6955723],[-118.5225030,-35.7302744],[-117.2166448,-35.8107387],[-115.9118471,-35.8768968],[-114.6084436,-35.9288081],[-113.3067701,-35.9665389],[-112.5877866,-34.9724592],[-111.8776139,-33.9721752],[-111.1758349,-32.9661419],[-110.4820453,-31.9548219]]]}},
{"type":"Feature","properties":{"name": "466"},"geometry":{"type":"Polygon","coordinates":[[[-103.0236234,-27.6029830],[-103.5763033,-26.6343744],[-104.1181717,-25.6662733],[-104.6506367,-24.6986587],[-105.1749289,-23.7314816],[-106.3365564,-23.7959382],[-107.4994221,-23.8496065],[-108.6636085,-23.8923324],[-109.8291720,-23.9239768],[-110.5018055,-24.9327664],[-111.1823915,-25.9384101],[-111.8713405,-26.9404930],[-112.5690754,-27.9385989],[-112.0650731,-28.9413237],[-111.5503975,-29.9449975],[-111.0233635,-30.9495427],[-110.4820453,-31.9548219],[-109.2442731,-31.9401129],[-108.0092869,-31.9124954],[-106.7772815,-31.8720596],[-105.5484405,-31.8189000],[-104.9129541,-30.7688029],[-104.2804448,-29.7156995],[-103.6507276,-28.6602144],[-103.0236234,-27.6029830]]]}},
{"type":"Feature","properties":{"name": "467"},"geometry":{"type":"Polygon","coordinates":[[[-95.9035365,-22.8546788],[-96.4573043,-21.9322220],[-97.0043569,-21.0091628],[-97.5454618,-20.0853750],[-98.0813055,-19.1607421],[-99.2250915,-19.2777927],[-100.3673558,-19.3874794],[-101.5085556,-19.4892558],[-102.6490811,-19.5826637],[-103.2742115,-20.6194373],[-103.9033789,-21.6568325],[-104.5368571,-22.6943480],[-105.1749289,-23.7314816],[-104.6506367,-24.6986587],[-104.1181717,-25.6662733],[-103.5763033,-26.6343744],[-103.0236234,-27.6029830],[-101.8402300,-27.5082571],[-100.6589081,-27.4022457],[-99.4795185,-27.2851228],[-98.3018631,-27.1570878],[-97.7050813,-26.0770975],[-97.1063714,-24.9993957],[-96.5058257,-23.9249378],[-95.9035365,-22.8546788]]]}},
{"type":"Feature","properties":{"name": "468"},"geometry":{"type":"Polygon","coordinates":[[[-88.7889837,-18.0828306],[-89.3567215,-17.2050345],[-89.9198652,-16.3244499],[-90.4787711,-15.4410927],[-91.0337887,-14.5549750],[-92.1963019,-14.6678737],[-93.3516774,-14.7842275],[-94.5009317,-14.9017220],[-95.6449715,-15.0184907],[-96.2525688,-16.0455635],[-96.8610829,-17.0787152],[-97.4706234,-18.1173202],[-98.0813055,-19.1607421],[-97.5454618,-20.0853750],[-97.0043569,-21.0091628],[-96.4573043,-21.9322220],[-95.9035365,-22.8546788],[-94.7419827,-22.7053420],[-93.5778246,-22.5492152],[-92.4100716,-22.3873944],[-91.2375174,-22.2213201],[-90.6320096,-21.1661746],[-90.0217494,-20.1238289],[-89.4072419,-19.0956226],[-88.7889837,-18.0828306]]]}},
{"type":"Feature","properties":{"name": "469"},"geometry":{"type":"Polygon","coordinates":[[[-81.2366561,-14.2654229],[-81.8422114,-13.3894511],[-82.4420679,-12.5122649],[-83.0366052,-11.6335738],[-83.6261997,-10.7531370],[-84.8405745,-10.7693873],[-86.0518528,-10.7892309],[-87.2594352,-10.8126572],[-88.4627332,-10.8396536],[-89.1022558,-11.7572364],[-89.7446062,-12.6812453],[-90.3888782,-13.6132163],[-91.0337887,-14.5549750],[-90.4787711,-15.4410927],[-89.9198652,-16.3244499],[-89.3567215,-17.2050345],[-88.7889837,-18.0828306],[-87.5607921,-18.0090652],[-86.3221169,-17.9448571],[-85.0743226,-17.8903236],[-83.8188332,-17.8455651],[-83.1646290,-16.9429612],[-82.5159637,-16.0464006],[-81.8732508,-15.1543077],[-81.2366561,-14.2654229]]]}},
{"type":"Feature","properties":{"name": "470"},"geometry":{"type":"Polygon","coordinates":[[[-150.5032725,-48.4170559],[-150.8223699,-47.3406636],[-151.1342978,-46.2705803],[-151.4377331,-45.2056013],[-151.7319195,-44.1447190],[-153.2544331,-43.6473165],[-154.7600196,-43.1409335],[-156.2478835,-42.6263918],[-157.7173130,-42.1045430],[-159.0035059,-42.6203689],[-160.3149610,-43.1256597],[-161.6523653,-43.6212650],[-163.0164065,-44.1084040],[-162.9099221,-45.1446408],[-162.7987473,-46.1813740],[-162.6827360,-47.2190575],[-162.5618169,-48.2582625],[-160.9502730,-48.8324658],[-159.3172335,-49.4088776],[-157.6652516,-49.9857145],[-155.9970779,-50.5612547],[-154.5754600,-50.0492206],[-153.1865706,-49.5209995],[-151.8294649,-48.9768367],[-150.5032725,-48.4170559]]]}},
{"type":"Feature","properties":{"name": "471"},"geometry":{"type":"Polygon","coordinates":[[[-139.0647924,-47.7162123],[-139.5399062,-46.6327522],[-140.0071622,-45.5570237],[-140.4644860,-44.4877089],[-140.9105061,-43.4236795],[-142.4411365,-43.0315309],[-143.9612240,-42.6255476],[-145.4698263,-42.2061783],[-146.9660626,-41.7739129],[-148.1212287,-42.3859788],[-149.3001269,-42.9852785],[-150.5034530,-43.5715902],[-151.7319195,-44.1447190],[-151.4377331,-45.2056013],[-151.1342978,-46.2705803],[-150.8223699,-47.3406636],[-150.5032725,-48.4170559],[-148.8638659,-48.9248396],[-147.2129378,-49.4225708],[-145.5523020,-49.9094989],[-143.8838369,-50.3849664],[-142.6326894,-49.7383070],[-141.4131208,-49.0776114],[-140.2241532,-48.4034119],[-139.0647924,-47.7162123]]]}},
{"type":"Feature","properties":{"name": "472"},"geometry":{"type":"Polygon","coordinates":[[[-128.6134007,-46.1895975],[-129.1675464,-45.0871754],[-129.7052761,-43.9881318],[-130.2277862,-42.8929618],[-130.7361703,-41.8021412],[-132.2374055,-41.5311882],[-133.7342192,-41.2443861],[-135.2256184,-40.9419038],[-136.7106434,-40.6239492],[-137.7275905,-41.3408715],[-138.7660397,-42.0466787],[-139.8267547,-42.7410578],[-140.9105061,-43.4236795],[-140.4644860,-44.4877089],[-140.0071622,-45.5570237],[-139.5399062,-46.6327522],[-139.0647924,-47.7162123],[-137.5024939,-48.1433449],[-135.9300045,-48.5557757],[-134.3453940,-48.9513875],[-132.7472243,-49.3283935],[-131.6704125,-48.5587727],[-130.6234588,-47.7788510],[-129.6049171,-46.9890089],[-128.6134007,-46.1895975]]]}},
{"type":"Feature","properties":{"name": "473"},"geometry":{"type":"Polygon","coordinates":[[[-118.9445318,-43.6979020],[-119.6191580,-42.6462523],[-120.2699696,-41.5929883],[-120.8984353,-40.5385825],[-121.5059175,-39.4834837],[-122.9113859,-39.2891238],[-124.3126994,-39.0769862],[-125.7099205,-38.8479888],[-127.1032497,-38.6031615],[-127.9832274,-39.4165083],[-128.8814748,-40.2209373],[-129.7988341,-41.0162281],[-130.7361703,-41.8021412],[-130.2277862,-42.8929618],[-129.7052761,-43.9881318],[-129.1675464,-45.0871754],[-128.6134007,-46.1895975],[-127.0670816,-46.4794033],[-125.5105261,-46.7484055],[-123.9438094,-46.9956361],[-122.3672171,-47.2202312],[-121.4766295,-46.3503166],[-120.6102726,-45.4731584],[-119.7666948,-44.5889600],[-118.9445318,-43.6979020]]]}},
{"type":"Feature","properties":{"name": "474"},"geometry":{"type":"Polygon","coordinates":[[[-110.4836237,-40.0451762],[-111.2325279,-39.0293603],[-111.9517447,-38.0104527],[-112.6427068,-36.9892571],[-113.3067701,-35.9665389],[-114.6084436,-35.9288081],[-115.9118471,-35.8768968],[-117.2166448,-35.8107387],[-118.5225030,-35.7302744],[-119.2457825,-36.6794348],[-119.9826762,-37.6216518],[-120.7353523,-38.5564785],[-121.5059175,-39.4834837],[-120.8984353,-40.5385825],[-120.2699696,-41.5929883],[-119.6191580,-42.6462523],[-118.9445318,-43.6979020],[-117.4723180,-43.8033114],[-115.9986977,-43.8915240],[-114.5242463,-43.9625374],[-113.0495421,-44.0163570],[-112.3802575,-43.0333119],[-111.7310542,-42.0436453],[-111.0996227,-41.0475407],[-110.4836237,-40.0451762]]]}},
{"type":"Feature","properties":{"name": "475"},"geometry":{"type":"Polygon","coordinates":[[[-102.9954932,-35.7679651],[-103.6755823,-34.7831114],[-104.3249674,-33.7960283],[-104.9480288,-32.8077215],[-105.5484405,-31.8189000],[-106.7772815,-31.8720596],[-108.0092869,-31.9124954],[-109.2442731,-31.9401129],[-110.4820453,-31.9548219],[-111.1758349,-32.9661419],[-111.8776139,-33.9721752],[-112.5877866,-34.9724592],[-113.3067701,-35.9665389],[-112.6427068,-36.9892571],[-111.9517447,-38.0104527],[-111.2325279,-39.0293603],[-110.4836237,-40.0451762],[-109.1115081,-40.0461207],[-107.7420836,-40.0318914],[-106.3757598,-40.0025719],[-105.0129323,-39.9582504],[-104.5034091,-38.9188258],[-103.9994457,-37.8738750],[-103.4979635,-36.8235149],[-102.9954932,-35.7679651]]]}},
{"type":"Feature","properties":{"name": "476"},"geometry":{"type":"Polygon","coordinates":[[[-95.8476922,-30.9482949],[-96.4895791,-30.0004621],[-97.1106093,-29.0524824],[-97.7138678,-28.1046461],[-98.3018631,-27.1570878],[-99.4795185,-27.2851228],[-100.6589081,-27.4022457],[-101.8402300,-27.5082571],[-103.0236234,-27.6029830],[-103.6507276,-28.6602144],[-104.2804448,-29.7156995],[-104.9129541,-30.7688029],[-105.5484405,-31.8189000],[-104.9480288,-32.8077215],[-104.3249674,-33.7960283],[-103.6755823,-34.7831114],[-102.9954932,-35.7679651],[-101.7241499,-35.6821102],[-100.4577129,-35.5830840],[-99.1964572,-35.4710189],[-97.9406459,-35.3460522],[-97.4336945,-34.2525014],[-96.9155142,-33.1541113],[-96.3866617,-32.0522394],[-95.8476922,-30.9482949]]]}},
{"type":"Feature","properties":{"name": "477"},"geometry":{"type":"Polygon","coordinates":[[[-88.8841269,-25.7851271],[-89.4857441,-24.8957862],[-90.0778604,-24.0055109],[-90.6615002,-23.1140809],[-91.2375174,-22.2213201],[-92.4100716,-22.3873944],[-93.5778246,-22.5492152],[-94.7419827,-22.7053420],[-95.9035365,-22.8546788],[-96.5058257,-23.9249378],[-97.1063714,-24.9993957],[-97.7050813,-26.0770975],[-98.3018631,-27.1570878],[-97.7138678,-28.1046461],[-97.1106093,-29.0524824],[-96.4895791,-30.0004621],[-95.8476922,-30.9482949],[-94.6521671,-30.7855964],[-93.4601819,-30.6113937],[-92.2714325,-30.4258693],[-91.0854614,-30.2292437],[-90.5606802,-29.1067665],[-90.0178966,-27.9900217],[-89.4585581,-26.8818674],[-88.8841269,-25.7851271]]]}},
{"type":"Feature","properties":{"name": "478"},"geometry":{"type":"Polygon","coordinates":[[[-81.3529664,-21.2987386],[-81.9809669,-20.4372123],[-82.6009332,-19.5748000],[-83.2133890,-18.7110319],[-83.8188332,-17.8455651],[-85.0743226,-17.8903236],[-86.3221169,-17.9448571],[-87.5607921,-18.0090652],[-88.7889837,-18.0828306],[-89.4072419,-19.0956226],[-90.0217494,-20.1238289],[-90.6320096,-21.1661746],[-91.2375174,-22.2213201],[-90.6615002,-23.1140809],[-90.0778604,-24.0055109],[-89.4857441,-24.8957862],[-88.8841269,-25.7851271],[-87.6918350,-25.5827292],[-86.4893011,-25.3803836],[-85.2724825,-25.1836063],[-84.0360173,-25.0015249],[-83.3680185,-24.0435607],[-82.6941268,-23.1119800],[-82.0212498,-22.1988581],[-81.3529664,-21.2987386]]]}},
{"type":"Feature","properties":{"name": "479"},"geometry":{"type":"Polygon","coordinates":[[[-155.1338814,-54.9795570],[-155.3150733,-53.8499913],[-155.5299783,-52.7396739],[-155.7607045,-51.6445190],[-155.9970779,-50.5612547],[-157.6652516,-49.9857145],[-159.3172335,-49.4088776],[-160.9502730,-48.8324658],[-162.5618169,-48.2582625],[-164.0555637,-48.7224768],[-165.5843705,-49.1823907],[-167.1492044,-49.6437740],[-168.7500000,-50.1160358],[-168.7500000,-51.1382668],[-168.7500000,-52.1599288],[-168.7500000,-53.1811039],[-168.7500000,-54.2018738],[-166.9545719,-54.7762316],[-165.1465688,-55.4130827],[-163.3642988,-56.0987177],[-161.6468224,-56.8177133],[-159.9619203,-56.3911230],[-158.3146654,-55.9420230],[-156.7053033,-55.4712318],[-155.1338814,-54.9795570]]]}},
{"type":"Feature","properties":{"name": "480"},"geometry":{"type":"Polygon","coordinates":[[[-142.6311529,-55.0576326],[-142.9282793,-53.8743962],[-143.2368287,-52.7002673],[-143.5556813,-51.5366703],[-143.8838369,-50.3849664],[-145.5523020,-49.9094989],[-147.2129378,-49.4225708],[-148.8638659,-48.9248396],[-150.5032725,-48.4170559],[-151.8294649,-48.9768367],[-153.1865706,-49.5209995],[-154.5754600,-50.0492206],[-155.9970779,-50.5612547],[-155.7607045,-51.6445190],[-155.5299783,-52.7396739],[-155.3150733,-53.8499913],[-155.1338814,-54.9795570],[-153.5202596,-55.6457772],[-151.9052789,-56.3036328],[-150.2738841,-56.9471054],[-148.6154868,-57.5725195],[-147.0422021,-56.9699433],[-145.5220989,-56.3493026],[-144.0525492,-55.7115712],[-142.6311529,-55.0576326]]]}},
{"type":"Feature","properties":{"name": "481"},"geometry":{"type":"Polygon","coordinates":[[[-130.5737290,-53.8849079],[-131.1419297,-52.7410800],[-131.6925912,-51.5999277],[-132.2272353,-50.4621416],[-132.7472243,-49.3283935],[-134.3453940,-48.9513875],[-135.9300045,-48.5557757],[-137.5024939,-48.1433449],[-139.0647924,-47.7162123],[-140.2241532,-48.4034119],[-141.4131208,-49.0776114],[-142.6326894,-49.7383070],[-143.8838369,-50.3849664],[-143.5556813,-51.5366703],[-143.2368287,-52.7002673],[-142.9282793,-53.8743962],[-142.6311529,-55.0576326],[-140.9280183,-55.5725896],[-139.1948833,-56.0652070],[-137.4295134,-56.5338918],[-135.6304038,-56.9772307],[-134.2914732,-56.2223188],[-133.0045807,-55.4547970],[-131.7663673,-54.6754327],[-130.5737290,-53.8849079]]]}},
{"type":"Feature","properties":{"name": "482"},"geometry":{"type":"Polygon","coordinates":[[[-119.4256701,-51.5242823],[-120.2073045,-50.4515995],[-120.9565553,-49.3762787],[-121.6758021,-48.2989554],[-122.3672171,-47.2202312],[-123.9438094,-46.9956361],[-125.5105261,-46.7484055],[-127.0670816,-46.4794033],[-128.6134007,-46.1895975],[-129.6049171,-46.9890089],[-130.6234588,-47.7788510],[-131.6704125,-48.5587727],[-132.7472243,-49.3283935],[-132.2272353,-50.4621416],[-131.6925912,-51.5999277],[-131.1419297,-52.7410800],[-130.5737290,-53.8849079],[-128.8138070,-54.2208725],[-127.0310417,-54.5300303],[-125.2261650,-54.8114412],[-123.4002612,-55.0642410],[-122.3483809,-54.1903538],[-121.3373111,-53.3088016],[-120.3640023,-52.4199931],[-119.4256701,-51.5242823]]]}},
{"type":"Feature","properties":{"name": "483"},"geometry":{"type":"Polygon","coordinates":[[[-109.5942789,-48.0713973],[-110.5131795,-47.0672206],[-111.3939210,-46.0560927],[-112.2386908,-45.0388684],[-113.0495421,-44.0163570],[-114.5242463,-43.9625374],[-115.9986977,-43.8915240],[-117.4723180,-43.8033114],[-118.9445318,-43.6979020],[-119.7666948,-44.5889600],[-120.6102726,-45.4731584],[-121.4766295,-46.3503166],[-122.3672171,-47.2202312],[-121.6758021,-48.2989554],[-120.9565553,-49.3762787],[-120.2073045,-50.4515995],[-119.4256701,-51.5242823],[-117.6998804,-51.6824974],[-115.9642971,-51.8126133],[-114.2205565,-51.9141470],[-112.4704392,-51.9866815],[-111.7007956,-51.0175357],[-110.9667827,-50.0417657],[-110.2655162,-49.0596456],[-109.5942789,-48.0713973]]]}},
{"type":"Feature","properties":{"name": "484"},"geometry":{"type":"Polygon","coordinates":[[[-101.3100361,-43.8301769],[-102.2966546,-42.8767939],[-103.2416123,-41.9127954],[-104.1465121,-40.9395187],[-105.0129323,-39.9582504],[-106.3757598,-40.0025719],[-107.7420836,-40.0318914],[-109.1115081,-40.0461207],[-110.4836237,-40.0451762],[-111.0996227,-41.0475407],[-111.7310542,-42.0436453],[-112.3802575,-43.0333119],[-113.0495421,-44.0163570],[-112.2386908,-45.0388684],[-111.3939210,-46.0560927],[-110.5131795,-47.0672206],[-109.5942789,-48.0713973],[-107.9989095,-48.0707052],[-106.4050063,-48.0502850],[-104.8133566,-48.0100775],[-103.2247264,-47.9500136],[-102.7189147,-46.9267700],[-102.2326145,-45.8991248],[-101.7636933,-44.8669734],[-101.3100361,-43.8301769]]]}},
{"type":"Feature","properties":{"name": "485"},"geometry":{"type":"Polygon","coordinates":[[[-94.2766251,-39.0745162],[-95.2637155,-38.1606840],[-96.2028638,-37.2330940],[-97.0948601,-36.2941164],[-97.9406459,-35.3460522],[-99.1964572,-35.4710189],[-100.4577129,-35.5830840],[-101.7241499,-35.6821102],[-102.9954932,-35.7679651],[-103.4979635,-36.8235149],[-103.9994457,-37.8738750],[-104.5034091,-38.9188258],[-105.0129323,-39.9582504],[-104.1465121,-40.9395187],[-103.2416123,-41.9127954],[-102.2966546,-42.8767939],[-101.3100361,-43.8301769],[-99.8575934,-43.7300918],[-98.4099546,-43.6129239],[-96.9674564,-43.4786091],[-95.5303853,-43.3270387],[-95.2098400,-42.2716155],[-94.8956248,-41.2113974],[-94.5854432,-40.1458800],[-94.2766251,-39.0745162]]]}},
{"type":"Feature","properties":{"name": "486"},"geometry":{"type":"Polygon","coordinates":[[[-88.1174297,-33.8996462],[-88.9295264,-32.9897682],[-89.6865872,-32.0722051],[-90.4021651,-31.1513275],[-91.0854614,-30.2292437],[-92.2714325,-30.4258693],[-93.4601819,-30.6113937],[-94.6521671,-30.7855964],[-95.8476922,-30.9482949],[-96.3866617,-32.0522394],[-96.9155142,-33.1541113],[-97.4336945,-34.2525014],[-97.9406459,-35.3460522],[-97.0948601,-36.2941164],[-96.2028638,-37.2330940],[-95.2637155,-38.1606840],[-94.2766251,-39.0745162],[-92.9591212,-38.8990127],[-91.6474701,-38.7091203],[-90.3415937,-38.5047262],[-89.0412980,-38.2856092],[-88.8354722,-37.2044059],[-88.6187401,-36.1139290],[-88.3833816,-35.0127264],[-88.1174297,-33.8996462]]]}},
{"type":"Feature","properties":{"name": "487"},"geometry":{"type":"Polygon","coordinates":[[[-81.4751017,-28.3871050],[-82.1293969,-27.5456611],[-82.7739802,-26.7008643],[-83.4093576,-25.8527946],[-84.0360173,-25.0015249],[-85.2724825,-25.1836063],[-86.4893011,-25.3803836],[-87.6918350,-25.5827292],[-88.8841269,-25.7851271],[-89.4585581,-26.8818674],[-90.0178966,-27.9900217],[-90.5606802,-29.1067665],[-91.0854614,-30.2292437],[-90.4021651,-31.1513275],[-89.6865872,-32.0722051],[-88.9295264,-32.9897682],[-88.1174297,-33.8996462],[-86.9202631,-33.6653695],[-85.7304186,-33.4197558],[-84.5480022,-33.1629734],[-83.3731047,-32.8951919],[-83.0334230,-31.7397768],[-82.5949039,-30.5843556],[-82.0700261,-29.4577346],[-81.4751017,-28.3871050]]]}},
{"type":"Feature","properties":{"name": "488"},"geometry":{"type":"Polygon","coordinates":[[[-74.1268953,-32.8951919],[-74.4665770,-31.7397768],[-74.9050961,-30.5843556],[-75.4299739,-29.4577346],[-76.0248983,-28.3871050],[-77.3714917,-28.2754284],[-78.7500000,-28.2376021],[-80.1285083,-28.2754284],[-81.4751017,-28.3871050],[-82.0700261,-29.4577346],[-82.5949039,-30.5843556],[-83.0334230,-31.7397768],[-83.3731047,-32.8951919],[-82.3591076,-33.7314764],[-81.2314363,-34.5088485],[-80.0172368,-35.2039108],[-78.7500000,-35.7981262],[-77.4827632,-35.2039108],[-76.2685637,-34.5088485],[-75.1408924,-33.7314764],[-74.1268953,-32.8951919]]]}},
{"type":"Feature","properties":{"name": "489"},"geometry":{"type":"Polygon","coordinates":[[[-66.4145386,-30.2292437],[-66.9393198,-29.1067665],[-67.4821034,-27.9900217],[-68.0414419,-26.8818674],[-68.6158731,-25.7851271],[-69.8081650,-25.5827292],[-71.0106989,-25.3803836],[-72.2275175,-25.1836063],[-73.4639827,-25.0015249],[-74.0906424,-25.8527946],[-74.7260198,-26.7008643],[-75.3706031,-27.5456611],[-76.0248983,-28.3871050],[-75.4299739,-29.4577346],[-74.9050961,-30.5843556],[-74.4665770,-31.7397768],[-74.1268953,-32.8951919],[-72.9519978,-33.1629734],[-71.7695814,-33.4197558],[-70.5797369,-33.6653695],[-69.3825703,-33.8996462],[-68.5704736,-32.9897682],[-67.8134128,-32.0722051],[-67.0978349,-31.1513275],[-66.4145386,-30.2292437]]]}},
{"type":"Feature","properties":{"name": "490"},"geometry":{"type":"Polygon","coordinates":[[[-59.1981369,-27.1570878],[-59.7949187,-26.0770975],[-60.3936286,-24.9993957],[-60.9941743,-23.9249378],[-61.5964635,-22.8546788],[-62.7580173,-22.7053420],[-63.9221754,-22.5492152],[-65.0899284,-22.3873944],[-66.2624826,-22.2213201],[-66.8384998,-23.1140809],[-67.4221396,-24.0055109],[-68.0142559,-24.8957862],[-68.6158731,-25.7851271],[-68.0414419,-26.8818674],[-67.4821034,-27.9900217],[-66.9393198,-29.1067665],[-66.4145386,-30.2292437],[-65.2285675,-30.4258693],[-64.0398181,-30.6113937],[-62.8478329,-30.7855964],[-61.6523078,-30.9482949],[-61.0104209,-30.0004621],[-60.3893907,-29.0524824],[-59.7861322,-28.1046461],[-59.1981369,-27.1570878]]]}},
{"type":"Feature","properties":{"name": "491"},"geometry":{"type":"Polygon","coordinates":[[[-52.3250711,-23.7314816],[-52.9631429,-22.6943480],[-53.5966211,-21.6568325],[-54.2257885,-20.6194373],[-54.8509189,-19.5826637],[-55.9914444,-19.4892558],[-57.1326442,-19.3874794],[-58.2749085,-19.2777927],[-59.4186945,-19.1607421],[-59.9545382,-20.0853750],[-60.4956431,-21.0091628],[-61.0426957,-21.9322220],[-61.5964635,-22.8546788],[-60.9941743,-23.9249378],[-60.3936286,-24.9993957],[-59.7949187,-26.0770975],[-59.1981369,-27.1570878],[-58.0204815,-27.2851228],[-56.8410919,-27.4022457],[-55.6597700,-27.5082571],[-54.4763766,-27.6029830],[-53.9236967,-26.6343744],[-53.3818283,-25.6662733],[-52.8493633,-24.6986587],[-52.3250711,-23.7314816]]]}},
{"type":"Feature","properties":{"name": "492"},"geometry":{"type":"Polygon","coordinates":[[[-45.7200697,-19.9914988],[-46.3801610,-18.9970020],[-47.0325256,-18.0000000],[-47.6775464,-17.0008396],[-48.3155957,-15.9998636],[-49.4393886,-15.9604792],[-50.5630726,-15.9121471],[-51.6868473,-15.8551287],[-52.8109404,-15.7897197],[-53.3164654,-16.7388754],[-53.8246015,-17.6873532],[-54.3358915,-18.6352495],[-54.8509189,-19.5826637],[-54.2257885,-20.6194373],[-53.5966211,-21.6568325],[-52.9631429,-22.6943480],[-52.3250711,-23.7314816],[-51.1634436,-23.7959382],[-50.0005779,-23.8496065],[-48.8363915,-23.8923324],[-47.6708280,-23.9239768],[-47.1762283,-22.9401135],[-46.6867790,-21.9568015],[-46.2016461,-20.9739592],[-45.7200697,-19.9914988]]]}},
{"type":"Feature","properties":{"name": "493"},"geometry":{"type":"Polygon","coordinates":[[[-39.3661833,-16.1100889],[-40.0596314,-15.1234234],[-40.7425282,-14.1314791],[-41.4151224,-13.1348294],[-42.0776618,-12.1340439],[-43.1669981,-12.1221688],[-44.2563061,-12.1081312],[-45.3458469,-12.0920617],[-46.4358656,-12.0740697],[-46.8966741,-13.0597863],[-47.3630718,-14.0426123],[-47.8358051,-15.0226173],[-48.3155957,-15.9998636],[-47.6775464,-17.0008396],[-47.0325256,-18.0000000],[-46.3801610,-18.9970020],[-45.7200697,-19.9914988],[-44.5697539,-20.0091180],[-43.4187330,-20.0224177],[-42.2667379,-20.0311210],[-41.1134880,-20.0349066],[-40.6656261,-19.0559909],[-40.2255135,-18.0756150],[-39.7925626,-17.0936843],[-39.3661833,-16.1100889]]]}},
{"type":"Feature","properties":{"name": "494"},"geometry":{"type":"Polygon","coordinates":[[[-33.3227099,-12.1233767],[-34.0424660,-11.1466169],[-34.7475602,-10.1601566],[-35.4378695,-9.1650844],[-36.1132948,-8.1624936],[-37.1791081,-8.1601630],[-38.2440124,-8.1559912],[-39.3083680,-8.1501707],[-40.3724964,-8.1428541],[-40.7960223,-9.1452813],[-41.2207375,-10.1445225],[-41.6476480,-11.1407274],[-42.0776618,-12.1340439],[-41.4151224,-13.1348294],[-40.7425282,-14.1314791],[-40.0596314,-15.1234234],[-39.3661833,-16.1100889],[-38.2431773,-16.1071869],[-37.1181082,-16.0994415],[-35.9905832,-16.0863213],[-34.8601823,-16.0671853],[-34.4692256,-15.0833864],[-34.0830306,-14.0982852],[-33.7010522,-13.1116890],[-33.3227099,-12.1233767]]]}},
{"type":"Feature","properties":{"name": "495"},"geometry":{"type":"Polygon","coordinates":[[[-27.4883688,-8.0611722],[-28.2338240,-7.1010432],[-28.9561430,-6.1214430],[-29.6538106,-5.1252612],[-30.3254620,-4.1154647],[-31.3705383,-4.1167127],[-32.4139594,-4.1166508],[-33.4562876,-4.1155299],[-34.4979746,-4.1135243],[-34.9085785,-5.1318180],[-35.3133246,-6.1459305],[-35.7143265,-7.1560712],[-36.1132948,-8.1624936],[-35.4378695,-9.1650844],[-34.7475602,-10.1601566],[-34.0424660,-11.1466169],[-33.3227099,-12.1233767],[-32.2169800,-12.1026565],[-31.1068800,-12.0751711],[-29.9916846,-12.0395854],[-28.8705975,-11.9941569],[-28.5217638,-11.0129905],[-28.1754886,-10.0306734],[-27.8312353,-9.0468727],[-27.4883688,-8.0611722]]]}},
{"type":"Feature","properties":{"name": "496"},"geometry":{"type":"Polygon","coordinates":[[[-21.7303970,-3.8806166],[-22.5340259,-3.0008987],[-23.2839463,-2.0445943],[-23.9605130,-1.0354382],[-24.5481262,0.0000000],[-25.5688961,0.0000000],[-26.5900712,0.0000000],[-27.6117332,0.0000000],[-28.6339642,0.0000000],[-29.0951903,-1.0364975],[-29.5243315,-2.0686207],[-29.9320901,-3.0949931],[-30.3254620,-4.1154647],[-29.6538106,-5.1252612],[-28.9561430,-6.1214430],[-28.2338240,-7.1010432],[-27.4883688,-8.0611722],[-26.3850084,-8.0176334],[-25.2715322,-7.9586349],[-24.1460175,-7.8776516],[-23.0066242,-7.7642638],[-22.6855762,-6.7929032],[-22.3660003,-5.8218730],[-22.0476786,-4.8511264],[-21.7303970,-3.8806166]]]}},
{"type":"Feature","properties":{"name": "497"},"geometry":{"type":"Polygon","coordinates":[[[-78.7500000,-39.8839642],[-78.7500000,-38.8617332],[-78.7500000,-37.8400712],[-78.7500000,-36.8188961],[-78.7500000,-35.7981262],[-80.0172368,-35.2039108],[-81.2314363,-34.5088485],[-82.3591076,-33.7314764],[-83.3731047,-32.8951919],[-84.5480022,-33.1629734],[-85.7304186,-33.4197558],[-86.9202631,-33.6653695],[-88.1174297,-33.8996462],[-88.3833816,-35.0127264],[-88.6187401,-36.1139290],[-88.8354722,-37.2044059],[-89.0412980,-38.2856092],[-87.9188976,-39.1226911],[-86.7435925,-39.9305638],[-85.5176459,-40.7056440],[-84.2439332,-41.4445378],[-82.8592320,-41.1090152],[-81.4807360,-40.7421384],[-80.1098440,-40.3372274],[-78.7500000,-39.8839642]]]}},
{"type":"Feature","properties":{"name": "498"},"geometry":{"type":"Polygon","coordinates":[[[-68.4587020,-38.2856092],[-68.6645278,-37.2044059],[-68.8812599,-36.1139290],[-69.1166184,-35.0127264],[-69.3825703,-33.8996462],[-70.5797369,-33.6653695],[-71.7695814,-33.4197558],[-72.9519978,-33.1629734],[-74.1268953,-32.8951919],[-75.1408924,-33.7314764],[-76.2685637,-34.5088485],[-77.4827632,-35.2039108],[-78.7500000,-35.7981262],[-78.7500000,-36.8188961],[-78.7500000,-37.8400712],[-78.7500000,-38.8617332],[-78.7500000,-39.8839642],[-77.3901560,-40.3372274],[-76.0192640,-40.7421384],[-74.6407680,-41.1090152],[-73.2560668,-41.4445378],[-71.9823541,-40.7056440],[-70.7564075,-39.9305638],[-69.5811024,-39.1226911],[-68.4587020,-38.2856092]]]}},
{"type":"Feature","properties":{"name": "499"},"geometry":{"type":"Polygon","coordinates":[[[-59.5593541,-35.3460522],[-60.0663055,-34.2525014],[-60.5844858,-33.1541113],[-61.1133383,-32.0522394],[-61.6523078,-30.9482949],[-62.8478329,-30.7855964],[-64.0398181,-30.6113937],[-65.2285675,-30.4258693],[-66.4145386,-30.2292437],[-67.0978349,-31.1513275],[-67.8134128,-32.0722051],[-68.5704736,-32.9897682],[-69.3825703,-33.8996462],[-69.1166184,-35.0127264],[-68.8812599,-36.1139290],[-68.6645278,-37.2044059],[-68.4587020,-38.2856092],[-67.1584063,-38.5047262],[-65.8525299,-38.7091203],[-64.5408788,-38.8990127],[-63.2233749,-39.0745162],[-62.2362845,-38.1606840],[-61.2971362,-37.2330940],[-60.4051399,-36.2941164],[-59.5593541,-35.3460522]]]}},
{"type":"Feature","properties":{"name": "500"},"geometry":{"type":"Polygon","coordinates":[[[-51.9515595,-31.8189000],[-52.5870459,-30.7688029],[-53.2195552,-29.7156995],[-53.8492724,-28.6602144],[-54.4763766,-27.6029830],[-55.6597700,-27.5082571],[-56.8410919,-27.4022457],[-58.0204815,-27.2851228],[-59.1981369,-27.1570878],[-59.7861322,-28.1046461],[-60.3893907,-29.0524824],[-61.0104209,-30.0004621],[-61.6523078,-30.9482949],[-61.1133383,-32.0522394],[-60.5844858,-33.1541113],[-60.0663055,-34.2525014],[-59.5593541,-35.3460522],[-58.3035428,-35.4710189],[-57.0422871,-35.5830840],[-55.7758501,-35.6821102],[-54.5045068,-35.7679651],[-53.8244177,-34.7831114],[-53.1750326,-33.7960283],[-52.5519712,-32.8077215],[-51.9515595,-31.8189000]]]}},
{"type":"Feature","properties":{"name": "501"},"geometry":{"type":"Polygon","coordinates":[[[-44.9309246,-27.9385989],[-45.6286595,-26.9404930],[-46.3176085,-25.9384101],[-46.9981945,-24.9327664],[-47.6708280,-23.9239768],[-48.8363915,-23.8923324],[-50.0005779,-23.8496065],[-51.1634436,-23.7959382],[-52.3250711,-23.7314816],[-52.8493633,-24.6986587],[-53.3818283,-25.6662733],[-53.9236967,-26.6343744],[-54.4763766,-27.6029830],[-53.8492724,-28.6602144],[-53.2195552,-29.7156995],[-52.5870459,-30.7688029],[-51.9515595,-31.8189000],[-50.7227185,-31.8720596],[-49.4907131,-31.9124954],[-48.2557269,-31.9401129],[-47.0179547,-31.9548219],[-46.4766365,-30.9495427],[-45.9496025,-29.9449975],[-45.4349269,-28.9413237],[-44.9309246,-27.9385989]]]}},
{"type":"Feature","properties":{"name": "502"},"geometry":{"type":"Polygon","coordinates":[[[-38.2206861,-23.9068067],[-38.9603031,-22.9481045],[-39.6887310,-21.9829136],[-40.4063381,-21.0116948],[-41.1134880,-20.0349066],[-42.2667379,-20.0311210],[-43.4187330,-20.0224177],[-44.5697539,-20.0091180],[-45.7200697,-19.9914988],[-46.2016461,-20.9739592],[-46.6867790,-21.9568015],[-47.1762283,-22.9401135],[-47.6708280,-23.9239768],[-46.9981945,-24.9327664],[-46.3176085,-25.9384101],[-45.6286595,-26.9404930],[-44.9309246,-27.9385989],[-43.7285676,-27.9261784],[-42.5244662,-27.9013806],[-41.3187391,-27.8641311],[-40.1115112,-27.8143599],[-39.6224333,-26.8380134],[-39.1447016,-25.8613135],[-38.6776604,-24.8842514],[-38.2206861,-23.9068067]]]}},
{"type":"Feature","properties":{"name": "503"},"geometry":{"type":"Polygon","coordinates":[[[-31.8047807,-19.8266199],[-32.5877325,-18.9035954],[-33.3579253,-17.9688554],[-34.1153919,-17.0231363],[-34.8601823,-16.0671853],[-35.9905832,-16.0863213],[-37.1181082,-16.0994415],[-38.2431773,-16.1071869],[-39.3661833,-16.1100889],[-39.7925626,-17.0936843],[-40.2255135,-18.0756150],[-40.6656261,-19.0559909],[-41.1134880,-20.0349066],[-40.4063381,-21.0116948],[-39.6887310,-21.9829136],[-38.9603031,-22.9481045],[-38.2206861,-23.9068067],[-37.0219836,-23.8802817],[-35.8206615,-23.8448875],[-34.6164731,-23.7997788],[-33.4091852,-23.7439697],[-32.9971951,-22.7641517],[-32.5927678,-21.7846868],[-32.1954433,-20.8055279],[-31.8047807,-19.8266199]]]}},
{"type":"Feature","properties":{"name": "504"},"geometry":{"type":"Polygon","coordinates":[[[-25.6557694,-15.5525357],[-26.4804375,-14.6950009],[-27.2917222,-13.8152156],[-28.0887244,-12.9144738],[-28.8705975,-11.9941569],[-29.9916846,-12.0395854],[-31.1068800,-12.0751711],[-32.2169800,-12.1026565],[-33.3227099,-12.1233767],[-33.7010522,-13.1116890],[-34.0830306,-14.0982852],[-34.4692256,-15.0833864],[-34.8601823,-16.0671853],[-34.1153919,-17.0231363],[-33.3579253,-17.9688554],[-32.5877325,-18.9035954],[-31.8047807,-19.8266199],[-30.6258078,-19.7584843],[-29.4423172,-19.6766252],[-28.2540622,-19.5789348],[-27.0608871,-19.4628315],[-26.7030054,-18.4840180],[-26.3497345,-17.5060571],[-26.0007572,-16.5289098],[-25.6557694,-15.5525357]]]}},
{"type":"Feature","properties":{"name": "505"},"geometry":{"type":"Polygon","coordinates":[[[-19.5647124,-10.6369102],[-20.4320565,-9.9533606],[-21.2966060,-9.2514147],[-22.1562726,-8.5248293],[-23.0066242,-7.7642638],[-24.1460175,-7.8776516],[-25.2715322,-7.9586349],[-26.3850084,-8.0176334],[-27.4883688,-8.0611722],[-27.8312353,-9.0468727],[-28.1754886,-10.0306734],[-28.5217638,-11.0129905],[-28.8705975,-11.9941569],[-28.0887244,-12.9144738],[-27.2917222,-13.8152156],[-26.4804375,-14.6950009],[-25.6557694,-15.5525357],[-24.4593523,-15.3541608],[-23.2586656,-15.1299328],[-22.0557035,-14.8799677],[-20.8524863,-14.6044961],[-20.5276399,-13.6144061],[-20.2048454,-12.6234337],[-19.8839168,-11.6311284],[-19.5647124,-10.6369102]]]}},
{"type":"Feature","properties":{"name": "506"},"geometry":{"type":"Polygon","coordinates":[[[-84.6342314,-45.5966737],[-84.5309129,-44.5602339],[-84.4317997,-43.5230375],[-84.3363440,-42.4846523],[-84.2439332,-41.4445378],[-85.5176459,-40.7056440],[-86.7435925,-39.9305638],[-87.9188976,-39.1226911],[-89.0412980,-38.2856092],[-90.3415937,-38.5047262],[-91.6474701,-38.7091203],[-92.9591212,-38.8990127],[-94.2766251,-39.0745162],[-94.5854432,-40.1458800],[-94.8956248,-41.2113974],[-95.2098400,-42.2716155],[-95.5303853,-43.3270387],[-94.3968221,-44.2107809],[-93.2153448,-45.0748857],[-91.9853016,-45.9174567],[-90.7062433,-46.7365905],[-89.1741078,-46.4884310],[-87.6509918,-46.2166398],[-86.1374686,-45.9199465],[-84.6342314,-45.5966737]]]}},
{"type":"Feature","properties":{"name": "507"},"geometry":{"type":"Polygon","coordinates":[[[-72.8657686,-45.5966737],[-72.9690871,-44.5602339],[-73.0682003,-43.5230375],[-73.1636560,-42.4846523],[-73.2560668,-41.4445378],[-74.6407680,-41.1090152],[-76.0192640,-40.7421384],[-77.3901560,-40.3372274],[-78.7500000,-39.8839642],[-80.1098440,-40.3372274],[-81.4807360,-40.7421384],[-82.8592320,-41.1090152],[-84.2439332,-41.4445378],[-84.3363440,-42.4846523],[-84.4317997,-43.5230375],[-84.5309129,-44.5602339],[-84.6342314,-45.5966737],[-83.2209100,-46.2777489],[-81.7670935,-46.9218456],[-80.2756784,-47.5272129],[-78.7500000,-48.0923032],[-77.2243216,-47.5272129],[-75.7329065,-46.9218456],[-74.2790900,-46.2777489],[-72.8657686,-45.5966737]]]}},
{"type":"Feature","properties":{"name": "508"},"geometry":{"type":"Polygon","coordinates":[[[-61.9696147,-43.3270387],[-62.2901600,-42.2716155],[-62.6043752,-41.2113974],[-62.9145568,-40.1458800],[-63.2233749,-39.0745162],[-64.5408788,-38.8990127],[-65.8525299,-38.7091203],[-67.1584063,-38.5047262],[-68.4587020,-38.2856092],[-69.5811024,-39.1226911],[-70.7564075,-39.9305638],[-71.9823541,-40.7056440],[-73.2560668,-41.4445378],[-73.1636560,-42.4846523],[-73.0682003,-43.5230375],[-72.9690871,-44.5602339],[-72.8657686,-45.5966737],[-71.3625314,-45.9199465],[-69.8490082,-46.2166398],[-68.3258922,-46.4884310],[-66.7937567,-46.7365905],[-65.5146984,-45.9174567],[-64.2846552,-45.0748857],[-63.1031779,-44.2107809],[-61.9696147,-43.3270387]]]}},
{"type":"Feature","properties":{"name": "509"},"geometry":{"type":"Polygon","coordinates":[[[-52.4870677,-39.9582504],[-52.9965909,-38.9188258],[-53.5005543,-37.8738750],[-54.0020365,-36.8235149],[-54.5045068,-35.7679651],[-55.7758501,-35.6821102],[-57.0422871,-35.5830840],[-58.3035428,-35.4710189],[-59.5593541,-35.3460522],[-60.4051399,-36.2941164],[-61.2971362,-37.2330940],[-62.2362845,-38.1606840],[-63.2233749,-39.0745162],[-62.9145568,-40.1458800],[-62.6043752,-41.2113974],[-62.2901600,-42.2716155],[-61.9696147,-43.3270387],[-60.5325436,-43.4786091],[-59.0900454,-43.6129239],[-57.6424066,-43.7300918],[-56.1899639,-43.8301769],[-55.2033454,-42.8767939],[-54.2583877,-41.9127954],[-53.3534879,-40.9395187],[-52.4870677,-39.9582504]]]}},
{"type":"Feature","properties":{"name": "510"},"geometry":{"type":"Polygon","coordinates":[[[-44.1932299,-35.9665389],[-44.9122134,-34.9724592],[-45.6223861,-33.9721752],[-46.3241651,-32.9661419],[-47.0179547,-31.9548219],[-48.2557269,-31.9401129],[-49.4907131,-31.9124954],[-50.7227185,-31.8720596],[-51.9515595,-31.8189000],[-52.5519712,-32.8077215],[-53.1750326,-33.7960283],[-53.8244177,-34.7831114],[-54.5045068,-35.7679651],[-54.0020365,-36.8235149],[-53.5005543,-37.8738750],[-52.9965909,-38.9188258],[-52.4870677,-39.9582504],[-51.1242402,-40.0025719],[-49.7579164,-40.0318914],[-48.3884919,-40.0461207],[-47.0163763,-40.0451762],[-46.2674721,-39.0293603],[-45.5482553,-38.0104527],[-44.8572932,-36.9892571],[-44.1932299,-35.9665389]]]}},
{"type":"Feature","properties":{"name": "511"},"geometry":{"type":"Polygon","coordinates":[[[-37.0412110,-31.5984132],[-37.8281320,-30.6624696],[-38.6018044,-29.7195505],[-39.3627585,-28.7700505],[-40.1115112,-27.8143599],[-41.3187391,-27.8641311],[-42.5244662,-27.9013806],[-43.7285676,-27.9261784],[-44.9309246,-27.9385989],[-45.4349269,-28.9413237],[-45.9496025,-29.9449975],[-46.4766365,-30.9495427],[-47.0179547,-31.9548219],[-46.3241651,-32.9661419],[-45.6223861,-33.9721752],[-44.9122134,-34.9724592],[-44.1932299,-35.9665389],[-42.8915564,-35.9288081],[-41.5881529,-35.8768968],[-40.2833552,-35.8107387],[-38.9774970,-35.7302744],[-38.4715063,-34.6955723],[-37.9815925,-33.6619072],[-37.5054896,-32.6294773],[-37.0412110,-31.5984132]]]}},
{"type":"Feature","properties":{"name": "512"},"geometry":{"type":"Polygon","coordinates":[[[-30.1335856,-27.3282279],[-30.9722115,-26.4498028],[-31.7975639,-25.5592525],[-32.6098238,-24.6571234],[-33.4091852,-23.7439697],[-34.6164731,-23.7997788],[-35.8206615,-23.8448875],[-37.0219836,-23.8802817],[-38.2206861,-23.9068067],[-38.6776604,-24.8842514],[-39.1447016,-25.8613135],[-39.6224333,-26.8380134],[-40.1115112,-27.8143599],[-39.3627585,-28.7700505],[-38.6018044,-29.7195505],[-37.8281320,-30.6624696],[-37.0412110,-31.5984132],[-35.7477747,-31.5409369],[-34.4523310,-31.4705823],[-33.1549026,-31.3863328],[-31.8555647,-31.2870338],[-31.4105859,-30.2955976],[-30.9756680,-29.3053243],[-30.5501940,-28.3162053],[-30.1335856,-27.3282279]]]}},
{"type":"Feature","properties":{"name": "513"},"geometry":{"type":"Polygon","coordinates":[[[-23.5548131,-22.5257427],[-24.4453809,-21.7808135],[-25.3271161,-21.0231876],[-26.1993037,-20.2511953],[-27.0608871,-19.4628315],[-28.2540622,-19.5789348],[-29.4423172,-19.6766252],[-30.6258078,-19.7584843],[-31.8047807,-19.8266199],[-32.1954433,-20.8055279],[-32.5927678,-21.7846868],[-32.9971951,-22.7641517],[-33.4091852,-23.7439697],[-32.6098238,-24.6571234],[-31.7975639,-25.5592525],[-30.9722115,-26.4498028],[-30.1335856,-27.3282279],[-28.8518816,-27.1481582],[-27.5695549,-26.9505971],[-26.2874762,-26.7355941],[-25.0065088,-26.5032347],[-24.6353697,-25.5072142],[-24.2699722,-24.5123465],[-23.9099139,-23.5185518],[-23.5548131,-22.5257427]]]}},
{"type":"Feature","properties":{"name": "514"},"geometry":{"type":"Polygon","coordinates":[[[-17.3126744,-17.3235066],[-18.2036153,-16.6577392],[-19.0905773,-15.9836028],[-19.9735874,-15.2997583],[-20.8524863,-14.6044961],[-22.0557035,-14.8799677],[-23.2586656,-15.1299328],[-24.4593523,-15.3541608],[-25.6557694,-15.5525357],[-26.0007572,-16.5289098],[-26.3497345,-17.5060571],[-26.7030054,-18.4840180],[-27.0608871,-19.4628315],[-26.1993037,-20.2511953],[-25.3271161,-21.0231876],[-24.4453809,-21.7808135],[-23.5548131,-22.5257427],[-22.3081429,-22.2631048],[-21.0639299,-21.9818907],[-19.8231820,-21.6823405],[-18.5868860,-21.3647385],[-18.2642671,-20.3553815],[-17.9444824,-19.3456121],[-17.6273379,-18.3351103],[-17.3126744,-17.3235066]]]}},
{"type":"Feature","properties":{"name": "515"},"geometry":{"type":"Polygon","coordinates":[[[-91.7282723,-50.8988385],[-91.4538941,-49.8600539],[-91.1929362,-48.8202486],[-90.9441246,-47.7791868],[-90.7062433,-46.7365905],[-91.9853016,-45.9174567],[-93.2153448,-45.0748857],[-94.3968221,-44.2107809],[-95.5303853,-43.3270387],[-96.9674564,-43.4786091],[-98.4099546,-43.6129239],[-99.8575934,-43.7300918],[-101.3100361,-43.8301769],[-101.7636933,-44.8669734],[-102.2326145,-45.8991248],[-102.7189147,-46.9267700],[-103.2247264,-47.9500136],[-102.1306548,-48.8946907],[-100.9881224,-49.8257582],[-99.7948787,-50.7418769],[-98.5486483,-51.6416493],[-96.8294909,-51.4927717],[-95.1189639,-51.3196128],[-93.4181885,-51.1217931],[-91.7282723,-50.8988385]]]}},
{"type":"Feature","properties":{"name": "516"},"geometry":{"type":"Polygon","coordinates":[[[-78.7500000,-52.2257248],[-78.7500000,-51.1900549],[-78.7500000,-50.1559886],[-78.7500000,-49.1234347],[-78.7500000,-48.0923032],[-80.2756784,-47.5272129],[-81.7670935,-46.9218456],[-83.2209100,-46.2777489],[-84.6342314,-45.5966737],[-86.1374686,-45.9199465],[-87.6509918,-46.2166398],[-89.1741078,-46.4884310],[-90.7062433,-46.7365905],[-90.9441246,-47.7791868],[-91.1929362,-48.8202486],[-91.4538941,-49.8600539],[-91.7282723,-50.8988385],[-90.2983711,-51.6888633],[-88.8134094,-52.4525283],[-87.2729656,-53.1881197],[-85.6769529,-53.8939313],[-83.9037183,-53.5280597],[-82.1565134,-53.1291160],[-80.4377079,-52.6956187],[-78.7500000,-52.2257248]]]}},
{"type":"Feature","properties":{"name": "517"},"geometry":{"type":"Polygon","coordinates":[[[-65.7717277,-50.8988385],[-66.0461059,-49.8600539],[-66.3070638,-48.8202486],[-66.5558754,-47.7791868],[-66.7937567,-46.7365905],[-68.3258922,-46.4884310],[-69.8490082,-46.2166398],[-71.3625314,-45.9199465],[-72.8657686,-45.5966737],[-74.2790900,-46.2777489],[-75.7329065,-46.9218456],[-77.2243216,-47.5272129],[-78.7500000,-48.0923032],[-78.7500000,-49.1234347],[-78.7500000,-50.1559886],[-78.7500000,-51.1900549],[-78.7500000,-52.2257248],[-77.0622921,-52.6956187],[-75.3434866,-53.1291160],[-73.5962817,-53.5280597],[-71.8230471,-53.8939313],[-70.2270344,-53.1881197],[-68.6865906,-52.4525283],[-67.2016289,-51.6888633],[-65.7717277,-50.8988385]]]}},
{"type":"Feature","properties":{"name": "518"},"geometry":{"type":"Polygon","coordinates":[[[-54.2752736,-47.9500136],[-54.7810853,-46.9267700],[-55.2673855,-45.8991248],[-55.7363067,-44.8669734],[-56.1899639,-43.8301769],[-57.6424066,-43.7300918],[-59.0900454,-43.6129239],[-60.5325436,-43.4786091],[-61.9696147,-43.3270387],[-63.1031779,-44.2107809],[-64.2846552,-45.0748857],[-65.5146984,-45.9174567],[-66.7937567,-46.7365905],[-66.5558754,-47.7791868],[-66.3070638,-48.8202486],[-66.0461059,-49.8600539],[-65.7717277,-50.8988385],[-64.0818115,-51.1217931],[-62.3810361,-51.3196128],[-60.6705091,-51.4927717],[-58.9513517,-51.6416493],[-57.7051213,-50.7418769],[-56.5118776,-49.8257582],[-55.3693452,-48.8946907],[-54.2752736,-47.9500136]]]}},
{"type":"Feature","properties":{"name": "519"},"geometry":{"type":"Polygon","coordinates":[[[-44.4504579,-44.0163570],[-45.1197425,-43.0333119],[-45.7689458,-42.0436453],[-46.4003773,-41.0475407],[-47.0163763,-40.0451762],[-48.3884919,-40.0461207],[-49.7579164,-40.0318914],[-51.1242402,-40.0025719],[-52.4870677,-39.9582504],[-53.3534879,-40.9395187],[-54.2583877,-41.9127954],[-55.2033454,-42.8767939],[-56.1899639,-43.8301769],[-55.7363067,-44.8669734],[-55.2673855,-45.8991248],[-54.7810853,-46.9267700],[-54.2752736,-47.9500136],[-52.6866434,-48.0100775],[-51.0949937,-48.0502850],[-49.5010905,-48.0707052],[-47.9057211,-48.0713973],[-46.9868205,-47.0672206],[-46.1060790,-46.0560927],[-45.2613092,-45.0388684],[-44.4504579,-44.0163570]]]}},
{"type":"Feature","properties":{"name": "520"},"geometry":{"type":"Polygon","coordinates":[[[-35.9940825,-39.4834837],[-36.7646477,-38.5564785],[-37.5173238,-37.6216518],[-38.2542175,-36.6794348],[-38.9774970,-35.7302744],[-40.2833552,-35.8107387],[-41.5881529,-35.8768968],[-42.8915564,-35.9288081],[-44.1932299,-35.9665389],[-44.8572932,-36.9892571],[-45.5482553,-38.0104527],[-46.2674721,-39.0293603],[-47.0163763,-40.0451762],[-46.4003773,-41.0475407],[-45.7689458,-42.0436453],[-45.1197425,-43.0333119],[-44.4504579,-44.0163570],[-42.9757537,-43.9625374],[-41.5013023,-43.8915240],[-40.0276820,-43.8033114],[-38.5554682,-43.6979020],[-37.8808420,-42.6462523],[-37.2300304,-41.5929883],[-36.6015647,-40.5385825],[-35.9940825,-39.4834837]]]}},
{"type":"Feature","properties":{"name": "521"},"geometry":{"type":"Polygon","coordinates":[[[-28.2394440,-34.5205516],[-29.1646783,-33.7261419],[-30.0757854,-32.9228590],[-30.9727839,-32.1100668],[-31.8555647,-31.2870338],[-33.1549026,-31.3863328],[-34.4523310,-31.4705823],[-35.7477747,-31.5409369],[-37.0412110,-31.5984132],[-37.5054896,-32.6294773],[-37.9815925,-33.6619072],[-38.4715063,-34.6955723],[-38.9774970,-35.7302744],[-38.2542175,-36.6794348],[-37.5173238,-37.6216518],[-36.7646477,-38.5564785],[-35.9940825,-39.4834837],[-34.5886141,-39.2891238],[-33.1873006,-39.0769862],[-31.7900795,-38.8479888],[-30.3967503,-38.6031615],[-29.8344975,-37.5805659],[-29.2875260,-36.5596517],[-28.7558666,-35.5398224],[-28.2394440,-34.5205516]]]}},
{"type":"Feature","properties":{"name": "522"},"geometry":{"type":"Polygon","coordinates":[[[-21.3018762,-29.4526328],[-22.2432221,-28.7279228],[-23.1743851,-27.9952214],[-24.0954769,-27.2539040],[-25.0065088,-26.5032347],[-26.2874762,-26.7355941],[-27.5695549,-26.9505971],[-28.8518816,-27.1481582],[-30.1335856,-27.3282279],[-30.5501940,-28.3162053],[-30.9756680,-29.3053243],[-31.4105859,-30.2955976],[-31.8555647,-31.2870338],[-30.9727839,-32.1100668],[-30.0757854,-32.9228590],[-29.1646783,-33.7261419],[-28.2394440,-34.5205516],[-26.8688767,-34.2945401],[-25.5025576,-34.0527377],[-24.1411599,-33.7953041],[-22.7853324,-33.5224232],[-22.4042235,-32.5026635],[-22.0302826,-31.4845142],[-21.6629939,-30.4678737],[-21.3018762,-29.4526328]]]}},
{"type":"Feature","properties":{"name": "523"},"geometry":{"type":"Polygon","coordinates":[[[-14.8971901,-24.0412514],[-15.8295920,-23.3814883],[-16.7551512,-22.7158145],[-17.6741664,-22.0437578],[-18.5868860,-21.3647385],[-19.8231820,-21.6823405],[-21.0639299,-21.9818907],[-22.3081429,-22.2631048],[-23.5548131,-22.5257427],[-23.9099139,-23.5185518],[-24.2699722,-24.5123465],[-24.6353697,-25.5072142],[-25.0065088,-26.5032347],[-24.0954769,-27.2539040],[-23.1743851,-27.9952214],[-22.2432221,-28.7279228],[-21.3018762,-29.4526328],[-20.0000589,-29.1511848],[-18.7043938,-28.8343741],[-17.4154969,-28.5024740],[-16.1339542,-28.1557813],[-15.8199248,-27.1266970],[-15.5092781,-26.0980763],[-15.2017713,-25.0696812],[-14.8971901,-24.0412514]]]}},
{"type":"Feature","properties":{"name": "524"},"geometry":{"type":"Polygon","coordinates":[[[-100.5591484,-55.7341498],[-100.0129015,-54.7146648],[-99.4975321,-53.6927337],[-99.0102835,-52.6683961],[-98.5486483,-51.6416493],[-99.7948787,-50.7418769],[-100.9881224,-49.8257582],[-102.1306548,-48.8946907],[-103.2247264,-47.9500136],[-104.8133566,-48.0100775],[-106.4050063,-48.0502850],[-107.9989095,-48.0707052],[-109.5942789,-48.0713973],[-110.2655162,-49.0596456],[-110.9667827,-50.0417657],[-111.7007956,-51.0175357],[-112.4704392,-51.9866815],[-111.4924025,-52.9974486],[-110.4674744,-54.0000000],[-109.3921940,-54.9934039],[-108.2628261,-55.9766570],[-106.3314566,-55.9568717],[-104.4023567,-55.9100009],[-102.4775746,-55.8358324],[-100.5591484,-55.7341498]]]}},
{"type":"Feature","properties":{"name": "525"},"geometry":{"type":"Polygon","coordinates":[[[-86.4138572,-58.0646001],[-86.2111183,-57.0198608],[-86.0215157,-55.9765688],[-85.8438219,-54.9346274],[-85.6769529,-53.8939313],[-87.2729656,-53.1881197],[-88.8134094,-52.4525283],[-90.2983711,-51.6888633],[-91.7282723,-50.8988385],[-93.4181885,-51.1217931],[-95.1189639,-51.3196128],[-96.8294909,-51.4927717],[-98.5486483,-51.6416493],[-99.0102835,-52.6683961],[-99.4975321,-53.6927337],[-100.0129015,-54.7146648],[-100.5591484,-55.7341498],[-99.1745088,-56.6279668],[-97.7220285,-57.5029378],[-96.1981451,-58.3574427],[-94.5993024,-59.1897675],[-92.5139395,-58.9587485],[-90.4526357,-58.6944183],[-88.4183250,-58.3964885],[-86.4138572,-58.0646001]]]}},
{"type":"Feature","properties":{"name": "526"},"geometry":{"type":"Polygon","coordinates":[[[-71.0861428,-58.0646001],[-71.2888817,-57.0198608],[-71.4784843,-55.9765688],[-71.6561781,-54.9346274],[-71.8230471,-53.8939313],[-73.5962817,-53.5280597],[-75.3434866,-53.1291160],[-77.0622921,-52.6956187],[-78.7500000,-52.2257248],[-80.4377079,-52.6956187],[-82.1565134,-53.1291160],[-83.9037183,-53.5280597],[-85.6769529,-53.8939313],[-85.8438219,-54.9346274],[-86.0215157,-55.9765688],[-86.2111183,-57.0198608],[-86.4138572,-58.0646001],[-84.6005833,-58.7451024],[-82.7184518,-59.3924183],[-80.7678883,-60.0047211],[-78.7500000,-60.5802137],[-76.7321117,-60.0047211],[-74.7815482,-59.3924183],[-72.8994167,-58.7451024],[-71.0861428,-58.0646001]]]}},
{"type":"Feature","properties":{"name": "527"},"geometry":{"type":"Polygon","coordinates":[[[-56.9408516,-55.7341498],[-57.4870985,-54.7146648],[-58.0024679,-53.6927337],[-58.4897165,-52.6683961],[-58.9513517,-51.6416493],[-60.6705091,-51.4927717],[-62.3810361,-51.3196128],[-64.0818115,-51.1217931],[-65.7717277,-50.8988385],[-67.2016289,-51.6888633],[-68.6865906,-52.4525283],[-70.2270344,-53.1881197],[-71.8230471,-53.8939313],[-71.6561781,-54.9346274],[-71.4784843,-55.9765688],[-71.2888817,-57.0198608],[-71.0861428,-58.0646001],[-69.0816750,-58.3964885],[-67.0473643,-58.6944183],[-64.9860605,-58.9587485],[-62.9006976,-59.1897675],[-61.3018549,-58.3574427],[-59.7779715,-57.5029378],[-58.3254912,-56.6279668],[-56.9408516,-55.7341498]]]}},
{"type":"Feature","properties":{"name": "528"},"geometry":{"type":"Polygon","coordinates":[[[-45.0295608,-51.9866815],[-45.7992044,-51.0175357],[-46.5332173,-50.0417657],[-47.2344838,-49.0596456],[-47.9057211,-48.0713973],[-49.5010905,-48.0707052],[-51.0949937,-48.0502850],[-52.6866434,-48.0100775],[-54.2752736,-47.9500136],[-55.3693452,-48.8946907],[-56.5118776,-49.8257582],[-57.7051213,-50.7418769],[-58.9513517,-51.6416493],[-58.4897165,-52.6683961],[-58.0024679,-53.6927337],[-57.4870985,-54.7146648],[-56.9408516,-55.7341498],[-55.0224254,-55.8358324],[-53.0976433,-55.9100009],[-51.1685434,-55.9568717],[-49.2371739,-55.9766570],[-48.1078060,-54.9934039],[-47.0325256,-54.0000000],[-46.0075975,-52.9974486],[-45.0295608,-51.9866815]]]}},
{"type":"Feature","properties":{"name": "529"},"geometry":{"type":"Polygon","coordinates":[[[-35.1327829,-47.2202312],[-36.0233705,-46.3503166],[-36.8897274,-45.4731584],[-37.7333052,-44.5889600],[-38.5554682,-43.6979020],[-40.0276820,-43.8033114],[-41.5013023,-43.8915240],[-42.9757537,-43.9625374],[-44.4504579,-44.0163570],[-45.2613092,-45.0388684],[-46.1060790,-46.0560927],[-46.9868205,-47.0672206],[-47.9057211,-48.0713973],[-47.2344838,-49.0596456],[-46.5332173,-50.0417657],[-45.7992044,-51.0175357],[-45.0295608,-51.9866815],[-43.2794435,-51.9141470],[-41.5357029,-51.8126133],[-39.8001196,-51.6824974],[-38.0743299,-51.5242823],[-37.2926955,-50.4515995],[-36.5434447,-49.3762787],[-35.8241979,-48.2989554],[-35.1327829,-47.2202312]]]}},
{"type":"Feature","properties":{"name": "530"},"geometry":{"type":"Polygon","coordinates":[[[-26.7638297,-41.8021412],[-27.7011659,-41.0162281],[-28.6185252,-40.2209373],[-29.5167726,-39.4165083],[-30.3967503,-38.6031615],[-31.7900795,-38.8479888],[-33.1873006,-39.0769862],[-34.5886141,-39.2891238],[-35.9940825,-39.4834837],[-36.6015647,-40.5385825],[-37.2300304,-41.5929883],[-37.8808420,-42.6462523],[-38.5554682,-43.6979020],[-37.7333052,-44.5889600],[-36.8897274,-45.4731584],[-36.0233705,-46.3503166],[-35.1327829,-47.2202312],[-33.5561906,-46.9956361],[-31.9894739,-46.7484055],[-30.4329184,-46.4794033],[-28.8865993,-46.1895975],[-28.3324536,-45.0871754],[-27.7947239,-43.9881318],[-27.2722138,-42.8929618],[-26.7638297,-41.8021412]]]}},
{"type":"Feature","properties":{"name": "531"},"geometry":{"type":"Polygon","coordinates":[[[-19.0010868,-36.4474149],[-19.9724200,-35.7315249],[-20.9265010,-35.0052637],[-21.8639383,-34.2688329],[-22.7853324,-33.5224232],[-24.1411599,-33.7953041],[-25.5025576,-34.0527377],[-26.8688767,-34.2945401],[-28.2394440,-34.5205516],[-28.7558666,-35.5398224],[-29.2875260,-36.5596517],[-29.8344975,-37.5805659],[-30.3967503,-38.6031615],[-29.5167726,-39.4165083],[-28.6185252,-40.2209373],[-27.7011659,-41.0162281],[-26.7638297,-41.8021412],[-25.2625945,-41.5311882],[-23.7657808,-41.2443861],[-22.2743816,-40.9419038],[-20.7893566,-40.6239492],[-20.3212837,-39.5772202],[-19.8672612,-38.5325940],[-19.4272458,-37.4894951],[-19.0010868,-36.4474149]]]}},
{"type":"Feature","properties":{"name": "532"},"geometry":{"type":"Polygon","coordinates":[[[-12.2075490,-30.8126538],[-13.2046096,-30.1565437],[-14.1910604,-29.4951372],[-15.1673643,-28.8282832],[-16.1339542,-28.1557813],[-17.4154969,-28.5024740],[-18.7043938,-28.8343741],[-20.0000589,-29.1511848],[-21.3018762,-29.4526328],[-21.6629939,-30.4678737],[-22.0302826,-31.4845142],[-22.4042235,-32.5026635],[-22.7853324,-33.5224232],[-21.8639383,-34.2688329],[-20.9265010,-35.0052637],[-19.9724200,-35.7315249],[-19.0010868,-36.4474149],[-17.6058307,-36.1089915],[-16.2194155,-35.7561142],[-14.8424440,-35.3891165],[-13.4754779,-35.0083553],[-13.1417859,-33.9603702],[-12.8194753,-32.9119497],[-12.5081841,-31.8628008],[-12.2075490,-30.8126538]]]}},
{"type":"Feature","properties":{"name": "533"},"geometry":{"type":"Polygon","coordinates":[[[-111.6316466,-59.9201652],[-110.7239749,-58.9399245],[-109.8630875,-57.9557296],[-109.0441246,-56.9678930],[-108.2628261,-55.9766570],[-109.3921940,-54.9934039],[-110.4674744,-54.0000000],[-111.4924025,-52.9974486],[-112.4704392,-51.9866815],[-114.2205565,-51.9141470],[-115.9642971,-51.8126133],[-117.6998804,-51.6824974],[-119.4256701,-51.5242823],[-120.3640023,-52.4199931],[-121.3373111,-53.3088016],[-122.3483809,-54.1903538],[-123.4002612,-55.0642410],[-122.6198740,-56.1711973],[-121.8016496,-57.2753019],[-120.9418943,-58.3757598],[-120.0364579,-59.4717297],[-117.9599539,-59.6371871],[-115.8644034,-59.7674440],[-113.7536105,-59.8619269],[-111.6316466,-59.9201652]]]}},
{"type":"Feature","properties":{"name": "534"},"geometry":{"type":"Polygon","coordinates":[[[-96.7331133,-63.3267129],[-96.1372892,-62.2933031],[-95.5861186,-61.2592429],[-95.0748344,-60.2246931],[-94.5993024,-59.1897675],[-96.1981451,-58.3574427],[-97.7220285,-57.5029378],[-99.1745088,-56.6279668],[-100.5591484,-55.7341498],[-102.4775746,-55.8358324],[-104.4023567,-55.9100009],[-106.3314566,-55.9568717],[-108.2628261,-55.9766570],[-109.0441246,-56.9678930],[-109.8630875,-57.9557296],[-110.7239749,-58.9399245],[-111.6316466,-59.9201652],[-110.4033961,-60.9327551],[-109.1009551,-61.9333990],[-107.7174611,-62.9206901],[-106.2453752,-63.8930841],[-103.8411653,-63.8138756],[-101.4500144,-63.6928488],[-99.0785642,-63.5303055],[-96.7331133,-63.3267129]]]}},
{"type":"Feature","properties":{"name": "535"},"geometry":{"type":"Polygon","coordinates":[[[-78.7500000,-64.8140156],[-78.7500000,-63.7514453],[-78.7500000,-62.6916960],[-78.7500000,-61.6346554],[-78.7500000,-60.5802137],[-80.7678883,-60.0047211],[-82.7184518,-59.3924183],[-84.6005833,-58.7451024],[-86.4138572,-58.0646001],[-88.4183250,-58.3964885],[-90.4526357,-58.6944183],[-92.5139395,-58.9587485],[-94.5993024,-59.1897675],[-95.0748344,-60.2246931],[-95.5861186,-61.2592429],[-96.1372892,-62.2933031],[-96.7331133,-63.3267129],[-94.8993869,-64.1574117],[-92.9584081,-64.9620192],[-90.9040148,-65.7381282],[-88.7303287,-66.4831531],[-86.1281613,-66.1302523],[-83.5941086,-65.7339737],[-81.1332839,-65.2950056],[-78.7500000,-64.8140156]]]}},
{"type":"Feature","properties":{"name": "536"},"geometry":{"type":"Polygon","coordinates":[[[-60.7668867,-63.3267129],[-61.3627108,-62.2933031],[-61.9138814,-61.2592429],[-62.4251656,-60.2246931],[-62.9006976,-59.1897675],[-64.9860605,-58.9587485],[-67.0473643,-58.6944183],[-69.0816750,-58.3964885],[-71.0861428,-58.0646001],[-72.8994167,-58.7451024],[-74.7815482,-59.3924183],[-76.7321117,-60.0047211],[-78.7500000,-60.5802137],[-78.7500000,-61.6346554],[-78.7500000,-62.6916960],[-78.7500000,-63.7514453],[-78.7500000,-64.8140156],[-76.3667161,-65.2950056],[-73.9058914,-65.7339737],[-71.3718387,-66.1302523],[-68.7696713,-66.4831531],[-66.5959852,-65.7381282],[-64.5415919,-64.9620192],[-62.6006131,-64.1574117],[-60.7668867,-63.3267129]]]}},
{"type":"Feature","properties":{"name": "537"},"geometry":{"type":"Polygon","coordinates":[[[-45.8683534,-59.9201652],[-46.7760251,-58.9399245],[-47.6369125,-57.9557296],[-48.4558754,-56.9678930],[-49.2371739,-55.9766570],[-51.1685434,-55.9568717],[-53.0976433,-55.9100009],[-55.0224254,-55.8358324],[-56.9408516,-55.7341498],[-58.3254912,-56.6279668],[-59.7779715,-57.5029378],[-61.3018549,-58.3574427],[-62.9006976,-59.1897675],[-62.4251656,-60.2246931],[-61.9138814,-61.2592429],[-61.3627108,-62.2933031],[-60.7668867,-63.3267129],[-58.4214358,-63.5303055],[-56.0499856,-63.6928488],[-53.6588347,-63.8138756],[-51.2546248,-63.8930841],[-49.7825389,-62.9206901],[-48.3990449,-61.9333990],[-47.0966039,-60.9327551],[-45.8683534,-59.9201652]]]}},
{"type":"Feature","properties":{"name": "538"},"geometry":{"type":"Polygon","coordinates":[[[-34.0997388,-55.0642410],[-35.1516191,-54.1903538],[-36.1626889,-53.3088016],[-37.1359977,-52.4199931],[-38.0743299,-51.5242823],[-39.8001196,-51.6824974],[-41.5357029,-51.8126133],[-43.2794435,-51.9141470],[-45.0295608,-51.9866815],[-46.0075975,-52.9974486],[-47.0325256,-54.0000000],[-48.1078060,-54.9934039],[-49.2371739,-55.9766570],[-48.4558754,-56.9678930],[-47.6369125,-57.9557296],[-46.7760251,-58.9399245],[-45.8683534,-59.9201652],[-43.7463895,-59.8619269],[-41.6355966,-59.7674440],[-39.5400461,-59.6371871],[-37.4635421,-59.4717297],[-36.5581057,-58.3757598],[-35.6983504,-57.2753019],[-34.8801260,-56.1711973],[-34.0997388,-55.0642410]]]}},
{"type":"Feature","properties":{"name": "539"},"geometry":{"type":"Polygon","coordinates":[[[-24.7527757,-49.3283935],[-25.8295875,-48.5587727],[-26.8765412,-47.7788510],[-27.8950829,-46.9890089],[-28.8865993,-46.1895975],[-30.4329184,-46.4794033],[-31.9894739,-46.7484055],[-33.5561906,-46.9956361],[-35.1327829,-47.2202312],[-35.8241979,-48.2989554],[-36.5434447,-49.3762787],[-37.2926955,-50.4515995],[-38.0743299,-51.5242823],[-37.1359977,-52.4199931],[-36.1626889,-53.3088016],[-35.1516191,-54.1903538],[-34.0997388,-55.0642410],[-32.2738350,-54.8114412],[-30.4689583,-54.5300303],[-28.6861930,-54.2208725],[-26.9262710,-53.8849079],[-26.3580703,-52.7410800],[-25.8074088,-51.5999277],[-25.2727647,-50.4621416],[-24.7527757,-49.3283935]]]}},
{"type":"Feature","properties":{"name": "540"},"geometry":{"type":"Polygon","coordinates":[[[-16.5894939,-43.4236795],[-17.6732453,-42.7410578],[-18.7339603,-42.0466787],[-19.7724095,-41.3408715],[-20.7893566,-40.6239492],[-22.2743816,-40.9419038],[-23.7657808,-41.2443861],[-25.2625945,-41.5311882],[-26.7638297,-41.8021412],[-27.2722138,-42.8929618],[-27.7947239,-43.9881318],[-28.3324536,-45.0871754],[-28.8865993,-46.1895975],[-27.8950829,-46.9890089],[-26.8765412,-47.7788510],[-25.8295875,-48.5587727],[-24.7527757,-49.3283935],[-23.1546060,-48.9513875],[-21.5699955,-48.5557757],[-19.9975061,-48.1433449],[-18.4352076,-47.7162123],[-17.9600938,-46.6327522],[-17.4928378,-45.5570237],[-17.0355140,-44.4877089],[-16.5894939,-43.4236795]]]}},
{"type":"Feature","properties":{"name": "541"},"geometry":{"type":"Polygon","coordinates":[[[-9.2399619,-37.5602339],[-10.3271070,-36.9392897],[-11.3950417,-36.3068918],[-12.4443168,-35.6631935],[-13.4754779,-35.0083553],[-14.8424440,-35.3891165],[-16.2194155,-35.7561142],[-17.6058307,-36.1089915],[-19.0010868,-36.4474149],[-19.4272458,-37.4894951],[-19.8672612,-38.5325940],[-20.3212837,-39.5772202],[-20.7893566,-40.6239492],[-19.7724095,-41.3408715],[-18.7339603,-42.0466787],[-17.6732453,-42.7410578],[-16.5894939,-43.4236795],[-15.0588635,-43.0315309],[-13.5387760,-42.6255476],[-12.0301737,-42.2061783],[-10.5339374,-41.7739129],[-10.1934467,-40.7181463],[-9.8644096,-39.6642836],[-9.5466616,-38.6118002],[-9.2399619,-37.5602339]]]}},
{"type":"Feature","properties":{"name": "542"},"geometry":{"type":"Polygon","coordinates":[[[-125.1378963,-63.0427561],[-123.7467085,-62.1649688],[-122.4380799,-61.2764241],[-121.2037586,-60.3783429],[-120.0364579,-59.4717297],[-120.9418943,-58.3757598],[-121.8016496,-57.2753019],[-122.6198740,-56.1711973],[-123.4002612,-55.0642410],[-125.2261650,-54.8114412],[-127.0310417,-54.5300303],[-128.8138070,-54.2208725],[-130.5737290,-53.8849079],[-131.7663673,-54.6754327],[-133.0045807,-55.4547970],[-134.2914732,-56.2223188],[-135.6304038,-56.9772307],[-135.1767613,-58.1569976],[-134.7156768,-59.3385446],[-134.2462998,-60.5209002],[-133.7676529,-61.7030912],[-131.6833193,-62.0892631],[-129.5487011,-62.4421100],[-127.3659378,-62.7603528],[-125.1378963,-63.0427561]]]}},
{"type":"Feature","properties":{"name": "543"},"geometry":{"type":"Polygon","coordinates":[[[-110.4345364,-67.9548194],[-109.2499731,-66.9460712],[-108.1660638,-65.9322136],[-107.1685063,-64.9142892],[-106.2453752,-63.8930841],[-107.7174611,-62.9206901],[-109.1009551,-61.9333990],[-110.4033961,-60.9327551],[-111.6316466,-59.9201652],[-113.7536105,-59.8619269],[-115.8644034,-59.7674440],[-117.9599539,-59.6371871],[-120.0364579,-59.4717297],[-121.2037586,-60.3783429],[-122.4380799,-61.2764241],[-123.7467085,-62.1649688],[-125.1378963,-63.0427561],[-124.3008142,-64.1764140],[-123.4138160,-65.3047202],[-122.4703701,-66.4267117],[-121.4628116,-67.5413725],[-118.7546743,-67.7151637],[-116.0070544,-67.8426403],[-113.2300598,-67.9227793],[-110.4345364,-67.9548194]]]}},
{"type":"Feature","properties":{"name": "544"},"geometry":{"type":"Polygon","coordinates":[[[-90.1375480,-70.8885799],[-89.7248187,-69.7830379],[-89.3589518,-68.6803586],[-89.0300255,-67.5804465],[-88.7303287,-66.4831531],[-90.9040148,-65.7381282],[-92.9584081,-64.9620192],[-94.8993869,-64.1574117],[-96.7331133,-63.3267129],[-99.0785642,-63.5303055],[-101.4500144,-63.6928488],[-103.8411653,-63.8138756],[-106.2453752,-63.8930841],[-107.1685063,-64.9142892],[-108.1660638,-65.9322136],[-109.2499731,-66.9460712],[-110.4345364,-67.9548194],[-108.8119105,-68.9601264],[-107.0551699,-69.9474922],[-105.1473966,-70.9145905],[-103.0694012,-71.8587621],[-99.7346848,-71.7006951],[-96.4569629,-71.4852299],[-93.2531181,-71.2138883],[-90.1375480,-70.8885799]]]}},
{"type":"Feature","properties":{"name": "545"},"geometry":{"type":"Polygon","coordinates":[[[-67.3624520,-70.8885799],[-67.7751813,-69.7830379],[-68.1410482,-68.6803586],[-68.4699745,-67.5804465],[-68.7696713,-66.4831531],[-71.3718387,-66.1302523],[-73.9058914,-65.7339737],[-76.3667161,-65.2950056],[-78.7500000,-64.8140156],[-81.1332839,-65.2950056],[-83.5941086,-65.7339737],[-86.1281613,-66.1302523],[-88.7303287,-66.4831531],[-89.0300255,-67.5804465],[-89.3589518,-68.6803586],[-89.7248187,-69.7830379],[-90.1375480,-70.8885799],[-87.5938438,-71.6465511],[-84.8577472,-72.3668027],[-81.9140837,-73.0446408],[-78.7500000,-73.6749074],[-75.5859163,-73.0446408],[-72.6422528,-72.3668027],[-69.9061562,-71.6465511],[-67.3624520,-70.8885799]]]}},
{"type":"Feature","properties":{"name": "546"},"geometry":{"type":"Polygon","coordinates":[[[-47.0654636,-67.9548194],[-48.2500269,-66.9460712],[-49.3339362,-65.9322136],[-50.3314937,-64.9142892],[-51.2546248,-63.8930841],[-53.6588347,-63.8138756],[-56.0499856,-63.6928488],[-58.4214358,-63.5303055],[-60.7668867,-63.3267129],[-62.6006131,-64.1574117],[-64.5415919,-64.9620192],[-66.5959852,-65.7381282],[-68.7696713,-66.4831531],[-68.4699745,-67.5804465],[-68.1410482,-68.6803586],[-67.7751813,-69.7830379],[-67.3624520,-70.8885799],[-64.2468819,-71.2138883],[-61.0430371,-71.4852299],[-57.7653152,-71.7006951],[-54.4305988,-71.8587621],[-52.3526034,-70.9145905],[-50.4448301,-69.9474922],[-48.6880895,-68.9601264],[-47.0654636,-67.9548194]]]}},
{"type":"Feature","properties":{"name": "547"},"geometry":{"type":"Polygon","coordinates":[[[-32.3621037,-63.0427561],[-33.7532915,-62.1649688],[-35.0619201,-61.2764241],[-36.2962414,-60.3783429],[-37.4635421,-59.4717297],[-39.5400461,-59.6371871],[-41.6355966,-59.7674440],[-43.7463895,-59.8619269],[-45.8683534,-59.9201652],[-47.0966039,-60.9327551],[-48.3990449,-61.9333990],[-49.7825389,-62.9206901],[-51.2546248,-63.8930841],[-50.3314937,-64.9142892],[-49.3339362,-65.9322136],[-48.2500269,-66.9460712],[-47.0654636,-67.9548194],[-44.2699402,-67.9227793],[-41.4929456,-67.8426403],[-38.7453257,-67.7151637],[-36.0371884,-67.5413725],[-35.0296299,-66.4267117],[-34.0861840,-65.3047202],[-33.1991858,-64.1764140],[-32.3621037,-63.0427561]]]}},
{"type":"Feature","properties":{"name": "548"},"geometry":{"type":"Polygon","coordinates":[[[-21.8695962,-56.9772307],[-23.2085268,-56.2223188],[-24.4954193,-55.4547970],[-25.7336327,-54.6754327],[-26.9262710,-53.8849079],[-28.6861930,-54.2208725],[-30.4689583,-54.5300303],[-32.2738350,-54.8114412],[-34.0997388,-55.0642410],[-34.8801260,-56.1711973],[-35.6983504,-57.2753019],[-36.5581057,-58.3757598],[-37.4635421,-59.4717297],[-36.2962414,-60.3783429],[-35.0619201,-61.2764241],[-33.7532915,-62.1649688],[-32.3621037,-63.0427561],[-30.1340622,-62.7603528],[-27.9512989,-62.4421100],[-25.8166807,-62.0892631],[-23.7323471,-61.7030912],[-23.2537002,-60.5209002],[-22.7843232,-59.3385446],[-22.3232387,-58.1569976],[-21.8695962,-56.9772307]]]}},
{"type":"Feature","properties":{"name": "549"},"geometry":{"type":"Polygon","coordinates":[[[-13.6161631,-50.3849664],[-14.8673106,-49.7383070],[-16.0868792,-49.0776114],[-17.2758468,-48.4034119],[-18.4352076,-47.7162123],[-19.9975061,-48.1433449],[-21.5699955,-48.5557757],[-23.1546060,-48.9513875],[-24.7527757,-49.3283935],[-25.2727647,-50.4621416],[-25.8074088,-51.5999277],[-26.3580703,-52.7410800],[-26.9262710,-53.8849079],[-25.7336327,-54.6754327],[-24.4954193,-55.4547970],[-23.2085268,-56.2223188],[-21.8695962,-56.9772307],[-20.0704866,-56.5338918],[-18.3051167,-56.0652070],[-16.5719817,-55.5725896],[-14.8688471,-55.0576326],[-14.5717207,-53.8743962],[-14.2631713,-52.7002673],[-13.9443187,-51.5366703],[-13.6161631,-50.3849664]]]}},
{"type":"Feature","properties":{"name": "550"},"geometry":{"type":"Polygon","coordinates":[[[-5.7680805,-44.1447190],[-6.9965470,-43.5715902],[-8.1998731,-42.9852785],[-9.3787713,-42.3859788],[-10.5339374,-41.7739129],[-12.0301737,-42.2061783],[-13.5387760,-42.6255476],[-15.0588635,-43.0315309],[-16.5894939,-43.4236795],[-17.0355140,-44.4877089],[-17.4928378,-45.5570237],[-17.9600938,-46.6327522],[-18.4352076,-47.7162123],[-17.2758468,-48.4034119],[-16.0868792,-49.0776114],[-14.8673106,-49.7383070],[-13.6161631,-50.3849664],[-11.9476980,-49.9094989],[-10.2870622,-49.4225708],[-8.6361341,-48.9248396],[-6.9967275,-48.4170559],[-6.6776301,-47.3406636],[-6.3657022,-46.2705803],[-6.0622669,-45.2056013],[-5.7680805,-44.1447190]]]}},
{"type":"Feature","properties":{"name": "551"},"geometry":{"type":"Polygon","coordinates":[[[-140.8584112,-64.6661697],[-138.9231624,-63.9584236],[-137.1029720,-63.2266616],[-135.3875618,-62.4740376],[-133.7676529,-61.7030912],[-134.2462998,-60.5209002],[-134.7156768,-59.3385446],[-135.1767613,-58.1569976],[-135.6304038,-56.9772307],[-137.4295134,-56.5338918],[-139.1948833,-56.0652070],[-140.9280183,-55.5725896],[-142.6311529,-55.0576326],[-144.0525492,-55.7115712],[-145.5220989,-56.3493026],[-147.0422021,-56.9699433],[-148.6154868,-57.5725195],[-148.5649301,-58.7837812],[-148.5644460,-59.9980432],[-148.6198091,-61.2120012],[-148.7374808,-62.4222814],[-146.8803469,-63.0242057],[-144.9496909,-63.5998448],[-142.9429799,-64.1477035],[-140.8584112,-64.6661697]]]}},
{"type":"Feature","properties":{"name": "552"},"geometry":{"type":"Polygon","coordinates":[[[-129.4183232,-71.0403309],[-127.1322453,-70.2018180],[-125.0621211,-69.3358045],[-123.1803849,-68.4476030],[-121.4628116,-67.5413725],[-122.4703701,-66.4267117],[-123.4138160,-65.3047202],[-124.3008142,-64.1764140],[-125.1378963,-63.0427561],[-127.3659378,-62.7603528],[-129.5487011,-62.4421100],[-131.6833193,-62.0892631],[-133.7676529,-61.7030912],[-135.3875618,-62.4740376],[-137.1029720,-63.2266616],[-138.9231624,-63.9584236],[-140.8584112,-64.6661697],[-140.7475221,-65.8610377],[-140.6727926,-67.0491887],[-140.6394285,-68.2290704],[-140.6536286,-69.3991593],[-138.0211248,-69.8727509],[-135.2686583,-70.3060755],[-132.3992476,-70.6962288],[-129.4183232,-71.0403309]]]}},
{"type":"Feature","properties":{"name": "553"},"geometry":{"type":"Polygon","coordinates":[[[-110.4162095,-76.0451719],[-108.1676364,-75.0203347],[-106.2269817,-73.9781641],[-104.5416456,-72.9231246],[-103.0694012,-71.8587621],[-105.1473966,-70.9145905],[-107.0551699,-69.9474922],[-108.8119105,-68.9601264],[-110.4345364,-67.9548194],[-113.2300598,-67.9227793],[-116.0070544,-67.8426403],[-118.7546743,-67.7151637],[-121.4628116,-67.5413725],[-123.1803849,-68.4476030],[-125.0621211,-69.3358045],[-127.1322453,-70.2018180],[-129.4183232,-71.0403309],[-128.9535713,-72.1613483],[-128.4663987,-73.2754614],[-127.9429496,-74.3830195],[-127.3671358,-75.4843213],[-123.2817880,-75.7332578],[-119.0693628,-75.9115655],[-114.7667413,-76.0162134],[-110.4162095,-76.0451719]]]}},
{"type":"Feature","properties":{"name": "554"},"geometry":{"type":"Polygon","coordinates":[[[-78.7500000,-78.3036544],[-78.7500000,-77.1426155],[-78.7500000,-75.9840059],[-78.7500000,-74.8280345],[-78.7500000,-73.6749074],[-81.9140837,-73.0446408],[-84.8577472,-72.3668027],[-87.5938438,-71.6465511],[-90.1375480,-70.8885799],[-93.2531181,-71.2138883],[-96.4569629,-71.4852299],[-99.7346848,-71.7006951],[-103.0694012,-71.8587621],[-104.5416456,-72.9231246],[-106.2269817,-73.9781641],[-108.1676364,-75.0203347],[-110.4162095,-76.0451719],[-108.3411730,-77.0406458],[-105.9444785,-78.0143239],[-103.1466578,-78.9614419],[-99.8471793,-79.8755078],[-94.0509367,-79.6198465],[-88.5679712,-79.2667599],[-83.4578491,-78.8248850],[-78.7500000,-78.3036544]]]}},
{"type":"Feature","properties":{"name": "555"},"geometry":{"type":"Polygon","coordinates":[[[-47.0837905,-76.0451719],[-49.3323636,-75.0203347],[-51.2730183,-73.9781641],[-52.9583544,-72.9231246],[-54.4305988,-71.8587621],[-57.7653152,-71.7006951],[-61.0430371,-71.4852299],[-64.2468819,-71.2138883],[-67.3624520,-70.8885799],[-69.9061562,-71.6465511],[-72.6422528,-72.3668027],[-75.5859163,-73.0446408],[-78.7500000,-73.6749074],[-78.7500000,-74.8280345],[-78.7500000,-75.9840059],[-78.7500000,-77.1426155],[-78.7500000,-78.3036544],[-74.0421509,-78.8248850],[-68.9320288,-79.2667599],[-63.4490633,-79.6198465],[-57.6528207,-79.8755078],[-54.3533422,-78.9614419],[-51.5555215,-78.0143239],[-49.1588270,-77.0406458],[-47.0837905,-76.0451719]]]}},
{"type":"Feature","properties":{"name": "556"},"geometry":{"type":"Polygon","coordinates":[[[-28.0816768,-71.0403309],[-30.3677547,-70.2018180],[-32.4378789,-69.3358045],[-34.3196151,-68.4476030],[-36.0371884,-67.5413725],[-38.7453257,-67.7151637],[-41.4929456,-67.8426403],[-44.2699402,-67.9227793],[-47.0654636,-67.9548194],[-48.6880895,-68.9601264],[-50.4448301,-69.9474922],[-52.3526034,-70.9145905],[-54.4305988,-71.8587621],[-52.9583544,-72.9231246],[-51.2730183,-73.9781641],[-49.3323636,-75.0203347],[-47.0837905,-76.0451719],[-42.7332587,-76.0162134],[-38.4306372,-75.9115655],[-34.2182120,-75.7332578],[-30.1328642,-75.4843213],[-29.5570504,-74.3830195],[-29.0336013,-73.2754614],[-28.5464287,-72.1613483],[-28.0816768,-71.0403309]]]}},
{"type":"Feature","properties":{"name": "557"},"geometry":{"type":"Polygon","coordinates":[[[-16.6415888,-64.6661697],[-18.5768376,-63.9584236],[-20.3970280,-63.2266616],[-22.1124382,-62.4740376],[-23.7323471,-61.7030912],[-25.8166807,-62.0892631],[-27.9512989,-62.4421100],[-30.1340622,-62.7603528],[-32.3621037,-63.0427561],[-33.1991858,-64.1764140],[-34.0861840,-65.3047202],[-35.0296299,-66.4267117],[-36.0371884,-67.5413725],[-34.3196151,-68.4476030],[-32.4378789,-69.3358045],[-30.3677547,-70.2018180],[-28.0816768,-71.0403309],[-25.1007524,-70.6962288],[-22.2313417,-70.3060755],[-19.4788752,-69.8727509],[-16.8463714,-69.3991593],[-16.8605715,-68.2290704],[-16.8272074,-67.0491887],[-16.7524779,-65.8610377],[-16.6415888,-64.6661697]]]}},
{"type":"Feature","properties":{"name": "558"},"geometry":{"type":"Polygon","coordinates":[[[-8.8845132,-57.5725195],[-10.4577979,-56.9699433],[-11.9779011,-56.3493026],[-13.4474508,-55.7115712],[-14.8688471,-55.0576326],[-16.5719817,-55.5725896],[-18.3051167,-56.0652070],[-20.0704866,-56.5338918],[-21.8695962,-56.9772307],[-22.3232387,-58.1569976],[-22.7843232,-59.3385446],[-23.2537002,-60.5209002],[-23.7323471,-61.7030912],[-22.1124382,-62.4740376],[-20.3970280,-63.2266616],[-18.5768376,-63.9584236],[-16.6415888,-64.6661697],[-14.5570201,-64.1477035],[-12.5503091,-63.5998448],[-10.6196531,-63.0242057],[-8.7625192,-62.4222814],[-8.8801909,-61.2120012],[-8.9355540,-59.9980432],[-8.9350699,-58.7837812],[-8.8845132,-57.5725195]]]}},
{"type":"Feature","properties":{"name": "559"},"geometry":{"type":"Polygon","coordinates":[[[-1.5029221,-50.5612547],[-2.9245400,-50.0492206],[-4.3134294,-49.5209995],[-5.6705351,-48.9768367],[-6.9967275,-48.4170559],[-8.6361341,-48.9248396],[-10.2870622,-49.4225708],[-11.9476980,-49.9094989],[-13.6161631,-50.3849664],[-13.9443187,-51.5366703],[-14.2631713,-52.7002673],[-14.5717207,-53.8743962],[-14.8688471,-55.0576326],[-13.4474508,-55.7115712],[-11.9779011,-56.3493026],[-10.4577979,-56.9699433],[-8.8845132,-57.5725195],[-7.2261159,-56.9471054],[-5.5947211,-56.3036328],[-3.9797404,-55.6457772],[-2.3661186,-54.9795570],[-2.1849267,-53.8499913],[-1.9700217,-52.7396739],[-1.7392955,-51.6445190],[-1.5029221,-50.5612547]]]}},
{"type":"Feature","properties":{"name": "560"},"geometry":{"type":"Polygon","coordinates":[[[-157.5748577,-64.4809707],[-155.1688648,-64.0388959],[-152.9030617,-63.5408594],[-150.7633498,-62.9992841],[-148.7374808,-62.4222814],[-148.6198091,-61.2120012],[-148.5644460,-59.9980432],[-148.5649301,-58.7837812],[-148.6154868,-57.5725195],[-150.2738841,-56.9471054],[-151.9052789,-56.3036328],[-153.5202596,-55.6457772],[-155.1338814,-54.9795570],[-156.7053033,-55.4712318],[-158.3146654,-55.9420230],[-159.9619203,-56.3911230],[-161.6468224,-56.8177133],[-161.8650840,-58.0024359],[-162.2771295,-59.1981468],[-162.8955100,-60.3724499],[-163.7221639,-61.4932287],[-162.3019674,-62.2639253],[-160.8073541,-63.0196611],[-159.2333643,-63.7591491],[-157.5748577,-64.4809707]]]}},
{"type":"Feature","properties":{"name": "561"},"geometry":{"type":"Polygon","coordinates":[[[-153.4038115,-71.4710877],[-149.9079294,-71.0592686],[-146.6090489,-70.5715271],[-143.5220058,-70.0155304],[-140.6536286,-69.3991593],[-140.6394285,-68.2290704],[-140.6727926,-67.0491887],[-140.7475221,-65.8610377],[-140.8584112,-64.6661697],[-142.9429799,-64.1477035],[-144.9496909,-63.5998448],[-146.8803469,-63.0242057],[-148.7374808,-62.4222814],[-150.7633498,-62.9992841],[-152.9030617,-63.5408594],[-155.1688648,-64.0388959],[-157.5748577,-64.4809707],[-158.5202546,-65.5428617],[-159.5945056,-66.5721009],[-160.7895641,-67.5734672],[-162.1055456,-68.5501363],[-160.1492170,-69.3197639],[-158.0543978,-70.0645845],[-155.8097682,-70.7825344],[-153.4038115,-71.4710877]]]}},
{"type":"Feature","properties":{"name": "562"},"geometry":{"type":"Polygon","coordinates":[[[-144.6371794,-78.2047756],[-139.5964643,-77.6453818],[-135.0488861,-76.9964551],[-130.9826237,-76.2718854],[-127.3671358,-75.4843213],[-127.9429496,-74.3830195],[-128.4663987,-73.2754614],[-128.9535713,-72.1613483],[-129.4183232,-71.0403309],[-132.3992476,-70.6962288],[-135.2686583,-70.3060755],[-138.0211248,-69.8727509],[-140.6536286,-69.3991593],[-143.5220058,-70.0155304],[-146.6090489,-70.5715271],[-149.9079294,-71.0592686],[-153.4038115,-71.4710877],[-154.5699386,-72.5076801],[-155.8865523,-73.5289164],[-157.3757113,-74.5345819],[-159.0661494,-75.5239014],[-155.9816060,-76.2644825],[-152.5688937,-76.9627190],[-148.7964710,-77.6120334],[-144.6371794,-78.2047756]]]}},
{"type":"Feature","properties":{"name": "563"},"geometry":{"type":"Polygon","coordinates":[[[-116.1013919,-84.0461500],[-110.2095610,-83.0671601],[-105.8234877,-82.0340173],[-102.4718101,-80.9661653],[-99.8471793,-79.8755078],[-103.1466578,-78.9614419],[-105.9444785,-78.0143239],[-108.3411730,-77.0406458],[-110.4162095,-76.0451719],[-114.7667413,-76.0162134],[-119.0693628,-75.9115655],[-123.2817880,-75.7332578],[-127.3671358,-75.4843213],[-130.9826237,-76.2718854],[-135.0488861,-76.9964551],[-139.5964643,-77.6453818],[-144.6371794,-78.2047756],[-145.6524169,-79.2729331],[-146.8854141,-80.3341991],[-148.4109915,-81.3877355],[-150.3446302,-82.4319206],[-143.4095313,-83.0381726],[-135.3089824,-83.5274605],[-126.1081358,-83.8718657],[-116.1013919,-84.0461500]]]}},
{"type":"Feature","properties":{"name": "564"},"geometry":{"type":"Polygon","coordinates":[[[-41.3986081,-84.0461500],[-47.2904390,-83.0671601],[-51.6765123,-82.0340173],[-55.0281899,-80.9661653],[-57.6528207,-79.8755078],[-63.4490633,-79.6198465],[-68.9320288,-79.2667599],[-74.0421509,-78.8248850],[-78.7500000,-78.3036544],[-83.4578491,-78.8248850],[-88.5679712,-79.2667599],[-94.0509367,-79.6198465],[-99.8471793,-79.8755078],[-102.4718101,-80.9661653],[-105.8234877,-82.0340173],[-110.2095610,-83.0671601],[-116.1013919,-84.0461500],[-112.0038532,-85.0580540],[-105.8309285,-86.0298860],[-95.8487597,-86.9246501],[-78.7500000,-87.6535369],[-61.6512403,-86.9246501],[-51.6690715,-86.0298860],[-45.4961468,-85.0580540],[-41.3986081,-84.0461500]]]}},
{"type":"Feature","properties":{"name": "565"},"geometry":{"type":"Polygon","coordinates":[[[-12.8628206,-78.2047756],[-17.9035357,-77.6453818],[-22.4511139,-76.9964551],[-26.5173763,-76.2718854],[-30.1328642,-75.4843213],[-34.2182120,-75.7332578],[-38.4306372,-75.9115655],[-42.7332587,-76.0162134],[-47.0837905,-76.0451719],[-49.1588270,-77.0406458],[-51.5555215,-78.0143239],[-54.3533422,-78.9614419],[-57.6528207,-79.8755078],[-55.0281899,-80.9661653],[-51.6765123,-82.0340173],[-47.2904390,-83.0671601],[-41.3986081,-84.0461500],[-31.3918642,-83.8718657],[-22.1910176,-83.5274605],[-14.0904687,-83.0381726],[-7.1553698,-82.4319206],[-9.0890085,-81.3877355],[-10.6145859,-80.3341991],[-11.8475831,-79.2729331],[-12.8628206,-78.2047756]]]}},
{"type":"Feature","properties":{"name": "566"},"geometry":{"type":"Polygon","coordinates":[[[-4.0961885,-71.4710877],[-7.5920706,-71.0592686],[-10.8909511,-70.5715271],[-13.9779942,-70.0155304],[-16.8463714,-69.3991593],[-19.4788752,-69.8727509],[-22.2313417,-70.3060755],[-25.1007524,-70.6962288],[-28.0816768,-71.0403309],[-28.5464287,-72.1613483],[-29.0336013,-73.2754614],[-29.5570504,-74.3830195],[-30.1328642,-75.4843213],[-26.5173763,-76.2718854],[-22.4511139,-76.9964551],[-17.9035357,-77.6453818],[-12.8628206,-78.2047756],[-8.7035290,-77.6120334],[-4.9311063,-76.9627190],[-1.5183940,-76.2644825],[1.5661494,-75.5239014],[-0.1242887,-74.5345819],[-1.6134477,-73.5289164],[-2.9300614,-72.5076801],[-4.0961885,-71.4710877]]]}},
{"type":"Feature","properties":{"name": "567"},"geometry":{"type":"Polygon","coordinates":[[[0.0748577,-64.4809707],[-2.3311352,-64.0388959],[-4.5969383,-63.5408594],[-6.7366502,-62.9992841],[-8.7625192,-62.4222814],[-10.6196531,-63.0242057],[-12.5503091,-63.5998448],[-14.5570201,-64.1477035],[-16.6415888,-64.6661697],[-16.7524779,-65.8610377],[-16.8272074,-67.0491887],[-16.8605715,-68.2290704],[-16.8463714,-69.3991593],[-13.9779942,-70.0155304],[-10.8909511,-70.5715271],[-7.5920706,-71.0592686],[-4.0961885,-71.4710877],[-1.6902318,-70.7825344],[0.5543978,-70.0645845],[2.6492170,-69.3197639],[4.6055456,-68.5501363],[3.2895641,-67.5734672],[2.0945056,-66.5721009],[1.0202546,-65.5428617],[0.0748577,-64.4809707]]]}},
{"type":"Feature","properties":{"name": "568"},"geometry":{"type":"Polygon","coordinates":[[[4.1468224,-56.8177133],[2.4619203,-56.3911230],[0.8146654,-55.9420230],[-0.7946967,-55.4712318],[-2.3661186,-54.9795570],[-3.9797404,-55.6457772],[-5.5947211,-56.3036328],[-7.2261159,-56.9471054],[-8.8845132,-57.5725195],[-8.9350699,-58.7837812],[-8.9355540,-59.9980432],[-8.8801909,-61.2120012],[-8.7625192,-62.4222814],[-6.7366502,-62.9992841],[-4.5969383,-63.5408594],[-2.3311352,-64.0388959],[0.0748577,-64.4809707],[1.7333643,-63.7591491],[3.3073541,-63.0196611],[4.8019674,-62.2639253],[6.2221639,-61.4932287],[5.3955100,-60.3724499],[4.7771295,-59.1981468],[4.3650840,-58.0024359],[4.1468224,-56.8177133]]]}},
{"type":"Feature","properties":{"name": "569"},"geometry":{"type":"Polygon","coordinates":[[[18.3531776,-56.8177133],[16.6357012,-56.0987177],[14.8534312,-55.4130827],[13.0454281,-54.7762316],[11.2500000,-54.2018738],[9.4545719,-54.7762316],[7.6465688,-55.4130827],[5.8642988,-56.0987177],[4.1468224,-56.8177133],[4.3650840,-58.0024359],[4.7771295,-59.1981468],[5.3955100,-60.3724499],[6.2221639,-61.4932287],[8.6891537,-61.6937586],[11.2500000,-61.7623979],[13.8108463,-61.6937586],[16.2778361,-61.4932287],[17.1044900,-60.3724499],[17.7228705,-59.1981468],[18.1349160,-58.0024359],[18.3531776,-56.8177133]]]}},
{"type":"Feature","properties":{"name": "570"},"geometry":{"type":"Polygon","coordinates":[[[24.0029221,-50.5612547],[22.3347484,-49.9857145],[20.6827665,-49.4088776],[19.0497270,-48.8324658],[17.4381831,-48.2582625],[15.9444363,-48.7224768],[14.4156295,-49.1823907],[12.8507956,-49.6437740],[11.2500000,-50.1160358],[11.2500000,-51.1382668],[11.2500000,-52.1599288],[11.2500000,-53.1811039],[11.2500000,-54.2018738],[13.0454281,-54.7762316],[14.8534312,-55.4130827],[16.6357012,-56.0987177],[18.3531776,-56.8177133],[20.0380797,-56.3911230],[21.6853346,-55.9420230],[23.2946967,-55.4712318],[24.8661186,-54.9795570],[24.6849267,-53.8499913],[24.4700217,-52.7396739],[24.2392955,-51.6445190],[24.0029221,-50.5612547]]]}},
{"type":"Feature","properties":{"name": "571"},"geometry":{"type":"Polygon","coordinates":[[[28.2680805,-44.1447190],[26.7455669,-43.6473165],[25.2399804,-43.1409335],[23.7521165,-42.6263918],[22.2826870,-42.1045430],[20.9964941,-42.6203689],[19.6850390,-43.1256597],[18.3476347,-43.6212650],[16.9835935,-44.1084040],[17.0900779,-45.1446408],[17.2012527,-46.1813740],[17.3172640,-47.2190575],[17.4381831,-48.2582625],[19.0497270,-48.8324658],[20.6827665,-49.4088776],[22.3347484,-49.9857145],[24.0029221,-50.5612547],[25.4245400,-50.0492206],[26.8134294,-49.5209995],[28.1705351,-48.9768367],[29.4967275,-48.4170559],[29.1776301,-47.3406636],[28.8657022,-46.2705803],[28.5622669,-45.2056013],[28.2680805,-44.1447190]]]}},
{"type":"Feature","properties":{"name": "572"},"geometry":{"type":"Polygon","coordinates":[[[31.7399619,-37.5602339],[30.3483407,-37.1182050],[28.9701996,-36.6646237],[27.6059707,-36.2000227],[26.2560362,-35.7249513],[25.1198423,-36.2900348],[23.9643799,-36.8443480],[22.7891788,-37.3880678],[21.5937675,-37.9214605],[21.7559089,-38.9671939],[21.9245956,-40.0127349],[22.1001010,-41.0583984],[22.2826870,-42.1045430],[23.7521165,-42.6263918],[25.2399804,-43.1409335],[26.7455669,-43.6473165],[28.2680805,-44.1447190],[29.4965470,-43.5715902],[30.6998731,-42.9852785],[31.8787713,-42.3859788],[33.0339374,-41.7739129],[32.6934467,-40.7181463],[32.3644096,-39.6642836],[32.0466616,-38.6118002],[31.7399619,-37.5602339]]]}},
{"type":"Feature","properties":{"name": "573"},"geometry":{"type":"Polygon","coordinates":[[[34.7075490,-30.8126538],[33.4261640,-30.4125710],[32.1551574,-30.0000000],[30.8948282,-29.5753225],[29.6454426,-29.1389307],[28.6202564,-29.7486175],[27.5801458,-30.3479898],[26.5247359,-30.9370698],[25.4536533,-31.5159095],[25.6431912,-32.5697544],[25.8398983,-33.6223888],[26.0440763,-34.6740395],[26.2560362,-35.7249513],[27.6059707,-36.2000227],[28.9701996,-36.6646237],[30.3483407,-37.1182050],[31.7399619,-37.5602339],[32.8271070,-36.9392897],[33.8950417,-36.3068918],[34.9443168,-35.6631935],[35.9754779,-35.0083553],[35.6417859,-33.9603702],[35.3194753,-32.9119497],[35.0081841,-31.8628008],[34.7075490,-30.8126538]]]}},
{"type":"Feature","properties":{"name": "574"},"geometry":{"type":"Polygon","coordinates":[[[37.3971901,-24.0412514],[36.1621847,-23.6621810],[34.9358075,-23.2684374],[33.7186451,-22.8604447],[32.5112475,-22.4386488],[31.5714581,-23.0577461],[30.6242887,-23.6729778],[29.6693062,-24.2844024],[28.7060708,-24.8920454],[28.9391614,-25.9548755],[29.1734624,-27.0167365],[29.4089009,-28.0779792],[29.6454426,-29.1389307],[30.8948282,-29.5753225],[32.1551574,-30.0000000],[33.4261640,-30.4125710],[34.7075490,-30.8126538],[35.7046096,-30.1565437],[36.6910604,-29.4951372],[37.6673643,-28.8282832],[38.6339542,-28.1557813],[38.3199248,-27.1266970],[38.0092781,-26.0980763],[37.7017713,-25.0696812],[37.3971901,-24.0412514]]]}},
{"type":"Feature","properties":{"name": "575"},"geometry":{"type":"Polygon","coordinates":[[[39.8126744,-17.3235066],[38.6097292,-16.9633847],[37.4145987,-16.5840551],[36.2284914,-16.1860995],[35.0525659,-15.7701508],[34.1626177,-16.3880718],[33.2683477,-17.0024780],[32.3693428,-17.6135738],[31.4651929,-18.2215048],[31.7229343,-19.2800953],[31.9833689,-20.3354447],[32.2462056,-21.3881251],[32.5112475,-22.4386488],[33.7186451,-22.8604447],[34.9358075,-23.2684374],[36.1621847,-23.6621810],[37.3971901,-24.0412514],[38.3295920,-23.3814883],[39.2551512,-22.7158145],[40.1741664,-22.0437578],[41.0868860,-21.3647385],[40.7642671,-20.3553815],[40.4444824,-19.3456121],[40.1273379,-18.3351103],[39.8126744,-17.3235066]]]}},
{"type":"Feature","properties":{"name": "576"},"geometry":{"type":"Polygon","coordinates":[[[42.0647124,-10.6369102],[40.8807535,-10.3016555],[39.7046895,-9.9355905],[38.5399211,-9.5399065],[37.3897346,-9.1159969],[36.5343186,-9.7279119],[35.6771656,-10.3367709],[34.8177688,-10.9429677],[33.9556635,-11.5467671],[34.2222557,-12.6128166],[34.4946712,-13.6712523],[34.7717192,-14.7233403],[35.0525659,-15.7701508],[36.2284914,-16.1860995],[37.4145987,-16.5840551],[38.6097292,-16.9633847],[39.8126744,-17.3235066],[40.7036153,-16.6577392],[41.5905773,-15.9836028],[42.4735874,-15.2997583],[43.3524863,-14.6044961],[43.0276399,-13.6144061],[42.7048454,-12.6234337],[42.3839168,-11.6311284],[42.0647124,-10.6369102]]]}},
{"type":"Feature","properties":{"name": "577"},"geometry":{"type":"Polygon","coordinates":[[[44.2303970,-3.8806166],[43.0615213,-3.6418799],[41.8909372,-3.3093607],[40.7489644,-2.8904172],[39.6642292,-2.3972191],[38.8365695,-2.9959452],[38.0076753,-3.5942839],[37.1772975,-4.1921562],[36.3451860,-4.7894819],[36.5771737,-5.9001950],[36.8340070,-6.9883908],[37.1066445,-8.0590499],[37.3897346,-9.1159969],[38.5399211,-9.5399065],[39.7046895,-9.9355905],[40.8807535,-10.3016555],[42.0647124,-10.6369102],[42.9320565,-9.9533606],[43.7966060,-9.2514147],[44.6562726,-8.5248293],[45.5066242,-7.7642638],[45.1855762,-6.7929032],[44.8660003,-5.8218730],[44.5476786,-4.8511264],[44.2303970,-3.8806166]]]}},
{"type":"Feature","properties":{"name": "578"},"geometry":{"type":"Polygon","coordinates":[[[22.4251423,-64.4809707],[20.7666357,-63.7591491],[19.1926459,-63.0196611],[17.6980326,-62.2639253],[16.2778361,-61.4932287],[13.8108463,-61.6937586],[11.2500000,-61.7623979],[8.6891537,-61.6937586],[6.2221639,-61.4932287],[4.8019674,-62.2639253],[3.3073541,-63.0196611],[1.7333643,-63.7591491],[0.0748577,-64.4809707],[1.0202546,-65.5428617],[2.0945056,-66.5721009],[3.2895641,-67.5734672],[4.6055456,-68.5501363],[7.9075100,-68.6885580],[11.2500000,-68.7350266],[14.5924900,-68.6885580],[17.8944544,-68.5501363],[19.2104359,-67.5734672],[20.4054944,-66.5721009],[21.4797454,-65.5428617],[22.4251423,-64.4809707]]]}},
{"type":"Feature","properties":{"name": "579"},"geometry":{"type":"Polygon","coordinates":[[[31.3845132,-57.5725195],[29.7261159,-56.9471054],[28.0947211,-56.3036328],[26.4797404,-55.6457772],[24.8661186,-54.9795570],[23.2946967,-55.4712318],[21.6853346,-55.9420230],[20.0380797,-56.3911230],[18.3531776,-56.8177133],[18.1349160,-58.0024359],[17.7228705,-59.1981468],[17.1044900,-60.3724499],[16.2778361,-61.4932287],[17.6980326,-62.2639253],[19.1926459,-63.0196611],[20.7666357,-63.7591491],[22.4251423,-64.4809707],[24.8311352,-64.0388959],[27.0969383,-63.5408594],[29.2366502,-62.9992841],[31.2625192,-62.4222814],[31.3801909,-61.2120012],[31.4355540,-59.9980432],[31.4350699,-58.7837812],[31.3845132,-57.5725195]]]}},
{"type":"Feature","properties":{"name": "580"},"geometry":{"type":"Polygon","coordinates":[[[36.1161631,-50.3849664],[34.4476980,-49.9094989],[32.7870622,-49.4225708],[31.1361341,-48.9248396],[29.4967275,-48.4170559],[28.1705351,-48.9768367],[26.8134294,-49.5209995],[25.4245400,-50.0492206],[24.0029221,-50.5612547],[24.2392955,-51.6445190],[24.4700217,-52.7396739],[24.6849267,-53.8499913],[24.8661186,-54.9795570],[26.4797404,-55.6457772],[28.0947211,-56.3036328],[29.7261159,-56.9471054],[31.3845132,-57.5725195],[32.9577979,-56.9699433],[34.4779011,-56.3493026],[35.9474508,-55.7115712],[37.3688471,-55.0576326],[37.0717207,-53.8743962],[36.7631713,-52.7002673],[36.4443187,-51.5366703],[36.1161631,-50.3849664]]]}},
{"type":"Feature","properties":{"name": "581"},"geometry":{"type":"Polygon","coordinates":[[[39.0894939,-43.4236795],[37.5588635,-43.0315309],[36.0387760,-42.6255476],[34.5301737,-42.2061783],[33.0339374,-41.7739129],[31.8787713,-42.3859788],[30.6998731,-42.9852785],[29.4965470,-43.5715902],[28.2680805,-44.1447190],[28.5622669,-45.2056013],[28.8657022,-46.2705803],[29.1776301,-47.3406636],[29.4967275,-48.4170559],[31.1361341,-48.9248396],[32.7870622,-49.4225708],[34.4476980,-49.9094989],[36.1161631,-50.3849664],[37.3673106,-49.7383070],[38.5868792,-49.0776114],[39.7758468,-48.4034119],[40.9352076,-47.7162123],[40.4600938,-46.6327522],[39.9928378,-45.5570237],[39.5355140,-44.4877089],[39.0894939,-43.4236795]]]}},
{"type":"Feature","properties":{"name": "582"},"geometry":{"type":"Polygon","coordinates":[[[41.5010868,-36.4474149],[40.1058307,-36.1089915],[38.7194155,-35.7561142],[37.3424440,-35.3891165],[35.9754779,-35.0083553],[34.9443168,-35.6631935],[33.8950417,-36.3068918],[32.8271070,-36.9392897],[31.7399619,-37.5602339],[32.0466616,-38.6118002],[32.3644096,-39.6642836],[32.6934467,-40.7181463],[33.0339374,-41.7739129],[34.5301737,-42.2061783],[36.0387760,-42.6255476],[37.5588635,-43.0315309],[39.0894939,-43.4236795],[40.1732453,-42.7410578],[41.2339603,-42.0466787],[42.2724095,-41.3408715],[43.2893566,-40.6239492],[42.8212837,-39.5772202],[42.3672612,-38.5325940],[41.9272458,-37.4894951],[41.5010868,-36.4474149]]]}},
{"type":"Feature","properties":{"name": "583"},"geometry":{"type":"Polygon","coordinates":[[[43.8018762,-29.4526328],[42.5000589,-29.1511848],[41.2043938,-28.8343741],[39.9154969,-28.5024740],[38.6339542,-28.1557813],[37.6673643,-28.8282832],[36.6910604,-29.4951372],[35.7046096,-30.1565437],[34.7075490,-30.8126538],[35.0081841,-31.8628008],[35.3194753,-32.9119497],[35.6417859,-33.9603702],[35.9754779,-35.0083553],[37.3424440,-35.3891165],[38.7194155,-35.7561142],[40.1058307,-36.1089915],[41.5010868,-36.4474149],[42.4724200,-35.7315249],[43.4265010,-35.0052637],[44.3639383,-34.2688329],[45.2853324,-33.5224232],[44.9042235,-32.5026635],[44.5302826,-31.4845142],[44.1629939,-30.4678737],[43.8018762,-29.4526328]]]}},
{"type":"Feature","properties":{"name": "584"},"geometry":{"type":"Polygon","coordinates":[[[46.0548131,-22.5257427],[44.8081429,-22.2631048],[43.5639299,-21.9818907],[42.3231820,-21.6823405],[41.0868860,-21.3647385],[40.1741664,-22.0437578],[39.2551512,-22.7158145],[38.3295920,-23.3814883],[37.3971901,-24.0412514],[37.7017713,-25.0696812],[38.0092781,-26.0980763],[38.3199248,-27.1266970],[38.6339542,-28.1557813],[39.9154969,-28.5024740],[41.2043938,-28.8343741],[42.5000589,-29.1511848],[43.8018762,-29.4526328],[44.7432221,-28.7279228],[45.6743851,-27.9952214],[46.5954769,-27.2539040],[47.5065088,-26.5032347],[47.1353697,-25.5072142],[46.7699722,-24.5123465],[46.4099139,-23.5185518],[46.0548131,-22.5257427]]]}},
{"type":"Feature","properties":{"name": "585"},"geometry":{"type":"Polygon","coordinates":[[[48.1557694,-15.5525357],[46.9593523,-15.3541608],[45.7586656,-15.1299328],[44.5557035,-14.8799677],[43.3524863,-14.6044961],[42.4735874,-15.2997583],[41.5905773,-15.9836028],[40.7036153,-16.6577392],[39.8126744,-17.3235066],[40.1273379,-18.3351103],[40.4444824,-19.3456121],[40.7642671,-20.3553815],[41.0868860,-21.3647385],[42.3231820,-21.6823405],[43.5639299,-21.9818907],[44.8081429,-22.2631048],[46.0548131,-22.5257427],[46.9453809,-21.7808135],[47.8271161,-21.0231876],[48.6993037,-20.2511953],[49.5608871,-19.4628315],[49.2030054,-18.4840180],[48.8497345,-17.5060571],[48.5007572,-16.5289098],[48.1557694,-15.5525357]]]}},
{"type":"Feature","properties":{"name": "586"},"geometry":{"type":"Polygon","coordinates":[[[49.9883688,-8.0611722],[48.8850084,-8.0176334],[47.7715322,-7.9586349],[46.6460175,-7.8776516],[45.5066242,-7.7642638],[44.6562726,-8.5248293],[43.7966060,-9.2514147],[42.9320565,-9.9533606],[42.0647124,-10.6369102],[42.3839168,-11.6311284],[42.7048454,-12.6234337],[43.0276399,-13.6144061],[43.3524863,-14.6044961],[44.5557035,-14.8799677],[45.7586656,-15.1299328],[46.9593523,-15.3541608],[48.1557694,-15.5525357],[48.9804375,-14.6950009],[49.7917222,-13.8152156],[50.5887244,-12.9144738],[51.3705975,-11.9941569],[51.0217638,-11.0129905],[50.6754886,-10.0306734],[50.3312353,-9.0468727],[49.9883688,-8.0611722]]]}},
{"type":"Feature","properties":{"name": "587"},"geometry":{"type":"Polygon","coordinates":[[[26.5961885,-71.4710877],[24.1902318,-70.7825344],[21.9456022,-70.0645845],[19.8507830,-69.3197639],[17.8944544,-68.5501363],[14.5924900,-68.6885580],[11.2500000,-68.7350266],[7.9075100,-68.6885580],[4.6055456,-68.5501363],[2.6492170,-69.3197639],[0.5543978,-70.0645845],[-1.6902318,-70.7825344],[-4.0961885,-71.4710877],[-2.9300614,-72.5076801],[-1.6134477,-73.5289164],[-0.1242887,-74.5345819],[1.5661494,-75.5239014],[6.3670021,-75.6906642],[11.2500000,-75.7467415],[16.1329979,-75.6906642],[20.9338506,-75.5239014],[22.6242887,-74.5345819],[24.1134477,-73.5289164],[25.4300614,-72.5076801],[26.5961885,-71.4710877]]]}},
{"type":"Feature","properties":{"name": "588"},"geometry":{"type":"Polygon","coordinates":[[[39.1415888,-64.6661697],[37.0570201,-64.1477035],[35.0503091,-63.5998448],[33.1196531,-63.0242057],[31.2625192,-62.4222814],[29.2366502,-62.9992841],[27.0969383,-63.5408594],[24.8311352,-64.0388959],[22.4251423,-64.4809707],[21.4797454,-65.5428617],[20.4054944,-66.5721009],[19.2104359,-67.5734672],[17.8944544,-68.5501363],[19.8507830,-69.3197639],[21.9456022,-70.0645845],[24.1902318,-70.7825344],[26.5961885,-71.4710877],[30.0920706,-71.0592686],[33.3909511,-70.5715271],[36.4779942,-70.0155304],[39.3463714,-69.3991593],[39.3605715,-68.2290704],[39.3272074,-67.0491887],[39.2524779,-65.8610377],[39.1415888,-64.6661697]]]}},
{"type":"Feature","properties":{"name": "589"},"geometry":{"type":"Polygon","coordinates":[[[44.3695962,-56.9772307],[42.5704866,-56.5338918],[40.8051167,-56.0652070],[39.0719817,-55.5725896],[37.3688471,-55.0576326],[35.9474508,-55.7115712],[34.4779011,-56.3493026],[32.9577979,-56.9699433],[31.3845132,-57.5725195],[31.4350699,-58.7837812],[31.4355540,-59.9980432],[31.3801909,-61.2120012],[31.2625192,-62.4222814],[33.1196531,-63.0242057],[35.0503091,-63.5998448],[37.0570201,-64.1477035],[39.1415888,-64.6661697],[41.0768376,-63.9584236],[42.8970280,-63.2266616],[44.6124382,-62.4740376],[46.2323471,-61.7030912],[45.7537002,-60.5209002],[45.2843232,-59.3385446],[44.8232387,-58.1569976],[44.3695962,-56.9772307]]]}},
{"type":"Feature","properties":{"name": "590"},"geometry":{"type":"Polygon","coordinates":[[[47.2527757,-49.3283935],[45.6546060,-48.9513875],[44.0699955,-48.5557757],[42.4975061,-48.1433449],[40.9352076,-47.7162123],[39.7758468,-48.4034119],[38.5868792,-49.0776114],[37.3673106,-49.7383070],[36.1161631,-50.3849664],[36.4443187,-51.5366703],[36.7631713,-52.7002673],[37.0717207,-53.8743962],[37.3688471,-55.0576326],[39.0719817,-55.5725896],[40.8051167,-56.0652070],[42.5704866,-56.5338918],[44.3695962,-56.9772307],[45.7085268,-56.2223188],[46.9954193,-55.4547970],[48.2336327,-54.6754327],[49.4262710,-53.8849079],[48.8580703,-52.7410800],[48.3074088,-51.5999277],[47.7727647,-50.4621416],[47.2527757,-49.3283935]]]}},
{"type":"Feature","properties":{"name": "591"},"geometry":{"type":"Polygon","coordinates":[[[49.2638297,-41.8021412],[47.7625945,-41.5311882],[46.2657808,-41.2443861],[44.7743816,-40.9419038],[43.2893566,-40.6239492],[42.2724095,-41.3408715],[41.2339603,-42.0466787],[40.1732453,-42.7410578],[39.0894939,-43.4236795],[39.5355140,-44.4877089],[39.9928378,-45.5570237],[40.4600938,-46.6327522],[40.9352076,-47.7162123],[42.4975061,-48.1433449],[44.0699955,-48.5557757],[45.6546060,-48.9513875],[47.2527757,-49.3283935],[48.3295875,-48.5587727],[49.3765412,-47.7788510],[50.3950829,-46.9890089],[51.3865993,-46.1895975],[50.8324536,-45.0871754],[50.2947239,-43.9881318],[49.7722138,-42.8929618],[49.2638297,-41.8021412]]]}},
{"type":"Feature","properties":{"name": "592"},"geometry":{"type":"Polygon","coordinates":[[[50.7394440,-34.5205516],[49.3688767,-34.2945401],[48.0025576,-34.0527377],[46.6411599,-33.7953041],[45.2853324,-33.5224232],[44.3639383,-34.2688329],[43.4265010,-35.0052637],[42.4724200,-35.7315249],[41.5010868,-36.4474149],[41.9272458,-37.4894951],[42.3672612,-38.5325940],[42.8212837,-39.5772202],[43.2893566,-40.6239492],[44.7743816,-40.9419038],[46.2657808,-41.2443861],[47.7625945,-41.5311882],[49.2638297,-41.8021412],[50.2011659,-41.0162281],[51.1185252,-40.2209373],[52.0167726,-39.4165083],[52.8967503,-38.6031615],[52.3344975,-37.5805659],[51.7875260,-36.5596517],[51.2558666,-35.5398224],[50.7394440,-34.5205516]]]}},
{"type":"Feature","properties":{"name": "593"},"geometry":{"type":"Polygon","coordinates":[[[52.6335856,-27.3282279],[51.3518816,-27.1481582],[50.0695549,-26.9505971],[48.7874762,-26.7355941],[47.5065088,-26.5032347],[46.5954769,-27.2539040],[45.6743851,-27.9952214],[44.7432221,-28.7279228],[43.8018762,-29.4526328],[44.1629939,-30.4678737],[44.5302826,-31.4845142],[44.9042235,-32.5026635],[45.2853324,-33.5224232],[46.6411599,-33.7953041],[48.0025576,-34.0527377],[49.3688767,-34.2945401],[50.7394440,-34.5205516],[51.6646783,-33.7261419],[52.5757854,-32.9228590],[53.4727839,-32.1100668],[54.3555647,-31.2870338],[53.9105859,-30.2955976],[53.4756680,-29.3053243],[53.0501940,-28.3162053],[52.6335856,-27.3282279]]]}},
{"type":"Feature","properties":{"name": "594"},"geometry":{"type":"Polygon","coordinates":[[[54.3047807,-19.8266199],[53.1258078,-19.7584843],[51.9423172,-19.6766252],[50.7540622,-19.5789348],[49.5608871,-19.4628315],[48.6993037,-20.2511953],[47.8271161,-21.0231876],[46.9453809,-21.7808135],[46.0548131,-22.5257427],[46.4099139,-23.5185518],[46.7699722,-24.5123465],[47.1353697,-25.5072142],[47.5065088,-26.5032347],[48.7874762,-26.7355941],[50.0695549,-26.9505971],[51.3518816,-27.1481582],[52.6335856,-27.3282279],[53.4722115,-26.4498028],[54.2975639,-25.5592525],[55.1098238,-24.6571234],[55.9091852,-23.7439697],[55.4971951,-22.7641517],[55.0927678,-21.7846868],[54.6954433,-20.8055279],[54.3047807,-19.8266199]]]}},
{"type":"Feature","properties":{"name": "595"},"geometry":{"type":"Polygon","coordinates":[[[55.8227099,-12.1233767],[54.7169800,-12.1026565],[53.6068800,-12.0751711],[52.4916846,-12.0395854],[51.3705975,-11.9941569],[50.5887244,-12.9144738],[49.7917222,-13.8152156],[48.9804375,-14.6950009],[48.1557694,-15.5525357],[48.5007572,-16.5289098],[48.8497345,-17.5060571],[49.2030054,-18.4840180],[49.5608871,-19.4628315],[50.7540622,-19.5789348],[51.9423172,-19.6766252],[53.1258078,-19.7584843],[54.3047807,-19.8266199],[55.0877325,-18.9035954],[55.8579253,-17.9688554],[56.6153919,-17.0231363],[57.3601823,-16.0671853],[56.9692256,-15.0833864],[56.5830306,-14.0982852],[56.2010522,-13.1116890],[55.8227099,-12.1233767]]]}},
{"type":"Feature","properties":{"name": "596"},"geometry":{"type":"Polygon","coordinates":[[[35.3628206,-78.2047756],[31.2035290,-77.6120334],[27.4311063,-76.9627190],[24.0183940,-76.2644825],[20.9338506,-75.5239014],[16.1329979,-75.6906642],[11.2500000,-75.7467415],[6.3670021,-75.6906642],[1.5661494,-75.5239014],[-1.5183940,-76.2644825],[-4.9311063,-76.9627190],[-8.7035290,-77.6120334],[-12.8628206,-78.2047756],[-11.8475831,-79.2729331],[-10.6145859,-80.3341991],[-9.0890085,-81.3877355],[-7.1553698,-82.4319206],[1.7960888,-82.7247684],[11.2500000,-82.8250887],[20.7039112,-82.7247684],[29.6553698,-82.4319206],[31.5890085,-81.3877355],[33.1145859,-80.3341991],[34.3475831,-79.2729331],[35.3628206,-78.2047756]]]}},
{"type":"Feature","properties":{"name": "597"},"geometry":{"type":"Polygon","coordinates":[[[50.5816768,-71.0403309],[47.6007524,-70.6962288],[44.7313417,-70.3060755],[41.9788752,-69.8727509],[39.3463714,-69.3991593],[36.4779942,-70.0155304],[33.3909511,-70.5715271],[30.0920706,-71.0592686],[26.5961885,-71.4710877],[25.4300614,-72.5076801],[24.1134477,-73.5289164],[22.6242887,-74.5345819],[20.9338506,-75.5239014],[24.0183940,-76.2644825],[27.4311063,-76.9627190],[31.2035290,-77.6120334],[35.3628206,-78.2047756],[40.4035357,-77.6453818],[44.9511139,-76.9964551],[49.0173763,-76.2718854],[52.6328642,-75.4843213],[52.0570504,-74.3830195],[51.5336013,-73.2754614],[51.0464287,-72.1613483],[50.5816768,-71.0403309]]]}},
{"type":"Feature","properties":{"name": "598"},"geometry":{"type":"Polygon","coordinates":[[[54.8621037,-63.0427561],[52.6340622,-62.7603528],[50.4512989,-62.4421100],[48.3166807,-62.0892631],[46.2323471,-61.7030912],[44.6124382,-62.4740376],[42.8970280,-63.2266616],[41.0768376,-63.9584236],[39.1415888,-64.6661697],[39.2524779,-65.8610377],[39.3272074,-67.0491887],[39.3605715,-68.2290704],[39.3463714,-69.3991593],[41.9788752,-69.8727509],[44.7313417,-70.3060755],[47.6007524,-70.6962288],[50.5816768,-71.0403309],[52.8677547,-70.2018180],[54.9378789,-69.3358045],[56.8196151,-68.4476030],[58.5371884,-67.5413725],[57.5296299,-66.4267117],[56.5861840,-65.3047202],[55.6991858,-64.1764140],[54.8621037,-63.0427561]]]}},
{"type":"Feature","properties":{"name": "599"},"geometry":{"type":"Polygon","coordinates":[[[56.5997388,-55.0642410],[54.7738350,-54.8114412],[52.9689583,-54.5300303],[51.1861930,-54.2208725],[49.4262710,-53.8849079],[48.2336327,-54.6754327],[46.9954193,-55.4547970],[45.7085268,-56.2223188],[44.3695962,-56.9772307],[44.8232387,-58.1569976],[45.2843232,-59.3385446],[45.7537002,-60.5209002],[46.2323471,-61.7030912],[48.3166807,-62.0892631],[50.4512989,-62.4421100],[52.6340622,-62.7603528],[54.8621037,-63.0427561],[56.2532915,-62.1649688],[57.5619201,-61.2764241],[58.7962414,-60.3783429],[59.9635421,-59.4717297],[59.0581057,-58.3757598],[58.1983504,-57.2753019],[57.3801260,-56.1711973],[56.5997388,-55.0642410]]]}},
{"type":"Feature","properties":{"name": "600"},"geometry":{"type":"Polygon","coordinates":[[[57.6327829,-47.2202312],[56.0561906,-46.9956361],[54.4894739,-46.7484055],[52.9329184,-46.4794033],[51.3865993,-46.1895975],[50.3950829,-46.9890089],[49.3765412,-47.7788510],[48.3295875,-48.5587727],[47.2527757,-49.3283935],[47.7727647,-50.4621416],[48.3074088,-51.5999277],[48.8580703,-52.7410800],[49.4262710,-53.8849079],[51.1861930,-54.2208725],[52.9689583,-54.5300303],[54.7738350,-54.8114412],[56.5997388,-55.0642410],[57.6516191,-54.1903538],[58.6626889,-53.3088016],[59.6359977,-52.4199931],[60.5743299,-51.5242823],[59.7926955,-50.4515995],[59.0434447,-49.3762787],[58.3241979,-48.2989554],[57.6327829,-47.2202312]]]}},
{"type":"Feature","properties":{"name": "601"},"geometry":{"type":"Polygon","coordinates":[[[58.4940825,-39.4834837],[57.0886141,-39.2891238],[55.6873006,-39.0769862],[54.2900795,-38.8479888],[52.8967503,-38.6031615],[52.0167726,-39.4165083],[51.1185252,-40.2209373],[50.2011659,-41.0162281],[49.2638297,-41.8021412],[49.7722138,-42.8929618],[50.2947239,-43.9881318],[50.8324536,-45.0871754],[51.3865993,-46.1895975],[52.9329184,-46.4794033],[54.4894739,-46.7484055],[56.0561906,-46.9956361],[57.6327829,-47.2202312],[58.5233705,-46.3503166],[59.3897274,-45.4731584],[60.2333052,-44.5889600],[61.0554682,-43.6979020],[60.3808420,-42.6462523],[59.7300304,-41.5929883],[59.1015647,-40.5385825],[58.4940825,-39.4834837]]]}},
{"type":"Feature","properties":{"name": "602"},"geometry":{"type":"Polygon","coordinates":[[[59.5412110,-31.5984132],[58.2477747,-31.5409369],[56.9523310,-31.4705823],[55.6549026,-31.3863328],[54.3555647,-31.2870338],[53.4727839,-32.1100668],[52.5757854,-32.9228590],[51.6646783,-33.7261419],[50.7394440,-34.5205516],[51.2558666,-35.5398224],[51.7875260,-36.5596517],[52.3344975,-37.5805659],[52.8967503,-38.6031615],[54.2900795,-38.8479888],[55.6873006,-39.0769862],[57.0886141,-39.2891238],[58.4940825,-39.4834837],[59.2646477,-38.5564785],[60.0173238,-37.6216518],[60.7542175,-36.6794348],[61.4774970,-35.7302744],[60.9715063,-34.6955723],[60.4815925,-33.6619072],[60.0054896,-32.6294773],[59.5412110,-31.5984132]]]}},
{"type":"Feature","properties":{"name": "603"},"geometry":{"type":"Polygon","coordinates":[[[60.7206861,-23.9068067],[59.5219836,-23.8802817],[58.3206615,-23.8448875],[57.1164731,-23.7997788],[55.9091852,-23.7439697],[55.1098238,-24.6571234],[54.2975639,-25.5592525],[53.4722115,-26.4498028],[52.6335856,-27.3282279],[53.0501940,-28.3162053],[53.4756680,-29.3053243],[53.9105859,-30.2955976],[54.3555647,-31.2870338],[55.6549026,-31.3863328],[56.9523310,-31.4705823],[58.2477747,-31.5409369],[59.5412110,-31.5984132],[60.3281320,-30.6624696],[61.1018044,-29.7195505],[61.8627585,-28.7700505],[62.6115112,-27.8143599],[62.1224333,-26.8380134],[61.6447016,-25.8613135],[61.1776604,-24.8842514],[60.7206861,-23.9068067]]]}},
{"type":"Feature","properties":{"name": "604"},"geometry":{"type":"Polygon","coordinates":[[[61.8661833,-16.1100889],[60.7431773,-16.1071869],[59.6181082,-16.0994415],[58.4905832,-16.0863213],[57.3601823,-16.0671853],[56.6153919,-17.0231363],[55.8579253,-17.9688554],[55.0877325,-18.9035954],[54.3047807,-19.8266199],[54.6954433,-20.8055279],[55.0927678,-21.7846868],[55.4971951,-22.7641517],[55.9091852,-23.7439697],[57.1164731,-23.7997788],[58.3206615,-23.8448875],[59.5219836,-23.8802817],[60.7206861,-23.9068067],[61.4603031,-22.9481045],[62.1887310,-21.9829136],[62.9063381,-21.0116948],[63.6134880,-20.0349066],[63.1656261,-19.0559909],[62.7255135,-18.0756150],[62.2925626,-17.0936843],[61.8661833,-16.1100889]]]}},
{"type":"Feature","properties":{"name": "605"},"geometry":{"type":"Polygon","coordinates":[[[63.8986081,-84.0461500],[53.8918642,-83.8718657],[44.6910176,-83.5274605],[36.5904687,-83.0381726],[29.6553698,-82.4319206],[20.7039112,-82.7247684],[11.2500000,-82.8250887],[1.7960888,-82.7247684],[-7.1553698,-82.4319206],[-14.0904687,-83.0381726],[-22.1910176,-83.5274605],[-31.3918642,-83.8718657],[-41.3986081,-84.0461500],[-45.4961468,-85.0580540],[-51.6690715,-86.0298860],[-61.6512403,-86.9246501],[-78.7500000,-87.6535369],[-78.7500000,-88.8266554],[0.0000000,-90.0000000],[101.2500000,-88.8266554],[101.2500000,-87.6535369],[84.1512403,-86.9246501],[74.1690715,-86.0298860],[67.9961468,-85.0580540],[63.8986081,-84.0461500]]]}},
{"type":"Feature","properties":{"name": "606"},"geometry":{"type":"Polygon","coordinates":[[[69.5837905,-76.0451719],[65.2332587,-76.0162134],[60.9306372,-75.9115655],[56.7182120,-75.7332578],[52.6328642,-75.4843213],[49.0173763,-76.2718854],[44.9511139,-76.9964551],[40.4035357,-77.6453818],[35.3628206,-78.2047756],[34.3475831,-79.2729331],[33.1145859,-80.3341991],[31.5890085,-81.3877355],[29.6553698,-82.4319206],[36.5904687,-83.0381726],[44.6910176,-83.5274605],[53.8918642,-83.8718657],[63.8986081,-84.0461500],[69.7904390,-83.0671601],[74.1765123,-82.0340173],[77.5281899,-80.9661653],[80.1528207,-79.8755078],[76.8533422,-78.9614419],[74.0555215,-78.0143239],[71.6588270,-77.0406458],[69.5837905,-76.0451719]]]}},
{"type":"Feature","properties":{"name": "607"},"geometry":{"type":"Polygon","coordinates":[[[69.5654636,-67.9548194],[66.7699402,-67.9227793],[63.9929456,-67.8426403],[61.2453257,-67.7151637],[58.5371884,-67.5413725],[56.8196151,-68.4476030],[54.9378789,-69.3358045],[52.8677547,-70.2018180],[50.5816768,-71.0403309],[51.0464287,-72.1613483],[51.5336013,-73.2754614],[52.0570504,-74.3830195],[52.6328642,-75.4843213],[56.7182120,-75.7332578],[60.9306372,-75.9115655],[65.2332587,-76.0162134],[69.5837905,-76.0451719],[71.8323636,-75.0203347],[73.7730183,-73.9781641],[75.4583544,-72.9231246],[76.9305988,-71.8587621],[74.8526034,-70.9145905],[72.9448301,-69.9474922],[71.1880895,-68.9601264],[69.5654636,-67.9548194]]]}},
{"type":"Feature","properties":{"name": "608"},"geometry":{"type":"Polygon","coordinates":[[[68.3683534,-59.9201652],[66.2463895,-59.8619269],[64.1355966,-59.7674440],[62.0400461,-59.6371871],[59.9635421,-59.4717297],[58.7962414,-60.3783429],[57.5619201,-61.2764241],[56.2532915,-62.1649688],[54.8621037,-63.0427561],[55.6991858,-64.1764140],[56.5861840,-65.3047202],[57.5296299,-66.4267117],[58.5371884,-67.5413725],[61.2453257,-67.7151637],[63.9929456,-67.8426403],[66.7699402,-67.9227793],[69.5654636,-67.9548194],[70.7500269,-66.9460712],[71.8339362,-65.9322136],[72.8314937,-64.9142892],[73.7546248,-63.8930841],[72.2825389,-62.9206901],[70.8990449,-61.9333990],[69.5966039,-60.9327551],[68.3683534,-59.9201652]]]}},
{"type":"Feature","properties":{"name": "609"},"geometry":{"type":"Polygon","coordinates":[[[67.5295608,-51.9866815],[65.7794435,-51.9141470],[64.0357029,-51.8126133],[62.3001196,-51.6824974],[60.5743299,-51.5242823],[59.6359977,-52.4199931],[58.6626889,-53.3088016],[57.6516191,-54.1903538],[56.5997388,-55.0642410],[57.3801260,-56.1711973],[58.1983504,-57.2753019],[59.0581057,-58.3757598],[59.9635421,-59.4717297],[62.0400461,-59.6371871],[64.1355966,-59.7674440],[66.2463895,-59.8619269],[68.3683534,-59.9201652],[69.2760251,-58.9399245],[70.1369125,-57.9557296],[70.9558754,-56.9678930],[71.7371739,-55.9766570],[70.6078060,-54.9934039],[69.5325256,-54.0000000],[68.5075975,-52.9974486],[67.5295608,-51.9866815]]]}},
{"type":"Feature","properties":{"name": "610"},"geometry":{"type":"Polygon","coordinates":[[[66.9504579,-44.0163570],[65.4757537,-43.9625374],[64.0013023,-43.8915240],[62.5276820,-43.8033114],[61.0554682,-43.6979020],[60.2333052,-44.5889600],[59.3897274,-45.4731584],[58.5233705,-46.3503166],[57.6327829,-47.2202312],[58.3241979,-48.2989554],[59.0434447,-49.3762787],[59.7926955,-50.4515995],[60.5743299,-51.5242823],[62.3001196,-51.6824974],[64.0357029,-51.8126133],[65.7794435,-51.9141470],[67.5295608,-51.9866815],[68.2992044,-51.0175357],[69.0332173,-50.0417657],[69.7344838,-49.0596456],[70.4057211,-48.0713973],[69.4868205,-47.0672206],[68.6060790,-46.0560927],[67.7613092,-45.0388684],[66.9504579,-44.0163570]]]}},
{"type":"Feature","properties":{"name": "611"},"geometry":{"type":"Polygon","coordinates":[[[66.6932299,-35.9665389],[65.3915564,-35.9288081],[64.0881529,-35.8768968],[62.7833552,-35.8107387],[61.4774970,-35.7302744],[60.7542175,-36.6794348],[60.0173238,-37.6216518],[59.2646477,-38.5564785],[58.4940825,-39.4834837],[59.1015647,-40.5385825],[59.7300304,-41.5929883],[60.3808420,-42.6462523],[61.0554682,-43.6979020],[62.5276820,-43.8033114],[64.0013023,-43.8915240],[65.4757537,-43.9625374],[66.9504579,-44.0163570],[67.6197425,-43.0333119],[68.2689458,-42.0436453],[68.9003773,-41.0475407],[69.5163763,-40.0451762],[68.7674721,-39.0293603],[68.0482553,-38.0104527],[67.3572932,-36.9892571],[66.6932299,-35.9665389]]]}},
{"type":"Feature","properties":{"name": "612"},"geometry":{"type":"Polygon","coordinates":[[[67.4309246,-27.9385989],[66.2285676,-27.9261784],[65.0244662,-27.9013806],[63.8187391,-27.8641311],[62.6115112,-27.8143599],[61.8627585,-28.7700505],[61.1018044,-29.7195505],[60.3281320,-30.6624696],[59.5412110,-31.5984132],[60.0054896,-32.6294773],[60.4815925,-33.6619072],[60.9715063,-34.6955723],[61.4774970,-35.7302744],[62.7833552,-35.8107387],[64.0881529,-35.8768968],[65.3915564,-35.9288081],[66.6932299,-35.9665389],[67.4122134,-34.9724592],[68.1223861,-33.9721752],[68.8241651,-32.9661419],[69.5179547,-31.9548219],[68.9766365,-30.9495427],[68.4496025,-29.9449975],[67.9349269,-28.9413237],[67.4309246,-27.9385989]]]}},
{"type":"Feature","properties":{"name": "613"},"geometry":{"type":"Polygon","coordinates":[[[68.2200697,-19.9914988],[67.0697539,-20.0091180],[65.9187330,-20.0224177],[64.7667379,-20.0311210],[63.6134880,-20.0349066],[62.9063381,-21.0116948],[62.1887310,-21.9829136],[61.4603031,-22.9481045],[60.7206861,-23.9068067],[61.1776604,-24.8842514],[61.6447016,-25.8613135],[62.1224333,-26.8380134],[62.6115112,-27.8143599],[63.8187391,-27.8641311],[65.0244662,-27.9013806],[66.2285676,-27.9261784],[67.4309246,-27.9385989],[68.1286595,-26.9404930],[68.8176085,-25.9384101],[69.4981945,-24.9327664],[70.1708280,-23.9239768],[69.6762283,-22.9401135],[69.1867790,-21.9568015],[68.7016461,-20.9739592],[68.2200697,-19.9914988]]]}},
{"type":"Feature","properties":{"name": "614"},"geometry":{"type":"Polygon","coordinates":[[[138.6013919,-84.0461500],[134.5038532,-85.0580540],[128.3309285,-86.0298860],[118.3487597,-86.9246501],[101.2500000,-87.6535369],[101.2500000,-88.8266554],[0.0000000,-90.0000000],[-78.7500000,-88.8266554],[-78.7500000,-87.6535369],[-95.8487597,-86.9246501],[-105.8309285,-86.0298860],[-112.0038532,-85.0580540],[-116.1013919,-84.0461500],[-126.1081358,-83.8718657],[-135.3089824,-83.5274605],[-143.4095313,-83.0381726],[-150.3446302,-82.4319206],[-159.2960888,-82.7247684],[-168.7500000,-82.8250887],[-178.2039112,-82.7247684],[172.8446302,-82.4319206],[165.9095313,-83.0381726],[157.8089824,-83.5274605],[148.6081358,-83.8718657],[138.6013919,-84.0461500]]]}},
{"type":"Feature","properties":{"name": "615"},"geometry":{"type":"Polygon","coordinates":[[[101.2500000,-78.3036544],[96.5421509,-78.8248850],[91.4320288,-79.2667599],[85.9490633,-79.6198465],[80.1528207,-79.8755078],[77.5281899,-80.9661653],[74.1765123,-82.0340173],[69.7904390,-83.0671601],[63.8986081,-84.0461500],[67.9961468,-85.0580540],[74.1690715,-86.0298860],[84.1512403,-86.9246501],[101.2500000,-87.6535369],[118.3487597,-86.9246501],[128.3309285,-86.0298860],[134.5038532,-85.0580540],[138.6013919,-84.0461500],[132.7095610,-83.0671601],[128.3234877,-82.0340173],[124.9718101,-80.9661653],[122.3471793,-79.8755078],[116.5509367,-79.6198465],[111.0679712,-79.2667599],[105.9578491,-78.8248850],[101.2500000,-78.3036544]]]}},
{"type":"Feature","properties":{"name": "616"},"geometry":{"type":"Polygon","coordinates":[[[89.8624520,-70.8885799],[86.7468819,-71.2138883],[83.5430371,-71.4852299],[80.2653152,-71.7006951],[76.9305988,-71.8587621],[75.4583544,-72.9231246],[73.7730183,-73.9781641],[71.8323636,-75.0203347],[69.5837905,-76.0451719],[71.6588270,-77.0406458],[74.0555215,-78.0143239],[76.8533422,-78.9614419],[80.1528207,-79.8755078],[85.9490633,-79.6198465],[91.4320288,-79.2667599],[96.5421509,-78.8248850],[101.2500000,-78.3036544],[101.2500000,-77.1426155],[101.2500000,-75.9840059],[101.2500000,-74.8280345],[101.2500000,-73.6749074],[98.0859163,-73.0446408],[95.1422528,-72.3668027],[92.4061562,-71.6465511],[89.8624520,-70.8885799]]]}},
{"type":"Feature","properties":{"name": "617"},"geometry":{"type":"Polygon","coordinates":[[[83.2668867,-63.3267129],[80.9214358,-63.5303055],[78.5499856,-63.6928488],[76.1588347,-63.8138756],[73.7546248,-63.8930841],[72.8314937,-64.9142892],[71.8339362,-65.9322136],[70.7500269,-66.9460712],[69.5654636,-67.9548194],[71.1880895,-68.9601264],[72.9448301,-69.9474922],[74.8526034,-70.9145905],[76.9305988,-71.8587621],[80.2653152,-71.7006951],[83.5430371,-71.4852299],[86.7468819,-71.2138883],[89.8624520,-70.8885799],[90.2751813,-69.7830379],[90.6410482,-68.6803586],[90.9699745,-67.5804465],[91.2696713,-66.4831531],[89.0959852,-65.7381282],[87.0415919,-64.9620192],[85.1006131,-64.1574117],[83.2668867,-63.3267129]]]}},
{"type":"Feature","properties":{"name": "618"},"geometry":{"type":"Polygon","coordinates":[[[79.4408516,-55.7341498],[77.5224254,-55.8358324],[75.5976433,-55.9100009],[73.6685434,-55.9568717],[71.7371739,-55.9766570],[70.9558754,-56.9678930],[70.1369125,-57.9557296],[69.2760251,-58.9399245],[68.3683534,-59.9201652],[69.5966039,-60.9327551],[70.8990449,-61.9333990],[72.2825389,-62.9206901],[73.7546248,-63.8930841],[76.1588347,-63.8138756],[78.5499856,-63.6928488],[80.9214358,-63.5303055],[83.2668867,-63.3267129],[83.8627108,-62.2933031],[84.4138814,-61.2592429],[84.9251656,-60.2246931],[85.4006976,-59.1897675],[83.8018549,-58.3574427],[82.2779715,-57.5029378],[80.8254912,-56.6279668],[79.4408516,-55.7341498]]]}},
{"type":"Feature","properties":{"name": "619"},"geometry":{"type":"Polygon","coordinates":[[[76.7752736,-47.9500136],[75.1866434,-48.0100775],[73.5949937,-48.0502850],[72.0010905,-48.0707052],[70.4057211,-48.0713973],[69.7344838,-49.0596456],[69.0332173,-50.0417657],[68.2992044,-51.0175357],[67.5295608,-51.9866815],[68.5075975,-52.9974486],[69.5325256,-54.0000000],[70.6078060,-54.9934039],[71.7371739,-55.9766570],[73.6685434,-55.9568717],[75.5976433,-55.9100009],[77.5224254,-55.8358324],[79.4408516,-55.7341498],[79.9870985,-54.7146648],[80.5024679,-53.6927337],[80.9897165,-52.6683961],[81.4513517,-51.6416493],[80.2051213,-50.7418769],[79.0118776,-49.8257582],[77.8693452,-48.8946907],[76.7752736,-47.9500136]]]}},
{"type":"Feature","properties":{"name": "620"},"geometry":{"type":"Polygon","coordinates":[[[74.9870677,-39.9582504],[73.6242402,-40.0025719],[72.2579164,-40.0318914],[70.8884919,-40.0461207],[69.5163763,-40.0451762],[68.9003773,-41.0475407],[68.2689458,-42.0436453],[67.6197425,-43.0333119],[66.9504579,-44.0163570],[67.7613092,-45.0388684],[68.6060790,-46.0560927],[69.4868205,-47.0672206],[70.4057211,-48.0713973],[72.0010905,-48.0707052],[73.5949937,-48.0502850],[75.1866434,-48.0100775],[76.7752736,-47.9500136],[77.2810853,-46.9267700],[77.7673855,-45.8991248],[78.2363067,-44.8669734],[78.6899639,-43.8301769],[77.7033454,-42.8767939],[76.7583877,-41.9127954],[75.8534879,-40.9395187],[74.9870677,-39.9582504]]]}},
{"type":"Feature","properties":{"name": "621"},"geometry":{"type":"Polygon","coordinates":[[[74.4515595,-31.8189000],[73.2227185,-31.8720596],[71.9907131,-31.9124954],[70.7557269,-31.9401129],[69.5179547,-31.9548219],[68.8241651,-32.9661419],[68.1223861,-33.9721752],[67.4122134,-34.9724592],[66.6932299,-35.9665389],[67.3572932,-36.9892571],[68.0482553,-38.0104527],[68.7674721,-39.0293603],[69.5163763,-40.0451762],[70.8884919,-40.0461207],[72.2579164,-40.0318914],[73.6242402,-40.0025719],[74.9870677,-39.9582504],[75.4965909,-38.9188258],[76.0005543,-37.8738750],[76.5020365,-36.8235149],[77.0045068,-35.7679651],[76.3244177,-34.7831114],[75.6750326,-33.7960283],[75.0519712,-32.8077215],[74.4515595,-31.8189000]]]}},
{"type":"Feature","properties":{"name": "622"},"geometry":{"type":"Polygon","coordinates":[[[74.8250711,-23.7314816],[73.6634436,-23.7959382],[72.5005779,-23.8496065],[71.3363915,-23.8923324],[70.1708280,-23.9239768],[69.4981945,-24.9327664],[68.8176085,-25.9384101],[68.1286595,-26.9404930],[67.4309246,-27.9385989],[67.9349269,-28.9413237],[68.4496025,-29.9449975],[68.9766365,-30.9495427],[69.5179547,-31.9548219],[70.7557269,-31.9401129],[71.9907131,-31.9124954],[73.2227185,-31.8720596],[74.4515595,-31.8189000],[75.0870459,-30.7688029],[75.7195552,-29.7156995],[76.3492724,-28.6602144],[76.9763766,-27.6029830],[76.4236967,-26.6343744],[75.8818283,-25.6662733],[75.3493633,-24.6986587],[74.8250711,-23.7314816]]]}},
{"type":"Feature","properties":{"name": "623"},"geometry":{"type":"Polygon","coordinates":[[[167.1371794,-78.2047756],[168.1524169,-79.2729331],[169.3854141,-80.3341991],[170.9109915,-81.3877355],[172.8446302,-82.4319206],[-178.2039112,-82.7247684],[-168.7500000,-82.8250887],[-159.2960888,-82.7247684],[-150.3446302,-82.4319206],[-148.4109915,-81.3877355],[-146.8854141,-80.3341991],[-145.6524169,-79.2729331],[-144.6371794,-78.2047756],[-148.7964710,-77.6120334],[-152.5688937,-76.9627190],[-155.9816060,-76.2644825],[-159.0661494,-75.5239014],[-163.8670021,-75.6906642],[-168.7500000,-75.7467415],[-173.6329979,-75.6906642],[-178.4338506,-75.5239014],[178.4816060,-76.2644825],[175.0688937,-76.9627190],[171.2964710,-77.6120334],[167.1371794,-78.2047756]]]}},
{"type":"Feature","properties":{"name": "624"},"geometry":{"type":"Polygon","coordinates":[[[132.9162095,-76.0451719],[130.8411730,-77.0406458],[128.4444785,-78.0143239],[125.6466578,-78.9614419],[122.3471793,-79.8755078],[124.9718101,-80.9661653],[128.3234877,-82.0340173],[132.7095610,-83.0671601],[138.6013919,-84.0461500],[148.6081358,-83.8718657],[157.8089824,-83.5274605],[165.9095313,-83.0381726],[172.8446302,-82.4319206],[170.9109915,-81.3877355],[169.3854141,-80.3341991],[168.1524169,-79.2729331],[167.1371794,-78.2047756],[162.0964643,-77.6453818],[157.5488861,-76.9964551],[153.4826237,-76.2718854],[149.8671358,-75.4843213],[145.7817880,-75.7332578],[141.5693628,-75.9115655],[137.2667413,-76.0162134],[132.9162095,-76.0451719]]]}},
{"type":"Feature","properties":{"name": "625"},"geometry":{"type":"Polygon","coordinates":[[[112.6375480,-70.8885799],[110.0938438,-71.6465511],[107.3577472,-72.3668027],[104.4140837,-73.0446408],[101.2500000,-73.6749074],[101.2500000,-74.8280345],[101.2500000,-75.9840059],[101.2500000,-77.1426155],[101.2500000,-78.3036544],[105.9578491,-78.8248850],[111.0679712,-79.2667599],[116.5509367,-79.6198465],[122.3471793,-79.8755078],[125.6466578,-78.9614419],[128.4444785,-78.0143239],[130.8411730,-77.0406458],[132.9162095,-76.0451719],[130.6676364,-75.0203347],[128.7269817,-73.9781641],[127.0416456,-72.9231246],[125.5694012,-71.8587621],[122.2346848,-71.7006951],[118.9569629,-71.4852299],[115.7531181,-71.2138883],[112.6375480,-70.8885799]]]}},
{"type":"Feature","properties":{"name": "626"},"geometry":{"type":"Polygon","coordinates":[[[101.2500000,-64.8140156],[98.8667161,-65.2950056],[96.4058914,-65.7339737],[93.8718387,-66.1302523],[91.2696713,-66.4831531],[90.9699745,-67.5804465],[90.6410482,-68.6803586],[90.2751813,-69.7830379],[89.8624520,-70.8885799],[92.4061562,-71.6465511],[95.1422528,-72.3668027],[98.0859163,-73.0446408],[101.2500000,-73.6749074],[104.4140837,-73.0446408],[107.3577472,-72.3668027],[110.0938438,-71.6465511],[112.6375480,-70.8885799],[112.2248187,-69.7830379],[111.8589518,-68.6803586],[111.5300255,-67.5804465],[111.2303287,-66.4831531],[108.6281613,-66.1302523],[106.0941086,-65.7339737],[103.6332839,-65.2950056],[101.2500000,-64.8140156]]]}},
{"type":"Feature","properties":{"name": "627"},"geometry":{"type":"Polygon","coordinates":[[[93.5861428,-58.0646001],[91.5816750,-58.3964885],[89.5473643,-58.6944183],[87.4860605,-58.9587485],[85.4006976,-59.1897675],[84.9251656,-60.2246931],[84.4138814,-61.2592429],[83.8627108,-62.2933031],[83.2668867,-63.3267129],[85.1006131,-64.1574117],[87.0415919,-64.9620192],[89.0959852,-65.7381282],[91.2696713,-66.4831531],[93.8718387,-66.1302523],[96.4058914,-65.7339737],[98.8667161,-65.2950056],[101.2500000,-64.8140156],[101.2500000,-63.7514453],[101.2500000,-62.6916960],[101.2500000,-61.6346554],[101.2500000,-60.5802137],[99.2321117,-60.0047211],[97.2815482,-59.3924183],[95.3994167,-58.7451024],[93.5861428,-58.0646001]]]}},
{"type":"Feature","properties":{"name": "628"},"geometry":{"type":"Polygon","coordinates":[[[88.2717277,-50.8988385],[86.5818115,-51.1217931],[84.8810361,-51.3196128],[83.1705091,-51.4927717],[81.4513517,-51.6416493],[80.9897165,-52.6683961],[80.5024679,-53.6927337],[79.9870985,-54.7146648],[79.4408516,-55.7341498],[80.8254912,-56.6279668],[82.2779715,-57.5029378],[83.8018549,-58.3574427],[85.4006976,-59.1897675],[87.4860605,-58.9587485],[89.5473643,-58.6944183],[91.5816750,-58.3964885],[93.5861428,-58.0646001],[93.7888817,-57.0198608],[93.9784843,-55.9765688],[94.1561781,-54.9346274],[94.3230471,-53.8939313],[92.7270344,-53.1881197],[91.1865906,-52.4525283],[89.7016289,-51.6888633],[88.2717277,-50.8988385]]]}},
{"type":"Feature","properties":{"name": "629"},"geometry":{"type":"Polygon","coordinates":[[[84.4696147,-43.3270387],[83.0325436,-43.4786091],[81.5900454,-43.6129239],[80.1424066,-43.7300918],[78.6899639,-43.8301769],[78.2363067,-44.8669734],[77.7673855,-45.8991248],[77.2810853,-46.9267700],[76.7752736,-47.9500136],[77.8693452,-48.8946907],[79.0118776,-49.8257582],[80.2051213,-50.7418769],[81.4513517,-51.6416493],[83.1705091,-51.4927717],[84.8810361,-51.3196128],[86.5818115,-51.1217931],[88.2717277,-50.8988385],[88.5461059,-49.8600539],[88.8070638,-48.8202486],[89.0558754,-47.7791868],[89.2937567,-46.7365905],[88.0146984,-45.9174567],[86.7846552,-45.0748857],[85.6031779,-44.2107809],[84.4696147,-43.3270387]]]}},
{"type":"Feature","properties":{"name": "630"},"geometry":{"type":"Polygon","coordinates":[[[82.0593541,-35.3460522],[80.8035428,-35.4710189],[79.5422871,-35.5830840],[78.2758501,-35.6821102],[77.0045068,-35.7679651],[76.5020365,-36.8235149],[76.0005543,-37.8738750],[75.4965909,-38.9188258],[74.9870677,-39.9582504],[75.8534879,-40.9395187],[76.7583877,-41.9127954],[77.7033454,-42.8767939],[78.6899639,-43.8301769],[80.1424066,-43.7300918],[81.5900454,-43.6129239],[83.0325436,-43.4786091],[84.4696147,-43.3270387],[84.7901600,-42.2716155],[85.1043752,-41.2113974],[85.4145568,-40.1458800],[85.7233749,-39.0745162],[84.7362845,-38.1606840],[83.7971362,-37.2330940],[82.9051399,-36.2941164],[82.0593541,-35.3460522]]]}},
{"type":"Feature","properties":{"name": "631"},"geometry":{"type":"Polygon","coordinates":[[[81.6981369,-27.1570878],[80.5204815,-27.2851228],[79.3410919,-27.4022457],[78.1597700,-27.5082571],[76.9763766,-27.6029830],[76.3492724,-28.6602144],[75.7195552,-29.7156995],[75.0870459,-30.7688029],[74.4515595,-31.8189000],[75.0519712,-32.8077215],[75.6750326,-33.7960283],[76.3244177,-34.7831114],[77.0045068,-35.7679651],[78.2758501,-35.6821102],[79.5422871,-35.5830840],[80.8035428,-35.4710189],[82.0593541,-35.3460522],[82.5663055,-34.2525014],[83.0844858,-33.1541113],[83.6133383,-32.0522394],[84.1523078,-30.9482949],[83.5104209,-30.0004621],[82.8893907,-29.0524824],[82.2861322,-28.1046461],[81.6981369,-27.1570878]]]}},
{"type":"Feature","properties":{"name": "632"},"geometry":{"type":"Polygon","coordinates":[[[175.9038115,-71.4710877],[177.0699386,-72.5076801],[178.3865523,-73.5289164],[179.8757113,-74.5345819],[-178.4338506,-75.5239014],[-173.6329979,-75.6906642],[-168.7500000,-75.7467415],[-163.8670021,-75.6906642],[-159.0661494,-75.5239014],[-157.3757113,-74.5345819],[-155.8865523,-73.5289164],[-154.5699386,-72.5076801],[-153.4038115,-71.4710877],[-155.8097682,-70.7825344],[-158.0543978,-70.0645845],[-160.1492170,-69.3197639],[-162.1055456,-68.5501363],[-165.4075100,-68.6885580],[-168.7500000,-68.7350266],[-172.0924900,-68.6885580],[-175.3944544,-68.5501363],[-177.3507830,-69.3197639],[-179.4456022,-70.0645845],[178.3097682,-70.7825344],[175.9038115,-71.4710877]]]}},
{"type":"Feature","properties":{"name": "633"},"geometry":{"type":"Polygon","coordinates":[[[151.9183232,-71.0403309],[151.4535713,-72.1613483],[150.9663987,-73.2754614],[150.4429496,-74.3830195],[149.8671358,-75.4843213],[153.4826237,-76.2718854],[157.5488861,-76.9964551],[162.0964643,-77.6453818],[167.1371794,-78.2047756],[171.2964710,-77.6120334],[175.0688937,-76.9627190],[178.4816060,-76.2644825],[-178.4338506,-75.5239014],[179.8757113,-74.5345819],[178.3865523,-73.5289164],[177.0699386,-72.5076801],[175.9038115,-71.4710877],[172.4079294,-71.0592686],[169.1090489,-70.5715271],[166.0220058,-70.0155304],[163.1536286,-69.3991593],[160.5211248,-69.8727509],[157.7686583,-70.3060755],[154.8992476,-70.6962288],[151.9183232,-71.0403309]]]}},
{"type":"Feature","properties":{"name": "634"},"geometry":{"type":"Polygon","coordinates":[[[132.9345364,-67.9548194],[131.3119105,-68.9601264],[129.5551699,-69.9474922],[127.6473966,-70.9145905],[125.5694012,-71.8587621],[127.0416456,-72.9231246],[128.7269817,-73.9781641],[130.6676364,-75.0203347],[132.9162095,-76.0451719],[137.2667413,-76.0162134],[141.5693628,-75.9115655],[145.7817880,-75.7332578],[149.8671358,-75.4843213],[150.4429496,-74.3830195],[150.9663987,-73.2754614],[151.4535713,-72.1613483],[151.9183232,-71.0403309],[149.6322453,-70.2018180],[147.5621211,-69.3358045],[145.6803849,-68.4476030],[143.9628116,-67.5413725],[141.2546743,-67.7151637],[138.5070544,-67.8426403],[135.7300598,-67.9227793],[132.9345364,-67.9548194]]]}},
{"type":"Feature","properties":{"name": "635"},"geometry":{"type":"Polygon","coordinates":[[[119.2331133,-63.3267129],[117.3993869,-64.1574117],[115.4584081,-64.9620192],[113.4040148,-65.7381282],[111.2303287,-66.4831531],[111.5300255,-67.5804465],[111.8589518,-68.6803586],[112.2248187,-69.7830379],[112.6375480,-70.8885799],[115.7531181,-71.2138883],[118.9569629,-71.4852299],[122.2346848,-71.7006951],[125.5694012,-71.8587621],[127.6473966,-70.9145905],[129.5551699,-69.9474922],[131.3119105,-68.9601264],[132.9345364,-67.9548194],[131.7499731,-66.9460712],[130.6660638,-65.9322136],[129.6685063,-64.9142892],[128.7453752,-63.8930841],[126.3411653,-63.8138756],[123.9500144,-63.6928488],[121.5785642,-63.5303055],[119.2331133,-63.3267129]]]}},
{"type":"Feature","properties":{"name": "636"},"geometry":{"type":"Polygon","coordinates":[[[108.9138572,-58.0646001],[107.1005833,-58.7451024],[105.2184518,-59.3924183],[103.2678883,-60.0047211],[101.2500000,-60.5802137],[101.2500000,-61.6346554],[101.2500000,-62.6916960],[101.2500000,-63.7514453],[101.2500000,-64.8140156],[103.6332839,-65.2950056],[106.0941086,-65.7339737],[108.6281613,-66.1302523],[111.2303287,-66.4831531],[113.4040148,-65.7381282],[115.4584081,-64.9620192],[117.3993869,-64.1574117],[119.2331133,-63.3267129],[118.6372892,-62.2933031],[118.0861186,-61.2592429],[117.5748344,-60.2246931],[117.0993024,-59.1897675],[115.0139395,-58.9587485],[112.9526357,-58.6944183],[110.9183250,-58.3964885],[108.9138572,-58.0646001]]]}},
{"type":"Feature","properties":{"name": "637"},"geometry":{"type":"Polygon","coordinates":[[[101.2500000,-52.2257248],[99.5622921,-52.6956187],[97.8434866,-53.1291160],[96.0962817,-53.5280597],[94.3230471,-53.8939313],[94.1561781,-54.9346274],[93.9784843,-55.9765688],[93.7888817,-57.0198608],[93.5861428,-58.0646001],[95.3994167,-58.7451024],[97.2815482,-59.3924183],[99.2321117,-60.0047211],[101.2500000,-60.5802137],[103.2678883,-60.0047211],[105.2184518,-59.3924183],[107.1005833,-58.7451024],[108.9138572,-58.0646001],[108.7111183,-57.0198608],[108.5215157,-55.9765688],[108.3438219,-54.9346274],[108.1769529,-53.8939313],[106.4037183,-53.5280597],[104.6565134,-53.1291160],[102.9377079,-52.6956187],[101.2500000,-52.2257248]]]}},
{"type":"Feature","properties":{"name": "638"},"geometry":{"type":"Polygon","coordinates":[[[95.3657686,-45.5966737],[93.8625314,-45.9199465],[92.3490082,-46.2166398],[90.8258922,-46.4884310],[89.2937567,-46.7365905],[89.0558754,-47.7791868],[88.8070638,-48.8202486],[88.5461059,-49.8600539],[88.2717277,-50.8988385],[89.7016289,-51.6888633],[91.1865906,-52.4525283],[92.7270344,-53.1881197],[94.3230471,-53.8939313],[96.0962817,-53.5280597],[97.8434866,-53.1291160],[99.5622921,-52.6956187],[101.2500000,-52.2257248],[101.2500000,-51.1900549],[101.2500000,-50.1559886],[101.2500000,-49.1234347],[101.2500000,-48.0923032],[99.7243216,-47.5272129],[98.2329065,-46.9218456],[96.7790900,-46.2777489],[95.3657686,-45.5966737]]]}},
{"type":"Feature","properties":{"name": "639"},"geometry":{"type":"Polygon","coordinates":[[[90.9587020,-38.2856092],[89.6584063,-38.5047262],[88.3525299,-38.7091203],[87.0408788,-38.8990127],[85.7233749,-39.0745162],[85.4145568,-40.1458800],[85.1043752,-41.2113974],[84.7901600,-42.2716155],[84.4696147,-43.3270387],[85.6031779,-44.2107809],[86.7846552,-45.0748857],[88.0146984,-45.9174567],[89.2937567,-46.7365905],[90.8258922,-46.4884310],[92.3490082,-46.2166398],[93.8625314,-45.9199465],[95.3657686,-45.5966737],[95.4690871,-44.5602339],[95.5682003,-43.5230375],[95.6636560,-42.4846523],[95.7560668,-41.4445378],[94.4823541,-40.7056440],[93.2564075,-39.9305638],[92.0811024,-39.1226911],[90.9587020,-38.2856092]]]}},
{"type":"Feature","properties":{"name": "640"},"geometry":{"type":"Polygon","coordinates":[[[88.9145386,-30.2292437],[87.7285675,-30.4258693],[86.5398181,-30.6113937],[85.3478329,-30.7855964],[84.1523078,-30.9482949],[83.6133383,-32.0522394],[83.0844858,-33.1541113],[82.5663055,-34.2525014],[82.0593541,-35.3460522],[82.9051399,-36.2941164],[83.7971362,-37.2330940],[84.7362845,-38.1606840],[85.7233749,-39.0745162],[87.0408788,-38.8990127],[88.3525299,-38.7091203],[89.6584063,-38.5047262],[90.9587020,-38.2856092],[91.1645278,-37.2044059],[91.3812599,-36.1139290],[91.6166184,-35.0127264],[91.8825703,-33.8996462],[91.0704736,-32.9897682],[90.3134128,-32.0722051],[89.5978349,-31.1513275],[88.9145386,-30.2292437]]]}},
{"type":"Feature","properties":{"name": "641"},"geometry":{"type":"Polygon","coordinates":[[[-179.9251423,-64.4809707],[-178.9797454,-65.5428617],[-177.9054944,-66.5721009],[-176.7104359,-67.5734672],[-175.3944544,-68.5501363],[-172.0924900,-68.6885580],[-168.7500000,-68.7350266],[-165.4075100,-68.6885580],[-162.1055456,-68.5501363],[-160.7895641,-67.5734672],[-159.5945056,-66.5721009],[-158.5202546,-65.5428617],[-157.5748577,-64.4809707],[-159.2333643,-63.7591491],[-160.8073541,-63.0196611],[-162.3019674,-62.2639253],[-163.7221639,-61.4932287],[-166.1891537,-61.6937586],[-168.7500000,-61.7623979],[-171.3108463,-61.6937586],[-173.7778361,-61.4932287],[-175.1980326,-62.2639253],[-176.6926459,-63.0196611],[-178.2666357,-63.7591491],[-179.9251423,-64.4809707]]]}},
{"type":"Feature","properties":{"name": "642"},"geometry":{"type":"Polygon","coordinates":[[[163.3584112,-64.6661697],[163.2475221,-65.8610377],[163.1727926,-67.0491887],[163.1394285,-68.2290704],[163.1536286,-69.3991593],[166.0220058,-70.0155304],[169.1090489,-70.5715271],[172.4079294,-71.0592686],[175.9038115,-71.4710877],[178.3097682,-70.7825344],[-179.4456022,-70.0645845],[-177.3507830,-69.3197639],[-175.3944544,-68.5501363],[-176.7104359,-67.5734672],[-177.9054944,-66.5721009],[-178.9797454,-65.5428617],[-179.9251423,-64.4809707],[177.6688648,-64.0388959],[175.4030617,-63.5408594],[173.2633498,-62.9992841],[171.2374808,-62.4222814],[169.3803469,-63.0242057],[167.4496909,-63.5998448],[165.4429799,-64.1477035],[163.3584112,-64.6661697]]]}},
{"type":"Feature","properties":{"name": "643"},"geometry":{"type":"Polygon","coordinates":[[[147.6378963,-63.0427561],[146.8008142,-64.1764140],[145.9138160,-65.3047202],[144.9703701,-66.4267117],[143.9628116,-67.5413725],[145.6803849,-68.4476030],[147.5621211,-69.3358045],[149.6322453,-70.2018180],[151.9183232,-71.0403309],[154.8992476,-70.6962288],[157.7686583,-70.3060755],[160.5211248,-69.8727509],[163.1536286,-69.3991593],[163.1394285,-68.2290704],[163.1727926,-67.0491887],[163.2475221,-65.8610377],[163.3584112,-64.6661697],[161.4231624,-63.9584236],[159.6029720,-63.2266616],[157.8875618,-62.4740376],[156.2676529,-61.7030912],[154.1833193,-62.0892631],[152.0487011,-62.4421100],[149.8659378,-62.7603528],[147.6378963,-63.0427561]]]}},
{"type":"Feature","properties":{"name": "644"},"geometry":{"type":"Polygon","coordinates":[[[134.1316466,-59.9201652],[132.9033961,-60.9327551],[131.6009551,-61.9333990],[130.2174611,-62.9206901],[128.7453752,-63.8930841],[129.6685063,-64.9142892],[130.6660638,-65.9322136],[131.7499731,-66.9460712],[132.9345364,-67.9548194],[135.7300598,-67.9227793],[138.5070544,-67.8426403],[141.2546743,-67.7151637],[143.9628116,-67.5413725],[144.9703701,-66.4267117],[145.9138160,-65.3047202],[146.8008142,-64.1764140],[147.6378963,-63.0427561],[146.2467085,-62.1649688],[144.9380799,-61.2764241],[143.7037586,-60.3783429],[142.5364579,-59.4717297],[140.4599539,-59.6371871],[138.3644034,-59.7674440],[136.2536105,-59.8619269],[134.1316466,-59.9201652]]]}},
{"type":"Feature","properties":{"name": "645"},"geometry":{"type":"Polygon","coordinates":[[[123.0591484,-55.7341498],[121.6745088,-56.6279668],[120.2220285,-57.5029378],[118.6981451,-58.3574427],[117.0993024,-59.1897675],[117.5748344,-60.2246931],[118.0861186,-61.2592429],[118.6372892,-62.2933031],[119.2331133,-63.3267129],[121.5785642,-63.5303055],[123.9500144,-63.6928488],[126.3411653,-63.8138756],[128.7453752,-63.8930841],[130.2174611,-62.9206901],[131.6009551,-61.9333990],[132.9033961,-60.9327551],[134.1316466,-59.9201652],[133.2239749,-58.9399245],[132.3630875,-57.9557296],[131.5441246,-56.9678930],[130.7628261,-55.9766570],[128.8314566,-55.9568717],[126.9023567,-55.9100009],[124.9775746,-55.8358324],[123.0591484,-55.7341498]]]}},
{"type":"Feature","properties":{"name": "646"},"geometry":{"type":"Polygon","coordinates":[[[114.2282723,-50.8988385],[112.7983711,-51.6888633],[111.3134094,-52.4525283],[109.7729656,-53.1881197],[108.1769529,-53.8939313],[108.3438219,-54.9346274],[108.5215157,-55.9765688],[108.7111183,-57.0198608],[108.9138572,-58.0646001],[110.9183250,-58.3964885],[112.9526357,-58.6944183],[115.0139395,-58.9587485],[117.0993024,-59.1897675],[118.6981451,-58.3574427],[120.2220285,-57.5029378],[121.6745088,-56.6279668],[123.0591484,-55.7341498],[122.5129015,-54.7146648],[121.9975321,-53.6927337],[121.5102835,-52.6683961],[121.0486483,-51.6416493],[119.3294909,-51.4927717],[117.6189639,-51.3196128],[115.9181885,-51.1217931],[114.2282723,-50.8988385]]]}},
{"type":"Feature","properties":{"name": "647"},"geometry":{"type":"Polygon","coordinates":[[[107.1342314,-45.5966737],[105.7209100,-46.2777489],[104.2670935,-46.9218456],[102.7756784,-47.5272129],[101.2500000,-48.0923032],[101.2500000,-49.1234347],[101.2500000,-50.1559886],[101.2500000,-51.1900549],[101.2500000,-52.2257248],[102.9377079,-52.6956187],[104.6565134,-53.1291160],[106.4037183,-53.5280597],[108.1769529,-53.8939313],[109.7729656,-53.1881197],[111.3134094,-52.4525283],[112.7983711,-51.6888633],[114.2282723,-50.8988385],[113.9538941,-49.8600539],[113.6929362,-48.8202486],[113.4441246,-47.7791868],[113.2062433,-46.7365905],[111.6741078,-46.4884310],[110.1509918,-46.2166398],[108.6374686,-45.9199465],[107.1342314,-45.5966737]]]}},
{"type":"Feature","properties":{"name": "648"},"geometry":{"type":"Polygon","coordinates":[[[101.2500000,-39.8839642],[99.8901560,-40.3372274],[98.5192640,-40.7421384],[97.1407680,-41.1090152],[95.7560668,-41.4445378],[95.6636560,-42.4846523],[95.5682003,-43.5230375],[95.4690871,-44.5602339],[95.3657686,-45.5966737],[96.7790900,-46.2777489],[98.2329065,-46.9218456],[99.7243216,-47.5272129],[101.2500000,-48.0923032],[102.7756784,-47.5272129],[104.2670935,-46.9218456],[105.7209100,-46.2777489],[107.1342314,-45.5966737],[107.0309129,-44.5602339],[106.9317997,-43.5230375],[106.8363440,-42.4846523],[106.7439332,-41.4445378],[105.3592320,-41.1090152],[103.9807360,-40.7421384],[102.6098440,-40.3372274],[101.2500000,-39.8839642]]]}},
{"type":"Feature","properties":{"name": "649"},"geometry":{"type":"Polygon","coordinates":[[[96.6268953,-32.8951919],[95.4519978,-33.1629734],[94.2695814,-33.4197558],[93.0797369,-33.6653695],[91.8825703,-33.8996462],[91.6166184,-35.0127264],[91.3812599,-36.1139290],[91.1645278,-37.2044059],[90.9587020,-38.2856092],[92.0811024,-39.1226911],[93.2564075,-39.9305638],[94.4823541,-40.7056440],[95.7560668,-41.4445378],[97.1407680,-41.1090152],[98.5192640,-40.7421384],[99.8901560,-40.3372274],[101.2500000,-39.8839642],[101.2500000,-38.8617332],[101.2500000,-37.8400712],[101.2500000,-36.8188961],[101.2500000,-35.7981262],[99.9827632,-35.2039108],[98.7685637,-34.5088485],[97.6408924,-33.7314764],[96.6268953,-32.8951919]]]}},
{"type":"Feature","properties":{"name": "650"},"geometry":{"type":"Polygon","coordinates":[[[103.9751017,-28.3871050],[102.6285083,-28.2754284],[101.2500000,-28.2376021],[99.8714917,-28.2754284],[98.5248983,-28.3871050],[97.9299739,-29.4577346],[97.4050961,-30.5843556],[96.9665770,-31.7397768],[96.6268953,-32.8951919],[97.6408924,-33.7314764],[98.7685637,-34.5088485],[99.9827632,-35.2039108],[101.2500000,-35.7981262],[102.5172368,-35.2039108],[103.7314363,-34.5088485],[104.8591076,-33.7314764],[105.8731047,-32.8951919],[105.5334230,-31.7397768],[105.0949039,-30.5843556],[104.5700261,-29.4577346],[103.9751017,-28.3871050]]]}},
{"type":"Feature","properties":{"name": "651"},"geometry":{"type":"Polygon","coordinates":[[[103.8529664,-21.2987386],[102.5529873,-21.2734231],[101.2500000,-21.2649734],[99.9470127,-21.2734231],[98.6470336,-21.2987386],[97.9787502,-22.1988581],[97.3058732,-23.1119800],[96.6319815,-24.0435607],[95.9639827,-25.0015249],[96.5906424,-25.8527946],[97.2260198,-26.7008643],[97.8706031,-27.5456611],[98.5248983,-28.3871050],[99.8714917,-28.2754284],[101.2500000,-28.2376021],[102.6285083,-28.2754284],[103.9751017,-28.3871050],[104.6293969,-27.5456611],[105.2739802,-26.7008643],[105.9093576,-25.8527946],[106.5360173,-25.0015249],[105.8680185,-24.0435607],[105.1941268,-23.1119800],[104.5212498,-22.1988581],[103.8529664,-21.2987386]]]}},
{"type":"Feature","properties":{"name": "652"},"geometry":{"type":"Polygon","coordinates":[[[103.7366561,-14.2654229],[102.4938053,-14.2563003],[101.2500000,-14.2532585],[100.0061947,-14.2563003],[98.7633439,-14.2654229],[98.1267492,-15.1543077],[97.4840363,-16.0464006],[96.8353710,-16.9429612],[96.1811668,-17.8455651],[96.7866110,-18.7110319],[97.3990668,-19.5748000],[98.0190331,-20.4372123],[98.6470336,-21.2987386],[99.9470127,-21.2734231],[101.2500000,-21.2649734],[102.5529873,-21.2734231],[103.8529664,-21.2987386],[104.4809669,-20.4372123],[105.1009332,-19.5748000],[105.7133890,-18.7110319],[106.3188332,-17.8455651],[105.6646290,-16.9429612],[105.0159637,-16.0464006],[104.3732508,-15.1543077],[103.7366561,-14.2654229]]]}},
{"type":"Feature","properties":{"name": "653"},"geometry":{"type":"Polygon","coordinates":[[[103.6521162,-7.1788504],[102.4512752,-7.1758962],[101.2500000,-7.1749113],[100.0487248,-7.1758962],[98.8478838,-7.1788504],[98.2366316,-8.0716089],[97.6206384,-8.9645486],[96.9997346,-9.8581890],[96.3738003,-10.7531370],[96.9633948,-11.6335738],[97.5579321,-12.5122649],[98.1577886,-13.3894511],[98.7633439,-14.2654229],[100.0061947,-14.2563003],[101.2500000,-14.2532585],[102.4938053,-14.2563003],[103.7366561,-14.2654229],[104.3422114,-13.3894511],[104.9420679,-12.5122649],[105.5366052,-11.6335738],[106.1261997,-10.7531370],[105.5002654,-9.8581890],[104.8793616,-8.9645486],[104.2633684,-8.0716089],[103.6521162,-7.1788504]]]}},
{"type":"Feature","properties":{"name": "654"},"geometry":{"type":"Polygon","coordinates":[[[103.5964631,0.0000000],[102.4233446,0.0000000],[101.2500000,0.0000000],[100.0766554,0.0000000],[98.9035369,0.0000000],[98.3103385,-0.9038166],[97.7139798,-1.8062419],[97.1142200,-2.7075622],[96.5108364,-3.6080976],[97.0901405,-4.5039170],[97.6725297,-5.3975332],[98.2583344,-6.2891143],[98.8478838,-7.1788504],[100.0487248,-7.1758962],[101.2500000,-7.1749113],[102.4512752,-7.1758962],[103.6521162,-7.1788504],[104.2416656,-6.2891143],[104.8274703,-5.3975332],[105.4098595,-4.5039170],[105.9891636,-3.6080976],[105.3857800,-2.7075622],[104.7860202,-1.8062419],[104.1896615,-0.9038166],[103.5964631,0.0000000]]]}},
{"type":"Feature","properties":{"name": "655"},"geometry":{"type":"Polygon","coordinates":[[[103.6521162,7.1788504],[102.4512752,7.1758962],[101.2500000,7.1749113],[100.0487248,7.1758962],[98.8478838,7.1788504],[98.2583344,6.2891143],[97.6725297,5.3975332],[97.0901405,4.5039170],[96.5108364,3.6080976],[97.1142200,2.7075622],[97.7139798,1.8062419],[98.3103385,0.9038166],[98.9035369,0.0000000],[100.0766554,0.0000000],[101.2500000,0.0000000],[102.4233446,0.0000000],[103.5964631,0.0000000],[104.1896615,0.9038166],[104.7860202,1.8062419],[105.3857800,2.7075622],[105.9891636,3.6080976],[105.4098595,4.5039170],[104.8274703,5.3975332],[104.2416656,6.2891143],[103.6521162,7.1788504]]]}},
{"type":"Feature","properties":{"name": "656"},"geometry":{"type":"Polygon","coordinates":[[[103.7366561,14.2654229],[102.4938053,14.2563003],[101.2500000,14.2532585],[100.0061947,14.2563003],[98.7633439,14.2654229],[98.1577886,13.3894511],[97.5579321,12.5122649],[96.9633948,11.6335738],[96.3738003,10.7531370],[96.9997346,9.8581890],[97.6206384,8.9645486],[98.2366316,8.0716089],[98.8478838,7.1788504],[100.0487248,7.1758962],[101.2500000,7.1749113],[102.4512752,7.1758962],[103.6521162,7.1788504],[104.2633684,8.0716089],[104.8793616,8.9645486],[105.5002654,9.8581890],[106.1261997,10.7531370],[105.5366052,11.6335738],[104.9420679,12.5122649],[104.3422114,13.3894511],[103.7366561,14.2654229]]]}},
{"type":"Feature","properties":{"name": "657"},"geometry":{"type":"Polygon","coordinates":[[[103.8529664,21.2987386],[102.5529873,21.2734231],[101.2500000,21.2649734],[99.9470127,21.2734231],[98.6470336,21.2987386],[98.0190331,20.4372123],[97.3990668,19.5748000],[96.7866110,18.7110319],[96.1811668,17.8455651],[96.8353710,16.9429612],[97.4840363,16.0464006],[98.1267492,15.1543077],[98.7633439,14.2654229],[100.0061947,14.2563003],[101.2500000,14.2532585],[102.4938053,14.2563003],[103.7366561,14.2654229],[104.3732508,15.1543077],[105.0159637,16.0464006],[105.6646290,16.9429612],[106.3188332,17.8455651],[105.7133890,18.7110319],[105.1009332,19.5748000],[104.4809669,20.4372123],[103.8529664,21.2987386]]]}},
{"type":"Feature","properties":{"name": "658"},"geometry":{"type":"Polygon","coordinates":[[[103.9751017,28.3871050],[102.6285083,28.2754284],[101.2500000,28.2376021],[99.8714917,28.2754284],[98.5248983,28.3871050],[97.8706031,27.5456611],[97.2260198,26.7008643],[96.5906424,25.8527946],[95.9639827,25.0015249],[96.6319815,24.0435607],[97.3058732,23.1119800],[97.9787502,22.1988581],[98.6470336,21.2987386],[99.9470127,21.2734231],[101.2500000,21.2649734],[102.5529873,21.2734231],[103.8529664,21.2987386],[104.5212498,22.1988581],[105.1941268,23.1119800],[105.8680185,24.0435607],[106.5360173,25.0015249],[105.9093576,25.8527946],[105.2739802,26.7008643],[104.6293969,27.5456611],[103.9751017,28.3871050]]]}},
{"type":"Feature","properties":{"name": "659"},"geometry":{"type":"Polygon","coordinates":[[[110.6174297,-33.8996462],[109.4202631,-33.6653695],[108.2304186,-33.4197558],[107.0480022,-33.1629734],[105.8731047,-32.8951919],[104.8591076,-33.7314764],[103.7314363,-34.5088485],[102.5172368,-35.2039108],[101.2500000,-35.7981262],[101.2500000,-36.8188961],[101.2500000,-37.8400712],[101.2500000,-38.8617332],[101.2500000,-39.8839642],[102.6098440,-40.3372274],[103.9807360,-40.7421384],[105.3592320,-41.1090152],[106.7439332,-41.4445378],[108.0176459,-40.7056440],[109.2435925,-39.9305638],[110.4188976,-39.1226911],[111.5412980,-38.2856092],[111.3354722,-37.2044059],[111.1187401,-36.1139290],[110.8833816,-35.0127264],[110.6174297,-33.8996462]]]}},
{"type":"Feature","properties":{"name": "660"},"geometry":{"type":"Polygon","coordinates":[[[111.3841269,-25.7851271],[110.1918350,-25.5827292],[108.9893011,-25.3803836],[107.7724825,-25.1836063],[106.5360173,-25.0015249],[105.9093576,-25.8527946],[105.2739802,-26.7008643],[104.6293969,-27.5456611],[103.9751017,-28.3871050],[104.5700261,-29.4577346],[105.0949039,-30.5843556],[105.5334230,-31.7397768],[105.8731047,-32.8951919],[107.0480022,-33.1629734],[108.2304186,-33.4197558],[109.4202631,-33.6653695],[110.6174297,-33.8996462],[111.4295264,-32.9897682],[112.1865872,-32.0722051],[112.9021651,-31.1513275],[113.5854614,-30.2292437],[113.0606802,-29.1067665],[112.5178966,-27.9900217],[111.9585581,-26.8818674],[111.3841269,-25.7851271]]]}},
{"type":"Feature","properties":{"name": "661"},"geometry":{"type":"Polygon","coordinates":[[[111.2889837,-18.0828306],[110.0607921,-18.0090652],[108.8221169,-17.9448571],[107.5743226,-17.8903236],[106.3188332,-17.8455651],[105.7133890,-18.7110319],[105.1009332,-19.5748000],[104.4809669,-20.4372123],[103.8529664,-21.2987386],[104.5212498,-22.1988581],[105.1941268,-23.1119800],[105.8680185,-24.0435607],[106.5360173,-25.0015249],[107.7724825,-25.1836063],[108.9893011,-25.3803836],[110.1918350,-25.5827292],[111.3841269,-25.7851271],[111.9857441,-24.8957862],[112.5778604,-24.0055109],[113.1615002,-23.1140809],[113.7375174,-22.2213201],[113.1320096,-21.1661746],[112.5217494,-20.1238289],[111.9072419,-19.0956226],[111.2889837,-18.0828306]]]}},
{"type":"Feature","properties":{"name": "662"},"geometry":{"type":"Polygon","coordinates":[[[110.9627332,-10.8396536],[109.7594352,-10.8126572],[108.5518528,-10.7892309],[107.3405745,-10.7693873],[106.1261997,-10.7531370],[105.5366052,-11.6335738],[104.9420679,-12.5122649],[104.3422114,-13.3894511],[103.7366561,-14.2654229],[104.3732508,-15.1543077],[105.0159637,-16.0464006],[105.6646290,-16.9429612],[106.3188332,-17.8455651],[107.5743226,-17.8903236],[108.8221169,-17.9448571],[110.0607921,-18.0090652],[111.2889837,-18.0828306],[111.8567215,-17.2050345],[112.4198652,-16.3244499],[112.9787711,-15.4410927],[113.5337887,-14.5549750],[112.8888782,-13.6132163],[112.2446062,-12.6812453],[111.6022558,-11.7572364],[110.9627332,-10.8396536]]]}},
{"type":"Feature","properties":{"name": "663"},"geometry":{"type":"Polygon","coordinates":[[[110.7085496,-3.6278074],[109.5316251,-3.6216503],[108.3525516,-3.6163125],[107.1716299,-3.6117947],[105.9891636,-3.6080976],[105.4098595,-4.5039170],[104.8274703,-5.3975332],[104.2416656,-6.2891143],[103.6521162,-7.1788504],[104.2633684,-8.0716089],[104.8793616,-8.9645486],[105.5002654,-9.8581890],[106.1261997,-10.7531370],[107.3405745,-10.7693873],[108.5518528,-10.7892309],[109.7594352,-10.8126572],[110.9627332,-10.8396536],[111.5241907,-9.9522344],[112.0826317,-9.0620375],[112.6383988,-8.1690262],[113.1918303,-7.2731664],[112.5658072,-6.3580472],[111.9431561,-5.4459339],[111.3240437,-4.5360740],[110.7085496,-3.6278074]]]}},
{"type":"Feature","properties":{"name": "664"},"geometry":{"type":"Polygon","coordinates":[[[110.7085496,3.6278074],[109.5316251,3.6216503],[108.3525516,3.6163125],[107.1716299,3.6117947],[105.9891636,3.6080976],[105.3857800,2.7075622],[104.7860202,1.8062419],[104.1896615,0.9038166],[103.5964631,0.0000000],[104.1896615,-0.9038166],[104.7860202,-1.8062419],[105.3857800,-2.7075622],[105.9891636,-3.6080976],[107.1716299,-3.6117947],[108.3525516,-3.6163125],[109.5316251,-3.6216503],[110.7085496,-3.6278074],[111.2697977,-2.7252742],[111.8296202,-1.8198370],[112.3883562,-0.9114322],[112.9463456,0.0000000],[112.3883562,0.9114322],[111.8296202,1.8198370],[111.2697977,2.7252742],[110.7085496,3.6278074]]]}},
{"type":"Feature","properties":{"name": "665"},"geometry":{"type":"Polygon","coordinates":[[[110.9627332,10.8396536],[109.7594352,10.8126572],[108.5518528,10.7892309],[107.3405745,10.7693873],[106.1261997,10.7531370],[105.5002654,9.8581890],[104.8793616,8.9645486],[104.2633684,8.0716089],[103.6521162,7.1788504],[104.2416656,6.2891143],[104.8274703,5.3975332],[105.4098595,4.5039170],[105.9891636,3.6080976],[107.1716299,3.6117947],[108.3525516,3.6163125],[109.5316251,3.6216503],[110.7085496,3.6278074],[111.3240437,4.5360740],[111.9431561,5.4459339],[112.5658072,6.3580472],[113.1918303,7.2731664],[112.6383988,8.1690262],[112.0826317,9.0620375],[111.5241907,9.9522344],[110.9627332,10.8396536]]]}},
{"type":"Feature","properties":{"name": "666"},"geometry":{"type":"Polygon","coordinates":[[[111.2889837,18.0828306],[110.0607921,18.0090652],[108.8221169,17.9448571],[107.5743226,17.8903236],[106.3188332,17.8455651],[105.6646290,16.9429612],[105.0159637,16.0464006],[104.3732508,15.1543077],[103.7366561,14.2654229],[104.3422114,13.3894511],[104.9420679,12.5122649],[105.5366052,11.6335738],[106.1261997,10.7531370],[107.3405745,10.7693873],[108.5518528,10.7892309],[109.7594352,10.8126572],[110.9627332,10.8396536],[111.6022558,11.7572364],[112.2446062,12.6812453],[112.8888782,13.6132163],[113.5337887,14.5549750],[112.9787711,15.4410927],[112.4198652,16.3244499],[111.8567215,17.2050345],[111.2889837,18.0828306]]]}},
{"type":"Feature","properties":{"name": "667"},"geometry":{"type":"Polygon","coordinates":[[[111.3841269,25.7851271],[110.1918350,25.5827292],[108.9893011,25.3803836],[107.7724825,25.1836063],[106.5360173,25.0015249],[105.8680185,24.0435607],[105.1941268,23.1119800],[104.5212498,22.1988581],[103.8529664,21.2987386],[104.4809669,20.4372123],[105.1009332,19.5748000],[105.7133890,18.7110319],[106.3188332,17.8455651],[107.5743226,17.8903236],[108.8221169,17.9448571],[110.0607921,18.0090652],[111.2889837,18.0828306],[111.9072419,19.0956226],[112.5217494,20.1238289],[113.1320096,21.1661746],[113.7375174,22.2213201],[113.1615002,23.1140809],[112.5778604,24.0055109],[111.9857441,24.8957862],[111.3841269,25.7851271]]]}},
{"type":"Feature","properties":{"name": "668"},"geometry":{"type":"Polygon","coordinates":[[[116.7766251,-39.0745162],[115.4591212,-38.8990127],[114.1474701,-38.7091203],[112.8415937,-38.5047262],[111.5412980,-38.2856092],[110.4188976,-39.1226911],[109.2435925,-39.9305638],[108.0176459,-40.7056440],[106.7439332,-41.4445378],[106.8363440,-42.4846523],[106.9317997,-43.5230375],[107.0309129,-44.5602339],[107.1342314,-45.5966737],[108.6374686,-45.9199465],[110.1509918,-46.2166398],[111.6741078,-46.4884310],[113.2062433,-46.7365905],[114.4853016,-45.9174567],[115.7153448,-45.0748857],[116.8968221,-44.2107809],[118.0303853,-43.3270387],[117.7098400,-42.2716155],[117.3956248,-41.2113974],[117.0854432,-40.1458800],[116.7766251,-39.0745162]]]}},
{"type":"Feature","properties":{"name": "669"},"geometry":{"type":"Polygon","coordinates":[[[118.3476922,-30.9482949],[117.1521671,-30.7855964],[115.9601819,-30.6113937],[114.7714325,-30.4258693],[113.5854614,-30.2292437],[112.9021651,-31.1513275],[112.1865872,-32.0722051],[111.4295264,-32.9897682],[110.6174297,-33.8996462],[110.8833816,-35.0127264],[111.1187401,-36.1139290],[111.3354722,-37.2044059],[111.5412980,-38.2856092],[112.8415937,-38.5047262],[114.1474701,-38.7091203],[115.4591212,-38.8990127],[116.7766251,-39.0745162],[117.7637155,-38.1606840],[118.7028638,-37.2330940],[119.5948601,-36.2941164],[120.4406459,-35.3460522],[119.9336945,-34.2525014],[119.4155142,-33.1541113],[118.8866617,-32.0522394],[118.3476922,-30.9482949]]]}},
{"type":"Feature","properties":{"name": "670"},"geometry":{"type":"Polygon","coordinates":[[[118.4035365,-22.8546788],[117.2419827,-22.7053420],[116.0778246,-22.5492152],[114.9100716,-22.3873944],[113.7375174,-22.2213201],[113.1615002,-23.1140809],[112.5778604,-24.0055109],[111.9857441,-24.8957862],[111.3841269,-25.7851271],[111.9585581,-26.8818674],[112.5178966,-27.9900217],[113.0606802,-29.1067665],[113.5854614,-30.2292437],[114.7714325,-30.4258693],[115.9601819,-30.6113937],[117.1521671,-30.7855964],[118.3476922,-30.9482949],[118.9895791,-30.0004621],[119.6106093,-29.0524824],[120.2138678,-28.1046461],[120.8018631,-27.1570878],[120.2050813,-26.0770975],[119.6063714,-24.9993957],[119.0058257,-23.9249378],[118.4035365,-22.8546788]]]}},
{"type":"Feature","properties":{"name": "671"},"geometry":{"type":"Polygon","coordinates":[[[118.1449715,-15.0184907],[117.0009317,-14.9017220],[115.8516774,-14.7842275],[114.6963019,-14.6678737],[113.5337887,-14.5549750],[112.9787711,-15.4410927],[112.4198652,-16.3244499],[111.8567215,-17.2050345],[111.2889837,-18.0828306],[111.9072419,-19.0956226],[112.5217494,-20.1238289],[113.1320096,-21.1661746],[113.7375174,-22.2213201],[114.9100716,-22.3873944],[116.0778246,-22.5492152],[117.2419827,-22.7053420],[118.4035365,-22.8546788],[118.9573043,-21.9322220],[119.5043569,-21.0091628],[120.0454618,-20.0853750],[120.5813055,-19.1607421],[119.9706234,-18.1173202],[119.3610829,-17.0787152],[118.7525688,-16.0455635],[118.1449715,-15.0184907]]]}},
{"type":"Feature","properties":{"name": "672"},"geometry":{"type":"Polygon","coordinates":[[[117.8742076,-7.3670563],[116.7112315,-7.3406925],[115.5429300,-7.3162518],[114.3696705,-7.2937410],[113.1918303,-7.2731664],[112.6383988,-8.1690262],[112.0826317,-9.0620375],[111.5241907,-9.9522344],[110.9627332,-10.8396536],[111.6022558,-11.7572364],[112.2446062,-12.6812453],[112.8888782,-13.6132163],[113.5337887,-14.5549750],[114.6963019,-14.6678737],[115.8516774,-14.7842275],[117.0009317,-14.9017220],[118.1449715,-15.0184907],[118.6780857,-14.1095114],[119.2086089,-13.1984528],[119.7369081,-12.2852760],[120.2633413,-11.3699435],[119.6636152,-10.3607106],[119.0656411,-9.3568639],[118.4692320,-8.3588378],[117.8742076,-7.3670563]]]}},
{"type":"Feature","properties":{"name": "673"},"geometry":{"type":"Polygon","coordinates":[[[117.5750926,0.0000000],[116.4219655,0.0000000],[115.2659941,0.0000000],[114.1073845,0.0000000],[112.9463456,0.0000000],[112.3883562,-0.9114322],[111.8296202,-1.8198370],[111.2697977,-2.7252742],[110.7085496,-3.6278074],[111.3240437,-4.5360740],[111.9431561,-5.4459339],[112.5658072,-6.3580472],[113.1918303,-7.2731664],[114.3696705,-7.2937410],[115.5429300,-7.3162518],[116.7112315,-7.3406925],[117.8742076,-7.3670563],[118.4091873,-6.4561255],[118.9435564,-5.5423915],[119.4776370,-4.6258366],[120.0117527,-3.7064412],[119.3996290,-2.7747717],[118.7892563,-1.8469895],[118.1809914,-0.9223016],[117.5750926,0.0000000]]]}},
{"type":"Feature","properties":{"name": "674"},"geometry":{"type":"Polygon","coordinates":[[[117.8742076,7.3670563],[116.7112315,7.3406925],[115.5429300,7.3162518],[114.3696705,7.2937410],[113.1918303,7.2731664],[112.5658072,6.3580472],[111.9431561,5.4459339],[111.3240437,4.5360740],[110.7085496,3.6278074],[111.2697977,2.7252742],[111.8296202,1.8198370],[112.3883562,0.9114322],[112.9463456,0.0000000],[114.1073845,0.0000000],[115.2659941,0.0000000],[116.4219655,0.0000000],[117.5750926,0.0000000],[118.1809914,0.9223016],[118.7892563,1.8469895],[119.3996290,2.7747717],[120.0117527,3.7064412],[119.4776370,4.6258366],[118.9435564,5.5423915],[118.4091873,6.4561255],[117.8742076,7.3670563]]]}},
{"type":"Feature","properties":{"name": "675"},"geometry":{"type":"Polygon","coordinates":[[[118.1449715,15.0184907],[117.0009317,14.9017220],[115.8516774,14.7842275],[114.6963019,14.6678737],[113.5337887,14.5549750],[112.8888782,13.6132163],[112.2446062,12.6812453],[111.6022558,11.7572364],[110.9627332,10.8396536],[111.5241907,9.9522344],[112.0826317,9.0620375],[112.6383988,8.1690262],[113.1918303,7.2731664],[114.3696705,7.2937410],[115.5429300,7.3162518],[116.7112315,7.3406925],[117.8742076,7.3670563],[118.4692320,8.3588378],[119.0656411,9.3568639],[119.6636152,10.3607106],[120.2633413,11.3699435],[119.7369081,12.2852760],[119.2086089,13.1984528],[118.6780857,14.1095114],[118.1449715,15.0184907]]]}},
{"type":"Feature","properties":{"name": "676"},"geometry":{"type":"Polygon","coordinates":[[[118.4035365,22.8546788],[117.2419827,22.7053420],[116.0778246,22.5492152],[114.9100716,22.3873944],[113.7375174,22.2213201],[113.1320096,21.1661746],[112.5217494,20.1238289],[111.9072419,19.0956226],[111.2889837,18.0828306],[111.8567215,17.2050345],[112.4198652,16.3244499],[112.9787711,15.4410927],[113.5337887,14.5549750],[114.6963019,14.6678737],[115.8516774,14.7842275],[117.0009317,14.9017220],[118.1449715,15.0184907],[118.7525688,16.0455635],[119.3610829,17.0787152],[119.9706234,18.1173202],[120.5813055,19.1607421],[120.0454618,20.0853750],[119.5043569,21.0091628],[118.9573043,21.9322220],[118.4035365,22.8546788]]]}},
{"type":"Feature","properties":{"name": "677"},"geometry":{"type":"Polygon","coordinates":[[[123.8100361,-43.8301769],[122.3575934,-43.7300918],[120.9099546,-43.6129239],[119.4674564,-43.4786091],[118.0303853,-43.3270387],[116.8968221,-44.2107809],[115.7153448,-45.0748857],[114.4853016,-45.9174567],[113.2062433,-46.7365905],[113.4441246,-47.7791868],[113.6929362,-48.8202486],[113.9538941,-49.8600539],[114.2282723,-50.8988385],[115.9181885,-51.1217931],[117.6189639,-51.3196128],[119.3294909,-51.4927717],[121.0486483,-51.6416493],[122.2948787,-50.7418769],[123.4881224,-49.8257582],[124.6306548,-48.8946907],[125.7247264,-47.9500136],[125.2189147,-46.9267700],[124.7326145,-45.8991248],[124.2636933,-44.8669734],[123.8100361,-43.8301769]]]}},
{"type":"Feature","properties":{"name": "678"},"geometry":{"type":"Polygon","coordinates":[[[125.4954932,-35.7679651],[124.2241499,-35.6821102],[122.9577129,-35.5830840],[121.6964572,-35.4710189],[120.4406459,-35.3460522],[119.5948601,-36.2941164],[118.7028638,-37.2330940],[117.7637155,-38.1606840],[116.7766251,-39.0745162],[117.0854432,-40.1458800],[117.3956248,-41.2113974],[117.7098400,-42.2716155],[118.0303853,-43.3270387],[119.4674564,-43.4786091],[120.9099546,-43.6129239],[122.3575934,-43.7300918],[123.8100361,-43.8301769],[124.7966546,-42.8767939],[125.7416123,-41.9127954],[126.6465121,-40.9395187],[127.5129323,-39.9582504],[127.0034091,-38.9188258],[126.4994457,-37.8738750],[125.9979635,-36.8235149],[125.4954932,-35.7679651]]]}},
{"type":"Feature","properties":{"name": "679"},"geometry":{"type":"Polygon","coordinates":[[[125.5236234,-27.6029830],[124.3402300,-27.5082571],[123.1589081,-27.4022457],[121.9795185,-27.2851228],[120.8018631,-27.1570878],[120.2138678,-28.1046461],[119.6106093,-29.0524824],[118.9895791,-30.0004621],[118.3476922,-30.9482949],[118.8866617,-32.0522394],[119.4155142,-33.1541113],[119.9336945,-34.2525014],[120.4406459,-35.3460522],[121.6964572,-35.4710189],[122.9577129,-35.5830840],[124.2241499,-35.6821102],[125.4954932,-35.7679651],[126.1755823,-34.7831114],[126.8249674,-33.7960283],[127.4480288,-32.8077215],[128.0484405,-31.8189000],[127.4129541,-30.7688029],[126.7804448,-29.7156995],[126.1507276,-28.6602144],[125.5236234,-27.6029830]]]}},
{"type":"Feature","properties":{"name": "680"},"geometry":{"type":"Polygon","coordinates":[[[125.1490811,-19.5826637],[124.0085556,-19.4892558],[122.8673558,-19.3874794],[121.7250915,-19.2777927],[120.5813055,-19.1607421],[120.0454618,-20.0853750],[119.5043569,-21.0091628],[118.9573043,-21.9322220],[118.4035365,-22.8546788],[119.0058257,-23.9249378],[119.6063714,-24.9993957],[120.2050813,-26.0770975],[120.8018631,-27.1570878],[121.9795185,-27.2851228],[123.1589081,-27.4022457],[124.3402300,-27.5082571],[125.5236234,-27.6029830],[126.0763033,-26.6343744],[126.6181717,-25.6662733],[127.1506367,-24.6986587],[127.6749289,-23.7314816],[127.0368571,-22.6943480],[126.4033789,-21.6568325],[125.7742115,-20.6194373],[125.1490811,-19.5826637]]]}},
{"type":"Feature","properties":{"name": "681"},"geometry":{"type":"Polygon","coordinates":[[[124.7442551,-11.7217993],[123.6278508,-11.6406317],[122.5091998,-11.5544200],[121.3878599,-11.4639028],[120.2633413,-11.3699435],[119.7369081,-12.2852760],[119.2086089,-13.1984528],[118.6780857,-14.1095114],[118.1449715,-15.0184907],[118.7525688,-16.0455635],[119.3610829,-17.0787152],[119.9706234,-18.1173202],[120.5813055,-19.1607421],[121.7250915,-19.2777927],[122.8673558,-19.3874794],[124.0085556,-19.4892558],[125.1490811,-19.5826637],[125.6641085,-18.6352495],[126.1753985,-17.6873532],[126.6835346,-16.7388754],[127.1890596,-15.7897197],[126.5714496,-14.7710150],[125.9583072,-13.7532038],[125.3493377,-12.7366717],[124.7442551,-11.7217993]]]}},
{"type":"Feature","properties":{"name": "682"},"geometry":{"type":"Polygon","coordinates":[[[124.4488540,-3.9653945],[123.3445313,-3.9026721],[122.2371875,-3.8379703],[121.1264083,-3.7722092],[120.0117527,-3.7064412],[119.4776370,-4.6258366],[118.9435564,-5.5423915],[118.4091873,-6.4561255],[117.8742076,-7.3670563],[118.4692320,-8.3588378],[119.0656411,-9.3568639],[119.6636152,-10.3607106],[120.2633413,-11.3699435],[121.3878599,-11.4639028],[122.5091998,-11.5544200],[123.6278508,-11.6406317],[124.7442551,-11.7217993],[125.2560339,-10.7855004],[125.7672523,-9.8475440],[126.2782828,-8.9078691],[126.7894918,-7.9664169],[126.1989890,-6.9638138],[125.6122341,-5.9625815],[125.0289470,-4.9630125],[124.4488540,-3.9653945]]]}},
{"type":"Feature","properties":{"name": "683"},"geometry":{"type":"Polygon","coordinates":[[[124.4488540,3.9653945],[123.3445313,3.9026721],[122.2371875,3.8379703],[121.1264083,3.7722092],[120.0117527,3.7064412],[119.3996290,2.7747717],[118.7892563,1.8469895],[118.1809914,0.9223016],[117.5750926,0.0000000],[118.1809914,-0.9223016],[118.7892563,-1.8469895],[119.3996290,-2.7747717],[120.0117527,-3.7064412],[121.1264083,-3.7722092],[122.2371875,-3.8379703],[123.3445313,-3.9026721],[124.4488540,-3.9653945],[124.9439600,-2.9787348],[125.4393044,-1.9888305],[125.9361738,-0.9958475],[126.4359844,0.0000000],[125.9361738,0.9958475],[125.4393044,1.9888305],[124.9439600,2.9787348],[124.4488540,3.9653945]]]}},
{"type":"Feature","properties":{"name": "684"},"geometry":{"type":"Polygon","coordinates":[[[124.7442551,11.7217993],[123.6278508,11.6406317],[122.5091998,11.5544200],[121.3878599,11.4639028],[120.2633413,11.3699435],[119.6636152,10.3607106],[119.0656411,9.3568639],[118.4692320,8.3588378],[117.8742076,7.3670563],[118.4091873,6.4561255],[118.9435564,5.5423915],[119.4776370,4.6258366],[120.0117527,3.7064412],[121.1264083,3.7722092],[122.2371875,3.8379703],[123.3445313,3.9026721],[124.4488540,3.9653945],[125.0289470,4.9630125],[125.6122341,5.9625815],[126.1989890,6.9638138],[126.7894918,7.9664169],[126.2782828,8.9078691],[125.7672523,9.8475440],[125.2560339,10.7855004],[124.7442551,11.7217993]]]}},
{"type":"Feature","properties":{"name": "685"},"geometry":{"type":"Polygon","coordinates":[[[125.1490811,19.5826637],[124.0085556,19.4892558],[122.8673558,19.3874794],[121.7250915,19.2777927],[120.5813055,19.1607421],[119.9706234,18.1173202],[119.3610829,17.0787152],[118.7525688,16.0455635],[118.1449715,15.0184907],[118.6780857,14.1095114],[119.2086089,13.1984528],[119.7369081,12.2852760],[120.2633413,11.3699435],[121.3878599,11.4639028],[122.5091998,11.5544200],[123.6278508,11.6406317],[124.7442551,11.7217993],[125.3493377,12.7366717],[125.9583072,13.7532038],[126.5714496,14.7710150],[127.1890596,15.7897197],[126.6835346,16.7388754],[126.1753985,17.6873532],[125.6641085,18.6352495],[125.1490811,19.5826637]]]}},
{"type":"Feature","properties":{"name": "686"},"geometry":{"type":"Polygon","coordinates":[[[132.0942789,-48.0713973],[130.4989095,-48.0707052],[128.9050063,-48.0502850],[127.3133566,-48.0100775],[125.7247264,-47.9500136],[124.6306548,-48.8946907],[123.4881224,-49.8257582],[122.2948787,-50.7418769],[121.0486483,-51.6416493],[121.5102835,-52.6683961],[121.9975321,-53.6927337],[122.5129015,-54.7146648],[123.0591484,-55.7341498],[124.9775746,-55.8358324],[126.9023567,-55.9100009],[128.8314566,-55.9568717],[130.7628261,-55.9766570],[131.8921940,-54.9934039],[132.9674744,-54.0000000],[133.9924025,-52.9974486],[134.9704392,-51.9866815],[134.2007956,-51.0175357],[133.4667827,-50.0417657],[132.7655162,-49.0596456],[132.0942789,-48.0713973]]]}},
{"type":"Feature","properties":{"name": "687"},"geometry":{"type":"Polygon","coordinates":[[[132.9836237,-40.0451762],[131.6115081,-40.0461207],[130.2420836,-40.0318914],[128.8757598,-40.0025719],[127.5129323,-39.9582504],[126.6465121,-40.9395187],[125.7416123,-41.9127954],[124.7966546,-42.8767939],[123.8100361,-43.8301769],[124.2636933,-44.8669734],[124.7326145,-45.8991248],[125.2189147,-46.9267700],[125.7247264,-47.9500136],[127.3133566,-48.0100775],[128.9050063,-48.0502850],[130.4989095,-48.0707052],[132.0942789,-48.0713973],[133.0131795,-47.0672206],[133.8939210,-46.0560927],[134.7386908,-45.0388684],[135.5495421,-44.0163570],[134.8802575,-43.0333119],[134.2310542,-42.0436453],[133.5996227,-41.0475407],[132.9836237,-40.0451762]]]}},
{"type":"Feature","properties":{"name": "688"},"geometry":{"type":"Polygon","coordinates":[[[132.9820453,-31.9548219],[131.7442731,-31.9401129],[130.5092869,-31.9124954],[129.2772815,-31.8720596],[128.0484405,-31.8189000],[127.4480288,-32.8077215],[126.8249674,-33.7960283],[126.1755823,-34.7831114],[125.4954932,-35.7679651],[125.9979635,-36.8235149],[126.4994457,-37.8738750],[127.0034091,-38.9188258],[127.5129323,-39.9582504],[128.8757598,-40.0025719],[130.2420836,-40.0318914],[131.6115081,-40.0461207],[132.9836237,-40.0451762],[133.7325279,-39.0293603],[134.4517447,-38.0104527],[135.1427068,-36.9892571],[135.8067701,-35.9665389],[135.0877866,-34.9724592],[134.3776139,-33.9721752],[133.6758349,-32.9661419],[132.9820453,-31.9548219]]]}},
{"type":"Feature","properties":{"name": "689"},"geometry":{"type":"Polygon","coordinates":[[[132.3291720,-23.9239768],[131.1636085,-23.8923324],[129.9994221,-23.8496065],[128.8365564,-23.7959382],[127.6749289,-23.7314816],[127.1506367,-24.6986587],[126.6181717,-25.6662733],[126.0763033,-26.6343744],[125.5236234,-27.6029830],[126.1507276,-28.6602144],[126.7804448,-29.7156995],[127.4129541,-30.7688029],[128.0484405,-31.8189000],[129.2772815,-31.8720596],[130.5092869,-31.9124954],[131.7442731,-31.9401129],[132.9820453,-31.9548219],[133.5233635,-30.9495427],[134.0503975,-29.9449975],[134.5650731,-28.9413237],[135.0690754,-27.9385989],[134.3713405,-26.9404930],[133.6823915,-25.9384101],[133.0018055,-24.9327664],[132.3291720,-23.9239768]]]}},
{"type":"Feature","properties":{"name": "690"},"geometry":{"type":"Polygon","coordinates":[[[131.6844043,-15.9998636],[130.5606114,-15.9604792],[129.4369274,-15.9121471],[128.3131527,-15.8551287],[127.1890596,-15.7897197],[126.6835346,-16.7388754],[126.1753985,-17.6873532],[125.6641085,-18.6352495],[125.1490811,-19.5826637],[125.7742115,-20.6194373],[126.4033789,-21.6568325],[127.0368571,-22.6943480],[127.6749289,-23.7314816],[128.8365564,-23.7959382],[129.9994221,-23.8496065],[131.1636085,-23.8923324],[132.3291720,-23.9239768],[132.8237717,-22.9401135],[133.3132210,-21.9568015],[133.7983539,-20.9739592],[134.2799303,-19.9914988],[133.6198390,-18.9970020],[132.9674744,-18.0000000],[132.3224536,-17.0008396],[131.6844043,-15.9998636]]]}},
{"type":"Feature","properties":{"name": "691"},"geometry":{"type":"Polygon","coordinates":[[[131.0924640,-8.0411894],[130.0197282,-8.0238703],[128.9450950,-8.0056252],[127.8684024,-7.9864699],[126.7894918,-7.9664169],[126.2782828,-8.9078691],[125.7672523,-9.8475440],[125.2560339,-10.7855004],[124.7442551,-11.7217993],[125.3493377,-12.7366717],[125.9583072,-13.7532038],[126.5714496,-14.7710150],[127.1890596,-15.7897197],[128.3131527,-15.8551287],[129.4369274,-15.9121471],[130.5606114,-15.9604792],[131.6844043,-15.9998636],[132.1641949,-15.0226173],[132.6369282,-14.0426123],[133.1033259,-13.0597863],[133.5641344,-12.0740697],[132.9357529,-11.0672280],[132.3145404,-10.0591955],[131.7002055,-9.0503816],[131.0924640,-8.0411894]]]}},
{"type":"Feature","properties":{"name": "692"},"geometry":{"type":"Polygon","coordinates":[[[130.6697863,0.0000000],[129.6153446,0.0000000],[128.5583040,0.0000000],[127.4985547,0.0000000],[126.4359844,0.0000000],[125.9361738,-0.9958475],[125.4393044,-1.9888305],[124.9439600,-2.9787348],[124.4488540,-3.9653945],[125.0289470,-4.9630125],[125.6122341,-5.9625815],[126.1989890,-6.9638138],[126.7894918,-7.9664169],[127.8684024,-7.9864699],[128.9450950,-8.0056252],[130.0197282,-8.0238703],[131.0924640,-8.0411894],[131.5587891,-7.0471328],[132.0238744,-6.0497611],[132.4888773,-5.0490926],[132.9550807,-4.0451772],[132.3723370,-3.0316957],[131.7973430,-2.0193612],[131.2298930,-1.0086437],[130.6697863,0.0000000]]]}},
{"type":"Feature","properties":{"name": "693"},"geometry":{"type":"Polygon","coordinates":[[[131.0924640,8.0411894],[130.0197282,8.0238703],[128.9450950,8.0056252],[127.8684024,7.9864699],[126.7894918,7.9664169],[126.1989890,6.9638138],[125.6122341,5.9625815],[125.0289470,4.9630125],[124.4488540,3.9653945],[124.9439600,2.9787348],[125.4393044,1.9888305],[125.9361738,0.9958475],[126.4359844,0.0000000],[127.4985547,0.0000000],[128.5583040,0.0000000],[129.6153446,0.0000000],[130.6697863,0.0000000],[131.2298930,1.0086437],[131.7973430,2.0193612],[132.3723370,3.0316957],[132.9550807,4.0451772],[132.4888773,5.0490926],[132.0238744,6.0497611],[131.5587891,7.0471328],[131.0924640,8.0411894]]]}},
{"type":"Feature","properties":{"name": "694"},"geometry":{"type":"Polygon","coordinates":[[[131.6844043,15.9998636],[130.5606114,15.9604792],[129.4369274,15.9121471],[128.3131527,15.8551287],[127.1890596,15.7897197],[126.5714496,14.7710150],[125.9583072,13.7532038],[125.3493377,12.7366717],[124.7442551,11.7217993],[125.2560339,10.7855004],[125.7672523,9.8475440],[126.2782828,8.9078691],[126.7894918,7.9664169],[127.8684024,7.9864699],[128.9450950,8.0056252],[130.0197282,8.0238703],[131.0924640,8.0411894],[131.7002055,9.0503816],[132.3145404,10.0591955],[132.9357529,11.0672280],[133.5641344,12.0740697],[133.1033259,13.0597863],[132.6369282,14.0426123],[132.1641949,15.0226173],[131.6844043,15.9998636]]]}},
{"type":"Feature","properties":{"name": "695"},"geometry":{"type":"Polygon","coordinates":[[[141.9256701,-51.5242823],[140.1998804,-51.6824974],[138.4642971,-51.8126133],[136.7205565,-51.9141470],[134.9704392,-51.9866815],[133.9924025,-52.9974486],[132.9674744,-54.0000000],[131.8921940,-54.9934039],[130.7628261,-55.9766570],[131.5441246,-56.9678930],[132.3630875,-57.9557296],[133.2239749,-58.9399245],[134.1316466,-59.9201652],[136.2536105,-59.8619269],[138.3644034,-59.7674440],[140.4599539,-59.6371871],[142.5364579,-59.4717297],[143.4418943,-58.3757598],[144.3016496,-57.2753019],[145.1198740,-56.1711973],[145.9002612,-55.0642410],[144.8483809,-54.1903538],[143.8373111,-53.3088016],[142.8640023,-52.4199931],[141.9256701,-51.5242823]]]}},
{"type":"Feature","properties":{"name": "696"},"geometry":{"type":"Polygon","coordinates":[[[141.4445318,-43.6979020],[139.9723180,-43.8033114],[138.4986977,-43.8915240],[137.0242463,-43.9625374],[135.5495421,-44.0163570],[134.7386908,-45.0388684],[133.8939210,-46.0560927],[133.0131795,-47.0672206],[132.0942789,-48.0713973],[132.7655162,-49.0596456],[133.4667827,-50.0417657],[134.2007956,-51.0175357],[134.9704392,-51.9866815],[136.7205565,-51.9141470],[138.4642971,-51.8126133],[140.1998804,-51.6824974],[141.9256701,-51.5242823],[142.7073045,-50.4515995],[143.4565553,-49.3762787],[144.1758021,-48.2989554],[144.8672171,-47.2202312],[143.9766295,-46.3503166],[143.1102726,-45.4731584],[142.2666948,-44.5889600],[141.4445318,-43.6979020]]]}},
{"type":"Feature","properties":{"name": "697"},"geometry":{"type":"Polygon","coordinates":[[[141.0225030,-35.7302744],[139.7166448,-35.8107387],[138.4118471,-35.8768968],[137.1084436,-35.9288081],[135.8067701,-35.9665389],[135.1427068,-36.9892571],[134.4517447,-38.0104527],[133.7325279,-39.0293603],[132.9836237,-40.0451762],[133.5996227,-41.0475407],[134.2310542,-42.0436453],[134.8802575,-43.0333119],[135.5495421,-44.0163570],[137.0242463,-43.9625374],[138.4986977,-43.8915240],[139.9723180,-43.8033114],[141.4445318,-43.6979020],[142.1191580,-42.6462523],[142.7699696,-41.5929883],[143.3984353,-40.5385825],[144.0059175,-39.4834837],[143.2353523,-38.5564785],[142.4826762,-37.6216518],[141.7457825,-36.6794348],[141.0225030,-35.7302744]]]}},
{"type":"Feature","properties":{"name": "698"},"geometry":{"type":"Polygon","coordinates":[[[139.8884888,-27.8143599],[138.6812609,-27.8641311],[137.4755338,-27.9013806],[136.2714324,-27.9261784],[135.0690754,-27.9385989],[134.5650731,-28.9413237],[134.0503975,-29.9449975],[133.5233635,-30.9495427],[132.9820453,-31.9548219],[133.6758349,-32.9661419],[134.3776139,-33.9721752],[135.0877866,-34.9724592],[135.8067701,-35.9665389],[137.1084436,-35.9288081],[138.4118471,-35.8768968],[139.7166448,-35.8107387],[141.0225030,-35.7302744],[141.5284937,-34.6955723],[142.0184075,-33.6619072],[142.4945104,-32.6294773],[142.9587890,-31.5984132],[142.1718680,-30.6624696],[141.3981956,-29.7195505],[140.6372415,-28.7700505],[139.8884888,-27.8143599]]]}},
{"type":"Feature","properties":{"name": "699"},"geometry":{"type":"Polygon","coordinates":[[[138.8865120,-20.0349066],[137.7332621,-20.0311210],[136.5812670,-20.0224177],[135.4302461,-20.0091180],[134.2799303,-19.9914988],[133.7983539,-20.9739592],[133.3132210,-21.9568015],[132.8237717,-22.9401135],[132.3291720,-23.9239768],[133.0018055,-24.9327664],[133.6823915,-25.9384101],[134.3713405,-26.9404930],[135.0690754,-27.9385989],[136.2714324,-27.9261784],[137.4755338,-27.9013806],[138.6812609,-27.8641311],[139.8884888,-27.8143599],[140.3775667,-26.8380134],[140.8552984,-25.8613135],[141.3223396,-24.8842514],[141.7793139,-23.9068067],[141.0396969,-22.9481045],[140.3112690,-21.9829136],[139.5936619,-21.0116948],[138.8865120,-20.0349066]]]}},
{"type":"Feature","properties":{"name": "700"},"geometry":{"type":"Polygon","coordinates":[[[137.9223382,-12.1340439],[136.8330019,-12.1221688],[135.7436939,-12.1081312],[134.6541531,-12.0920617],[133.5641344,-12.0740697],[133.1033259,-13.0597863],[132.6369282,-14.0426123],[132.1641949,-15.0226173],[131.6844043,-15.9998636],[132.3224536,-17.0008396],[132.9674744,-18.0000000],[133.6198390,-18.9970020],[134.2799303,-19.9914988],[135.4302461,-20.0091180],[136.5812670,-20.0224177],[137.7332621,-20.0311210],[138.8865120,-20.0349066],[139.3343739,-19.0559909],[139.7744865,-18.0756150],[140.2074374,-17.0936843],[140.6338167,-16.1100889],[139.9403686,-15.1234234],[139.2574718,-14.1314791],[138.5848776,-13.1348294],[137.9223382,-12.1340439]]]}},
{"type":"Feature","properties":{"name": "701"},"geometry":{"type":"Polygon","coordinates":[[[137.1564511,-4.0754273],[136.1086133,-4.0684905],[135.0591982,-4.0611314],[134.0080660,-4.0533582],[132.9550807,-4.0451772],[132.4888773,-5.0490926],[132.0238744,-6.0497611],[131.5587891,-7.0471328],[131.0924640,-8.0411894],[131.7002055,-9.0503816],[132.3145404,-10.0591955],[132.9357529,-11.0672280],[133.5641344,-12.0740697],[134.6541531,-12.0920617],[135.7436939,-12.1081312],[136.8330019,-12.1221688],[137.9223382,-12.1340439],[138.3523520,-11.1407274],[138.7792625,-10.1445225],[139.2039777,-9.1452813],[139.6275036,-8.1428541],[138.9925210,-7.1292059],[138.3691132,-6.1129352],[137.7571379,-5.0947707],[137.1564511,-4.0754273]]]}},
{"type":"Feature","properties":{"name": "702"},"geometry":{"type":"Polygon","coordinates":[[[137.1564511,4.0754273],[136.1086133,4.0684905],[135.0591982,4.0611314],[134.0080660,4.0533582],[132.9550807,4.0451772],[132.3723370,3.0316957],[131.7973430,2.0193612],[131.2298930,1.0086437],[130.6697863,0.0000000],[131.2298930,-1.0086437],[131.7973430,-2.0193612],[132.3723370,-3.0316957],[132.9550807,-4.0451772],[134.0080660,-4.0533582],[135.0591982,-4.0611314],[136.1086133,-4.0684905],[137.1564511,-4.0754273],[137.6110605,-3.0608461],[138.0722588,-2.0431840],[138.5423977,-1.0227405],[139.0242752,0.0000000],[138.5423977,1.0227405],[138.0722588,2.0431840],[137.6110605,3.0608461],[137.1564511,4.0754273]]]}},
{"type":"Feature","properties":{"name": "703"},"geometry":{"type":"Polygon","coordinates":[[[137.9223382,12.1340439],[136.8330019,12.1221688],[135.7436939,12.1081312],[134.6541531,12.0920617],[133.5641344,12.0740697],[132.9357529,11.0672280],[132.3145404,10.0591955],[131.7002055,9.0503816],[131.0924640,8.0411894],[131.5587891,7.0471328],[132.0238744,6.0497611],[132.4888773,5.0490926],[132.9550807,4.0451772],[134.0080660,4.0533582],[135.0591982,4.0611314],[136.1086133,4.0684905],[137.1564511,4.0754273],[137.7571379,5.0947707],[138.3691132,6.1129352],[138.9925210,7.1292059],[139.6275036,8.1428541],[139.2039777,9.1452813],[138.7792625,10.1445225],[138.3523520,11.1407274],[137.9223382,12.1340439]]]}},
{"type":"Feature","properties":{"name": "704"},"geometry":{"type":"Polygon","coordinates":[[[153.0737290,-53.8849079],[151.3138070,-54.2208725],[149.5310417,-54.5300303],[147.7261650,-54.8114412],[145.9002612,-55.0642410],[145.1198740,-56.1711973],[144.3016496,-57.2753019],[143.4418943,-58.3757598],[142.5364579,-59.4717297],[143.7037586,-60.3783429],[144.9380799,-61.2764241],[146.2467085,-62.1649688],[147.6378963,-63.0427561],[149.8659378,-62.7603528],[152.0487011,-62.4421100],[154.1833193,-62.0892631],[156.2676529,-61.7030912],[156.7462998,-60.5209002],[157.2156768,-59.3385446],[157.6767613,-58.1569976],[158.1304038,-56.9772307],[156.7914732,-56.2223188],[155.5045807,-55.4547970],[154.2663673,-54.6754327],[153.0737290,-53.8849079]]]}},
{"type":"Feature","properties":{"name": "705"},"geometry":{"type":"Polygon","coordinates":[[[151.1134007,-46.1895975],[149.5670816,-46.4794033],[148.0105261,-46.7484055],[146.4438094,-46.9956361],[144.8672171,-47.2202312],[144.1758021,-48.2989554],[143.4565553,-49.3762787],[142.7073045,-50.4515995],[141.9256701,-51.5242823],[142.8640023,-52.4199931],[143.8373111,-53.3088016],[144.8483809,-54.1903538],[145.9002612,-55.0642410],[147.7261650,-54.8114412],[149.5310417,-54.5300303],[151.3138070,-54.2208725],[153.0737290,-53.8849079],[153.6419297,-52.7410800],[154.1925912,-51.5999277],[154.7272353,-50.4621416],[155.2472243,-49.3283935],[154.1704125,-48.5587727],[153.1234588,-47.7788510],[152.1049171,-46.9890089],[151.1134007,-46.1895975]]]}},
{"type":"Feature","properties":{"name": "706"},"geometry":{"type":"Polygon","coordinates":[[[149.6032497,-38.6031615],[148.2099205,-38.8479888],[146.8126994,-39.0769862],[145.4113859,-39.2891238],[144.0059175,-39.4834837],[143.3984353,-40.5385825],[142.7699696,-41.5929883],[142.1191580,-42.6462523],[141.4445318,-43.6979020],[142.2666948,-44.5889600],[143.1102726,-45.4731584],[143.9766295,-46.3503166],[144.8672171,-47.2202312],[146.4438094,-46.9956361],[148.0105261,-46.7484055],[149.5670816,-46.4794033],[151.1134007,-46.1895975],[151.6675464,-45.0871754],[152.2052761,-43.9881318],[152.7277862,-42.8929618],[153.2361703,-41.8021412],[152.2988341,-41.0162281],[151.3814748,-40.2209373],[150.4832274,-39.4165083],[149.6032497,-38.6031615]]]}},
{"type":"Feature","properties":{"name": "707"},"geometry":{"type":"Polygon","coordinates":[[[148.1444353,-31.2870338],[146.8450974,-31.3863328],[145.5476690,-31.4705823],[144.2522253,-31.5409369],[142.9587890,-31.5984132],[142.4945104,-32.6294773],[142.0184075,-33.6619072],[141.5284937,-34.6955723],[141.0225030,-35.7302744],[141.7457825,-36.6794348],[142.4826762,-37.6216518],[143.2353523,-38.5564785],[144.0059175,-39.4834837],[145.4113859,-39.2891238],[146.8126994,-39.0769862],[148.2099205,-38.8479888],[149.6032497,-38.6031615],[150.1655025,-37.5805659],[150.7124740,-36.5596517],[151.2441334,-35.5398224],[151.7605560,-34.5205516],[150.8353217,-33.7261419],[149.9242146,-32.9228590],[149.0272161,-32.1100668],[148.1444353,-31.2870338]]]}},
{"type":"Feature","properties":{"name": "708"},"geometry":{"type":"Polygon","coordinates":[[[146.5908148,-23.7439697],[145.3835269,-23.7997788],[144.1793385,-23.8448875],[142.9780164,-23.8802817],[141.7793139,-23.9068067],[141.3223396,-24.8842514],[140.8552984,-25.8613135],[140.3775667,-26.8380134],[139.8884888,-27.8143599],[140.6372415,-28.7700505],[141.3981956,-29.7195505],[142.1718680,-30.6624696],[142.9587890,-31.5984132],[144.2522253,-31.5409369],[145.5476690,-31.4705823],[146.8450974,-31.3863328],[148.1444353,-31.2870338],[148.5894141,-30.2955976],[149.0243320,-29.3053243],[149.4498060,-28.3162053],[149.8664144,-27.3282279],[149.0277885,-26.4498028],[148.2024361,-25.5592525],[147.3901762,-24.6571234],[146.5908148,-23.7439697]]]}},
{"type":"Feature","properties":{"name": "709"},"geometry":{"type":"Polygon","coordinates":[[[145.1398177,-16.0671853],[144.0094168,-16.0863213],[142.8818918,-16.0994415],[141.7568227,-16.1071869],[140.6338167,-16.1100889],[140.2074374,-17.0936843],[139.7744865,-18.0756150],[139.3343739,-19.0559909],[138.8865120,-20.0349066],[139.5936619,-21.0116948],[140.3112690,-21.9829136],[141.0396969,-22.9481045],[141.7793139,-23.9068067],[142.9780164,-23.8802817],[144.1793385,-23.8448875],[145.3835269,-23.7997788],[146.5908148,-23.7439697],[147.0028049,-22.7641517],[147.4072322,-21.7846868],[147.8045567,-20.8055279],[148.1952193,-19.8266199],[147.4122675,-18.9035954],[146.6420747,-17.9688554],[145.8846081,-17.0231363],[145.1398177,-16.0671853]]]}},
{"type":"Feature","properties":{"name": "710"},"geometry":{"type":"Polygon","coordinates":[[[143.8867052,-8.1624936],[142.8208919,-8.1601630],[141.7559876,-8.1559912],[140.6916320,-8.1501707],[139.6275036,-8.1428541],[139.2039777,-9.1452813],[138.7792625,-10.1445225],[138.3523520,-11.1407274],[137.9223382,-12.1340439],[138.5848776,-13.1348294],[139.2574718,-14.1314791],[139.9403686,-15.1234234],[140.6338167,-16.1100889],[141.7568227,-16.1071869],[142.8818918,-16.0994415],[144.0094168,-16.0863213],[145.1398177,-16.0671853],[145.5307744,-15.0833864],[145.9169694,-14.0982852],[146.2989478,-13.1116890],[146.6772901,-12.1233767],[145.9575340,-11.1466169],[145.2524398,-10.1601566],[144.5621305,-9.1650844],[143.8867052,-8.1624936]]]}},
{"type":"Feature","properties":{"name": "711"},"geometry":{"type":"Polygon","coordinates":[[[143.1576968,0.0000000],[142.1265653,0.0000000],[141.0940114,0.0000000],[140.0599451,0.0000000],[139.0242752,0.0000000],[138.5423977,-1.0227405],[138.0722588,-2.0431840],[137.6110605,-3.0608461],[137.1564511,-4.0754273],[137.7571379,-5.0947707],[138.3691132,-6.1129352],[138.9925210,-7.1292059],[139.6275036,-8.1428541],[140.6916320,-8.1501707],[141.7559876,-8.1559912],[142.8208919,-8.1601630],[143.8867052,-8.1624936],[144.2856735,-7.1560712],[144.6866754,-6.1459305],[145.0914215,-5.1318180],[145.5020254,-4.1135243],[144.8850367,-3.0884886],[144.2885086,-2.0601525],[143.7126690,-1.0301327],[143.1576968,0.0000000]]]}},
{"type":"Feature","properties":{"name": "712"},"geometry":{"type":"Polygon","coordinates":[[[143.8867052,8.1624936],[142.8208919,8.1601630],[141.7559876,8.1559912],[140.6916320,8.1501707],[139.6275036,8.1428541],[138.9925210,7.1292059],[138.3691132,6.1129352],[137.7571379,5.0947707],[137.1564511,4.0754273],[137.6110605,3.0608461],[138.0722588,2.0431840],[138.5423977,1.0227405],[139.0242752,0.0000000],[140.0599451,0.0000000],[141.0940114,0.0000000],[142.1265653,0.0000000],[143.1576968,0.0000000],[143.7126690,1.0301327],[144.2885086,2.0601525],[144.8850367,3.0884886],[145.5020254,4.1135243],[145.0914215,5.1318180],[144.6866754,6.1459305],[144.2856735,7.1560712],[143.8867052,8.1624936]]]}},
{"type":"Feature","properties":{"name": "713"},"geometry":{"type":"Polygon","coordinates":[[[165.1311529,-55.0576326],[163.4280183,-55.5725896],[161.6948833,-56.0652070],[159.9295134,-56.5338918],[158.1304038,-56.9772307],[157.6767613,-58.1569976],[157.2156768,-59.3385446],[156.7462998,-60.5209002],[156.2676529,-61.7030912],[157.8875618,-62.4740376],[159.6029720,-63.2266616],[161.4231624,-63.9584236],[163.3584112,-64.6661697],[165.4429799,-64.1477035],[167.4496909,-63.5998448],[169.3803469,-63.0242057],[171.2374808,-62.4222814],[171.1198091,-61.2120012],[171.0644460,-59.9980432],[171.0649301,-58.7837812],[171.1154868,-57.5725195],[169.5422021,-56.9699433],[168.0220989,-56.3493026],[166.5525492,-55.7115712],[165.1311529,-55.0576326]]]}},
{"type":"Feature","properties":{"name": "714"},"geometry":{"type":"Polygon","coordinates":[[[161.5647924,-47.7162123],[160.0024939,-48.1433449],[158.4300045,-48.5557757],[156.8453940,-48.9513875],[155.2472243,-49.3283935],[154.7272353,-50.4621416],[154.1925912,-51.5999277],[153.6419297,-52.7410800],[153.0737290,-53.8849079],[154.2663673,-54.6754327],[155.5045807,-55.4547970],[156.7914732,-56.2223188],[158.1304038,-56.9772307],[159.9295134,-56.5338918],[161.6948833,-56.0652070],[163.4280183,-55.5725896],[165.1311529,-55.0576326],[165.4282793,-53.8743962],[165.7368287,-52.7002673],[166.0556813,-51.5366703],[166.3838369,-50.3849664],[165.1326894,-49.7383070],[163.9131208,-49.0776114],[162.7241532,-48.4034119],[161.5647924,-47.7162123]]]}},
{"type":"Feature","properties":{"name": "715"},"geometry":{"type":"Polygon","coordinates":[[[159.2106434,-40.6239492],[157.7256184,-40.9419038],[156.2342192,-41.2443861],[154.7374055,-41.5311882],[153.2361703,-41.8021412],[152.7277862,-42.8929618],[152.2052761,-43.9881318],[151.6675464,-45.0871754],[151.1134007,-46.1895975],[152.1049171,-46.9890089],[153.1234588,-47.7788510],[154.1704125,-48.5587727],[155.2472243,-49.3283935],[156.8453940,-48.9513875],[158.4300045,-48.5557757],[160.0024939,-48.1433449],[161.5647924,-47.7162123],[162.0399062,-46.6327522],[162.5071622,-45.5570237],[162.9644860,-44.4877089],[163.4105061,-43.4236795],[162.3267547,-42.7410578],[161.2660397,-42.0466787],[160.2275905,-41.3408715],[159.2106434,-40.6239492]]]}},
{"type":"Feature","properties":{"name": "716"},"geometry":{"type":"Polygon","coordinates":[[[157.2146676,-33.5224232],[155.8588401,-33.7953041],[154.4974424,-34.0527377],[153.1311233,-34.2945401],[151.7605560,-34.5205516],[151.2441334,-35.5398224],[150.7124740,-36.5596517],[150.1655025,-37.5805659],[149.6032497,-38.6031615],[150.4832274,-39.4165083],[151.3814748,-40.2209373],[152.2988341,-41.0162281],[153.2361703,-41.8021412],[154.7374055,-41.5311882],[156.2342192,-41.2443861],[157.7256184,-40.9419038],[159.2106434,-40.6239492],[159.6787163,-39.5772202],[160.1327388,-38.5325940],[160.5727542,-37.4894951],[160.9989132,-36.4474149],[160.0275800,-35.7315249],[159.0734990,-35.0052637],[158.1360617,-34.2688329],[157.2146676,-33.5224232]]]}},
{"type":"Feature","properties":{"name": "717"},"geometry":{"type":"Polygon","coordinates":[[[154.9934912,-26.5032347],[153.7125238,-26.7355941],[152.4304451,-26.9505971],[151.1481184,-27.1481582],[149.8664144,-27.3282279],[149.4498060,-28.3162053],[149.0243320,-29.3053243],[148.5894141,-30.2955976],[148.1444353,-31.2870338],[149.0272161,-32.1100668],[149.9242146,-32.9228590],[150.8353217,-33.7261419],[151.7605560,-34.5205516],[153.1311233,-34.2945401],[154.4974424,-34.0527377],[155.8588401,-33.7953041],[157.2146676,-33.5224232],[157.5957765,-32.5026635],[157.9697174,-31.4845142],[158.3370061,-30.4678737],[158.6981238,-29.4526328],[157.7567779,-28.7279228],[156.8256149,-27.9952214],[155.9045231,-27.2539040],[154.9934912,-26.5032347]]]}},
{"type":"Feature","properties":{"name": "718"},"geometry":{"type":"Polygon","coordinates":[[[152.9391129,-19.4628315],[151.7459378,-19.5789348],[150.5576828,-19.6766252],[149.3741922,-19.7584843],[148.1952193,-19.8266199],[147.8045567,-20.8055279],[147.4072322,-21.7846868],[147.0028049,-22.7641517],[146.5908148,-23.7439697],[147.3901762,-24.6571234],[148.2024361,-25.5592525],[149.0277885,-26.4498028],[149.8664144,-27.3282279],[151.1481184,-27.1481582],[152.4304451,-26.9505971],[153.7125238,-26.7355941],[154.9934912,-26.5032347],[155.3646303,-25.5072142],[155.7300278,-24.5123465],[156.0900861,-23.5185518],[156.4451869,-22.5257427],[155.5546191,-21.7808135],[154.6728839,-21.0231876],[153.8006963,-20.2511953],[152.9391129,-19.4628315]]]}},
{"type":"Feature","properties":{"name": "719"},"geometry":{"type":"Polygon","coordinates":[[[151.1294025,-11.9941569],[150.0083154,-12.0395854],[148.8931200,-12.0751711],[147.7830200,-12.1026565],[146.6772901,-12.1233767],[146.2989478,-13.1116890],[145.9169694,-14.0982852],[145.5307744,-15.0833864],[145.1398177,-16.0671853],[145.8846081,-17.0231363],[146.6420747,-17.9688554],[147.4122675,-18.9035954],[148.1952193,-19.8266199],[149.3741922,-19.7584843],[150.5576828,-19.6766252],[151.7459378,-19.5789348],[152.9391129,-19.4628315],[153.2969946,-18.4840180],[153.6502655,-17.5060571],[153.9992428,-16.5289098],[154.3442306,-15.5525357],[153.5195625,-14.6950009],[152.7082778,-13.8152156],[151.9112756,-12.9144738],[151.1294025,-11.9941569]]]}},
{"type":"Feature","properties":{"name": "720"},"geometry":{"type":"Polygon","coordinates":[[[149.6745380,-4.1154647],[148.6294617,-4.1167127],[147.5860406,-4.1166508],[146.5437124,-4.1155299],[145.5020254,-4.1135243],[145.0914215,-5.1318180],[144.6866754,-6.1459305],[144.2856735,-7.1560712],[143.8867052,-8.1624936],[144.5621305,-9.1650844],[145.2524398,-10.1601566],[145.9575340,-11.1466169],[146.6772901,-12.1233767],[147.7830200,-12.1026565],[148.8931200,-12.0751711],[150.0083154,-12.0395854],[151.1294025,-11.9941569],[151.4782362,-11.0129905],[151.8245114,-10.0306734],[152.1687647,-9.0468727],[152.5116312,-8.0611722],[151.7661760,-7.1010432],[151.0438570,-6.1214430],[150.3461894,-5.1252612],[149.6745380,-4.1154647]]]}},
{"type":"Feature","properties":{"name": "721"},"geometry":{"type":"Polygon","coordinates":[[[149.6745380,4.1154647],[148.6294617,4.1167127],[147.5860406,4.1166508],[146.5437124,4.1155299],[145.5020254,4.1135243],[144.8850367,3.0884886],[144.2885086,2.0601525],[143.7126690,1.0301327],[143.1576968,0.0000000],[143.7126690,-1.0301327],[144.2885086,-2.0601525],[144.8850367,-3.0884886],[145.5020254,-4.1135243],[146.5437124,-4.1155299],[147.5860406,-4.1166508],[148.6294617,-4.1167127],[149.6745380,-4.1154647],[150.0679099,-3.0949931],[150.4756685,-2.0686207],[150.9048097,-1.0364975],[151.3660358,0.0000000],[150.9048097,1.0364975],[150.4756685,2.0686207],[150.0679099,3.0949931],[149.6745380,4.1154647]]]}},
{"type":"Feature","properties":{"name": "722"},"geometry":{"type":"Polygon","coordinates":[[[177.6338814,-54.9795570],[176.0202596,-55.6457772],[174.4052789,-56.3036328],[172.7738841,-56.9471054],[171.1154868,-57.5725195],[171.0649301,-58.7837812],[171.0644460,-59.9980432],[171.1198091,-61.2120012],[171.2374808,-62.4222814],[173.2633498,-62.9992841],[175.4030617,-63.5408594],[177.6688648,-64.0388959],[-179.9251423,-64.4809707],[-178.2666357,-63.7591491],[-176.6926459,-63.0196611],[-175.1980326,-62.2639253],[-173.7778361,-61.4932287],[-174.6044900,-60.3724499],[-175.2228705,-59.1981468],[-175.6349160,-58.0024359],[-175.8531776,-56.8177133],[-177.5380797,-56.3911230],[-179.1853346,-55.9420230],[179.2053033,-55.4712318],[177.6338814,-54.9795570]]]}},
{"type":"Feature","properties":{"name": "723"},"geometry":{"type":"Polygon","coordinates":[[[173.0032725,-48.4170559],[171.3638659,-48.9248396],[169.7129378,-49.4225708],[168.0523020,-49.9094989],[166.3838369,-50.3849664],[166.0556813,-51.5366703],[165.7368287,-52.7002673],[165.4282793,-53.8743962],[165.1311529,-55.0576326],[166.5525492,-55.7115712],[168.0220989,-56.3493026],[169.5422021,-56.9699433],[171.1154868,-57.5725195],[172.7738841,-56.9471054],[174.4052789,-56.3036328],[176.0202596,-55.6457772],[177.6338814,-54.9795570],[177.8150733,-53.8499913],[178.0299783,-52.7396739],[178.2607045,-51.6445190],[178.4970779,-50.5612547],[177.0754600,-50.0492206],[175.6865706,-49.5209995],[174.3294649,-48.9768367],[173.0032725,-48.4170559]]]}},
{"type":"Feature","properties":{"name": "724"},"geometry":{"type":"Polygon","coordinates":[[[169.4660626,-41.7739129],[167.9698263,-42.2061783],[166.4612240,-42.6255476],[164.9411365,-43.0315309],[163.4105061,-43.4236795],[162.9644860,-44.4877089],[162.5071622,-45.5570237],[162.0399062,-46.6327522],[161.5647924,-47.7162123],[162.7241532,-48.4034119],[163.9131208,-49.0776114],[165.1326894,-49.7383070],[166.3838369,-50.3849664],[168.0523020,-49.9094989],[169.7129378,-49.4225708],[171.3638659,-48.9248396],[173.0032725,-48.4170559],[173.3223699,-47.3406636],[173.6342978,-46.2705803],[173.9377331,-45.2056013],[174.2319195,-44.1447190],[173.0034530,-43.5715902],[171.8001269,-42.9852785],[170.6212287,-42.3859788],[169.4660626,-41.7739129]]]}},
{"type":"Feature","properties":{"name": "725"},"geometry":{"type":"Polygon","coordinates":[[[166.5245221,-35.0083553],[165.1575560,-35.3891165],[163.7805845,-35.7561142],[162.3941693,-36.1089915],[160.9989132,-36.4474149],[160.5727542,-37.4894951],[160.1327388,-38.5325940],[159.6787163,-39.5772202],[159.2106434,-40.6239492],[160.2275905,-41.3408715],[161.2660397,-42.0466787],[162.3267547,-42.7410578],[163.4105061,-43.4236795],[164.9411365,-43.0315309],[166.4612240,-42.6255476],[167.9698263,-42.2061783],[169.4660626,-41.7739129],[169.8065533,-40.7181463],[170.1355904,-39.6642836],[170.4533384,-38.6118002],[170.7600381,-37.5602339],[169.6728930,-36.9392897],[168.6049583,-36.3068918],[167.5556832,-35.6631935],[166.5245221,-35.0083553]]]}},
{"type":"Feature","properties":{"name": "726"},"geometry":{"type":"Polygon","coordinates":[[[163.8660458,-28.1557813],[162.5845031,-28.5024740],[161.2956062,-28.8343741],[159.9999411,-29.1511848],[158.6981238,-29.4526328],[158.3370061,-30.4678737],[157.9697174,-31.4845142],[157.5957765,-32.5026635],[157.2146676,-33.5224232],[158.1360617,-34.2688329],[159.0734990,-35.0052637],[160.0275800,-35.7315249],[160.9989132,-36.4474149],[162.3941693,-36.1089915],[163.7805845,-35.7561142],[165.1575560,-35.3891165],[166.5245221,-35.0083553],[166.8582141,-33.9603702],[167.1805247,-32.9119497],[167.4918159,-31.8628008],[167.7924510,-30.8126538],[166.7953904,-30.1565437],[165.8089396,-29.4951372],[164.8326357,-28.8282832],[163.8660458,-28.1557813]]]}},
{"type":"Feature","properties":{"name": "727"},"geometry":{"type":"Polygon","coordinates":[[[161.4131140,-21.3647385],[160.1768180,-21.6823405],[158.9360701,-21.9818907],[157.6918571,-22.2631048],[156.4451869,-22.5257427],[156.0900861,-23.5185518],[155.7300278,-24.5123465],[155.3646303,-25.5072142],[154.9934912,-26.5032347],[155.9045231,-27.2539040],[156.8256149,-27.9952214],[157.7567779,-28.7279228],[158.6981238,-29.4526328],[159.9999411,-29.1511848],[161.2956062,-28.8343741],[162.5845031,-28.5024740],[163.8660458,-28.1557813],[164.1800752,-27.1266970],[164.4907219,-26.0980763],[164.7982287,-25.0696812],[165.1028099,-24.0412514],[164.1704080,-23.3814883],[163.2448488,-22.7158145],[162.3258336,-22.0437578],[161.4131140,-21.3647385]]]}},
{"type":"Feature","properties":{"name": "728"},"geometry":{"type":"Polygon","coordinates":[[[159.1475137,-14.6044961],[157.9442965,-14.8799677],[156.7413344,-15.1299328],[155.5406477,-15.3541608],[154.3442306,-15.5525357],[153.9992428,-16.5289098],[153.6502655,-17.5060571],[153.2969946,-18.4840180],[152.9391129,-19.4628315],[153.8006963,-20.2511953],[154.6728839,-21.0231876],[155.5546191,-21.7808135],[156.4451869,-22.5257427],[157.6918571,-22.2631048],[158.9360701,-21.9818907],[160.1768180,-21.6823405],[161.4131140,-21.3647385],[161.7357329,-20.3553815],[162.0555176,-19.3456121],[162.3726621,-18.3351103],[162.6873256,-17.3235066],[161.7963847,-16.6577392],[160.9094227,-15.9836028],[160.0264126,-15.2997583],[159.1475137,-14.6044961]]]}},
{"type":"Feature","properties":{"name": "729"},"geometry":{"type":"Polygon","coordinates":[[[156.9933758,-7.7642638],[155.8539825,-7.8776516],[154.7284678,-7.9586349],[153.6149916,-8.0176334],[152.5116312,-8.0611722],[152.1687647,-9.0468727],[151.8245114,-10.0306734],[151.4782362,-11.0129905],[151.1294025,-11.9941569],[151.9112756,-12.9144738],[152.7082778,-13.8152156],[153.5195625,-14.6950009],[154.3442306,-15.5525357],[155.5406477,-15.3541608],[156.7413344,-15.1299328],[157.9442965,-14.8799677],[159.1475137,-14.6044961],[159.4723601,-13.6144061],[159.7951546,-12.6234337],[160.1160832,-11.6311284],[160.4352876,-10.6369102],[159.5679435,-9.9533606],[158.7033940,-9.2514147],[157.8437274,-8.5248293],[156.9933758,-7.7642638]]]}},
{"type":"Feature","properties":{"name": "730"},"geometry":{"type":"Polygon","coordinates":[[[155.4518738,0.0000000],[154.4311039,0.0000000],[153.4099288,0.0000000],[152.3882668,0.0000000],[151.3660358,0.0000000],[150.9048097,-1.0364975],[150.4756685,-2.0686207],[150.0679099,-3.0949931],[149.6745380,-4.1154647],[150.3461894,-5.1252612],[151.0438570,-6.1214430],[151.7661760,-7.1010432],[152.5116312,-8.0611722],[153.6149916,-8.0176334],[154.7284678,-7.9586349],[155.8539825,-7.8776516],[156.9933758,-7.7642638],[157.3144238,-6.7929032],[157.6339997,-5.8218730],[157.9523214,-4.8511264],[158.2696030,-3.8806166],[157.4659741,-3.0008987],[156.7160537,-2.0445943],[156.0394870,-1.0354382],[155.4518738,0.0000000]]]}},
{"type":"Feature","properties":{"name": "731"},"geometry":{"type":"Polygon","coordinates":[[[162.8357708,2.3972191],[161.7510356,2.8904172],[160.6090628,3.3093607],[159.4384787,3.6418799],[158.2696030,3.8806166],[157.4659741,3.0008987],[156.7160537,2.0445943],[156.0394870,1.0354382],[155.4518738,-0.0000000],[156.0394870,-1.0354382],[156.7160537,-2.0445943],[157.4659741,-3.0008987],[158.2696030,-3.8806166],[159.4384787,-3.6418799],[160.6090628,-3.3093607],[161.7510356,-2.8904172],[162.8357708,-2.3972191],[162.9676521,-1.2139992],[163.0123979,0.0000000],[162.9676521,1.2139992],[162.8357708,2.3972191]]]}},
{"type":"Feature","properties":{"name": "732"},"geometry":{"type":"Polygon","coordinates":[[[165.1102654,9.1159969],[163.9600789,9.5399065],[162.7953105,9.9355905],[161.6192465,10.3016555],[160.4352876,10.6369102],[159.5679435,9.9533606],[158.7033940,9.2514147],[157.8437274,8.5248293],[156.9933758,7.7642638],[157.3144238,6.7929032],[157.6339997,5.8218730],[157.9523214,4.8511264],[158.2696030,3.8806166],[159.4384787,3.6418799],[160.6090628,3.3093607],[161.7510356,2.8904172],[162.8357708,2.3972191],[163.6634305,2.9959452],[164.4923247,3.5942839],[165.3227025,4.1921562],[166.1548140,4.7894819],[165.9228263,5.9001950],[165.6659930,6.9883908],[165.3933555,8.0590499],[165.1102654,9.1159969]]]}},
{"type":"Feature","properties":{"name": "733"},"geometry":{"type":"Polygon","coordinates":[[[167.4474341,15.7701508],[166.2715086,16.1860995],[165.0854013,16.5840551],[163.8902708,16.9633847],[162.6873256,17.3235066],[161.7963847,16.6577392],[160.9094227,15.9836028],[160.0264126,15.2997583],[159.1475137,14.6044961],[159.4723601,13.6144061],[159.7951546,12.6234337],[160.1160832,11.6311284],[160.4352876,10.6369102],[161.6192465,10.3016555],[162.7953105,9.9355905],[163.9600789,9.5399065],[165.1102654,9.1159969],[165.9656814,9.7279119],[166.8228344,10.3367709],[167.6822312,10.9429677],[168.5443365,11.5467671],[168.2777443,12.6128166],[168.0053288,13.6712523],[167.7282808,14.7233403],[167.4474341,15.7701508]]]}},
{"type":"Feature","properties":{"name": "734"},"geometry":{"type":"Polygon","coordinates":[[[169.9887525,22.4386488],[168.7813549,22.8604447],[167.5641925,23.2684374],[166.3378153,23.6621810],[165.1028099,24.0412514],[164.1704080,23.3814883],[163.2448488,22.7158145],[162.3258336,22.0437578],[161.4131140,21.3647385],[161.7357329,20.3553815],[162.0555176,19.3456121],[162.3726621,18.3351103],[162.6873256,17.3235066],[163.8902708,16.9633847],[165.0854013,16.5840551],[166.2715086,16.1860995],[167.4474341,15.7701508],[168.3373823,16.3880718],[169.2316523,17.0024780],[170.1306572,17.6135738],[171.0348071,18.2215048],[170.7770657,19.2800953],[170.5166311,20.3354447],[170.2537944,21.3881251],[169.9887525,22.4386488]]]}},
{"type":"Feature","properties":{"name": "735"},"geometry":{"type":"Polygon","coordinates":[[[172.8545574,29.1389307],[171.6051718,29.5753225],[170.3448426,30.0000000],[169.0738360,30.4125710],[167.7924510,30.8126538],[166.7953904,30.1565437],[165.8089396,29.4951372],[164.8326357,28.8282832],[163.8660458,28.1557813],[164.1800752,27.1266970],[164.4907219,26.0980763],[164.7982287,25.0696812],[165.1028099,24.0412514],[166.3378153,23.6621810],[167.5641925,23.2684374],[168.7813549,22.8604447],[169.9887525,22.4386488],[170.9285419,23.0577461],[171.8757113,23.6729778],[172.8306938,24.2844024],[173.7939292,24.8920454],[173.5608386,25.9548755],[173.3265376,27.0167365],[173.0910991,28.0779792],[172.8545574,29.1389307]]]}},
{"type":"Feature","properties":{"name": "736"},"geometry":{"type":"Polygon","coordinates":[[[176.2439638,35.7249513],[174.8940293,36.2000227],[173.5298004,36.6646237],[172.1516593,37.1182050],[170.7600381,37.5602339],[169.6728930,36.9392897],[168.6049583,36.3068918],[167.5556832,35.6631935],[166.5245221,35.0083553],[166.8582141,33.9603702],[167.1805247,32.9119497],[167.4918159,31.8628008],[167.7924510,30.8126538],[169.0738360,30.4125710],[170.3448426,30.0000000],[171.6051718,29.5753225],[172.8545574,29.1389307],[173.8797436,29.7486175],[174.9198542,30.3479898],[175.9752641,30.9370698],[177.0463467,31.5159095],[176.8568088,32.5697544],[176.6601017,33.6223888],[176.4559237,34.6740395],[176.2439638,35.7249513]]]}},
{"type":"Feature","properties":{"name": "737"},"geometry":{"type":"Polygon","coordinates":[[[-179.7826870,42.1045430],[178.7478835,42.6263918],[177.2600196,43.1409335],[175.7544331,43.6473165],[174.2319195,44.1447190],[173.0034530,43.5715902],[171.8001269,42.9852785],[170.6212287,42.3859788],[169.4660626,41.7739129],[169.8065533,40.7181463],[170.1355904,39.6642836],[170.4533384,38.6118002],[170.7600381,37.5602339],[172.1516593,37.1182050],[173.5298004,36.6646237],[174.8940293,36.2000227],[176.2439638,35.7249513],[177.3801577,36.2900348],[178.5356201,36.8443480],[179.7108212,37.3880678],[-179.0937675,37.9214605],[-179.2559089,38.9671939],[-179.4245956,40.0127349],[-179.6001010,41.0583984],[-179.7826870,42.1045430]]]}},
{"type":"Feature","properties":{"name": "738"},"geometry":{"type":"Polygon","coordinates":[[[-174.9381831,48.2582625],[-176.5497270,48.8324658],[-178.1827665,49.4088776],[-179.8347484,49.9857145],[178.4970779,50.5612547],[177.0754600,50.0492206],[175.6865706,49.5209995],[174.3294649,48.9768367],[173.0032725,48.4170559],[173.3223699,47.3406636],[173.6342978,46.2705803],[173.9377331,45.2056013],[174.2319195,44.1447190],[175.7544331,43.6473165],[177.2600196,43.1409335],[178.7478835,42.6263918],[-179.7826870,42.1045430],[-178.4964941,42.6203689],[-177.1850390,43.1256597],[-175.8476347,43.6212650],[-174.4835935,44.1084040],[-174.5900779,45.1446408],[-174.7012527,46.1813740],[-174.8172640,47.2190575],[-174.9381831,48.2582625]]]}},
{"type":"Feature","properties":{"name": "739"},"geometry":{"type":"Polygon","coordinates":[[[-168.7500000,54.2018738],[-170.5454281,54.7762316],[-172.3534312,55.4130827],[-174.1357012,56.0987177],[-175.8531776,56.8177133],[-177.5380797,56.3911230],[-179.1853346,55.9420230],[179.2053033,55.4712318],[177.6338814,54.9795570],[177.8150733,53.8499913],[178.0299783,52.7396739],[178.2607045,51.6445190],[178.4970779,50.5612547],[-179.8347484,49.9857145],[-178.1827665,49.4088776],[-176.5497270,48.8324658],[-174.9381831,48.2582625],[-173.4444363,48.7224768],[-171.9156295,49.1823907],[-170.3507956,49.6437740],[-168.7500000,50.1160358],[-168.7500000,51.1382668],[-168.7500000,52.1599288],[-168.7500000,53.1811039],[-168.7500000,54.2018738]]]}},
{"type":"Feature","properties":{"name": "740"},"geometry":{"type":"Polygon","coordinates":[[[166.1548140,-4.7894819],[165.3227025,-4.1921562],[164.4923247,-3.5942839],[163.6634305,-2.9959452],[162.8357708,-2.3972191],[161.7510356,-2.8904172],[160.6090628,-3.3093607],[159.4384787,-3.6418799],[158.2696030,-3.8806166],[157.9523214,-4.8511264],[157.6339997,-5.8218730],[157.3144238,-6.7929032],[156.9933758,-7.7642638],[157.8437274,-8.5248293],[158.7033940,-9.2514147],[159.5679435,-9.9533606],[160.4352876,-10.6369102],[161.6192465,-10.3016555],[162.7953105,-9.9355905],[163.9600789,-9.5399065],[165.1102654,-9.1159969],[165.3933555,-8.0590499],[165.6659930,-6.9883908],[165.9228263,-5.9001950],[166.1548140,-4.7894819]]]}},
{"type":"Feature","properties":{"name": "741"},"geometry":{"type":"Polygon","coordinates":[[[169.9312371,2.4250716],[169.0184376,3.0285434],[168.0889309,3.6271269],[167.1370427,4.2165810],[166.1548140,4.7894819],[165.3227025,4.1921562],[164.4923247,3.5942839],[163.6634305,2.9959452],[162.8357708,2.3972191],[162.9676521,1.2139992],[163.0123979,0.0000000],[162.9676521,-1.2139992],[162.8357708,-2.3972191],[163.6634305,-2.9959452],[164.4923247,-3.5942839],[165.3227025,-4.1921562],[166.1548140,-4.7894819],[167.1370427,-4.2165810],[168.0889309,-3.6271269],[169.0184376,-3.0285434],[169.9312371,-2.4250716],[169.9715668,-1.2141874],[169.9850266,0.0000000],[169.9715668,1.2141874],[169.9312371,2.4250716]]]}},
{"type":"Feature","properties":{"name": "742"},"geometry":{"type":"Polygon","coordinates":[[[172.9047023,9.5383898],[171.8440767,10.0645240],[170.7629785,10.5754323],[169.6626206,11.0699064],[168.5443365,11.5467671],[167.6822312,10.9429677],[166.8228344,10.3367709],[165.9656814,9.7279119],[165.1102654,9.1159969],[165.3933555,8.0590499],[165.6659930,6.9883908],[165.9228263,5.9001950],[166.1548140,4.7894819],[167.1370427,4.2165810],[168.0889309,3.6271269],[169.0184376,3.0285434],[169.9312371,2.4250716],[170.7829463,3.0273991],[171.6342810,3.6280610],[172.4860278,4.2270513],[173.3388400,4.8243585],[173.2571761,6.0173598],[173.1575295,7.2017567],[173.0399991,8.3759469],[172.9047023,9.5383898]]]}},
{"type":"Feature","properties":{"name": "743"},"geometry":{"type":"Polygon","coordinates":[[[175.5866460,16.3014712],[174.4683831,16.8000154],[173.3366398,17.2866272],[172.1919283,17.7606660],[171.0348071,18.2215048],[170.1306572,17.6135738],[169.2316523,17.0024780],[168.3373823,16.3880718],[167.4474341,15.7701508],[167.7282808,14.7233403],[168.0053288,13.6712523],[168.2777443,12.6128166],[168.5443365,11.5467671],[169.6626206,11.0699064],[170.7629785,10.5754323],[171.8440767,10.0645240],[172.9047023,9.5383898],[173.7639730,10.1269692],[174.6275886,10.7141171],[175.4958252,11.2997327],[176.3689625,11.8837122],[176.1872694,13.0002696],[175.9949778,14.1080727],[175.7942125,15.2081583],[175.5866460,16.3014712]]]}},
{"type":"Feature","properties":{"name": "744"},"geometry":{"type":"Polygon","coordinates":[[[178.5018836,22.9758657],[177.3424541,23.4702372],[176.1711817,23.9547013],[174.9882643,24.4287910],[173.7939292,24.8920454],[172.8306938,24.2844024],[171.8757113,23.6729778],[170.9285419,23.0577461],[169.9887525,22.4386488],[170.2537944,21.3881251],[170.5166311,20.3354447],[170.7770657,19.2800953],[171.0348071,18.2215048],[172.1919283,17.7606660],[173.3366398,17.2866272],[174.4683831,16.8000154],[175.5866460,16.3014712],[176.4906085,16.8862646],[177.4010041,17.4687359],[178.3181822,18.0487892],[179.2424940,18.6263184],[179.0613069,19.7192654],[178.8770267,20.8081423],[178.6903580,21.8935044],[178.5018836,22.9758657]]]}},
{"type":"Feature","properties":{"name": "745"},"geometry":{"type":"Polygon","coordinates":[[[-178.0006078,29.5197977],[-179.2185586,30.0317633],[179.5498783,30.5354387],[178.3048028,31.0303208],[177.0463467,31.5159095],[175.9752641,30.9370698],[174.9198542,30.3479898],[173.8797436,29.7486175],[172.8545574,29.1389307],[173.0910991,28.0779792],[173.3265376,27.0167365],[173.5608386,25.9548755],[173.7939292,24.8920454],[174.9882643,24.4287910],[176.1711817,23.9547013],[177.3424541,23.4702372],[178.5018836,22.9758657],[179.4705971,23.5560500],[-179.5514646,24.1328167],[-178.5638792,24.7060391],[-177.5662196,25.2755771],[-177.6688745,26.3402340],[-177.7753797,27.4023902],[-177.8858993,28.4621943],[-178.0006078,29.5197977]]]}},
{"type":"Feature","properties":{"name": "746"},"geometry":{"type":"Polygon","coordinates":[[[-173.7771063,35.8016195],[-175.0793784,36.3397732],[-176.3996920,36.8729503],[-177.7378905,37.4004219],[-179.0937675,37.9214605],[179.7108212,37.3880678],[178.5356201,36.8443480],[177.3801577,36.2900348],[176.2439638,35.7249513],[176.4559237,34.6740395],[176.6601017,33.6223888],[176.8568088,32.5697544],[177.0463467,31.5159095],[178.3048028,31.0303208],[179.5498783,30.5354387],[-179.2185586,30.0317633],[-178.0006078,29.5197977],[-176.8988658,30.0560953],[-175.7819739,30.5840396],[-174.6496792,31.1041208],[-173.5017472,31.6169477],[-173.5665803,32.6659009],[-173.6339959,33.7129087],[-173.7041248,34.7581030],[-173.7771063,35.8016195]]]}},
{"type":"Feature","properties":{"name": "747"},"geometry":{"type":"Polygon","coordinates":[[[-168.7500000,41.9076968],[-170.1462526,42.4541953],[-171.5676121,43.0039371],[-173.0135924,43.5557414],[-174.4835935,44.1084040],[-175.8476347,43.6212650],[-177.1850390,43.1256597],[-178.4964941,42.6203689],[-179.7826870,42.1045430],[-179.6001010,41.0583984],[-179.4245956,40.0127349],[-179.2559089,38.9671939],[-179.0937675,37.9214605],[-177.7378905,37.4004219],[-176.3996920,36.8729503],[-175.0793784,36.3397732],[-173.7771063,35.8016195],[-172.5489345,36.3009066],[-171.3017832,36.7949912],[-170.0354912,37.2854464],[-168.7500000,37.7742752],[-168.7500000,38.8099451],[-168.7500000,39.8440114],[-168.7500000,40.8765653],[-168.7500000,41.9076968]]]}},
{"type":"Feature","properties":{"name": "748"},"geometry":{"type":"Polygon","coordinates":[[[-162.5618169,48.2582625],[-164.0555637,48.7224768],[-165.5843705,49.1823907],[-167.1492044,49.6437740],[-168.7500000,50.1160358],[-170.3507956,49.6437740],[-171.9156295,49.1823907],[-173.4444363,48.7224768],[-174.9381831,48.2582625],[-174.8172640,47.2190575],[-174.7012527,46.1813740],[-174.5900779,45.1446408],[-174.4835935,44.1084040],[-173.0135924,43.5557414],[-171.5676121,43.0039371],[-170.1462526,42.4541953],[-168.7500000,41.9076968],[-167.3537474,42.4541953],[-165.9323879,43.0039371],[-164.4864076,43.5557414],[-163.0164065,44.1084040],[-162.9099221,45.1446408],[-162.7987473,46.1813740],[-162.6827360,47.2190575],[-162.5618169,48.2582625]]]}},
{"type":"Feature","properties":{"name": "749"},"geometry":{"type":"Polygon","coordinates":[[[168.5443365,-11.5467671],[167.6822312,-10.9429677],[166.8228344,-10.3367709],[165.9656814,-9.7279119],[165.1102654,-9.1159969],[163.9600789,-9.5399065],[162.7953105,-9.9355905],[161.6192465,-10.3016555],[160.4352876,-10.6369102],[160.1160832,-11.6311284],[159.7951546,-12.6234337],[159.4723601,-13.6144061],[159.1475137,-14.6044961],[160.0264126,-15.2997583],[160.9094227,-15.9836028],[161.7963847,-16.6577392],[162.6873256,-17.3235066],[163.8902708,-16.9633847],[165.0854013,-16.5840551],[166.2715086,-16.1860995],[167.4474341,-15.7701508],[167.7282808,-14.7233403],[168.0053288,-13.6712523],[168.2777443,-12.6128166],[168.5443365,-11.5467671]]]}},
{"type":"Feature","properties":{"name": "750"},"geometry":{"type":"Polygon","coordinates":[[[173.3388400,-4.8243585],[172.4860278,-4.2270513],[171.6342810,-3.6280610],[170.7829463,-3.0273991],[169.9312371,-2.4250716],[169.0184376,-3.0285434],[168.0889309,-3.6271269],[167.1370427,-4.2165810],[166.1548140,-4.7894819],[165.9228263,-5.9001950],[165.6659930,-6.9883908],[165.3933555,-8.0590499],[165.1102654,-9.1159969],[165.9656814,-9.7279119],[166.8228344,-10.3367709],[167.6822312,-10.9429677],[168.5443365,-11.5467671],[169.6626206,-11.0699064],[170.7629785,-10.5754323],[171.8440767,-10.0645240],[172.9047023,-9.5383898],[173.0399991,-8.3759469],[173.1575295,-7.2017567],[173.2571761,-6.0173598],[173.3388400,-4.8243585]]]}},
{"type":"Feature","properties":{"name": "751"},"geometry":{"type":"Polygon","coordinates":[[[176.9716810,2.4099331],[176.0741882,3.0145384],[175.1706677,3.6190354],[174.2595218,4.2226579],[173.3388400,4.8243585],[172.4860278,4.2270513],[171.6342810,3.6280610],[170.7829463,3.0273991],[169.9312371,2.4250716],[169.9715668,1.2141874],[169.9850266,0.0000000],[169.9715668,-1.2141874],[169.9312371,-2.4250716],[170.7829463,-3.0273991],[171.6342810,-3.6280610],[172.4860278,-4.2270513],[173.3388400,-4.8243585],[174.2595218,-4.2226579],[175.1706677,-3.6190354],[176.0741882,-3.0145384],[176.9716810,-2.4099331],[176.9904768,-1.2054951],[176.9967415,0.0000000],[176.9904768,1.2054951],[176.9716810,2.4099331]]]}},
{"type":"Feature","properties":{"name": "752"},"geometry":{"type":"Polygon","coordinates":[[[-179.7434747,9.5377982],[179.3037533,10.1327443],[178.3395160,10.7231915],[177.3619568,11.3075267],[176.3689625,11.8837122],[175.4958252,11.2997327],[174.6275886,10.7141171],[173.7639730,10.1269692],[172.9047023,9.5383898],[173.0399991,8.3759469],[173.1575295,7.2017567],[173.2571761,6.0173598],[173.3388400,4.8243585],[174.2595218,4.2226579],[175.1706677,3.6190354],[176.0741882,3.0145384],[176.9716810,2.4099331],[177.8417302,3.0080822],[178.7125344,3.6042628],[179.5846848,4.1983869],[-179.5412817,4.7903727],[-179.5790795,5.9829075],[-179.6253480,7.1720893],[-179.6801297,8.3572667],[-179.7434747,9.5377982]]]}},
{"type":"Feature","properties":{"name": "753"},"geometry":{"type":"Polygon","coordinates":[[[-176.4346571,16.4830422],[-177.4951383,17.0306947],[-178.5692040,17.5708217],[-179.6567156,18.1028786],[179.2424940,18.6263184],[178.3181822,18.0487892],[177.4010041,17.4687359],[176.4906085,16.8862646],[175.5866460,16.3014712],[175.7942125,15.2081583],[175.9949778,14.1080727],[176.1872694,13.0002696],[176.3689625,11.8837122],[177.3619568,11.3075267],[178.3395160,10.7231915],[179.3037533,10.1327443],[-179.7434747,9.5377982],[-178.8610940,10.1179462],[-177.9736480,10.6958196],[-177.0808145,11.2713207],[-176.1822732,11.8443460],[-176.2370347,13.0116388],[-176.2972985,14.1741179],[-176.3631437,15.3313828],[-176.4346571,16.4830422]]]}},
{"type":"Feature","properties":{"name": "754"},"geometry":{"type":"Polygon","coordinates":[[[-173.0629658,23.1400807],[-174.1707908,23.6843305],[-175.2905846,24.2219479],[-176.4223871,24.7525065],[-177.5662196,25.2755771],[-178.5638792,24.7060391],[-179.5514646,24.1328167],[179.4705971,23.5560500],[178.5018836,22.9758657],[178.6903580,21.8935044],[178.8770267,20.8081423],[179.0613069,19.7192654],[179.2424940,18.6263184],[-179.6567156,18.1028786],[-178.5692040,17.5708217],[-177.4951383,17.0306947],[-176.4346571,16.4830422],[-175.5041651,17.0470274],[-174.5657464,17.6081258],[-173.6190722,18.1661857],[-172.6638088,18.7210492],[-172.7604047,19.8315375],[-172.8597664,20.9379038],[-172.9609089,22.0406064],[-173.0629658,23.1400807]]]}},
{"type":"Feature","properties":{"name": "755"},"geometry":{"type":"Polygon","coordinates":[[[-168.7500000,29.4197863],[-169.9144055,29.9747716],[-171.0944588,30.5263463],[-172.2902256,31.0739333],[-173.5017472,31.6169477],[-174.6496792,31.1041208],[-175.7819739,30.5840396],[-176.8988658,30.0560953],[-178.0006078,29.5197977],[-177.8858993,28.4621943],[-177.7753797,27.4023902],[-177.6688745,26.3402340],[-177.5662196,25.2755771],[-176.4223871,24.7525065],[-175.2905846,24.2219479],[-174.1707908,23.6843305],[-173.0629658,23.1400807],[-172.0023778,23.6599922],[-170.9300886,24.1738018],[-169.8459900,24.6821960],[-168.7500000,25.1859844],[-168.7500000,26.2485547],[-168.7500000,27.3083040],[-168.7500000,28.3653446],[-168.7500000,29.4197863]]]}},
{"type":"Feature","properties":{"name": "756"},"geometry":{"type":"Polygon","coordinates":[[[-163.7228937,35.8016195],[-164.9510655,36.3009066],[-166.1982168,36.7949912],[-167.4645088,37.2854464],[-168.7500000,37.7742752],[-170.0354912,37.2854464],[-171.3017832,36.7949912],[-172.5489345,36.3009066],[-173.7771063,35.8016195],[-173.7041248,34.7581030],[-173.6339959,33.7129087],[-173.5665803,32.6659009],[-173.5017472,31.6169477],[-172.2902256,31.0739333],[-171.0944588,30.5263463],[-169.9144055,29.9747716],[-168.7500000,29.4197863],[-167.5855945,29.9747716],[-166.4055412,30.5263463],[-165.2097744,31.0739333],[-163.9982528,31.6169477],[-163.9334197,32.6659009],[-163.8660041,33.7129087],[-163.7958752,34.7581030],[-163.7228937,35.8016195]]]}},
{"type":"Feature","properties":{"name": "757"},"geometry":{"type":"Polygon","coordinates":[[[-157.7173130,42.1045430],[-159.0035059,42.6203689],[-160.3149610,43.1256597],[-161.6523653,43.6212650],[-163.0164065,44.1084040],[-164.4864076,43.5557414],[-165.9323879,43.0039371],[-167.3537474,42.4541953],[-168.7500000,41.9076968],[-168.7500000,40.8765653],[-168.7500000,39.8440114],[-168.7500000,38.8099451],[-168.7500000,37.7742752],[-167.4645088,37.2854464],[-166.1982168,36.7949912],[-164.9510655,36.3009066],[-163.7228937,35.8016195],[-162.4206216,36.3397732],[-161.1003080,36.8729503],[-159.7621095,37.4004219],[-158.4062325,37.9214605],[-158.2440911,38.9671939],[-158.0754044,40.0127349],[-157.8998990,41.0583984],[-157.7173130,42.1045430]]]}},
{"type":"Feature","properties":{"name": "758"},"geometry":{"type":"Polygon","coordinates":[[[171.0348071,-18.2215048],[170.1306572,-17.6135738],[169.2316523,-17.0024780],[168.3373823,-16.3880718],[167.4474341,-15.7701508],[166.2715086,-16.1860995],[165.0854013,-16.5840551],[163.8902708,-16.9633847],[162.6873256,-17.3235066],[162.3726621,-18.3351103],[162.0555176,-19.3456121],[161.7357329,-20.3553815],[161.4131140,-21.3647385],[162.3258336,-22.0437578],[163.2448488,-22.7158145],[164.1704080,-23.3814883],[165.1028099,-24.0412514],[166.3378153,-23.6621810],[167.5641925,-23.2684374],[168.7813549,-22.8604447],[169.9887525,-22.4386488],[170.2537944,-21.3881251],[170.5166311,-20.3354447],[170.7770657,-19.2800953],[171.0348071,-18.2215048]]]}},
{"type":"Feature","properties":{"name": "759"},"geometry":{"type":"Polygon","coordinates":[[[176.3689625,-11.8837122],[175.4958252,-11.2997327],[174.6275886,-10.7141171],[173.7639730,-10.1269692],[172.9047023,-9.5383898],[171.8440767,-10.0645240],[170.7629785,-10.5754323],[169.6626206,-11.0699064],[168.5443365,-11.5467671],[168.2777443,-12.6128166],[168.0053288,-13.6712523],[167.7282808,-14.7233403],[167.4474341,-15.7701508],[168.3373823,-16.3880718],[169.2316523,-17.0024780],[170.1306572,-17.6135738],[171.0348071,-18.2215048],[172.1919283,-17.7606660],[173.3366398,-17.2866272],[174.4683831,-16.8000154],[175.5866460,-16.3014712],[175.7942125,-15.2081583],[175.9949778,-14.1080727],[176.1872694,-13.0002696],[176.3689625,-11.8837122]]]}},
{"type":"Feature","properties":{"name": "760"},"geometry":{"type":"Polygon","coordinates":[[[-179.5412817,-4.7903727],[179.5846848,-4.1983869],[178.7125344,-3.6042628],[177.8417302,-3.0080822],[176.9716810,-2.4099331],[176.0741882,-3.0145384],[175.1706677,-3.6190354],[174.2595218,-4.2226579],[173.3388400,-4.8243585],[173.2571761,-6.0173598],[173.1575295,-7.2017567],[173.0399991,-8.3759469],[172.9047023,-9.5383898],[173.7639730,-10.1269692],[174.6275886,-10.7141171],[175.4958252,-11.2997327],[176.3689625,-11.8837122],[177.3619568,-11.3075267],[178.3395160,-10.7231915],[179.3037533,-10.1327443],[-179.7434747,-9.5377982],[-179.6801297,-8.3572667],[-179.6253480,-7.1720893],[-179.5790795,-5.9829075],[-179.5412817,-4.7903727]]]}},
{"type":"Feature","properties":{"name": "761"},"geometry":{"type":"Polygon","coordinates":[[[-175.9350982,2.3832748],[-176.8326374,2.9834889],[-177.7322704,3.5849704],[-178.6348398,4.1873954],[-179.5412817,4.7903727],[179.5846848,4.1983869],[178.7125344,3.6042628],[177.8417302,3.0080822],[176.9716810,2.4099331],[176.9904768,1.2054951],[176.9967415,0.0000000],[176.9904768,-1.2054951],[176.9716810,-2.4099331],[177.8417302,-3.0080822],[178.7125344,-3.6042628],[179.5846848,-4.1983869],[-179.5412817,-4.7903727],[-178.6348398,-4.1873954],[-177.7322704,-3.5849704],[-176.8326374,-2.9834889],[-175.9350982,-2.3832748],[-175.9274572,-1.1918646],[-175.9249113,0.0000000],[-175.9274572,1.1918646],[-175.9350982,2.3832748]]]}},
{"type":"Feature","properties":{"name": "762"},"geometry":{"type":"Polygon","coordinates":[[[-172.4276718,9.4394224],[-173.3568005,10.0421615],[-174.2915800,10.6443249],[-175.2330315,11.2452962],[-176.1822732,11.8443460],[-177.0808145,11.2713207],[-177.9736480,10.6958196],[-178.8610940,10.1179462],[-179.7434747,9.5377982],[-179.6801297,8.3572667],[-179.6253480,7.1720893],[-179.5790795,5.9829075],[-179.5412817,4.7903727],[-178.6348398,4.1873954],[-177.7322704,3.5849704],[-176.8326374,2.9834889],[-175.9350982,2.3832748],[-175.0476283,2.9736449],[-174.1580093,3.5615874],[-173.2657646,4.1469912],[-172.3704426,4.7297485],[-172.3811192,5.9098263],[-172.3942020,7.0883364],[-172.4097115,8.2649703],[-172.4276718,9.4394224]]]}},
{"type":"Feature","properties":{"name": "763"},"geometry":{"type":"Polygon","coordinates":[[[-168.7500000,16.3250926],[-169.7140812,16.9287317],[-170.6869742,17.5298486],[-171.6698102,18.1276093],[-172.6638088,18.7210492],[-173.6190722,18.1661857],[-174.5657464,17.6081258],[-175.5041651,17.0470274],[-176.4346571,16.4830422],[-176.3631437,15.3313828],[-176.2972985,14.1741179],[-176.2370347,13.0116388],[-176.1822732,11.8443460],[-175.2330315,11.2452962],[-174.2915800,10.6443249],[-173.3568005,10.0421615],[-172.4276718,9.4394224],[-171.5174196,10.0083485],[-170.6012862,10.5742227],[-169.6789269,11.1369289],[-168.7500000,11.6963456],[-168.7500000,12.8573845],[-168.7500000,14.0159941],[-168.7500000,15.1719655],[-168.7500000,16.3250926]]]}},
{"type":"Feature","properties":{"name": "764"},"geometry":{"type":"Polygon","coordinates":[[[-164.4370342,23.1400807],[-165.4976222,23.6599922],[-166.5699114,24.1738018],[-167.6540100,24.6821960],[-168.7500000,25.1859844],[-169.8459900,24.6821960],[-170.9300886,24.1738018],[-172.0023778,23.6599922],[-173.0629658,23.1400807],[-172.9609089,22.0406064],[-172.8597664,20.9379038],[-172.7604047,19.8315375],[-172.6638088,18.7210492],[-171.6698102,18.1276093],[-170.6869742,17.5298486],[-169.7140812,16.9287317],[-168.7500000,16.3250926],[-167.7859188,16.9287317],[-166.8130258,17.5298486],[-165.8301898,18.1276093],[-164.8361912,18.7210492],[-164.7395953,19.8315375],[-164.6402336,20.9379038],[-164.5390911,22.0406064],[-164.4370342,23.1400807]]]}},
{"type":"Feature","properties":{"name": "765"},"geometry":{"type":"Polygon","coordinates":[[[-159.4993922,29.5197977],[-160.6011342,30.0560953],[-161.7180261,30.5840396],[-162.8503208,31.1041208],[-163.9982528,31.6169477],[-165.2097744,31.0739333],[-166.4055412,30.5263463],[-167.5855945,29.9747716],[-168.7500000,29.4197863],[-168.7500000,28.3653446],[-168.7500000,27.3083040],[-168.7500000,26.2485547],[-168.7500000,25.1859844],[-167.6540100,24.6821960],[-166.5699114,24.1738018],[-165.4976222,23.6599922],[-164.4370342,23.1400807],[-163.3292092,23.6843305],[-162.2094154,24.2219479],[-161.0776129,24.7525065],[-159.9337804,25.2755771],[-159.8311255,26.3402340],[-159.7246203,27.4023902],[-159.6141007,28.4621943],[-159.4993922,29.5197977]]]}},
{"type":"Feature","properties":{"name": "766"},"geometry":{"type":"Polygon","coordinates":[[[-153.7439638,35.7249513],[-154.8801577,36.2900348],[-156.0356201,36.8443480],[-157.2108212,37.3880678],[-158.4062325,37.9214605],[-159.7621095,37.4004219],[-161.1003080,36.8729503],[-162.4206216,36.3397732],[-163.7228937,35.8016195],[-163.7958752,34.7581030],[-163.8660041,33.7129087],[-163.9334197,32.6659009],[-163.9982528,31.6169477],[-162.8503208,31.1041208],[-161.7180261,30.5840396],[-160.6011342,30.0560953],[-159.4993922,29.5197977],[-158.2814414,30.0317633],[-157.0498783,30.5354387],[-155.8048028,31.0303208],[-154.5463467,31.5159095],[-154.3568088,32.5697544],[-154.1601017,33.6223888],[-153.9559237,34.6740395],[-153.7439638,35.7249513]]]}},
{"type":"Feature","properties":{"name": "767"},"geometry":{"type":"Polygon","coordinates":[[[173.7939292,-24.8920454],[172.8306938,-24.2844024],[171.8757113,-23.6729778],[170.9285419,-23.0577461],[169.9887525,-22.4386488],[168.7813549,-22.8604447],[167.5641925,-23.2684374],[166.3378153,-23.6621810],[165.1028099,-24.0412514],[164.7982287,-25.0696812],[164.4907219,-26.0980763],[164.1800752,-27.1266970],[163.8660458,-28.1557813],[164.8326357,-28.8282832],[165.8089396,-29.4951372],[166.7953904,-30.1565437],[167.7924510,-30.8126538],[169.0738360,-30.4125710],[170.3448426,-30.0000000],[171.6051718,-29.5753225],[172.8545574,-29.1389307],[173.0910991,-28.0779792],[173.3265376,-27.0167365],[173.5608386,-25.9548755],[173.7939292,-24.8920454]]]}},
{"type":"Feature","properties":{"name": "768"},"geometry":{"type":"Polygon","coordinates":[[[179.2424940,-18.6263184],[178.3181822,-18.0487892],[177.4010041,-17.4687359],[176.4906085,-16.8862646],[175.5866460,-16.3014712],[174.4683831,-16.8000154],[173.3366398,-17.2866272],[172.1919283,-17.7606660],[171.0348071,-18.2215048],[170.7770657,-19.2800953],[170.5166311,-20.3354447],[170.2537944,-21.3881251],[169.9887525,-22.4386488],[170.9285419,-23.0577461],[171.8757113,-23.6729778],[172.8306938,-24.2844024],[173.7939292,-24.8920454],[174.9882643,-24.4287910],[176.1711817,-23.9547013],[177.3424541,-23.4702372],[178.5018836,-22.9758657],[178.6903580,-21.8935044],[178.8770267,-20.8081423],[179.0613069,-19.7192654],[179.2424940,-18.6263184]]]}},
{"type":"Feature","properties":{"name": "769"},"geometry":{"type":"Polygon","coordinates":[[[-176.1822732,-11.8443460],[-177.0808145,-11.2713207],[-177.9736480,-10.6958196],[-178.8610940,-10.1179462],[-179.7434747,-9.5377982],[179.3037533,-10.1327443],[178.3395160,-10.7231915],[177.3619568,-11.3075267],[176.3689625,-11.8837122],[176.1872694,-13.0002696],[175.9949778,-14.1080727],[175.7942125,-15.2081583],[175.5866460,-16.3014712],[176.4906085,-16.8862646],[177.4010041,-17.4687359],[178.3181822,-18.0487892],[179.2424940,-18.6263184],[-179.6567156,-18.1028786],[-178.5692040,-17.5708217],[-177.4951383,-17.0306947],[-176.4346571,-16.4830422],[-176.3631437,-15.3313828],[-176.2972985,-14.1741179],[-176.2370347,-13.0116388],[-176.1822732,-11.8443460]]]}},
{"type":"Feature","properties":{"name": "770"},"geometry":{"type":"Polygon","coordinates":[[[-172.3704426,-4.7297485],[-173.2657646,-4.1469912],[-174.1580093,-3.5615874],[-175.0476283,-2.9736449],[-175.9350982,-2.3832748],[-176.8326374,-2.9834889],[-177.7322704,-3.5849704],[-178.6348398,-4.1873954],[-179.5412817,-4.7903727],[-179.5790795,-5.9829075],[-179.6253480,-7.1720893],[-179.6801297,-8.3572667],[-179.7434747,-9.5377982],[-178.8610940,-10.1179462],[-177.9736480,-10.6958196],[-177.0808145,-11.2713207],[-176.1822732,-11.8443460],[-175.2330315,-11.2452962],[-174.2915800,-10.6443249],[-173.3568005,-10.0421615],[-172.4276718,-9.4394224],[-172.4097115,-8.2649703],[-172.3942020,-7.0883364],[-172.3811192,-5.9098263],[-172.3704426,-4.7297485]]]}},
{"type":"Feature","properties":{"name": "771"},"geometry":{"type":"Polygon","coordinates":[[[-168.7500000,2.3464631],[-169.6550073,2.9392954],[-170.5596849,3.5342611],[-171.4646207,4.1311550],[-172.3704426,4.7297485],[-173.2657646,4.1469912],[-174.1580093,3.5615874],[-175.0476283,2.9736449],[-175.9350982,2.3832748],[-175.9274572,1.1918646],[-175.9249113,0.0000000],[-175.9274572,-1.1918646],[-175.9350982,-2.3832748],[-175.0476283,-2.9736449],[-174.1580093,-3.5615874],[-173.2657646,-4.1469912],[-172.3704426,-4.7297485],[-171.4646207,-4.1311550],[-170.5596849,-3.5342611],[-169.6550073,-2.9392954],[-168.7500000,-2.3464631],[-168.7500000,-1.1733446],[-168.7500000,0.0000000],[-168.7500000,1.1733446],[-168.7500000,2.3464631]]]}},
{"type":"Feature","properties":{"name": "772"},"geometry":{"type":"Polygon","coordinates":[[[-165.0723282,9.4394224],[-165.9825804,10.0083485],[-166.8987138,10.5742227],[-167.8210731,11.1369289],[-168.7500000,11.6963456],[-169.6789269,11.1369289],[-170.6012862,10.5742227],[-171.5174196,10.0083485],[-172.4276718,9.4394224],[-172.4097115,8.2649703],[-172.3942020,7.0883364],[-172.3811192,5.9098263],[-172.3704426,4.7297485],[-171.4646207,4.1311550],[-170.5596849,3.5342611],[-169.6550073,2.9392954],[-168.7500000,2.3464631],[-167.8449927,2.9392954],[-166.9403151,3.5342611],[-166.0353793,4.1311550],[-165.1295574,4.7297485],[-165.1188808,5.9098263],[-165.1057980,7.0883364],[-165.0902885,8.2649703],[-165.0723282,9.4394224]]]}},
{"type":"Feature","properties":{"name": "773"},"geometry":{"type":"Polygon","coordinates":[[[-161.0653429,16.4830422],[-161.9958349,17.0470274],[-162.9342536,17.6081258],[-163.8809278,18.1661857],[-164.8361912,18.7210492],[-165.8301898,18.1276093],[-166.8130258,17.5298486],[-167.7859188,16.9287317],[-168.7500000,16.3250926],[-168.7500000,15.1719655],[-168.7500000,14.0159941],[-168.7500000,12.8573845],[-168.7500000,11.6963456],[-167.8210731,11.1369289],[-166.8987138,10.5742227],[-165.9825804,10.0083485],[-165.0723282,9.4394224],[-164.1431995,10.0421615],[-163.2084200,10.6443249],[-162.2669685,11.2452962],[-161.3177268,11.8443460],[-161.2629653,13.0116388],[-161.2027015,14.1741179],[-161.1368563,15.3313828],[-161.0653429,16.4830422]]]}},
{"type":"Feature","properties":{"name": "774"},"geometry":{"type":"Polygon","coordinates":[[[-156.0018836,22.9758657],[-156.9705971,23.5560500],[-157.9485354,24.1328167],[-158.9361208,24.7060391],[-159.9337804,25.2755771],[-161.0776129,24.7525065],[-162.2094154,24.2219479],[-163.3292092,23.6843305],[-164.4370342,23.1400807],[-164.5390911,22.0406064],[-164.6402336,20.9379038],[-164.7395953,19.8315375],[-164.8361912,18.7210492],[-163.8809278,18.1661857],[-162.9342536,17.6081258],[-161.9958349,17.0470274],[-161.0653429,16.4830422],[-160.0048617,17.0306947],[-158.9307960,17.5708217],[-157.8432844,18.1028786],[-156.7424940,18.6263184],[-156.5613069,19.7192654],[-156.3770267,20.8081423],[-156.1903580,21.8935044],[-156.0018836,22.9758657]]]}},
{"type":"Feature","properties":{"name": "775"},"geometry":{"type":"Polygon","coordinates":[[[-150.3545574,29.1389307],[-151.3797436,29.7486175],[-152.4198542,30.3479898],[-153.4752641,30.9370698],[-154.5463467,31.5159095],[-155.8048028,31.0303208],[-157.0498783,30.5354387],[-158.2814414,30.0317633],[-159.4993922,29.5197977],[-159.6141007,28.4621943],[-159.7246203,27.4023902],[-159.8311255,26.3402340],[-159.9337804,25.2755771],[-158.9361208,24.7060391],[-157.9485354,24.1328167],[-156.9705971,23.5560500],[-156.0018836,22.9758657],[-154.8424541,23.4702372],[-153.6711817,23.9547013],[-152.4882643,24.4287910],[-151.2939292,24.8920454],[-151.0608386,25.9548755],[-150.8265376,27.0167365],[-150.5910991,28.0779792],[-150.3545574,29.1389307]]]}},
{"type":"Feature","properties":{"name": "776"},"geometry":{"type":"Polygon","coordinates":[[[177.0463467,-31.5159095],[175.9752641,-30.9370698],[174.9198542,-30.3479898],[173.8797436,-29.7486175],[172.8545574,-29.1389307],[171.6051718,-29.5753225],[170.3448426,-30.0000000],[169.0738360,-30.4125710],[167.7924510,-30.8126538],[167.4918159,-31.8628008],[167.1805247,-32.9119497],[166.8582141,-33.9603702],[166.5245221,-35.0083553],[167.5556832,-35.6631935],[168.6049583,-36.3068918],[169.6728930,-36.9392897],[170.7600381,-37.5602339],[172.1516593,-37.1182050],[173.5298004,-36.6646237],[174.8940293,-36.2000227],[176.2439638,-35.7249513],[176.4559237,-34.6740395],[176.6601017,-33.6223888],[176.8568088,-32.5697544],[177.0463467,-31.5159095]]]}},
{"type":"Feature","properties":{"name": "777"},"geometry":{"type":"Polygon","coordinates":[[[-177.5662196,-25.2755771],[-178.5638792,-24.7060391],[-179.5514646,-24.1328167],[179.4705971,-23.5560500],[178.5018836,-22.9758657],[177.3424541,-23.4702372],[176.1711817,-23.9547013],[174.9882643,-24.4287910],[173.7939292,-24.8920454],[173.5608386,-25.9548755],[173.3265376,-27.0167365],[173.0910991,-28.0779792],[172.8545574,-29.1389307],[173.8797436,-29.7486175],[174.9198542,-30.3479898],[175.9752641,-30.9370698],[177.0463467,-31.5159095],[178.3048028,-31.0303208],[179.5498783,-30.5354387],[-179.2185586,-30.0317633],[-178.0006078,-29.5197977],[-177.8858993,-28.4621943],[-177.7753797,-27.4023902],[-177.6688745,-26.3402340],[-177.5662196,-25.2755771]]]}},
{"type":"Feature","properties":{"name": "778"},"geometry":{"type":"Polygon","coordinates":[[[-172.6638088,-18.7210492],[-173.6190722,-18.1661857],[-174.5657464,-17.6081258],[-175.5041651,-17.0470274],[-176.4346571,-16.4830422],[-177.4951383,-17.0306947],[-178.5692040,-17.5708217],[-179.6567156,-18.1028786],[179.2424940,-18.6263184],[179.0613069,-19.7192654],[178.8770267,-20.8081423],[178.6903580,-21.8935044],[178.5018836,-22.9758657],[179.4705971,-23.5560500],[-179.5514646,-24.1328167],[-178.5638792,-24.7060391],[-177.5662196,-25.2755771],[-176.4223871,-24.7525065],[-175.2905846,-24.2219479],[-174.1707908,-23.6843305],[-173.0629658,-23.1400807],[-172.9609089,-22.0406064],[-172.8597664,-20.9379038],[-172.7604047,-19.8315375],[-172.6638088,-18.7210492]]]}},
{"type":"Feature","properties":{"name": "779"},"geometry":{"type":"Polygon","coordinates":[[[-168.7500000,-11.6963456],[-169.6789269,-11.1369289],[-170.6012862,-10.5742227],[-171.5174196,-10.0083485],[-172.4276718,-9.4394224],[-173.3568005,-10.0421615],[-174.2915800,-10.6443249],[-175.2330315,-11.2452962],[-176.1822732,-11.8443460],[-176.2370347,-13.0116388],[-176.2972985,-14.1741179],[-176.3631437,-15.3313828],[-176.4346571,-16.4830422],[-175.5041651,-17.0470274],[-174.5657464,-17.6081258],[-173.6190722,-18.1661857],[-172.6638088,-18.7210492],[-171.6698102,-18.1276093],[-170.6869742,-17.5298486],[-169.7140812,-16.9287317],[-168.7500000,-16.3250926],[-168.7500000,-15.1719655],[-168.7500000,-14.0159941],[-168.7500000,-12.8573845],[-168.7500000,-11.6963456]]]}},
{"type":"Feature","properties":{"name": "780"},"geometry":{"type":"Polygon","coordinates":[[[-165.1295574,-4.7297485],[-166.0353793,-4.1311550],[-166.9403151,-3.5342611],[-167.8449927,-2.9392954],[-168.7500000,-2.3464631],[-169.6550073,-2.9392954],[-170.5596849,-3.5342611],[-171.4646207,-4.1311550],[-172.3704426,-4.7297485],[-172.3811192,-5.9098263],[-172.3942020,-7.0883364],[-172.4097115,-8.2649703],[-172.4276718,-9.4394224],[-171.5174196,-10.0083485],[-170.6012862,-10.5742227],[-169.6789269,-11.1369289],[-168.7500000,-11.6963456],[-167.8210731,-11.1369289],[-166.8987138,-10.5742227],[-165.9825804,-10.0083485],[-165.0723282,-9.4394224],[-165.0902885,-8.2649703],[-165.1057980,-7.0883364],[-165.1188808,-5.9098263],[-165.1295574,-4.7297485]]]}},
{"type":"Feature","properties":{"name": "781"},"geometry":{"type":"Polygon","coordinates":[[[-161.5649018,2.3832748],[-162.4523717,2.9736449],[-163.3419907,3.5615874],[-164.2342354,4.1469912],[-165.1295574,4.7297485],[-166.0353793,4.1311550],[-166.9403151,3.5342611],[-167.8449927,2.9392954],[-168.7500000,2.3464631],[-168.7500000,1.1733446],[-168.7500000,0.0000000],[-168.7500000,-1.1733446],[-168.7500000,-2.3464631],[-167.8449927,-2.9392954],[-166.9403151,-3.5342611],[-166.0353793,-4.1311550],[-165.1295574,-4.7297485],[-164.2342354,-4.1469912],[-163.3419907,-3.5615874],[-162.4523717,-2.9736449],[-161.5649018,-2.3832748],[-161.5725428,-1.1918646],[-161.5750887,0.0000000],[-161.5725428,1.1918646],[-161.5649018,2.3832748]]]}},
{"type":"Feature","properties":{"name": "782"},"geometry":{"type":"Polygon","coordinates":[[[-157.7565253,9.5377982],[-158.6389060,10.1179462],[-159.5263520,10.6958196],[-160.4191855,11.2713207],[-161.3177268,11.8443460],[-162.2669685,11.2452962],[-163.2084200,10.6443249],[-164.1431995,10.0421615],[-165.0723282,9.4394224],[-165.0902885,8.2649703],[-165.1057980,7.0883364],[-165.1188808,5.9098263],[-165.1295574,4.7297485],[-164.2342354,4.1469912],[-163.3419907,3.5615874],[-162.4523717,2.9736449],[-161.5649018,2.3832748],[-160.6673626,2.9834889],[-159.7677296,3.5849704],[-158.8651602,4.1873954],[-157.9587183,4.7903727],[-157.9209205,5.9829075],[-157.8746520,7.1720893],[-157.8198703,8.3572667],[-157.7565253,9.5377982]]]}},
{"type":"Feature","properties":{"name": "783"},"geometry":{"type":"Polygon","coordinates":[[[-153.0866460,16.3014712],[-153.9906085,16.8862646],[-154.9010041,17.4687359],[-155.8181822,18.0487892],[-156.7424940,18.6263184],[-157.8432844,18.1028786],[-158.9307960,17.5708217],[-160.0048617,17.0306947],[-161.0653429,16.4830422],[-161.1368563,15.3313828],[-161.2027015,14.1741179],[-161.2629653,13.0116388],[-161.3177268,11.8443460],[-160.4191855,11.2713207],[-159.5263520,10.6958196],[-158.6389060,10.1179462],[-157.7565253,9.5377982],[-156.8037533,10.1327443],[-155.8395160,10.7231915],[-154.8619568,11.3075267],[-153.8689625,11.8837122],[-153.6872694,13.0002696],[-153.4949778,14.1080727],[-153.2942125,15.2081583],[-153.0866460,16.3014712]]]}},
{"type":"Feature","properties":{"name": "784"},"geometry":{"type":"Polygon","coordinates":[[[-147.4887525,22.4386488],[-148.4285419,23.0577461],[-149.3757113,23.6729778],[-150.3306938,24.2844024],[-151.2939292,24.8920454],[-152.4882643,24.4287910],[-153.6711817,23.9547013],[-154.8424541,23.4702372],[-156.0018836,22.9758657],[-156.1903580,21.8935044],[-156.3770267,20.8081423],[-156.5613069,19.7192654],[-156.7424940,18.6263184],[-155.8181822,18.0487892],[-154.9010041,17.4687359],[-153.9906085,16.8862646],[-153.0866460,16.3014712],[-151.9683831,16.8000154],[-150.8366398,17.2866272],[-149.6919283,17.7606660],[-148.5348071,18.2215048],[-148.2770657,19.2800953],[-148.0166311,20.3354447],[-147.7537944,21.3881251],[-147.4887525,22.4386488]]]}},
{"type":"Feature","properties":{"name": "785"},"geometry":{"type":"Polygon","coordinates":[[[-179.0937675,-37.9214605],[179.7108212,-37.3880678],[178.5356201,-36.8443480],[177.3801577,-36.2900348],[176.2439638,-35.7249513],[174.8940293,-36.2000227],[173.5298004,-36.6646237],[172.1516593,-37.1182050],[170.7600381,-37.5602339],[170.4533384,-38.6118002],[170.1355904,-39.6642836],[169.8065533,-40.7181463],[169.4660626,-41.7739129],[170.6212287,-42.3859788],[171.8001269,-42.9852785],[173.0034530,-43.5715902],[174.2319195,-44.1447190],[175.7544331,-43.6473165],[177.2600196,-43.1409335],[178.7478835,-42.6263918],[-179.7826870,-42.1045430],[-179.6001010,-41.0583984],[-179.4245956,-40.0127349],[-179.2559089,-38.9671939],[-179.0937675,-37.9214605]]]}},
{"type":"Feature","properties":{"name": "786"},"geometry":{"type":"Polygon","coordinates":[[[-173.5017472,-31.6169477],[-174.6496792,-31.1041208],[-175.7819739,-30.5840396],[-176.8988658,-30.0560953],[-178.0006078,-29.5197977],[-179.2185586,-30.0317633],[179.5498783,-30.5354387],[178.3048028,-31.0303208],[177.0463467,-31.5159095],[176.8568088,-32.5697544],[176.6601017,-33.6223888],[176.4559237,-34.6740395],[176.2439638,-35.7249513],[177.3801577,-36.2900348],[178.5356201,-36.8443480],[179.7108212,-37.3880678],[-179.0937675,-37.9214605],[-177.7378905,-37.4004219],[-176.3996920,-36.8729503],[-175.0793784,-36.3397732],[-173.7771063,-35.8016195],[-173.7041248,-34.7581030],[-173.6339959,-33.7129087],[-173.5665803,-32.6659009],[-173.5017472,-31.6169477]]]}},
{"type":"Feature","properties":{"name": "787"},"geometry":{"type":"Polygon","coordinates":[[[-168.7500000,-25.1859844],[-169.8459900,-24.6821960],[-170.9300886,-24.1738018],[-172.0023778,-23.6599922],[-173.0629658,-23.1400807],[-174.1707908,-23.6843305],[-175.2905846,-24.2219479],[-176.4223871,-24.7525065],[-177.5662196,-25.2755771],[-177.6688745,-26.3402340],[-177.7753797,-27.4023902],[-177.8858993,-28.4621943],[-178.0006078,-29.5197977],[-176.8988658,-30.0560953],[-175.7819739,-30.5840396],[-174.6496792,-31.1041208],[-173.5017472,-31.6169477],[-172.2902256,-31.0739333],[-171.0944588,-30.5263463],[-169.9144055,-29.9747716],[-168.7500000,-29.4197863],[-168.7500000,-28.3653446],[-168.7500000,-27.3083040],[-168.7500000,-26.2485547],[-168.7500000,-25.1859844]]]}},
{"type":"Feature","properties":{"name": "788"},"geometry":{"type":"Polygon","coordinates":[[[-164.8361912,-18.7210492],[-165.8301898,-18.1276093],[-166.8130258,-17.5298486],[-167.7859188,-16.9287317],[-168.7500000,-16.3250926],[-169.7140812,-16.9287317],[-170.6869742,-17.5298486],[-171.6698102,-18.1276093],[-172.6638088,-18.7210492],[-172.7604047,-19.8315375],[-172.8597664,-20.9379038],[-172.9609089,-22.0406064],[-173.0629658,-23.1400807],[-172.0023778,-23.6599922],[-170.9300886,-24.1738018],[-169.8459900,-24.6821960],[-168.7500000,-25.1859844],[-167.6540100,-24.6821960],[-166.5699114,-24.1738018],[-165.4976222,-23.6599922],[-164.4370342,-23.1400807],[-164.5390911,-22.0406064],[-164.6402336,-20.9379038],[-164.7395953,-19.8315375],[-164.8361912,-18.7210492]]]}},
{"type":"Feature","properties":{"name": "789"},"geometry":{"type":"Polygon","coordinates":[[[-161.3177268,-11.8443460],[-162.2669685,-11.2452962],[-163.2084200,-10.6443249],[-164.1431995,-10.0421615],[-165.0723282,-9.4394224],[-165.9825804,-10.0083485],[-166.8987138,-10.5742227],[-167.8210731,-11.1369289],[-168.7500000,-11.6963456],[-168.7500000,-12.8573845],[-168.7500000,-14.0159941],[-168.7500000,-15.1719655],[-168.7500000,-16.3250926],[-167.7859188,-16.9287317],[-166.8130258,-17.5298486],[-165.8301898,-18.1276093],[-164.8361912,-18.7210492],[-163.8809278,-18.1661857],[-162.9342536,-17.6081258],[-161.9958349,-17.0470274],[-161.0653429,-16.4830422],[-161.1368563,-15.3313828],[-161.2027015,-14.1741179],[-161.2629653,-13.0116388],[-161.3177268,-11.8443460]]]}},
{"type":"Feature","properties":{"name": "790"},"geometry":{"type":"Polygon","coordinates":[[[-157.9587183,-4.7903727],[-158.8651602,-4.1873954],[-159.7677296,-3.5849704],[-160.6673626,-2.9834889],[-161.5649018,-2.3832748],[-162.4523717,-2.9736449],[-163.3419907,-3.5615874],[-164.2342354,-4.1469912],[-165.1295574,-4.7297485],[-165.1188808,-5.9098263],[-165.1057980,-7.0883364],[-165.0902885,-8.2649703],[-165.0723282,-9.4394224],[-164.1431995,-10.0421615],[-163.2084200,-10.6443249],[-162.2669685,-11.2452962],[-161.3177268,-11.8443460],[-160.4191855,-11.2713207],[-159.5263520,-10.6958196],[-158.6389060,-10.1179462],[-157.7565253,-9.5377982],[-157.8198703,-8.3572667],[-157.8746520,-7.1720893],[-157.9209205,-5.9829075],[-157.9587183,-4.7903727]]]}},
{"type":"Feature","properties":{"name": "791"},"geometry":{"type":"Polygon","coordinates":[[[-154.4716810,2.4099331],[-155.3417302,3.0080822],[-156.2125344,3.6042628],[-157.0846848,4.1983869],[-157.9587183,4.7903727],[-158.8651602,4.1873954],[-159.7677296,3.5849704],[-160.6673626,2.9834889],[-161.5649018,2.3832748],[-161.5725428,1.1918646],[-161.5750887,0.0000000],[-161.5725428,-1.1918646],[-161.5649018,-2.3832748],[-160.6673626,-2.9834889],[-159.7677296,-3.5849704],[-158.8651602,-4.1873954],[-157.9587183,-4.7903727],[-157.0846848,-4.1983869],[-156.2125344,-3.6042628],[-155.3417302,-3.0080822],[-154.4716810,-2.4099331],[-154.4904768,-1.2054951],[-154.4967415,0.0000000],[-154.4904768,1.2054951],[-154.4716810,2.4099331]]]}},
{"type":"Feature","properties":{"name": "792"},"geometry":{"type":"Polygon","coordinates":[[[-150.4047023,9.5383898],[-151.2639730,10.1269692],[-152.1275886,10.7141171],[-152.9958252,11.2997327],[-153.8689625,11.8837122],[-154.8619568,11.3075267],[-155.8395160,10.7231915],[-156.8037533,10.1327443],[-157.7565253,9.5377982],[-157.8198703,8.3572667],[-157.8746520,7.1720893],[-157.9209205,5.9829075],[-157.9587183,4.7903727],[-157.0846848,4.1983869],[-156.2125344,3.6042628],[-155.3417302,3.0080822],[-154.4716810,2.4099331],[-153.5741882,3.0145384],[-152.6706677,3.6190354],[-151.7595218,4.2226579],[-150.8388400,4.8243585],[-150.7571761,6.0173598],[-150.6575295,7.2017567],[-150.5399991,8.3759469],[-150.4047023,9.5383898]]]}},
{"type":"Feature","properties":{"name": "793"},"geometry":{"type":"Polygon","coordinates":[[[-144.9474341,15.7701508],[-145.8373823,16.3880718],[-146.7316523,17.0024780],[-147.6306572,17.6135738],[-148.5348071,18.2215048],[-149.6919283,17.7606660],[-150.8366398,17.2866272],[-151.9683831,16.8000154],[-153.0866460,16.3014712],[-153.2942125,15.2081583],[-153.4949778,14.1080727],[-153.6872694,13.0002696],[-153.8689625,11.8837122],[-152.9958252,11.2997327],[-152.1275886,10.7141171],[-151.2639730,10.1269692],[-150.4047023,9.5383898],[-149.3440767,10.0645240],[-148.2629785,10.5754323],[-147.1626206,11.0699064],[-146.0443365,11.5467671],[-145.7777443,12.6128166],[-145.5053288,13.6712523],[-145.2282808,14.7233403],[-144.9474341,15.7701508]]]}},
{"type":"Feature","properties":{"name": "794"},"geometry":{"type":"Polygon","coordinates":[[[-174.4835935,-44.1084040],[-175.8476347,-43.6212650],[-177.1850390,-43.1256597],[-178.4964941,-42.6203689],[-179.7826870,-42.1045430],[178.7478835,-42.6263918],[177.2600196,-43.1409335],[175.7544331,-43.6473165],[174.2319195,-44.1447190],[173.9377331,-45.2056013],[173.6342978,-46.2705803],[173.3223699,-47.3406636],[173.0032725,-48.4170559],[174.3294649,-48.9768367],[175.6865706,-49.5209995],[177.0754600,-50.0492206],[178.4970779,-50.5612547],[-179.8347484,-49.9857145],[-178.1827665,-49.4088776],[-176.5497270,-48.8324658],[-174.9381831,-48.2582625],[-174.8172640,-47.2190575],[-174.7012527,-46.1813740],[-174.5900779,-45.1446408],[-174.4835935,-44.1084040]]]}},
{"type":"Feature","properties":{"name": "795"},"geometry":{"type":"Polygon","coordinates":[[[-168.7500000,-37.7742752],[-170.0354912,-37.2854464],[-171.3017832,-36.7949912],[-172.5489345,-36.3009066],[-173.7771063,-35.8016195],[-175.0793784,-36.3397732],[-176.3996920,-36.8729503],[-177.7378905,-37.4004219],[-179.0937675,-37.9214605],[-179.2559089,-38.9671939],[-179.4245956,-40.0127349],[-179.6001010,-41.0583984],[-179.7826870,-42.1045430],[-178.4964941,-42.6203689],[-177.1850390,-43.1256597],[-175.8476347,-43.6212650],[-174.4835935,-44.1084040],[-173.0135924,-43.5557414],[-171.5676121,-43.0039371],[-170.1462526,-42.4541953],[-168.7500000,-41.9076968],[-168.7500000,-40.8765653],[-168.7500000,-39.8440114],[-168.7500000,-38.8099451],[-168.7500000,-37.7742752]]]}},
{"type":"Feature","properties":{"name": "796"},"geometry":{"type":"Polygon","coordinates":[[[-163.9982528,-31.6169477],[-165.2097744,-31.0739333],[-166.4055412,-30.5263463],[-167.5855945,-29.9747716],[-168.7500000,-29.4197863],[-169.9144055,-29.9747716],[-171.0944588,-30.5263463],[-172.2902256,-31.0739333],[-173.5017472,-31.6169477],[-173.5665803,-32.6659009],[-173.6339959,-33.7129087],[-173.7041248,-34.7581030],[-173.7771063,-35.8016195],[-172.5489345,-36.3009066],[-171.3017832,-36.7949912],[-170.0354912,-37.2854464],[-168.7500000,-37.7742752],[-167.4645088,-37.2854464],[-166.1982168,-36.7949912],[-164.9510655,-36.3009066],[-163.7228937,-35.8016195],[-163.7958752,-34.7581030],[-163.8660041,-33.7129087],[-163.9334197,-32.6659009],[-163.9982528,-31.6169477]]]}},
{"type":"Feature","properties":{"name": "797"},"geometry":{"type":"Polygon","coordinates":[[[-159.9337804,-25.2755771],[-161.0776129,-24.7525065],[-162.2094154,-24.2219479],[-163.3292092,-23.6843305],[-164.4370342,-23.1400807],[-165.4976222,-23.6599922],[-166.5699114,-24.1738018],[-167.6540100,-24.6821960],[-168.7500000,-25.1859844],[-168.7500000,-26.2485547],[-168.7500000,-27.3083040],[-168.7500000,-28.3653446],[-168.7500000,-29.4197863],[-167.5855945,-29.9747716],[-166.4055412,-30.5263463],[-165.2097744,-31.0739333],[-163.9982528,-31.6169477],[-162.8503208,-31.1041208],[-161.7180261,-30.5840396],[-160.6011342,-30.0560953],[-159.4993922,-29.5197977],[-159.6141007,-28.4621943],[-159.7246203,-27.4023902],[-159.8311255,-26.3402340],[-159.9337804,-25.2755771]]]}},
{"type":"Feature","properties":{"name": "798"},"geometry":{"type":"Polygon","coordinates":[[[-156.7424940,-18.6263184],[-157.8432844,-18.1028786],[-158.9307960,-17.5708217],[-160.0048617,-17.0306947],[-161.0653429,-16.4830422],[-161.9958349,-17.0470274],[-162.9342536,-17.6081258],[-163.8809278,-18.1661857],[-164.8361912,-18.7210492],[-164.7395953,-19.8315375],[-164.6402336,-20.9379038],[-164.5390911,-22.0406064],[-164.4370342,-23.1400807],[-163.3292092,-23.6843305],[-162.2094154,-24.2219479],[-161.0776129,-24.7525065],[-159.9337804,-25.2755771],[-158.9361208,-24.7060391],[-157.9485354,-24.1328167],[-156.9705971,-23.5560500],[-156.0018836,-22.9758657],[-156.1903580,-21.8935044],[-156.3770267,-20.8081423],[-156.5613069,-19.7192654],[-156.7424940,-18.6263184]]]}},
{"type":"Feature","properties":{"name": "799"},"geometry":{"type":"Polygon","coordinates":[[[-153.8689625,-11.8837122],[-154.8619568,-11.3075267],[-155.8395160,-10.7231915],[-156.8037533,-10.1327443],[-157.7565253,-9.5377982],[-158.6389060,-10.1179462],[-159.5263520,-10.6958196],[-160.4191855,-11.2713207],[-161.3177268,-11.8443460],[-161.2629653,-13.0116388],[-161.2027015,-14.1741179],[-161.1368563,-15.3313828],[-161.0653429,-16.4830422],[-160.0048617,-17.0306947],[-158.9307960,-17.5708217],[-157.8432844,-18.1028786],[-156.7424940,-18.6263184],[-155.8181822,-18.0487892],[-154.9010041,-17.4687359],[-153.9906085,-16.8862646],[-153.0866460,-16.3014712],[-153.2942125,-15.2081583],[-153.4949778,-14.1080727],[-153.6872694,-13.0002696],[-153.8689625,-11.8837122]]]}},
{"type":"Feature","properties":{"name": "800"},"geometry":{"type":"Polygon","coordinates":[[[-150.8388400,-4.8243585],[-151.7595218,-4.2226579],[-152.6706677,-3.6190354],[-153.5741882,-3.0145384],[-154.4716810,-2.4099331],[-155.3417302,-3.0080822],[-156.2125344,-3.6042628],[-157.0846848,-4.1983869],[-157.9587183,-4.7903727],[-157.9209205,-5.9829075],[-157.8746520,-7.1720893],[-157.8198703,-8.3572667],[-157.7565253,-9.5377982],[-156.8037533,-10.1327443],[-155.8395160,-10.7231915],[-154.8619568,-11.3075267],[-153.8689625,-11.8837122],[-152.9958252,-11.2997327],[-152.1275886,-10.7141171],[-151.2639730,-10.1269692],[-150.4047023,-9.5383898],[-150.5399991,-8.3759469],[-150.6575295,-7.2017567],[-150.7571761,-6.0173598],[-150.8388400,-4.8243585]]]}},
{"type":"Feature","properties":{"name": "801"},"geometry":{"type":"Polygon","coordinates":[[[-147.4312371,2.4250716],[-148.2829463,3.0273991],[-149.1342810,3.6280610],[-149.9860278,4.2270513],[-150.8388400,4.8243585],[-151.7595218,4.2226579],[-152.6706677,3.6190354],[-153.5741882,3.0145384],[-154.4716810,2.4099331],[-154.4904768,1.2054951],[-154.4967415,0.0000000],[-154.4904768,-1.2054951],[-154.4716810,-2.4099331],[-153.5741882,-3.0145384],[-152.6706677,-3.6190354],[-151.7595218,-4.2226579],[-150.8388400,-4.8243585],[-149.9860278,-4.2270513],[-149.1342810,-3.6280610],[-148.2829463,-3.0273991],[-147.4312371,-2.4250716],[-147.4715668,-1.2141874],[-147.4850266,0.0000000],[-147.4715668,1.2141874],[-147.4312371,2.4250716]]]}},
{"type":"Feature","properties":{"name": "802"},"geometry":{"type":"Polygon","coordinates":[[[-142.6102654,9.1159969],[-143.4656814,9.7279119],[-144.3228344,10.3367709],[-145.1822312,10.9429677],[-146.0443365,11.5467671],[-147.1626206,11.0699064],[-148.2629785,10.5754323],[-149.3440767,10.0645240],[-150.4047023,9.5383898],[-150.5399991,8.3759469],[-150.6575295,7.2017567],[-150.7571761,6.0173598],[-150.8388400,4.8243585],[-149.9860278,4.2270513],[-149.1342810,3.6280610],[-148.2829463,3.0273991],[-147.4312371,2.4250716],[-146.5184376,3.0285434],[-145.5889309,3.6271269],[-144.6370427,4.2165810],[-143.6548140,4.7894819],[-143.4228263,5.9001950],[-143.1659930,6.9883908],[-142.8933555,8.0590499],[-142.6102654,9.1159969]]]}},
{"type":"Feature","properties":{"name": "803"},"geometry":{"type":"Polygon","coordinates":[[[-168.7500000,-50.1160358],[-170.3507956,-49.6437740],[-171.9156295,-49.1823907],[-173.4444363,-48.7224768],[-174.9381831,-48.2582625],[-176.5497270,-48.8324658],[-178.1827665,-49.4088776],[-179.8347484,-49.9857145],[178.4970779,-50.5612547],[178.2607045,-51.6445190],[178.0299783,-52.7396739],[177.8150733,-53.8499913],[177.6338814,-54.9795570],[179.2053033,-55.4712318],[-179.1853346,-55.9420230],[-177.5380797,-56.3911230],[-175.8531776,-56.8177133],[-174.1357012,-56.0987177],[-172.3534312,-55.4130827],[-170.5454281,-54.7762316],[-168.7500000,-54.2018738],[-168.7500000,-53.1811039],[-168.7500000,-52.1599288],[-168.7500000,-51.1382668],[-168.7500000,-50.1160358]]]}},
{"type":"Feature","properties":{"name": "804"},"geometry":{"type":"Polygon","coordinates":[[[-163.0164065,-44.1084040],[-164.4864076,-43.5557414],[-165.9323879,-43.0039371],[-167.3537474,-42.4541953],[-168.7500000,-41.9076968],[-170.1462526,-42.4541953],[-171.5676121,-43.0039371],[-173.0135924,-43.5557414],[-174.4835935,-44.1084040],[-174.5900779,-45.1446408],[-174.7012527,-46.1813740],[-174.8172640,-47.2190575],[-174.9381831,-48.2582625],[-173.4444363,-48.7224768],[-171.9156295,-49.1823907],[-170.3507956,-49.6437740],[-168.7500000,-50.1160358],[-167.1492044,-49.6437740],[-165.5843705,-49.1823907],[-164.0555637,-48.7224768],[-162.5618169,-48.2582625],[-162.6827360,-47.2190575],[-162.7987473,-46.1813740],[-162.9099221,-45.1446408],[-163.0164065,-44.1084040]]]}},
{"type":"Feature","properties":{"name": "805"},"geometry":{"type":"Polygon","coordinates":[[[-158.4062325,-37.9214605],[-159.7621095,-37.4004219],[-161.1003080,-36.8729503],[-162.4206216,-36.3397732],[-163.7228937,-35.8016195],[-164.9510655,-36.3009066],[-166.1982168,-36.7949912],[-167.4645088,-37.2854464],[-168.7500000,-37.7742752],[-168.7500000,-38.8099451],[-168.7500000,-39.8440114],[-168.7500000,-40.8765653],[-168.7500000,-41.9076968],[-167.3537474,-42.4541953],[-165.9323879,-43.0039371],[-164.4864076,-43.5557414],[-163.0164065,-44.1084040],[-161.6523653,-43.6212650],[-160.3149610,-43.1256597],[-159.0035059,-42.6203689],[-157.7173130,-42.1045430],[-157.8998990,-41.0583984],[-158.0754044,-40.0127349],[-158.2440911,-38.9671939],[-158.4062325,-37.9214605]]]}},
{"type":"Feature","properties":{"name": "806"},"geometry":{"type":"Polygon","coordinates":[[[-154.5463467,-31.5159095],[-155.8048028,-31.0303208],[-157.0498783,-30.5354387],[-158.2814414,-30.0317633],[-159.4993922,-29.5197977],[-160.6011342,-30.0560953],[-161.7180261,-30.5840396],[-162.8503208,-31.1041208],[-163.9982528,-31.6169477],[-163.9334197,-32.6659009],[-163.8660041,-33.7129087],[-163.7958752,-34.7581030],[-163.7228937,-35.8016195],[-162.4206216,-36.3397732],[-161.1003080,-36.8729503],[-159.7621095,-37.4004219],[-158.4062325,-37.9214605],[-157.2108212,-37.3880678],[-156.0356201,-36.8443480],[-154.8801577,-36.2900348],[-153.7439638,-35.7249513],[-153.9559237,-34.6740395],[-154.1601017,-33.6223888],[-154.3568088,-32.5697544],[-154.5463467,-31.5159095]]]}},
{"type":"Feature","properties":{"name": "807"},"geometry":{"type":"Polygon","coordinates":[[[-151.2939292,-24.8920454],[-152.4882643,-24.4287910],[-153.6711817,-23.9547013],[-154.8424541,-23.4702372],[-156.0018836,-22.9758657],[-156.9705971,-23.5560500],[-157.9485354,-24.1328167],[-158.9361208,-24.7060391],[-159.9337804,-25.2755771],[-159.8311255,-26.3402340],[-159.7246203,-27.4023902],[-159.6141007,-28.4621943],[-159.4993922,-29.5197977],[-158.2814414,-30.0317633],[-157.0498783,-30.5354387],[-155.8048028,-31.0303208],[-154.5463467,-31.5159095],[-153.4752641,-30.9370698],[-152.4198542,-30.3479898],[-151.3797436,-29.7486175],[-150.3545574,-29.1389307],[-150.5910991,-28.0779792],[-150.8265376,-27.0167365],[-151.0608386,-25.9548755],[-151.2939292,-24.8920454]]]}},
{"type":"Feature","properties":{"name": "808"},"geometry":{"type":"Polygon","coordinates":[[[-148.5348071,-18.2215048],[-149.6919283,-17.7606660],[-150.8366398,-17.2866272],[-151.9683831,-16.8000154],[-153.0866460,-16.3014712],[-153.9906085,-16.8862646],[-154.9010041,-17.4687359],[-155.8181822,-18.0487892],[-156.7424940,-18.6263184],[-156.5613069,-19.7192654],[-156.3770267,-20.8081423],[-156.1903580,-21.8935044],[-156.0018836,-22.9758657],[-154.8424541,-23.4702372],[-153.6711817,-23.9547013],[-152.4882643,-24.4287910],[-151.2939292,-24.8920454],[-150.3306938,-24.2844024],[-149.3757113,-23.6729778],[-148.4285419,-23.0577461],[-147.4887525,-22.4386488],[-147.7537944,-21.3881251],[-148.0166311,-20.3354447],[-148.2770657,-19.2800953],[-148.5348071,-18.2215048]]]}},
{"type":"Feature","properties":{"name": "809"},"geometry":{"type":"Polygon","coordinates":[[[-146.0443365,-11.5467671],[-147.1626206,-11.0699064],[-148.2629785,-10.5754323],[-149.3440767,-10.0645240],[-150.4047023,-9.5383898],[-151.2639730,-10.1269692],[-152.1275886,-10.7141171],[-152.9958252,-11.2997327],[-153.8689625,-11.8837122],[-153.6872694,-13.0002696],[-153.4949778,-14.1080727],[-153.2942125,-15.2081583],[-153.0866460,-16.3014712],[-151.9683831,-16.8000154],[-150.8366398,-17.2866272],[-149.6919283,-17.7606660],[-148.5348071,-18.2215048],[-147.6306572,-17.6135738],[-146.7316523,-17.0024780],[-145.8373823,-16.3880718],[-144.9474341,-15.7701508],[-145.2282808,-14.7233403],[-145.5053288,-13.6712523],[-145.7777443,-12.6128166],[-146.0443365,-11.5467671]]]}},
{"type":"Feature","properties":{"name": "810"},"geometry":{"type":"Polygon","coordinates":[[[-143.6548140,-4.7894819],[-144.6370427,-4.2165810],[-145.5889309,-3.6271269],[-146.5184376,-3.0285434],[-147.4312371,-2.4250716],[-148.2829463,-3.0273991],[-149.1342810,-3.6280610],[-149.9860278,-4.2270513],[-150.8388400,-4.8243585],[-150.7571761,-6.0173598],[-150.6575295,-7.2017567],[-150.5399991,-8.3759469],[-150.4047023,-9.5383898],[-149.3440767,-10.0645240],[-148.2629785,-10.5754323],[-147.1626206,-11.0699064],[-146.0443365,-11.5467671],[-145.1822312,-10.9429677],[-144.3228344,-10.3367709],[-143.4656814,-9.7279119],[-142.6102654,-9.1159969],[-142.8933555,-8.0590499],[-143.1659930,-6.9883908],[-143.4228263,-5.9001950],[-143.6548140,-4.7894819]]]}},
{"type":"Feature","properties":{"name": "811"},"geometry":{"type":"Polygon","coordinates":[[[-140.3357708,2.3972191],[-141.1634305,2.9959452],[-141.9923247,3.5942839],[-142.8227025,4.1921562],[-143.6548140,4.7894819],[-144.6370427,4.2165810],[-145.5889309,3.6271269],[-146.5184376,3.0285434],[-147.4312371,2.4250716],[-147.4715668,1.2141874],[-147.4850266,0.0000000],[-147.4715668,-1.2141874],[-147.4312371,-2.4250716],[-146.5184376,-3.0285434],[-145.5889309,-3.6271269],[-144.6370427,-4.2165810],[-143.6548140,-4.7894819],[-142.8227025,-4.1921562],[-141.9923247,-3.5942839],[-141.1634305,-2.9959452],[-140.3357708,-2.3972191],[-140.4676521,-1.2139992],[-140.5123979,0.0000000],[-140.4676521,1.2139992],[-140.3357708,2.3972191]]]}},
{"type":"Feature","properties":{"name": "812"},"geometry":{"type":"Polygon","coordinates":[[[-173.7778361,-61.4932287],[-171.3108463,-61.6937586],[-168.7500000,-61.7623979],[-166.1891537,-61.6937586],[-163.7221639,-61.4932287],[-162.8955100,-60.3724499],[-162.2771295,-59.1981468],[-161.8650840,-58.0024359],[-161.6468224,-56.8177133],[-163.3642988,-56.0987177],[-165.1465688,-55.4130827],[-166.9545719,-54.7762316],[-168.7500000,-54.2018738],[-170.5454281,-54.7762316],[-172.3534312,-55.4130827],[-174.1357012,-56.0987177],[-175.8531776,-56.8177133],[-175.6349160,-58.0024359],[-175.2228705,-59.1981468],[-174.6044900,-60.3724499],[-173.7778361,-61.4932287]]]}}]}
