{
"type": "FeatureCollection",
"name": "points.geojson",
"features": [
{"type":"Feature","properties":{"name":"1"},"geometry":{"type":"Point","coordinates":[11.25,58.282525588539009]}},
{"type":"Feature","properties":{"name":"2"},"geometry":{"type":"Point","coordinates":[-168.75,58.282525588538995]}},
{"type":"Feature","properties":{"name":"3"},"geometry":{"type":"Point","coordinates":[-168.75,63.370006326090952]}},
{"type":"Feature","properties":{"name":"4"},"geometry":{"type":"Point","coordinates":[-168.75,68.562621827390956]}},
{"type":"Feature","properties":{"name":"5"},"geometry":{"type":"Point","coordinates":[-168.75,73.842564678008301]}},
{"type":"Feature","properties":{"name":"6"},"geometry":{"type":"Point","coordinates":[-168.75,79.189978118835796]}},
{"type":"Feature","properties":{"name":"7"},"geometry":{"type":"Point","coordinates":[-168.75,84.583349219204095]}},
{"type":"Feature","properties":{"name":"8"},"geometry":{"type":"Point","coordinates":[0.0,90.0]}},
{"type":"Feature","properties":{"name":"9"},"geometry":{"type":"Point","coordinates":[11.25,84.58334921920418]}},
{"type":"Feature","properties":{"name":"10"},"geometry":{"type":"Point","coordinates":[11.25,79.189978118835668]}},
{"type":"Feature","properties":{"name":"11"},"geometry":{"type":"Point","coordinates":[11.25,73.842564678008273]}},
{"type":"Feature","properties":{"name":"12"},"geometry":{"type":"Point","coordinates":[11.25,68.562621827391212]}},
{"type":"Feature","properties":{"name":"13"},"geometry":{"type":"Point","coordinates":[11.25,63.370006326091087]}},
{"type":"Feature","properties":{"name":"14"},"geometry":{"type":"Point","coordinates":[-164.871683448336597,60.828844771430326]}},
{"type":"Feature","properties":{"name":"15"},"geometry":{"type":"Point","coordinates":[-164.223519795371232,65.903916940763551]}},
{"type":"Feature","properties":{"name":"16"},"geometry":{"type":"Point","coordinates":[-163.149667740032584,71.093671851950077]}},
{"type":"Feature","properties":{"name":"17"},"geometry":{"type":"Point","coordinates":[-161.150505964999894,76.367329918712812]}},
{"type":"Feature","properties":{"name":"18"},"geometry":{"type":"Point","coordinates":[-156.445283791866132,81.671312027213077]}},
{"type":"Feature","properties":{"name":"19"},"geometry":{"type":"Point","coordinates":[-135.805225694872433,86.761856405662101]}},
{"type":"Feature","properties":{"name":"20"},"geometry":{"type":"Point","coordinates":[-21.694774305128444,86.761856405662215]}},
{"type":"Feature","properties":{"name":"21"},"geometry":{"type":"Point","coordinates":[-1.054716208133865,81.671312027213077]}},
{"type":"Feature","properties":{"name":"22"},"geometry":{"type":"Point","coordinates":[3.650505964999909,76.367329918712798]}},
{"type":"Feature","properties":{"name":"23"},"geometry":{"type":"Point","coordinates":[5.649667740032633,71.093671851950077]}},
{"type":"Feature","properties":{"name":"24"},"geometry":{"type":"Point","coordinates":[6.723519795371307,65.903916940763665]}},
{"type":"Feature","properties":{"name":"25"},"geometry":{"type":"Point","coordinates":[7.371683448336675,60.828844771430326]}},
{"type":"Feature","properties":{"name":"26"},"geometry":{"type":"Point","coordinates":[-163.104737267182202,57.161201705029988]}},
{"type":"Feature","properties":{"name":"27"},"geometry":{"type":"Point","coordinates":[-160.383175453829836,63.224439140755912]}},
{"type":"Feature","properties":{"name":"28"},"geometry":{"type":"Point","coordinates":[-158.793677765702057,68.265094822936717]}},
{"type":"Feature","properties":{"name":"29"},"geometry":{"type":"Point","coordinates":[-156.038321758778778,73.408401420059903]}},
{"type":"Feature","properties":{"name":"30"},"geometry":{"type":"Point","coordinates":[-150.519130802552382,78.573516348416106]}},
{"type":"Feature","properties":{"name":"31"},"geometry":{"type":"Point","coordinates":[-135.803937921280919,83.510785983315088]}},
{"type":"Feature","properties":{"name":"32"},"geometry":{"type":"Point","coordinates":[-78.75,86.486020744925582]}},
{"type":"Feature","properties":{"name":"33"},"geometry":{"type":"Point","coordinates":[-21.696062078719009,83.510785983315031]}},
{"type":"Feature","properties":{"name":"34"},"geometry":{"type":"Point","coordinates":[-6.980869197447905,78.573516348416376]}},
{"type":"Feature","properties":{"name":"35"},"geometry":{"type":"Point","coordinates":[-1.461678241221121,73.408401420060045]}},
{"type":"Feature","properties":{"name":"36"},"geometry":{"type":"Point","coordinates":[1.293677765702134,68.265094822936689]}},
{"type":"Feature","properties":{"name":"37"},"geometry":{"type":"Point","coordinates":[2.883175453829871,63.224439140755898]}},
{"type":"Feature","properties":{"name":"38"},"geometry":{"type":"Point","coordinates":[-163.655740293158658,54.055229364138533]}},
{"type":"Feature","properties":{"name":"39"},"geometry":{"type":"Point","coordinates":[-159.182437501316826,59.508679589293308]}},
{"type":"Feature","properties":{"name":"40"},"geometry":{"type":"Point","coordinates":[-155.158452894340371,65.437350775123519]}},
{"type":"Feature","properties":{"name":"41"},"geometry":{"type":"Point","coordinates":[-152.232033341332254,70.403160557066428]}},
{"type":"Feature","properties":{"name":"42"},"geometry":{"type":"Point","coordinates":[-146.931058097733427,75.413907138064346]}},
{"type":"Feature","properties":{"name":"43"},"geometry":{"type":"Point","coordinates":[-135.688282937360015,80.246394277330481]}},
{"type":"Feature","properties":{"name":"44"},"geometry":{"type":"Point","coordinates":[-106.158683617591791,84.06264171149536]}},
{"type":"Feature","properties":{"name":"45"},"geometry":{"type":"Point","coordinates":[-51.341316382408088,84.06264171149536]}},
{"type":"Feature","properties":{"name":"46"},"geometry":{"type":"Point","coordinates":[-21.811717062639595,80.246394277330452]}},
{"type":"Feature","properties":{"name":"47"},"geometry":{"type":"Point","coordinates":[-10.568941902266459,75.413907138064374]}},
{"type":"Feature","properties":{"name":"48"},"geometry":{"type":"Point","coordinates":[-5.267966658667723,70.403160557066542]}},
{"type":"Feature","properties":{"name":"49"},"geometry":{"type":"Point","coordinates":[-2.341547105659571,65.437350775123519]}},
{"type":"Feature","properties":{"name":"50"},"geometry":{"type":"Point","coordinates":[-157.86887051975495,55.814845400546332]}},
{"type":"Feature","properties":{"name":"51"},"geometry":{"type":"Point","coordinates":[-154.440806904480894,61.690584177522432]}},
{"type":"Feature","properties":{"name":"52"},"geometry":{"type":"Point","coordinates":[-149.065748308883371,67.425229764296787]}},
{"type":"Feature","properties":{"name":"53"},"geometry":{"type":"Point","coordinates":[-144.305363697162562,72.248387663341788]}},
{"type":"Feature","properties":{"name":"54"},"geometry":{"type":"Point","coordinates":[-135.40373234313094,76.973811739439753]}},
{"type":"Feature","properties":{"name":"55"},"geometry":{"type":"Point","coordinates":[-116.582427801849619,81.075265551014965]}},
{"type":"Feature","properties":{"name":"56"},"geometry":{"type":"Point","coordinates":[-78.75,82.988451763080477]}},
{"type":"Feature","properties":{"name":"57"},"geometry":{"type":"Point","coordinates":[-40.917572198150282,81.075265551015022]}},
{"type":"Feature","properties":{"name":"58"},"geometry":{"type":"Point","coordinates":[-22.096267656868974,76.973811739439796]}},
{"type":"Feature","properties":{"name":"59"},"geometry":{"type":"Point","coordinates":[-13.194636302837459,72.248387663341873]}},
{"type":"Feature","properties":{"name":"60"},"geometry":{"type":"Point","coordinates":[-8.434251691116531,67.425229764296816]}},
{"type":"Feature","properties":{"name":"61"},"geometry":{"type":"Point","coordinates":[-3.059193095519082,61.690584177522418]}},
{"type":"Feature","properties":{"name":"62"},"geometry":{"type":"Point","coordinates":[-158.800738593269415,52.71700518312354]}},
{"type":"Feature","properties":{"name":"63"},"geometry":{"type":"Point","coordinates":[-153.747407592851772,58.014154843762434]}},
{"type":"Feature","properties":{"name":"64"},"geometry":{"type":"Point","coordinates":[-149.042438446763214,63.666118472732052]}},
{"type":"Feature","properties":{"name":"65"},"geometry":{"type":"Point","coordinates":[-141.992823273534754,69.134244072473308]}},
{"type":"Feature","properties":{"name":"66"},"geometry":{"type":"Point","coordinates":[-134.859004070916001,73.710408505261128]}},
{"type":"Feature","properties":{"name":"67"},"geometry":{"type":"Point","coordinates":[-121.49763415409241,77.916003318162154]}},
{"type":"Feature","properties":{"name":"68"},"geometry":{"type":"Point","coordinates":[-96.158537631139453,80.810616055623626]}},
{"type":"Feature","properties":{"name":"69"},"geometry":{"type":"Point","coordinates":[-61.341462368860483,80.810616055623626]}},
{"type":"Feature","properties":{"name":"70"},"geometry":{"type":"Point","coordinates":[-36.002365845907775,77.916003318162211]}},
{"type":"Feature","properties":{"name":"71"},"geometry":{"type":"Point","coordinates":[-22.640995929084035,73.710408505261213]}},
{"type":"Feature","properties":{"name":"72"},"geometry":{"type":"Point","coordinates":[-15.507176726465209,69.134244072473308]}},
{"type":"Feature","properties":{"name":"73"},"geometry":{"type":"Point","coordinates":[-8.457561553236502,63.666118472732002]}},
{"type":"Feature","properties":{"name":"74"},"geometry":{"type":"Point","coordinates":[-159.443466512793833,49.560529239514693]}},
{"type":"Feature","properties":{"name":"75"},"geometry":{"type":"Point","coordinates":[-153.044473000581519,54.274245783636218]}},
{"type":"Feature","properties":{"name":"76"},"geometry":{"type":"Point","coordinates":[-148.90919217143238,59.995718851042746]}},
{"type":"Feature","properties":{"name":"77"},"geometry":{"type":"Point","coordinates":[-142.917321284284412,65.395311401613327]}},
{"type":"Feature","properties":{"name":"78"},"geometry":{"type":"Point","coordinates":[-133.894062939495484,70.500497309865196]}},
{"type":"Feature","properties":{"name":"79"},"geometry":{"type":"Point","coordinates":[-123.968172240564684,74.685991298418614]}},
{"type":"Feature","properties":{"name":"80"},"geometry":{"type":"Point","coordinates":[-106.234401701699213,78.08590585097383]}},
{"type":"Feature","properties":{"name":"81"},"geometry":{"type":"Point","coordinates":[-78.75,79.50384669293463]}},
{"type":"Feature","properties":{"name":"82"},"geometry":{"type":"Point","coordinates":[-51.265598298300432,78.085905850973816]}},
{"type":"Feature","properties":{"name":"83"},"geometry":{"type":"Point","coordinates":[-33.531827759435629,74.685991298418728]}},
{"type":"Feature","properties":{"name":"84"},"geometry":{"type":"Point","coordinates":[-23.605937060504445,70.500497309865224]}},
{"type":"Feature","properties":{"name":"85"},"geometry":{"type":"Point","coordinates":[-14.58267871571555,65.395311401613299]}},
{"type":"Feature","properties":{"name":"86"},"geometry":{"type":"Point","coordinates":[-154.289420380206906,51.198005606193384]}},
{"type":"Feature","properties":{"name":"87"},"geometry":{"type":"Point","coordinates":[-148.802934288230233,56.325209107243367]}},
{"type":"Feature","properties":{"name":"88"},"geometry":{"type":"Point","coordinates":[-143.444512471862623,61.742765458640193]}},
{"type":"Feature","properties":{"name":"89"},"geometry":{"type":"Point","coordinates":[-136.031892637217766,66.831622519282575]}},
{"type":"Feature","properties":{"name":"90"},"geometry":{"type":"Point","coordinates":[-124.856019332429184,71.456407954273686]}},
{"type":"Feature","properties":{"name":"91"},"geometry":{"type":"Point","coordinates":[-112.093187984988631,75.082256718335572]}},
{"type":"Feature","properties":{"name":"92"},"geometry":{"type":"Point","coordinates":[-91.45942971391851,77.431932905190649]}},
{"type":"Feature","properties":{"name":"93"},"geometry":{"type":"Point","coordinates":[-66.040570286081461,77.431932905190649]}},
{"type":"Feature","properties":{"name":"94"},"geometry":{"type":"Point","coordinates":[-45.406812015011312,75.082256718335572]}},
{"type":"Feature","properties":{"name":"95"},"geometry":{"type":"Point","coordinates":[-32.643980667570744,71.456407954273686]}},
{"type":"Feature","properties":{"name":"96"},"geometry":{"type":"Point","coordinates":[-21.468107362781911,66.831622519282618]}},
{"type":"Feature","properties":{"name":"97"},"geometry":{"type":"Point","coordinates":[-14.055487528137105,61.7427654586402]}},
{"type":"Feature","properties":{"name":"98"},"geometry":{"type":"Point","coordinates":[-155.194987944122801,48.046203307220942]}},
{"type":"Feature","properties":{"name":"99"},"geometry":{"type":"Point","coordinates":[-148.615905405971887,52.567655013246423]}},
{"type":"Feature","properties":{"name":"100"},"geometry":{"type":"Point","coordinates":[-143.900463264219354,58.125859091749575]}},
{"type":"Feature","properties":{"name":"101"},"geometry":{"type":"Point","coordinates":[-137.387053113702621,63.230562107778404]}},
{"type":"Feature","properties":{"name":"102"},"geometry":{"type":"Point","coordinates":[-128.419547396819297,67.92517354541144]}},
{"type":"Feature","properties":{"name":"103"},"geometry":{"type":"Point","coordinates":[-115.151744270018696,71.94358535056638]}},
{"type":"Feature","properties":{"name":"104"},"geometry":{"type":"Point","coordinates":[-100.056693123410184,74.849654566718641]}},
{"type":"Feature","properties":{"name":"105"},"geometry":{"type":"Point","coordinates":[-78.75,76.02887047818335]}},
{"type":"Feature","properties":{"name":"106"},"geometry":{"type":"Point","coordinates":[-57.443306876589951,74.849654566718641]}},
{"type":"Feature","properties":{"name":"107"},"geometry":{"type":"Point","coordinates":[-42.348255729981247,71.94358535056638]}},
{"type":"Feature","properties":{"name":"108"},"geometry":{"type":"Point","coordinates":[-29.080452603180468,67.925173545411468]}},
{"type":"Feature","properties":{"name":"109"},"geometry":{"type":"Point","coordinates":[-20.112946886296871,63.230562107778432]}},
{"type":"Feature","properties":{"name":"110"},"geometry":{"type":"Point","coordinates":[-155.897564935416113,44.860387238500032]}},
{"type":"Feature","properties":{"name":"111"},"geometry":{"type":"Point","coordinates":[-150.109933476488123,49.521662718245096]}},
{"type":"Feature","properties":{"name":"112"},"geometry":{"type":"Point","coordinates":[-144.316330752639175,54.473078000259029]}},
{"type":"Feature","properties":{"name":"113"},"geometry":{"type":"Point","coordinates":[-138.41371619206592,59.661222614913967]}},
{"type":"Feature","properties":{"name":"114"},"geometry":{"type":"Point","coordinates":[-130.749887822193841,64.420777284654065]}},
{"type":"Feature","properties":{"name":"115"},"geometry":{"type":"Point","coordinates":[-120.208919581871726,68.629052479419414]}},
{"type":"Feature","properties":{"name":"116"},"geometry":{"type":"Point","coordinates":[-105.228757179950321,71.929396352812077]}},
{"type":"Feature","properties":{"name":"117"},"geometry":{"type":"Point","coordinates":[-88.740005355076462,73.997634366833651]}},
{"type":"Feature","properties":{"name":"118"},"geometry":{"type":"Point","coordinates":[-68.75999464492358,73.997634366833651]}},
{"type":"Feature","properties":{"name":"119"},"geometry":{"type":"Point","coordinates":[-52.271242820049636,71.929396352812105]}},
{"type":"Feature","properties":{"name":"120"},"geometry":{"type":"Point","coordinates":[-37.29108041812804,68.629052479419428]}},
{"type":"Feature","properties":{"name":"121"},"geometry":{"type":"Point","coordinates":[-26.750112177806116,64.420777284654065]}},
{"type":"Feature","properties":{"name":"122"},"geometry":{"type":"Point","coordinates":[-151.226750645104261,46.381543027784296]}},
{"type":"Feature","properties":{"name":"123"},"geometry":{"type":"Point","coordinates":[-144.556487766397538,50.720049771628744]}},
{"type":"Feature","properties":{"name":"124"},"geometry":{"type":"Point","coordinates":[-139.416648181100612,56.097999227856199]}},
{"type":"Feature","properties":{"name":"125"},"geometry":{"type":"Point","coordinates":[-132.508003292786213,60.927310705676369]}},
{"type":"Feature","properties":{"name":"126"},"geometry":{"type":"Point","coordinates":[-123.600221053131222,65.2759617290384]}},
{"type":"Feature","properties":{"name":"127"},"geometry":{"type":"Point","coordinates":[-111.630361580892611,68.908043938908492]}},
{"type":"Feature","properties":{"name":"128"},"geometry":{"type":"Point","coordinates":[-95.600157882947798,71.418697671919489]}},
{"type":"Feature","properties":{"name":"129"},"geometry":{"type":"Point","coordinates":[-78.75,72.560269318108084]}},
{"type":"Feature","properties":{"name":"130"},"geometry":{"type":"Point","coordinates":[-61.899842117052152,71.418697671919517]}},
{"type":"Feature","properties":{"name":"131"},"geometry":{"type":"Point","coordinates":[-45.869638419107332,68.908043938908477]}},
{"type":"Feature","properties":{"name":"132"},"geometry":{"type":"Point","coordinates":[-33.899778946868508,65.275961729038443]}},
{"type":"Feature","properties":{"name":"133"},"geometry":{"type":"Point","coordinates":[-24.991996707213726,60.927310705676369]}},
{"type":"Feature","properties":{"name":"134"},"geometry":{"type":"Point","coordinates":[-152.112354656132482,43.200464156648231]}},
{"type":"Feature","properties":{"name":"135"},"geometry":{"type":"Point","coordinates":[-146.241915054172239,47.708708955078237]}},
{"type":"Feature","properties":{"name":"136"},"geometry":{"type":"Point","coordinates":[-140.244731244018652,52.484110554494833]}},
{"type":"Feature","properties":{"name":"137"},"geometry":{"type":"Point","coordinates":[-134.02843363930603,57.440568456583506]}},
{"type":"Feature","properties":{"name":"138"},"geometry":{"type":"Point","coordinates":[-126.169874402576411,61.89887643856386]}},
{"type":"Feature","properties":{"name":"139"},"geometry":{"type":"Point","coordinates":[-116.067039644873191,65.764730187323536]}},
{"type":"Feature","properties":{"name":"140"},"geometry":{"type":"Point","coordinates":[-102.981275997377182,68.746956729886762]}},
{"type":"Feature","properties":{"name":"141"},"geometry":{"type":"Point","coordinates":[-86.692496934542476,70.452553316318429]}},
{"type":"Feature","properties":{"name":"142"},"geometry":{"type":"Point","coordinates":[-70.807503065457468,70.452553316318429]}},
{"type":"Feature","properties":{"name":"143"},"geometry":{"type":"Point","coordinates":[-54.518724002622669,68.746956729886762]}},
{"type":"Feature","properties":{"name":"144"},"geometry":{"type":"Point","coordinates":[-41.432960355126639,65.764730187323565]}},
{"type":"Feature","properties":{"name":"145"},"geometry":{"type":"Point","coordinates":[-31.330125597423308,61.898876438563875]}},
{"type":"Feature","properties":{"name":"146"},"geometry":{"type":"Point","coordinates":[-152.857103247946185,40.005481779570069]}},
{"type":"Feature","properties":{"name":"147"},"geometry":{"type":"Point","coordinates":[-147.521750450834247,44.583861534277901]}},
{"type":"Feature","properties":{"name":"148"},"geometry":{"type":"Point","coordinates":[-140.833847384232257,48.752923259643161]}},
{"type":"Feature","properties":{"name":"149"},"geometry":{"type":"Point","coordinates":[-135.393576778869232,53.938794503376329]}},
{"type":"Feature","properties":{"name":"150"},"geometry":{"type":"Point","coordinates":[-128.245092124199005,58.497531759252745]}},
{"type":"Feature","properties":{"name":"151"},"geometry":{"type":"Point","coordinates":[-119.476747452575282,62.549332473691514]}},
{"type":"Feature","properties":{"name":"152"},"geometry":{"type":"Point","coordinates":[-108.331451241627491,65.867662107937662]}},
{"type":"Feature","properties":{"name":"153"},"geometry":{"type":"Point","coordinates":[-94.549113608372807,68.155131022477718]}},
{"type":"Feature","properties":{"name":"154"},"geometry":{"type":"Point","coordinates":[-78.75,69.094842552110691]}},
{"type":"Feature","properties":{"name":"155"},"geometry":{"type":"Point","coordinates":[-62.950886391627087,68.155131022477761]}},
{"type":"Feature","properties":{"name":"156"},"geometry":{"type":"Point","coordinates":[-49.168548758372324,65.867662107937718]}},
{"type":"Feature","properties":{"name":"157"},"geometry":{"type":"Point","coordinates":[-38.023252547424462,62.549332473691557]}},
{"type":"Feature","properties":{"name":"158"},"geometry":{"type":"Point","coordinates":[-148.551037915331705,41.41220698982481]}},
{"type":"Feature","properties":{"name":"159"},"geometry":{"type":"Point","coordinates":[-142.659903842044173,45.776883196973216]}},
{"type":"Feature","properties":{"name":"160"},"geometry":{"type":"Point","coordinates":[-136.541723793824985,50.379685777186843]}},
{"type":"Feature","properties":{"name":"161"},"geometry":{"type":"Point","coordinates":[-130.143411938957996,55.098754495783133]}},
{"type":"Feature","properties":{"name":"162"},"geometry":{"type":"Point","coordinates":[-122.231483711635974,59.277608703438112]}},
{"type":"Feature","properties":{"name":"163"},"geometry":{"type":"Point","coordinates":[-112.543572158397552,62.859495468242336]}},
{"type":"Feature","properties":{"name":"164"},"geometry":{"type":"Point","coordinates":[-100.595557220340169,65.582719543496793]}},
{"type":"Feature","properties":{"name":"165"},"geometry":{"type":"Point","coordinates":[-86.504828293879584,67.172921587100504]}},
{"type":"Feature","properties":{"name":"166"},"geometry":{"type":"Point","coordinates":[-70.995171706120374,67.172921587100475]}},
{"type":"Feature","properties":{"name":"167"},"geometry":{"type":"Point","coordinates":[-56.904442779659789,65.582719543496779]}},
{"type":"Feature","properties":{"name":"168"},"geometry":{"type":"Point","coordinates":[-44.956427841602391,62.859495468242351]}},
{"type":"Feature","properties":{"name":"169"},"geometry":{"type":"Point","coordinates":[-35.268516288363735,59.277608703438176]}},
{"type":"Feature","properties":{"name":"170"},"geometry":{"type":"Point","coordinates":[-149.424915573514369,38.225733540468447]}},
{"type":"Feature","properties":{"name":"171"},"geometry":{"type":"Point","coordinates":[-144.058294767659447,42.667983413778686]}},
{"type":"Feature","properties":{"name":"172"},"geometry":{"type":"Point","coordinates":[-137.41371947386483,46.684415105978424]}},
{"type":"Feature","properties":{"name":"173"},"geometry":{"type":"Point","coordinates":[-131.768658988029898,51.668262120285036]}},
{"type":"Feature","properties":{"name":"174"},"geometry":{"type":"Point","coordinates":[-124.598834897472443,55.973948954941775]}},
{"type":"Feature","properties":{"name":"175"},"geometry":{"type":"Point","coordinates":[-115.977183356282168,59.754285026504881]}},
{"type":"Feature","properties":{"name":"176"},"geometry":{"type":"Point","coordinates":[-105.510255329468023,62.821797231366055]}},
{"type":"Feature","properties":{"name":"177"},"geometry":{"type":"Point","coordinates":[-93.035722171874184,64.931344232110604]}},
{"type":"Feature","properties":{"name":"178"},"geometry":{"type":"Point","coordinates":[-78.75,66.034636772369879]}},
{"type":"Feature","properties":{"name":"179"},"geometry":{"type":"Point","coordinates":[-64.464277828125759,64.931344232110604]}},
{"type":"Feature","properties":{"name":"180"},"geometry":{"type":"Point","coordinates":[-51.98974467053192,62.82179723136607]}},
{"type":"Feature","properties":{"name":"181"},"geometry":{"type":"Point","coordinates":[-41.522816643717768,59.754285026504881]}},
{"type":"Feature","properties":{"name":"182"},"geometry":{"type":"Point","coordinates":[-150.202613762640823,35.039188356556828]}},
{"type":"Feature","properties":{"name":"183"},"geometry":{"type":"Point","coordinates":[-145.19454612915203,39.508852367265192]}},
{"type":"Feature","properties":{"name":"184"},"geometry":{"type":"Point","coordinates":[-139.33565850593601,43.740786145072818]}},
{"type":"Feature","properties":{"name":"185"},"geometry":{"type":"Point","coordinates":[-133.16141239680249,48.176281187363529]}},
{"type":"Feature","properties":{"name":"186"},"geometry":{"type":"Point","coordinates":[-126.67942471570683,52.65402358158277]}},
{"type":"Feature","properties":{"name":"187"},"geometry":{"type":"Point","coordinates":[-118.848874430997896,56.571595699062769]}},
{"type":"Feature","properties":{"name":"188"},"geometry":{"type":"Point","coordinates":[-109.579075819136222,59.917709071253519]}},
{"type":"Feature","properties":{"name":"189"},"geometry":{"type":"Point","coordinates":[-98.519229246556208,62.444678547850209]}},
{"type":"Feature","properties":{"name":"190"},"geometry":{"type":"Point","coordinates":[-85.752914378558103,63.979637778699747]}},
{"type":"Feature","properties":{"name":"191"},"geometry":{"type":"Point","coordinates":[-71.747085621441784,63.979637778699775]}},
{"type":"Feature","properties":{"name":"192"},"geometry":{"type":"Point","coordinates":[-58.98077075344375,62.444678547850209]}},
{"type":"Feature","properties":{"name":"193"},"geometry":{"type":"Point","coordinates":[-47.920924180863715,59.917709071253533]}},
{"type":"Feature","properties":{"name":"194"},"geometry":{"type":"Point","coordinates":[-146.167723378354708,36.335904320805142]}},
{"type":"Feature","properties":{"name":"195"},"geometry":{"type":"Point","coordinates":[-140.81124200912592,40.646201478585176]}},
{"type":"Feature","properties":{"name":"196"},"geometry":{"type":"Point","coordinates":[-134.262384585105337,44.529621964661608]}},
{"type":"Feature","properties":{"name":"197"},"geometry":{"type":"Point","coordinates":[-128.484859641515754,49.300028612579055]}},
{"type":"Feature","properties":{"name":"198"},"geometry":{"type":"Point","coordinates":[-121.381452212044223,53.360804580158039]}},
{"type":"Feature","properties":{"name":"199"},"geometry":{"type":"Point","coordinates":[-113.004630196208865,56.901505635054065]}},
{"type":"Feature","properties":{"name":"200"},"geometry":{"type":"Point","coordinates":[-103.144526251219489,59.768885870807125]}},
{"type":"Feature","properties":{"name":"201"},"geometry":{"type":"Point","coordinates":[-91.688820952612218,61.759800974966289]}},
{"type":"Feature","properties":{"name":"202"},"geometry":{"type":"Point","coordinates":[-78.75,62.972245802773983]}},
{"type":"Feature","properties":{"name":"203"},"geometry":{"type":"Point","coordinates":[-65.811179047387739,61.759800974966275]}},
{"type":"Feature","properties":{"name":"204"},"geometry":{"type":"Point","coordinates":[-54.355473748780483,59.768885870807111]}},
{"type":"Feature","properties":{"name":"205"},"geometry":{"type":"Point","coordinates":[-44.495369803791071,56.901505635054065]}},
{"type":"Feature","properties":{"name":"206"},"geometry":{"type":"Point","coordinates":[-147.038370731332662,33.164463474943965]}},
{"type":"Feature","properties":{"name":"207"},"geometry":{"type":"Point","coordinates":[-142.020266850617503,37.502129221839397]}},
{"type":"Feature","properties":{"name":"208"},"geometry":{"type":"Point","coordinates":[-136.23919386394536,41.611702106214139]}},
{"type":"Feature","properties":{"name":"209"},"geometry":{"type":"Point","coordinates":[-130.060542280774143,45.885245253973821]}},
{"type":"Feature","properties":{"name":"210"},"geometry":{"type":"Point","coordinates":[-123.570014798733467,50.117603896080965]}},
{"type":"Feature","properties":{"name":"211"},"geometry":{"type":"Point","coordinates":[-115.955118442302464,53.805224324855295]}},
{"type":"Feature","properties":{"name":"212"},"geometry":{"type":"Point","coordinates":[-107.080695342535876,56.944433606977576]}},
{"type":"Feature","properties":{"name":"213"},"geometry":{"type":"Point","coordinates":[-96.77634254569287,59.323449860284533]}},
{"type":"Feature","properties":{"name":"214"},"geometry":{"type":"Point","coordinates":[-85.090942297207789,60.844053295404869]}},
{"type":"Feature","properties":{"name":"215"},"geometry":{"type":"Point","coordinates":[-72.409057702792168,60.844053295404869]}},
{"type":"Feature","properties":{"name":"216"},"geometry":{"type":"Point","coordinates":[-60.723657454307173,59.323449860284484]}},
{"type":"Feature","properties":{"name":"217"},"geometry":{"type":"Point","coordinates":[-50.419304657464075,56.944433606977547]}},
{"type":"Feature","properties":{"name":"218"},"geometry":{"type":"Point","coordinates":[-147.84484255211072,30.0]}},
{"type":"Feature","properties":{"name":"219"},"geometry":{"type":"Point","coordinates":[-143.065254085538868,34.348004132704531]}},
{"type":"Feature","properties":{"name":"220"},"geometry":{"type":"Point","coordinates":[-137.75204620291143,38.528489141589041]}},
{"type":"Feature","properties":{"name":"221"},"geometry":{"type":"Point","coordinates":[-131.348068595030156,42.300980330186889]}},
{"type":"Feature","properties":{"name":"222"},"geometry":{"type":"Point","coordinates":[-125.492857871921032,46.841040636752041]}},
{"type":"Feature","properties":{"name":"223"},"geometry":{"type":"Point","coordinates":[-118.51970286458112,50.667156820672233]}},
{"type":"Feature","properties":{"name":"224"},"geometry":{"type":"Point","coordinates":[-110.467474411460998,54.0]}},
{"type":"Feature","properties":{"name":"225"},"geometry":{"type":"Point","coordinates":[-101.159393644599675,56.707285243380618]}},
{"type":"Feature","properties":{"name":"226"},"geometry":{"type":"Point","coordinates":[-90.557569635705832,58.618601020688246]}},
{"type":"Feature","properties":{"name":"227"},"geometry":{"type":"Point","coordinates":[-78.75,59.905470369890232]}},
{"type":"Feature","properties":{"name":"228"},"geometry":{"type":"Point","coordinates":[-66.942430364294054,58.618601020688281]}},
{"type":"Feature","properties":{"name":"229"},"geometry":{"type":"Point","coordinates":[-56.340606355400126,56.707285243380674]}},
{"type":"Feature","properties":{"name":"230"},"geometry":{"type":"Point","coordinates":[-144.006714747613444,31.198206034160531]}},
{"type":"Feature","properties":{"name":"231"},"geometry":{"type":"Point","coordinates":[-139.00175994906499,35.403153368428349]}},
{"type":"Feature","properties":{"name":"232"},"geometry":{"type":"Point","coordinates":[-133.337940245377013,39.397169423945854]}},
{"type":"Feature","properties":{"name":"233"},"geometry":{"type":"Point","coordinates":[-127.199441229777975,43.511458835497201]}},
{"type":"Feature","properties":{"name":"234"},"geometry":{"type":"Point","coordinates":[-120.762748548083096,47.494016509123675]}},
{"type":"Feature","properties":{"name":"235"},"geometry":{"type":"Point","coordinates":[-113.400773853118366,50.973053875810074]}},
{"type":"Feature","properties":{"name":"236"},"geometry":{"type":"Point","coordinates":[-104.961606602413184,53.943447806333005]}},
{"type":"Feature","properties":{"name":"237"},"geometry":{"type":"Point","coordinates":[-95.316228719768631,56.210070163261982]}},
{"type":"Feature","properties":{"name":"238"},"geometry":{"type":"Point","coordinates":[-84.540841380623164,57.731272628172384]}},
{"type":"Feature","properties":{"name":"239"},"geometry":{"type":"Point","coordinates":[-72.959158619376794,57.731272628172384]}},
{"type":"Feature","properties":{"name":"240"},"geometry":{"type":"Point","coordinates":[-62.183771280231348,56.210070163261982]}},
{"type":"Feature","properties":{"name":"241"},"geometry":{"type":"Point","coordinates":[-52.538393397586788,53.943447806332998]}},
{"type":"Feature","properties":{"name":"242"},"geometry":{"type":"Point","coordinates":[-144.882187542213643,28.056666048154341]}},
{"type":"Feature","properties":{"name":"243"},"geometry":{"type":"Point","coordinates":[-140.093613055497713,32.274919874523277]}},
{"type":"Feature","properties":{"name":"244"},"geometry":{"type":"Point","coordinates":[-134.84683903238988,36.323505731115759]}},
{"type":"Feature","properties":{"name":"245"},"geometry":{"type":"Point","coordinates":[-128.641626123669795,40.008655864211867]}},
{"type":"Feature","properties":{"name":"246"},"geometry":{"type":"Point","coordinates":[-122.753479029016489,44.29007286796827]}},
{"type":"Feature","properties":{"name":"247"},"geometry":{"type":"Point","coordinates":[-115.960048080342006,47.896263602334663]}},
{"type":"Feature","properties":{"name":"248"},"geometry":{"type":"Point","coordinates":[-108.263611681324889,51.052067747745241]}},
{"type":"Feature","properties":{"name":"249"},"geometry":{"type":"Point","coordinates":[-99.481761343572558,53.63518582478121]}},
{"type":"Feature","properties":{"name":"250"},"geometry":{"type":"Point","coordinates":[-89.61103469381446,55.491941902385818]}},
{"type":"Feature","properties":{"name":"251"},"geometry":{"type":"Point","coordinates":[-78.75,56.832082779906408]}},
{"type":"Feature","properties":{"name":"252"},"geometry":{"type":"Point","coordinates":[-67.888965306185398,55.491941902385861]}},
{"type":"Feature","properties":{"name":"253"},"geometry":{"type":"Point","coordinates":[-58.018238656427364,53.635185824781196]}},
{"type":"Feature","properties":{"name":"254"},"geometry":{"type":"Point","coordinates":[-145.716274464541584,24.922880543654109]}},
{"type":"Feature","properties":{"name":"255"},"geometry":{"type":"Point","coordinates":[-141.086302536588221,29.154826593076496]}},
{"type":"Feature","properties":{"name":"256"},"geometry":{"type":"Point","coordinates":[-136.107009585375522,33.224915510436844]}},
{"type":"Feature","properties":{"name":"257"},"geometry":{"type":"Point","coordinates":[-130.591461738783579,37.100317470426461]}},
{"type":"Feature","properties":{"name":"258"},"geometry":{"type":"Point","coordinates":[-124.543375990058408,41.048487762970751]}},
{"type":"Feature","properties":{"name":"259"},"geometry":{"type":"Point","coordinates":[-118.221864792645107,44.780693410769523]}},
{"type":"Feature","properties":{"name":"260"},"geometry":{"type":"Point","coordinates":[-111.133959154787121,48.077376518347585]}},
{"type":"Feature","properties":{"name":"261"},"geometry":{"type":"Point","coordinates":[-103.149866406664387,50.917038018034532]}},
{"type":"Feature","properties":{"name":"262"},"geometry":{"type":"Point","coordinates":[-94.084210815151692,53.097551440795968]}},
{"type":"Feature","properties":{"name":"263"},"geometry":{"type":"Point","coordinates":[-84.082569859679538,54.625174491041101]}},
{"type":"Feature","properties":{"name":"264"},"geometry":{"type":"Point","coordinates":[-73.41743014032042,54.625174491041108]}},
{"type":"Feature","properties":{"name":"265"},"geometry":{"type":"Point","coordinates":[-63.415789184848151,53.097551440796046]}},
{"type":"Feature","properties":{"name":"266"},"geometry":{"type":"Point","coordinates":[-142.015069423608651,26.044032197779622]}},
{"type":"Feature","properties":{"name":"267"},"geometry":{"type":"Point","coordinates":[-137.223992572018233,30.13359813212395]}},
{"type":"Feature","properties":{"name":"268"},"geometry":{"type":"Point","coordinates":[-132.050311708115174,34.043048684781887]}},
{"type":"Feature","properties":{"name":"269"},"geometry":{"type":"Point","coordinates":[-126.116765361005577,37.660904419207846]}},
{"type":"Feature","properties":{"name":"270"},"geometry":{"type":"Point","coordinates":[-120.245166924139184,41.633841349766293]}},
{"type":"Feature","properties":{"name":"271"},"geometry":{"type":"Point","coordinates":[-113.669877518693809,45.046281702586775]}},
{"type":"Feature","properties":{"name":"272"},"geometry":{"type":"Point","coordinates":[-106.31815556954345,48.055643266516668]}},
{"type":"Feature","properties":{"name":"273"},"geometry":{"type":"Point","coordinates":[-98.051359511663961,50.550595255574628]}},
{"type":"Feature","properties":{"name":"274"},"geometry":{"type":"Point","coordinates":[-88.812910272251941,52.369470220676639]}},
{"type":"Feature","properties":{"name":"275"},"geometry":{"type":"Point","coordinates":[-78.75,53.749812066404509]}},
{"type":"Feature","properties":{"name":"276"},"geometry":{"type":"Point","coordinates":[-68.687089727748059,52.369470220676639]}},
{"type":"Feature","properties":{"name":"277"},"geometry":{"type":"Point","coordinates":[-59.448640488335862,50.550595255574713]}},
{"type":"Feature","properties":{"name":"278"},"geometry":{"type":"Point","coordinates":[-142.902700939365815,22.940217902977832]}},
{"type":"Feature","properties":{"name":"279"},"geometry":{"type":"Point","coordinates":[-138.25170311407598,27.053916531108005]}},
{"type":"Feature","properties":{"name":"280"},"geometry":{"type":"Point","coordinates":[-133.294022679328378,30.989642383264439]}},
{"type":"Feature","properties":{"name":"281"},"geometry":{"type":"Point","coordinates":[-127.928885462896602,34.724394300910085]}},
{"type":"Feature","properties":{"name":"282"},"geometry":{"type":"Point","coordinates":[-122.075826533171465,38.460685183617258]}},
{"type":"Feature","properties":{"name":"283"},"geometry":{"type":"Point","coordinates":[-115.937144725381287,41.967112722858246]}},
{"type":"Feature","properties":{"name":"284"},"geometry":{"type":"Point","coordinates":[-109.125545124683185,45.117377123174705]}},
{"type":"Feature","properties":{"name":"285"},"geometry":{"type":"Point","coordinates":[-101.5394913826362,47.843684283034129]}},
{"type":"Feature","properties":{"name":"286"},"geometry":{"type":"Point","coordinates":[-93.034846561482382,49.980411824119599]}},
{"type":"Feature","properties":{"name":"287"},"geometry":{"type":"Point","coordinates":[-83.696621587842813,51.517003286362609]}},
{"type":"Feature","properties":{"name":"288"},"geometry":{"type":"Point","coordinates":[-73.803378412157059,51.517003286362673]}},
{"type":"Feature","properties":{"name":"289"},"geometry":{"type":"Point","coordinates":[-64.465153438517703,49.980411824119507]}},
{"type":"Feature","properties":{"name":"290"},"geometry":{"type":"Point","coordinates":[-143.765029747833353,19.839930894564844]}},
{"type":"Feature","properties":{"name":"291"},"geometry":{"type":"Point","coordinates":[-139.221124456716836,23.983112367948795]}},
{"type":"Feature","properties":{"name":"292"},"geometry":{"type":"Point","coordinates":[-134.419868963227287,27.952813407938457]}},
{"type":"Feature","properties":{"name":"293"},"geometry":{"type":"Point","coordinates":[-129.288428479370708,31.724298801980524]}},
{"type":"Feature","properties":{"name":"294"},"geometry":{"type":"Point","coordinates":[-123.75,35.264389682754661]}},
{"type":"Feature","properties":{"name":"295"},"geometry":{"type":"Point","coordinates":[-117.996105067696234,38.839501391199377]}},
{"type":"Feature","properties":{"name":"296"},"geometry":{"type":"Point","coordinates":[-111.644494893346348,42.111467291335885]}},
{"type":"Feature","properties":{"name":"297"},"geometry":{"type":"Point","coordinates":[-104.606926174640407,45.010623533474025]}},
{"type":"Feature","properties":{"name":"298"},"geometry":{"type":"Point","coordinates":[-96.820799374464542,47.451351800013718]}},
{"type":"Feature","properties":{"name":"299"},"geometry":{"type":"Point","coordinates":[-88.133151823189351,49.244001583754034]}},
{"type":"Feature","properties":{"name":"300"},"geometry":{"type":"Point","coordinates":[-78.75,50.656328342029767]}},
{"type":"Feature","properties":{"name":"301"},"geometry":{"type":"Point","coordinates":[-69.366848176810606,49.244001583754034]}},
{"type":"Feature","properties":{"name":"302"},"geometry":{"type":"Point","coordinates":[-140.15204313690171,20.916846977395739]}},
{"type":"Feature","properties":{"name":"303"},"geometry":{"type":"Point","coordinates":[-135.471670111618778,24.927282601494099]}},
{"type":"Feature","properties":{"name":"304"},"geometry":{"type":"Point","coordinates":[-130.501203060103194,28.753053066992429]}},
{"type":"Feature","properties":{"name":"305"},"geometry":{"type":"Point","coordinates":[-125.121569920771876,32.424001078834792]}},
{"type":"Feature","properties":{"name":"306"},"geometry":{"type":"Point","coordinates":[-120.019035389731442,35.62047083516304]}},
{"type":"Feature","properties":{"name":"307"},"geometry":{"type":"Point","coordinates":[-113.953288362653026,39.035953973873191]}},
{"type":"Feature","properties":{"name":"308"},"geometry":{"type":"Point","coordinates":[-107.373469570633461,42.091271476746257]}},
{"type":"Feature","properties":{"name":"309"},"geometry":{"type":"Point","coordinates":[-100.129174360931785,44.736425858017974]}},
{"type":"Feature","properties":{"name":"310"},"geometry":{"type":"Point","coordinates":[-92.132601157696385,46.854133874377141]}},
{"type":"Feature","properties":{"name":"311"},"geometry":{"type":"Point","coordinates":[-83.367839527388554,48.401062870391705]}},
{"type":"Feature","properties":{"name":"312"},"geometry":{"type":"Point","coordinates":[-74.132160472611417,48.401062870391698]}},
{"type":"Feature","properties":{"name":"313"},"geometry":{"type":"Point","coordinates":[-65.367398842303459,46.854133874377219]}},
{"type":"Feature","properties":{"name":"314"},"geometry":{"type":"Point","coordinates":[-141.058327217614362,17.850720256215929]}},
{"type":"Feature","properties":{"name":"315"},"geometry":{"type":"Point","coordinates":[-136.473580665409941,21.906470581560889]}},
{"type":"Feature","properties":{"name":"316"},"geometry":{"type":"Point","coordinates":[-131.631891219787605,25.793567082948439]}},
{"type":"Feature","properties":{"name":"317"},"geometry":{"type":"Point","coordinates":[-126.410029402990418,29.567619477667201]}},
{"type":"Feature","properties":{"name":"318"},"geometry":{"type":"Point","coordinates":[-121.234580960428644,32.498442348083451]}},
{"type":"Feature","properties":{"name":"319"},"geometry":{"type":"Point","coordinates":[-116.257477529839306,35.860755842735209]}},
{"type":"Feature","properties":{"name":"320"},"geometry":{"type":"Point","coordinates":[-109.928354345274926,39.086752492381535]}},
{"type":"Feature","properties":{"name":"321"},"geometry":{"type":"Point","coordinates":[-103.130202116546414,41.917862635964902]}},
{"type":"Feature","properties":{"name":"322"},"geometry":{"type":"Point","coordinates":[-95.706081467385388,44.302362461139971]}},
{"type":"Feature","properties":{"name":"323"},"geometry":{"type":"Point","coordinates":[-87.548488744550454,46.110110092166657]}},
{"type":"Feature","properties":{"name":"324"},"geometry":{"type":"Point","coordinates":[-78.75,47.549226044281063]}},
{"type":"Feature","properties":{"name":"325"},"geometry":{"type":"Point","coordinates":[-69.951511255449489,46.110110092166657]}},
{"type":"Feature","properties":{"name":"326"},"geometry":{"type":"Point","coordinates":[-141.950531091783716,14.780636958787024]}},
{"type":"Feature","properties":{"name":"327"},"geometry":{"type":"Point","coordinates":[-137.441163038669572,18.884784085727919]}},
{"type":"Feature","properties":{"name":"328"},"geometry":{"type":"Point","coordinates":[-132.706406825073145,22.834802259343604]}},
{"type":"Feature","properties":{"name":"329"},"geometry":{"type":"Point","coordinates":[-127.629113460613837,26.695374136994307]}},
{"type":"Feature","properties":{"name":"330"},"geometry":{"type":"Point","coordinates":[-122.635822270022175,29.523258735070616]}},
{"type":"Feature","properties":{"name":"331"},"geometry":{"type":"Point","coordinates":[-117.435039750388469,32.724512560104003]}},
{"type":"Feature","properties":{"name":"332"},"geometry":{"type":"Point","coordinates":[-112.473261391934273,35.983302905913902]}},
{"type":"Feature","properties":{"name":"333"},"geometry":{"type":"Point","coordinates":[-105.916791351029531,39.001559216454964]}},
{"type":"Feature","properties":{"name":"334"},"geometry":{"type":"Point","coordinates":[-98.922443864962304,41.597694736932219]}},
{"type":"Feature","properties":{"name":"335"},"geometry":{"type":"Point","coordinates":[-91.350056653366821,43.71477779681593]}},
{"type":"Feature","properties":{"name":"336"},"geometry":{"type":"Point","coordinates":[-83.084814722811032,45.273034103123479]}},
{"type":"Feature","properties":{"name":"337"},"geometry":{"type":"Point","coordinates":[-74.415185277188911,45.273034103123479]}},
{"type":"Feature","properties":{"name":"338"},"geometry":{"type":"Point","coordinates":[-138.385715667966565,15.857630596371141]}},
{"type":"Feature","properties":{"name":"339"},"geometry":{"type":"Point","coordinates":[-133.739771147195682,19.870270926477065]}},
{"type":"Feature","properties":{"name":"340"},"geometry":{"type":"Point","coordinates":[-128.79054324824051,23.807007669065268]}},
{"type":"Feature","properties":{"name":"341"},"geometry":{"type":"Point","coordinates":[-123.971315937678895,26.60138795562553]}},
{"type":"Feature","properties":{"name":"342"},"geometry":{"type":"Point","coordinates":[-118.868464297834137,29.682864106111452]}},
{"type":"Feature","properties":{"name":"343"},"geometry":{"type":"Point","coordinates":[-113.690925949802946,32.870760853306528]}},
{"type":"Feature","properties":{"name":"344"},"geometry":{"type":"Point","coordinates":[-108.674830597697792,35.986663258922675]}},
{"type":"Feature","properties":{"name":"345"},"geometry":{"type":"Point","coordinates":[-101.921726661165849,38.784004631566077]}},
{"type":"Feature","properties":{"name":"346"},"geometry":{"type":"Point","coordinates":[-94.75880889804013,41.135351444852255]}},
{"type":"Feature","properties":{"name":"347"},"geometry":{"type":"Point","coordinates":[-87.041099878709304,42.963339929248747]}},
{"type":"Feature","properties":{"name":"348"},"geometry":{"type":"Point","coordinates":[-78.75,44.426005724161165]}},
{"type":"Feature","properties":{"name":"349"},"geometry":{"type":"Point","coordinates":[-70.458900121290526,42.963339929248832]}},
{"type":"Feature","properties":{"name":"350"},"geometry":{"type":"Point","coordinates":[-139.316234673367035,12.8211342068021]}},
{"type":"Feature","properties":{"name":"351"},"geometry":{"type":"Point","coordinates":[-134.742708442868576,16.895678907545694]}},
{"type":"Feature","properties":{"name":"352"},"geometry":{"type":"Point","coordinates":[-129.904468811434896,20.901942654275047]}},
{"type":"Feature","properties":{"name":"353"},"geometry":{"type":"Point","coordinates":[-125.235976239987139,23.69311079528924]}},
{"type":"Feature","properties":{"name":"354"},"geometry":{"type":"Point","coordinates":[-120.284801895778642,26.705448440317479]}},
{"type":"Feature","properties":{"name":"355"},"geometry":{"type":"Point","coordinates":[-115.153103467619189,29.820028193296675]}},
{"type":"Feature","properties":{"name":"356"},"geometry":{"type":"Point","coordinates":[-109.969020308884822,32.911017185630968]}},
{"type":"Feature","properties":{"name":"357"},"geometry":{"type":"Point","coordinates":[-104.870882316061639,35.869910946227442]}},
{"type":"Feature","properties":{"name":"358"},"geometry":{"type":"Point","coordinates":[-97.949517534993362,38.436161175716961]}},
{"type":"Feature","properties":{"name":"359"},"geometry":{"type":"Point","coordinates":[-90.647840929720445,40.534771705906095]}},
{"type":"Feature","properties":{"name":"360"},"geometry":{"type":"Point","coordinates":[-82.838931970735729,42.129238727954593]}},
{"type":"Feature","properties":{"name":"361"},"geometry":{"type":"Point","coordinates":[-74.661068029264229,42.129238727954586]}},
{"type":"Feature","properties":{"name":"362"},"geometry":{"type":"Point","coordinates":[-140.240427086367532,9.771885122035577]}},
{"type":"Feature","properties":{"name":"363"},"geometry":{"type":"Point","coordinates":[-135.723847008286981,13.907782449303415]}},
{"type":"Feature","properties":{"name":"364"},"geometry":{"type":"Point","coordinates":[-130.979822066866575,17.979329774477055]}},
{"type":"Feature","properties":{"name":"365"},"geometry":{"type":"Point","coordinates":[-126.440083219001238,20.782615569887227]}},
{"type":"Feature","properties":{"name":"366"},"geometry":{"type":"Point","coordinates":[-121.639308305762114,23.758944785448932]}},
{"type":"Feature","properties":{"name":"367"},"geometry":{"type":"Point","coordinates":[-116.628237882290492,26.822272958649048]}},
{"type":"Feature","properties":{"name":"368"},"geometry":{"type":"Point","coordinates":[-111.474468333781601,29.878695340962445]}},
{"type":"Feature","properties":{"name":"369"},"geometry":{"type":"Point","coordinates":[-106.259006481470152,32.839409759312979]}},
{"type":"Feature","properties":{"name":"370"},"geometry":{"type":"Point","coordinates":[-101.070094598850559,35.632653542284835]}},
{"type":"Feature","properties":{"name":"371"},"geometry":{"type":"Point","coordinates":[-94.007613174247936,37.959831764346227]}},
{"type":"Feature","properties":{"name":"372"},"geometry":{"type":"Point","coordinates":[-86.597273406111128,39.799757231711212]}},
{"type":"Feature","properties":{"name":"373"},"geometry":{"type":"Point","coordinates":[-78.75,41.284053969914474]}},
{"type":"Feature","properties":{"name":"374"},"geometry":{"type":"Point","coordinates":[-136.690667391042041,10.903842693635253]}},
{"type":"Feature","properties":{"name":"375"},"geometry":{"type":"Point","coordinates":[-132.024603796642083,15.038082085795988]}},
{"type":"Feature","properties":{"name":"376"},"geometry":{"type":"Point","coordinates":[-127.594173929525567,17.862226641476987]}},
{"type":"Feature","properties":{"name":"377"},"geometry":{"type":"Point","coordinates":[-122.929555453418175,20.823694832043632]}},
{"type":"Feature","properties":{"name":"378"},"geometry":{"type":"Point","coordinates":[-118.054776413739361,23.856183921084579]}},
{"type":"Feature","properties":{"name":"379"},"geometry":{"type":"Point","coordinates":[-113.003809593611649,26.886290765810074]}},
{"type":"Feature","properties":{"name":"380"},"geometry":{"type":"Point","coordinates":[-107.820872759884963,29.840751478168929]}},
{"type":"Feature","properties":{"name":"381"},"geometry":{"type":"Point","coordinates":[-102.559618871364776,32.654090432415302]}},
{"type":"Feature","properties":{"name":"382"},"geometry":{"type":"Point","coordinates":[-97.280851076508753,35.275022786260784]}},
{"type":"Feature","properties":{"name":"383"},"geometry":{"type":"Point","coordinates":[-90.103415415823847,37.356971215487086]}},
{"type":"Feature","properties":{"name":"384"},"geometry":{"type":"Point","coordinates":[-82.623609166841405,38.966279286746349]}},
{"type":"Feature","properties":{"name":"385"},"geometry":{"type":"Point","coordinates":[-74.876390833158453,38.966279286746435]}},
{"type":"Feature","properties":{"name":"386"},"geometry":{"type":"Point","coordinates":[-137.65000804078224,7.881349723246767]}},
{"type":"Feature","properties":{"name":"387"},"geometry":{"type":"Point","coordinates":[-133.046122862228771,12.076898721235338]}},
{"type":"Feature","properties":{"name":"388"},"geometry":{"type":"Point","coordinates":[-128.707652962666259,14.927431456262005]}},
{"type":"Feature","properties":{"name":"389"},"geometry":{"type":"Point","coordinates":[-124.162287049790123,17.888053720594772]}},
{"type":"Feature","properties":{"name":"390"},"geometry":{"type":"Point","coordinates":[-119.419237310691969,20.905416243615733]}},
{"type":"Feature","properties":{"name":"391"},"geometry":{"type":"Point","coordinates":[-114.4932651098799,23.920097065362409]}},
{"type":"Feature","properties":{"name":"392"},"geometry":{"type":"Point","coordinates":[-109.405950547717623,26.870799791993644]}},
{"type":"Feature","properties":{"name":"393"},"geometry":{"type":"Point","coordinates":[-104.18672902684817,29.699175673430474]}},
{"type":"Feature","properties":{"name":"394"},"geometry":{"type":"Point","coordinates":[-98.873294986295605,32.354530273188367]}},
{"type":"Feature","properties":{"name":"395"},"geometry":{"type":"Point","coordinates":[-93.510978065553005,34.797645444414336]}},
{"type":"Feature","properties":{"name":"396"},"geometry":{"type":"Point","coordinates":[-86.243609254358731,36.629807935154936]}},
{"type":"Feature","properties":{"name":"397"},"geometry":{"type":"Point","coordinates":[-78.75,38.120620982824313]}},
{"type":"Feature","properties":{"name":"398"},"geometry":{"type":"Point","coordinates":[-138.608390836648425,4.837872861639377]}},
{"type":"Feature","properties":{"name":"399"},"geometry":{"type":"Point","coordinates":[-134.051201949572118,9.094280387858184]}},
{"type":"Feature","properties":{"name":"400"},"geometry":{"type":"Point","coordinates":[-129.788896313952193,11.975064660679891]}},
{"type":"Feature","properties":{"name":"401"},"geometry":{"type":"Point","coordinates":[-125.346007001535924,14.944601661100506]}},
{"type":"Feature","properties":{"name":"402"},"geometry":{"type":"Point","coordinates":[-120.723036061592651,17.958619697765648]}},
{"type":"Feature","properties":{"name":"403"},"geometry":{"type":"Point","coordinates":[-115.923362043814436,20.967729706829925]}},
{"type":"Feature","properties":{"name":"404"},"geometry":{"type":"Point","coordinates":[-110.954603882494553,23.919928892794651]}},
{"type":"Feature","properties":{"name":"405"},"geometry":{"type":"Point","coordinates":[-105.830119549864619,26.763641053329032]}},
{"type":"Feature","properties":{"name":"406"},"geometry":{"type":"Point","coordinates":[-100.570390972550356,29.450983089479163]}},
{"type":"Feature","properties":{"name":"407"},"geometry":{"type":"Point","coordinates":[-95.203954451804449,31.940874337244932]}},
{"type":"Feature","properties":{"name":"408"},"geometry":{"type":"Point","coordinates":[-89.76750754388091,34.201595993631074]}},
{"type":"Feature","properties":{"name":"409"},"geometry":{"type":"Point","coordinates":[-82.433750056022589,35.780842241720549]}},
{"type":"Feature","properties":{"name":"410"},"geometry":{"type":"Point","coordinates":[-135.046361557974052,6.088538378165016]}},
{"type":"Feature","properties":{"name":"411"},"geometry":{"type":"Point","coordinates":[-130.845514264767758,9.002549875614287]}},
{"type":"Feature","properties":{"name":"412"},"geometry":{"type":"Point","coordinates":[-126.489139752294264,11.988167808560327]}},
{"type":"Feature","properties":{"name":"413"},"geometry":{"type":"Point","coordinates":[-121.972306270566762,15.007803277814716]}},
{"type":"Feature","properties":{"name":"414"},"geometry":{"type":"Point","coordinates":[-117.291371546272543,18.0195673972514]}},
{"type":"Feature","properties":{"name":"415"},"geometry":{"type":"Point","coordinates":[-112.445188028899125,20.978789929019207]}},
{"type":"Feature","properties":{"name":"416"},"geometry":{"type":"Point","coordinates":[-107.436561782822665,23.839940899825105]}},
{"type":"Feature","properties":{"name":"417"},"geometry":{"type":"Point","coordinates":[-102.273843313946372,26.558837885645307]}},
{"type":"Feature","properties":{"name":"418"},"geometry":{"type":"Point","coordinates":[-96.972436610807364,29.094970144608471]}},
{"type":"Feature","properties":{"name":"419"},"geometry":{"type":"Point","coordinates":[-91.555925913249311,31.413731478082489]}},
{"type":"Feature","properties":{"name":"420"},"geometry":{"type":"Point","coordinates":[-86.056476390535494,33.48833378044948]}},
{"type":"Feature","properties":{"name":"421"},"geometry":{"type":"Point","coordinates":[-78.75,34.93279522284292]}},
{"type":"Feature","properties":{"name":"422"},"geometry":{"type":"Point","coordinates":[-136.037992384156695,3.057798370546824]}},
{"type":"Feature","properties":{"name":"423"},"geometry":{"type":"Point","coordinates":[-131.884596953454263,6.007546990041903]}},
{"type":"Feature","properties":{"name":"424"},"geometry":{"type":"Point","coordinates":[-127.599623744229064,9.014798760753743]}},
{"type":"Feature","properties":{"name":"425"},"geometry":{"type":"Point","coordinates":[-123.174501042591302,12.047071515031321]}},
{"type":"Feature","properties":{"name":"426"},"geometry":{"type":"Point","coordinates":[-118.601041132952531,15.06826812817871]}},
{"type":"Feature","properties":{"name":"427"},"geometry":{"type":"Point","coordinates":[-113.872436038102109,18.039601133639881]}},
{"type":"Feature","properties":{"name":"428"},"geometry":{"type":"Point","coordinates":[-108.984518567471483,20.920804685616623]}},
{"type":"Feature","properties":{"name":"429"},"geometry":{"type":"Point","coordinates":[-103.937245606371775,23.671601189482327]}},
{"type":"Feature","properties":{"name":"430"},"geometry":{"type":"Point","coordinates":[-98.736293116516933,26.253362169258825]}},
{"type":"Feature","properties":{"name":"431"},"geometry":{"type":"Point","coordinates":[-93.394567225757484,28.63087223982021]}},
{"type":"Feature","properties":{"name":"432"},"geometry":{"type":"Point","coordinates":[-87.93335211791603,30.77407235712586]}},
{"type":"Feature","properties":{"name":"433"},"geometry":{"type":"Point","coordinates":[-82.382768253228988,32.659628031367291]}},
{"type":"Feature","properties":{"name":"434"},"geometry":{"type":"Point","coordinates":[-78.75,31.717474411461023]}},
{"type":"Feature","properties":{"name":"435"},"geometry":{"type":"Point","coordinates":[-75.06624994397751,35.780842241720464]}},
{"type":"Feature","properties":{"name":"436"},"geometry":{"type":"Point","coordinates":[-70.902726593889099,39.799757231711013]}},
{"type":"Feature","properties":{"name":"437"},"geometry":{"type":"Point","coordinates":[-66.149943346633179,43.714777796815937]}},
{"type":"Feature","properties":{"name":"438"},"geometry":{"type":"Point","coordinates":[-60.679200625535294,47.451351800013818]}},
{"type":"Feature","properties":{"name":"439"},"geometry":{"type":"Point","coordinates":[-54.350133593335769,50.917038018034447]}},
{"type":"Feature","properties":{"name":"440"},"geometry":{"type":"Point","coordinates":[-47.032525588538981,54.0]}},
{"type":"Feature","properties":{"name":"441"},"geometry":{"type":"Point","coordinates":[-38.651125569002296,56.571595699062712]}},
{"type":"Feature","properties":{"name":"442"},"geometry":{"type":"Point","coordinates":[-29.254907875800704,58.497531759252801]}},
{"type":"Feature","properties":{"name":"443"},"geometry":{"type":"Point","coordinates":[-19.086283807934056,59.661222614913953]}},
{"type":"Feature","properties":{"name":"444"},"geometry":{"type":"Point","coordinates":[-8.590807828567577,59.995718851042703]}},
{"type":"Feature","properties":{"name":"445"},"geometry":{"type":"Point","coordinates":[1.682437501316608,59.508679589293308]}},
{"type":"Feature","properties":{"name":"446"},"geometry":{"type":"Point","coordinates":[-75.117231746770983,32.659628031367284]}},
{"type":"Feature","properties":{"name":"447"},"geometry":{"type":"Point","coordinates":[-71.25639074564134,36.629807935154858]}},
{"type":"Feature","properties":{"name":"448"},"geometry":{"type":"Point","coordinates":[-66.852159070279527,40.534771705906124]}},
{"type":"Feature","properties":{"name":"449"},"geometry":{"type":"Point","coordinates":[-61.793918532614597,44.302362461139992]}},
{"type":"Feature","properties":{"name":"450"},"geometry":{"type":"Point","coordinates":[-55.960508617363779,47.843684283034143]}},
{"type":"Feature","properties":{"name":"451"},"geometry":{"type":"Point","coordinates":[-49.236388318675267,51.052067747745184]}},
{"type":"Feature","properties":{"name":"452"},"geometry":{"type":"Point","coordinates":[-41.544881557697522,53.80522432485531]}},
{"type":"Feature","properties":{"name":"453"},"geometry":{"type":"Point","coordinates":[-32.901165102527322,55.973948954941832]}},
{"type":"Feature","properties":{"name":"454"},"geometry":{"type":"Point","coordinates":[-23.471566360693942,57.440568456583506]}},
{"type":"Feature","properties":{"name":"455"},"geometry":{"type":"Point","coordinates":[-13.599536735780587,58.125859091749575]}},
{"type":"Feature","properties":{"name":"456"},"geometry":{"type":"Point","coordinates":[-3.752592407148208,58.014154843762434]}},
{"type":"Feature","properties":{"name":"457"},"geometry":{"type":"Point","coordinates":[5.604737267182196,57.161201705029988]}},
{"type":"Feature","properties":{"name":"458"},"geometry":{"type":"Point","coordinates":[-76.587723739487814,29.097937009266744]}},
{"type":"Feature","properties":{"name":"459"},"geometry":{"type":"Point","coordinates":[-71.443523609464492,33.488333780449466]}},
{"type":"Feature","properties":{"name":"460"},"geometry":{"type":"Point","coordinates":[-67.396584584176153,37.356971215487114]}},
{"type":"Feature","properties":{"name":"461"},"geometry":{"type":"Point","coordinates":[-62.741191101959849,41.135351444852283]}},
{"type":"Feature","properties":{"name":"462"},"geometry":{"type":"Point","coordinates":[-57.370825639068471,44.736425858017832]}},
{"type":"Feature","properties":{"name":"463"},"geometry":{"type":"Point","coordinates":[-51.181844430456536,48.055643266516689]}},
{"type":"Feature","properties":{"name":"464"},"geometry":{"type":"Point","coordinates":[-44.099226146881612,50.973053875810074]}},
{"type":"Feature","properties":{"name":"465"},"geometry":{"type":"Point","coordinates":[-36.118547787955713,53.360804580158046]}},
{"type":"Feature","properties":{"name":"466"},"geometry":{"type":"Point","coordinates":[-27.356588061042157,55.098754495783091]}},
{"type":"Feature","properties":{"name":"467"},"geometry":{"type":"Point","coordinates":[-18.083351818899363,56.097999227856214]}},
{"type":"Feature","properties":{"name":"468"},"geometry":{"type":"Point","coordinates":[-8.697065711769726,56.325209107243346]}},
{"type":"Feature","properties":{"name":"469"},"geometry":{"type":"Point","coordinates":[0.368870519754987,55.814845400546346]}},
{"type":"Feature","properties":{"name":"470"},"geometry":{"type":"Point","coordinates":[-78.75,26.629993673908924]}},
{"type":"Feature","properties":{"name":"471"},"geometry":{"type":"Point","coordinates":[-73.160175405560707,30.023154364974655]}},
{"type":"Feature","properties":{"name":"472"},"geometry":{"type":"Point","coordinates":[-67.732492456119076,34.201595993631067]}},
{"type":"Feature","properties":{"name":"473"},"geometry":{"type":"Point","coordinates":[-63.492386825752057,37.959831764346241]}},
{"type":"Feature","properties":{"name":"474"},"geometry":{"type":"Point","coordinates":[-58.577556135037788,41.597694736932162]}},
{"type":"Feature","properties":{"name":"475"},"geometry":{"type":"Point","coordinates":[-52.893073825359465,45.010623533474075]}},
{"type":"Feature","properties":{"name":"476"},"geometry":{"type":"Point","coordinates":[-46.366040845212844,48.077376518347606]}},
{"type":"Feature","properties":{"name":"477"},"geometry":{"type":"Point","coordinates":[-38.980297135418837,50.667156820672233]}},
{"type":"Feature","properties":{"name":"478"},"geometry":{"type":"Point","coordinates":[-30.820575284292989,52.65402358158282]}},
{"type":"Feature","properties":{"name":"479"},"geometry":{"type":"Point","coordinates":[-22.10642322113074,53.938794503376329]}},
{"type":"Feature","properties":{"name":"480"},"geometry":{"type":"Point","coordinates":[-13.183669247360957,54.473078000259022]}},
{"type":"Feature","properties":{"name":"481"},"geometry":{"type":"Point","coordinates":[-4.455526999418487,54.274245783636232]}},
{"type":"Feature","properties":{"name":"482"},"geometry":{"type":"Point","coordinates":[-74.550615925551526,26.46826282574796]}},
{"type":"Feature","properties":{"name":"483"},"geometry":{"type":"Point","coordinates":[-69.566647882083856,30.774072357125824]}},
{"type":"Feature","properties":{"name":"484"},"geometry":{"type":"Point","coordinates":[-63.989021934446974,34.797645444414329]}},
{"type":"Feature","properties":{"name":"485"},"geometry":{"type":"Point","coordinates":[-59.550482465006787,38.436161175716819]}},
{"type":"Feature","properties":{"name":"486"},"geometry":{"type":"Point","coordinates":[-54.369797883453771,41.917862635964809]}},
{"type":"Feature","properties":{"name":"487"},"geometry":{"type":"Point","coordinates":[-48.374454875316786,45.117377123174705]}},
{"type":"Feature","properties":{"name":"488"},"geometry":{"type":"Point","coordinates":[-41.539951919657973,47.896263602334678]}},
{"type":"Feature","properties":{"name":"489"},"geometry":{"type":"Point","coordinates":[-33.929985201266504,50.117603896080979]}},
{"type":"Feature","properties":{"name":"490"},"geometry":{"type":"Point","coordinates":[-25.731341011970066,51.66826212028505]}},
{"type":"Feature","properties":{"name":"491"},"geometry":{"type":"Point","coordinates":[-17.255268755981188,52.484110554494848]}},
{"type":"Feature","properties":{"name":"492"},"geometry":{"type":"Point","coordinates":[-8.884094594028079,52.567655013246437]}},
{"type":"Feature","properties":{"name":"493"},"geometry":{"type":"Point","coordinates":[1.300738593269437,52.717005183123526]}},
{"type":"Feature","properties":{"name":"494"},"geometry":{"type":"Point","coordinates":[-76.728523274272177,24.016182891932026]}},
{"type":"Feature","properties":{"name":"495"},"geometry":{"type":"Point","coordinates":[-71.166726035017206,27.356160125183663]}},
{"type":"Feature","properties":{"name":"496"},"geometry":{"type":"Point","coordinates":[-65.944074086750675,31.413731478082557]}},
{"type":"Feature","properties":{"name":"497"},"geometry":{"type":"Point","coordinates":[-60.21914892349124,35.275022786260777]}},
{"type":"Feature","properties":{"name":"498"},"geometry":{"type":"Point","coordinates":[-55.578273338834222,38.78400463156602]}},
{"type":"Feature","properties":{"name":"499"},"geometry":{"type":"Point","coordinates":[-50.126530429366525,42.091271476746272]}},
{"type":"Feature","properties":{"name":"500"},"geometry":{"type":"Point","coordinates":[-43.830122481306084,45.046281702586825]}},
{"type":"Feature","properties":{"name":"501"},"geometry":{"type":"Point","coordinates":[-36.737251451916869,47.494016509123675]}},
{"type":"Feature","properties":{"name":"502"},"geometry":{"type":"Point","coordinates":[-29.01514035848432,49.300028612579034]}},
{"type":"Feature","properties":{"name":"503"},"geometry":{"type":"Point","coordinates":[-20.958276206175086,50.379685777186822]}},
{"type":"Feature","properties":{"name":"504"},"geometry":{"type":"Point","coordinates":[-12.943512233602467,50.720049771628759]}},
{"type":"Feature","properties":{"name":"505"},"geometry":{"type":"Point","coordinates":[-3.2105796197929,51.198005606193568]}},
{"type":"Feature","properties":{"name":"506"},"geometry":{"type":"Point","coordinates":[-78.75,21.437378172608806]}},
{"type":"Feature","properties":{"name":"507"},"geometry":{"type":"Point","coordinates":[-72.619615796500597,23.83141598752762]}},
{"type":"Feature","properties":{"name":"508"},"geometry":{"type":"Point","coordinates":[-67.661095978171247,28.058998600227106]}},
{"type":"Feature","properties":{"name":"509"},"geometry":{"type":"Point","coordinates":[-62.296045548195536,31.940874337244942]}},
{"type":"Feature","properties":{"name":"510"},"geometry":{"type":"Point","coordinates":[-56.429905401149426,35.632653542284821]}},
{"type":"Feature","properties":{"name":"511"},"geometry":{"type":"Point","coordinates":[-51.58320864897059,39.001559216454886]}},
{"type":"Feature","properties":{"name":"512"},"geometry":{"type":"Point","coordinates":[-45.855505106653553,42.111467291335934]}},
{"type":"Feature","properties":{"name":"513"},"geometry":{"type":"Point","coordinates":[-39.278135207354879,44.78069341076953]}},
{"type":"Feature","properties":{"name":"514"},"geometry":{"type":"Point","coordinates":[-32.007142128078939,46.841040636752041]}},
{"type":"Feature","properties":{"name":"515"},"geometry":{"type":"Point","coordinates":[-24.338587603197499,48.176281187363514]}},
{"type":"Feature","properties":{"name":"516"},"geometry":{"type":"Point","coordinates":[-16.666152615767743,48.752923259643175]}},
{"type":"Feature","properties":{"name":"517"},"geometry":{"type":"Point","coordinates":[-7.390066523511803,49.521662718245182]}},
{"type":"Feature","properties":{"name":"518"},"geometry":{"type":"Point","coordinates":[-74.80705194193223,21.391321692134259]}},
{"type":"Feature","properties":{"name":"519"},"geometry":{"type":"Point","coordinates":[-69.273976318522898,24.684278306440216]}},
{"type":"Feature","properties":{"name":"520"},"geometry":{"type":"Point","coordinates":[-64.105432774242402,28.630872239820171]}},
{"type":"Feature","properties":{"name":"521"},"geometry":{"type":"Point","coordinates":[-58.626705013704189,32.354530273188267]}},
{"type":"Feature","properties":{"name":"522"},"geometry":{"type":"Point","coordinates":[-52.629117683938347,35.869910946227435]}},
{"type":"Feature","properties":{"name":"523"},"geometry":{"type":"Point","coordinates":[-47.571645654725003,39.086752492381571]}},
{"type":"Feature","properties":{"name":"524"},"geometry":{"type":"Point","coordinates":[-41.562855274618677,41.967112722858261]}},
{"type":"Feature","properties":{"name":"525"},"geometry":{"type":"Point","coordinates":[-34.746520970983489,44.29007286796827]}},
{"type":"Feature","properties":{"name":"526"},"geometry":{"type":"Point","coordinates":[-27.439457719225842,45.885245253973821]}},
{"type":"Feature","properties":{"name":"527"},"geometry":{"type":"Point","coordinates":[-20.08628052613517,46.684415105978438]}},
{"type":"Feature","properties":{"name":"528"},"geometry":{"type":"Point","coordinates":[-11.258084945827719,47.708708955078237]}},
{"type":"Feature","properties":{"name":"529"},"geometry":{"type":"Point","coordinates":[-2.305012055877104,48.046203307221035]}},
{"type":"Feature","properties":{"name":"530"},"geometry":{"type":"Point","coordinates":[-76.835652094747928,18.812686660922601]}},
{"type":"Feature","properties":{"name":"531"},"geometry":{"type":"Point","coordinates":[-70.778282367799108,21.189610941483753]}},
{"type":"Feature","properties":{"name":"532"},"geometry":{"type":"Point","coordinates":[-65.811180817652826,25.340779702009893]}},
{"type":"Feature","properties":{"name":"533"},"geometry":{"type":"Point","coordinates":[-60.527563389192551,29.094970144608435]}},
{"type":"Feature","properties":{"name":"534"},"geometry":{"type":"Point","coordinates":[-54.940381128635124,32.654090432415252]}},
{"type":"Feature","properties":{"name":"535"},"geometry":{"type":"Point","coordinates":[-48.825169402302187,35.986663258922675]}},
{"type":"Feature","properties":{"name":"536"},"geometry":{"type":"Point","coordinates":[-43.546711637347066,39.035953973873141]}},
{"type":"Feature","properties":{"name":"537"},"geometry":{"type":"Point","coordinates":[-37.254833075860773,41.633841349766307]}},
{"type":"Feature","properties":{"name":"538"},"geometry":{"type":"Point","coordinates":[-30.300558770221993,43.511458835497201]}},
{"type":"Feature","properties":{"name":"539"},"geometry":{"type":"Point","coordinates":[-23.237615414894652,44.529621964661629]}},
{"type":"Feature","properties":{"name":"540"},"geometry":{"type":"Point","coordinates":[-14.840096157955795,45.77688319697328]}},
{"type":"Feature","properties":{"name":"541"},"geometry":{"type":"Point","coordinates":[-6.273249354895619,46.381543027784495]}},
{"type":"Feature","properties":{"name":"542"},"geometry":{"type":"Point","coordinates":[-78.75,16.157435321991578]}},
{"type":"Feature","properties":{"name":"543"},"geometry":{"type":"Point","coordinates":[-72.970053357051682,18.757164570587129]}},
{"type":"Feature","properties":{"name":"544"},"geometry":{"type":"Point","coordinates":[-67.46527140734517,22.008799301604444]}},
{"type":"Feature","properties":{"name":"545"},"geometry":{"type":"Point","coordinates":[-62.282303797515681,25.845749727808784]}},
{"type":"Feature","properties":{"name":"546"},"geometry":{"type":"Point","coordinates":[-56.929609027449629,29.450983089479163]}},
{"type":"Feature","properties":{"name":"547"},"geometry":{"type":"Point","coordinates":[-51.240993518529777,32.839409759312936]}},
{"type":"Feature","properties":{"name":"548"},"geometry":{"type":"Point","coordinates":[-45.026738608065706,35.983302905913902]}},
{"type":"Feature","properties":{"name":"549"},"geometry":{"type":"Point","coordinates":[-39.503894932303716,38.839501391199398]}},
{"type":"Feature","properties":{"name":"550"},"geometry":{"type":"Point","coordinates":[-32.956624009941606,41.048487762970744]}},
{"type":"Feature","properties":{"name":"551"},"geometry":{"type":"Point","coordinates":[-26.151931404969847,42.300980330186903]}},
{"type":"Feature","properties":{"name":"552"},"geometry":{"type":"Point","coordinates":[-18.164341494063926,43.740786145072953]}},
{"type":"Feature","properties":{"name":"553"},"geometry":{"type":"Point","coordinates":[-9.978249549165691,44.583861534277993]}},
{"type":"Feature","properties":{"name":"554"},"geometry":{"type":"Point","coordinates":[-74.998877242024292,16.173622605376227]}},
{"type":"Feature","properties":{"name":"555"},"geometry":{"type":"Point","coordinates":[-69.012304073533798,18.544481401731463]}},
{"type":"Feature","properties":{"name":"556"},"geometry":{"type":"Point","coordinates":[-64.038820015367975,22.618420822329195]}},
{"type":"Feature","properties":{"name":"557"},"geometry":{"type":"Point","coordinates":[-58.76370688348306,26.253362169258828]}},
{"type":"Feature","properties":{"name":"558"},"geometry":{"type":"Point","coordinates":[-53.313270973151816,29.699175673430474]}},
{"type":"Feature","properties":{"name":"559"},"geometry":{"type":"Point","coordinates":[-47.530979691115164,32.911017185630975]}},
{"type":"Feature","properties":{"name":"560"},"geometry":{"type":"Point","coordinates":[-41.242522470160679,35.860755842735209]}},
{"type":"Feature","properties":{"name":"561"},"geometry":{"type":"Point","coordinates":[-35.424173466828513,38.460685183617265]}},
{"type":"Feature","properties":{"name":"562"},"geometry":{"type":"Point","coordinates":[-28.858373876330202,40.008655864211889]}},
{"type":"Feature","properties":{"name":"563"},"geometry":{"type":"Point","coordinates":[-21.260806136054619,41.611702106214082]}},
{"type":"Feature","properties":{"name":"564"},"geometry":{"type":"Point","coordinates":[-13.441705232340526,42.667983413778693]}},
{"type":"Feature","properties":{"name":"565"},"geometry":{"type":"Point","coordinates":[-5.387645343867517,43.200464156648231]}},
{"type":"Feature","properties":{"name":"566"},"geometry":{"type":"Point","coordinates":[-76.912930522640991,13.510649800924391]}},
{"type":"Feature","properties":{"name":"567"},"geometry":{"type":"Point","coordinates":[-71.203644110368444,16.114699459824468]}},
{"type":"Feature","properties":{"name":"568"},"geometry":{"type":"Point","coordinates":[-65.726065284339313,19.330225711503051]}},
{"type":"Feature","properties":{"name":"569"},"geometry":{"type":"Point","coordinates":[-60.554976807696612,23.073195154872483]}},
{"type":"Feature","properties":{"name":"570"},"geometry":{"type":"Point","coordinates":[-55.226156686053514,26.558837885645261]}},
{"type":"Feature","properties":{"name":"571"},"geometry":{"type":"Point","coordinates":[-49.679127240115022,29.840751478168929]}},
{"type":"Feature","properties":{"name":"572"},"geometry":{"type":"Point","coordinates":[-43.809074050197033,32.870760853306528]}},
{"type":"Feature","properties":{"name":"573"},"geometry":{"type":"Point","coordinates":[-37.480964610268529,35.620470835163033]}},
{"type":"Feature","properties":{"name":"574"},"geometry":{"type":"Point","coordinates":[-31.383234638994423,37.66090441920786]}},
{"type":"Feature","properties":{"name":"575"},"geometry":{"type":"Point","coordinates":[-24.162059754622938,39.397169423945947]}},
{"type":"Feature","properties":{"name":"576"},"geometry":{"type":"Point","coordinates":[-16.68875799087407,40.646201478585162]}},
{"type":"Feature","properties":{"name":"577"},"geometry":{"type":"Point","coordinates":[-8.948962084668221,41.412206989824909]}},
{"type":"Feature","properties":{"name":"578"},"geometry":{"type":"Point","coordinates":[-78.75,10.810021881164204]}},
{"type":"Feature","properties":{"name":"579"},"geometry":{"type":"Point","coordinates":[-73.22566687858091,13.520531991524834]}},
{"type":"Feature","properties":{"name":"580"},"geometry":{"type":"Point","coordinates":[-67.309092025612202,15.897211004144729]}},
{"type":"Feature","properties":{"name":"581"},"geometry":{"type":"Point","coordinates":[-62.329658129990847,19.890885572874673]}},
{"type":"Feature","properties":{"name":"582"},"geometry":{"type":"Point","coordinates":[-57.044443285922121,23.410113762746885]}},
{"type":"Feature","properties":{"name":"583"},"geometry":{"type":"Point","coordinates":[-51.669880450135281,26.763641053328985]}},
{"type":"Feature","properties":{"name":"584"},"geometry":{"type":"Point","coordinates":[-46.025531666218313,29.878695340962405]}},
{"type":"Feature","properties":{"name":"585"},"geometry":{"type":"Point","coordinates":[-40.064960249611495,32.724512560103982]}},
{"type":"Feature","properties":{"name":"586"},"geometry":{"type":"Point","coordinates":[-33.75,35.264389682754661]}},
{"type":"Feature","properties":{"name":"587"},"geometry":{"type":"Point","coordinates":[-26.908538261216407,37.100317470426496]}},
{"type":"Feature","properties":{"name":"588"},"geometry":{"type":"Point","coordinates":[-19.747953797088563,38.528489141589041]}},
{"type":"Feature","properties":{"name":"589"},"geometry":{"type":"Point","coordinates":[-12.305453870847925,39.508852367265284]}},
{"type":"Feature","properties":{"name":"590"},"geometry":{"type":"Point","coordinates":[-75.131921201784252,10.845773605500852]}},
{"type":"Feature","properties":{"name":"591"},"geometry":{"type":"Point","coordinates":[-69.495108215576266,13.464136298379438]}},
{"type":"Feature","properties":{"name":"592"},"geometry":{"type":"Point","coordinates":[-64.043439381904705,16.648208789943794]}},
{"type":"Feature","properties":{"name":"593"},"geometry":{"type":"Point","coordinates":[-58.885272768392838,20.293776732202272]}},
{"type":"Feature","properties":{"name":"594"},"geometry":{"type":"Point","coordinates":[-53.562754393628097,23.671601189482285]}},
{"type":"Feature","properties":{"name":"595"},"geometry":{"type":"Point","coordinates":[-48.094049452282356,26.870799791993651]}},
{"type":"Feature","properties":{"name":"596"},"geometry":{"type":"Point","coordinates":[-42.346896532380818,29.820028193296682]}},
{"type":"Feature","properties":{"name":"597"},"geometry":{"type":"Point","coordinates":[-36.265419039571348,32.498442348083465]}},
{"type":"Feature","properties":{"name":"598"},"geometry":{"type":"Point","coordinates":[-29.571114537103387,34.724394300910085]}},
{"type":"Feature","properties":{"name":"599"},"geometry":{"type":"Point","coordinates":[-22.653160967610106,36.323505731115759]}},
{"type":"Feature","properties":{"name":"600"},"geometry":{"type":"Point","coordinates":[-15.479733149382509,37.502129221839404]}},
{"type":"Feature","properties":{"name":"601"},"geometry":{"type":"Point","coordinates":[-8.075084426485613,38.22573354046844]}},
{"type":"Feature","properties":{"name":"602"},"geometry":{"type":"Point","coordinates":[-76.963037923109994,8.136049607943546]}},
{"type":"Feature","properties":{"name":"603"},"geometry":{"type":"Point","coordinates":[-71.502464700202424,10.85288887888059]}},
{"type":"Feature","properties":{"name":"604"},"geometry":{"type":"Point","coordinates":[-65.657441524606341,13.248635279737933]}},
{"type":"Feature","properties":{"name":"605"},"geometry":{"type":"Point","coordinates":[-60.671126904933168,17.155858823551196]}},
{"type":"Feature","properties":{"name":"606"},"geometry":{"type":"Point","coordinates":[-55.423740426967733,20.581908092951803]}},
{"type":"Feature","properties":{"name":"607"},"geometry":{"type":"Point","coordinates":[-50.063438217177328,23.839940899825123]}},
{"type":"Feature","properties":{"name":"608"},"geometry":{"type":"Point","coordinates":[-44.496190406388415,26.886290765810113]}},
{"type":"Feature","properties":{"name":"609"},"geometry":{"type":"Point","coordinates":[-38.631535702165849,29.682864106111445]}},
{"type":"Feature","properties":{"name":"610"},"geometry":{"type":"Point","coordinates":[-32.378430079228096,32.424001078834806]}},
{"type":"Feature","properties":{"name":"611"},"geometry":{"type":"Point","coordinates":[-25.449688291884804,34.043048684781894]}},
{"type":"Feature","properties":{"name":"612"},"geometry":{"type":"Point","coordinates":[-18.498240050935017,35.403153368428356]}},
{"type":"Feature","properties":{"name":"613"},"geometry":{"type":"Point","coordinates":[-11.332276621645279,36.335904320805142]}},
{"type":"Feature","properties":{"name":"614"},"geometry":{"type":"Point","coordinates":[-78.75,5.416650780795943]}},
{"type":"Feature","properties":{"name":"615"},"geometry":{"type":"Point","coordinates":[-73.3926627806173,8.162493880577925]}},
{"type":"Feature","properties":{"name":"616"},"geometry":{"type":"Point","coordinates":[-67.832321394100902,10.804761374574257]}},
{"type":"Feature","properties":{"name":"617"},"geometry":{"type":"Point","coordinates":[-62.405678051876841,13.961277006988389]}},
{"type":"Feature","properties":{"name":"618"},"geometry":{"type":"Point","coordinates":[-57.261814929073097,17.503887910528768]}},
{"type":"Feature","properties":{"name":"619"},"geometry":{"type":"Point","coordinates":[-51.959632702968584,20.783388451759933]}},
{"type":"Feature","properties":{"name":"620"},"geometry":{"type":"Point","coordinates":[-46.545396117505447,23.919928892794651]}},
{"type":"Feature","properties":{"name":"621"},"geometry":{"type":"Point","coordinates":[-40.871762117709501,26.822272958649052]}},
{"type":"Feature","properties":{"name":"622"},"geometry":{"type":"Point","coordinates":[-34.864177729977804,29.523258735070616]}},
{"type":"Feature","properties":{"name":"623"},"geometry":{"type":"Point","coordinates":[-28.211571520629281,31.724298801980581]}},
{"type":"Feature","properties":{"name":"624"},"geometry":{"type":"Point","coordinates":[-21.392990414624457,33.224915510436844]}},
{"type":"Feature","properties":{"name":"625"},"geometry":{"type":"Point","coordinates":[-14.434745914461129,34.348004132704538]}},
{"type":"Feature","properties":{"name":"626"},"geometry":{"type":"Point","coordinates":[-75.210188502004755,5.442182272873322]}},
{"type":"Feature","properties":{"name":"627"},"geometry":{"type":"Point","coordinates":[-69.815287266375037,8.169237728133952]}},
{"type":"Feature","properties":{"name":"628"},"geometry":{"type":"Point","coordinates":[-64.047248207065508,10.599322177078955]}},
{"type":"Feature","properties":{"name":"629"},"geometry":{"type":"Point","coordinates":[-59.052249038393711,14.409229221827969]}},
{"type":"Feature","properties":{"name":"630"},"geometry":{"type":"Point","coordinates":[-53.845718090987269,17.742074802738898]}},
{"type":"Feature","properties":{"name":"631"},"geometry":{"type":"Point","coordinates":[-48.515481432528517,20.920804685616634]}},
{"type":"Feature","properties":{"name":"632"},"geometry":{"type":"Point","coordinates":[-43.006734890120093,23.920097065362413]}},
{"type":"Feature","properties":{"name":"633"},"geometry":{"type":"Point","coordinates":[-37.215198104221329,26.705448440317486]}},
{"type":"Feature","properties":{"name":"634"},"geometry":{"type":"Point","coordinates":[-31.089970597009575,29.567619477667215]}},
{"type":"Feature","properties":{"name":"635"},"geometry":{"type":"Point","coordinates":[-24.205977320671618,30.989642383264432]}},
{"type":"Feature","properties":{"name":"636"},"geometry":{"type":"Point","coordinates":[-17.406386944502284,32.274919874523292]}},
{"type":"Feature","properties":{"name":"637"},"geometry":{"type":"Point","coordinates":[-10.461629268667343,33.164463474943965]}},
{"type":"Feature","properties":{"name":"638"},"geometry":{"type":"Point","coordinates":[-76.987677676830273,2.717006160413509]}},
{"type":"Feature","properties":{"name":"639"},"geometry":{"type":"Point","coordinates":[-71.679713471103611,5.460174641131834]}},
{"type":"Feature","properties":{"name":"640"},"geometry":{"type":"Point","coordinates":[-66.20285982444247,8.134550600775983]}},
{"type":"Feature","properties":{"name":"641"},"geometry":{"type":"Point","coordinates":[-60.801890802846707,11.266125297197899]}},
{"type":"Feature","properties":{"name":"642"},"geometry":{"type":"Point","coordinates":[-55.67552108408109,14.698056430368672]}},
{"type":"Feature","properties":{"name":"643"},"geometry":{"type":"Point","coordinates":[-50.434813245035087,17.900984056728841]}},
{"type":"Feature","properties":{"name":"644"},"geometry":{"type":"Point","coordinates":[-45.054811971100861,20.978789929019211]}},
{"type":"Feature","properties":{"name":"645"},"geometry":{"type":"Point","coordinates":[-39.445223586260681,23.856183921084632]}},
{"type":"Feature","properties":{"name":"646"},"geometry":{"type":"Point","coordinates":[-33.528684062321084,26.601387955625537]}},
{"type":"Feature","properties":{"name":"647"},"geometry":{"type":"Point","coordinates":[-26.998796939896792,28.753053066992415]}},
{"type":"Feature","properties":{"name":"648"},"geometry":{"type":"Point","coordinates":[-20.276007427981753,30.13359813212395]}},
{"type":"Feature","properties":{"name":"649"},"geometry":{"type":"Point","coordinates":[-13.493285252386533,31.198206034160531]}},
{"type":"Feature","properties":{"name":"650"},"geometry":{"type":"Point","coordinates":[-78.75,0.0]}},
{"type":"Feature","properties":{"name":"651"},"geometry":{"type":"Point","coordinates":[-73.475141222138106,2.729312921742406]}},
{"type":"Feature","properties":{"name":"652"},"geometry":{"type":"Point","coordinates":[-68.14822858358356,5.467192945485728]}},
{"type":"Feature","properties":{"name":"653"},"geometry":{"type":"Point","coordinates":[-62.469267159847689,7.949636609838928]}},
{"type":"Feature","properties":{"name":"654"},"geometry":{"type":"Point","coordinates":[-57.463883564982766,11.644043428737918]}},
{"type":"Feature","properties":{"name":"655"},"geometry":{"type":"Point","coordinates":[-52.303493958425761,14.884806122760377]}},
{"type":"Feature","properties":{"name":"656"},"geometry":{"type":"Point","coordinates":[-47.032525588538981,18.0]}},
{"type":"Feature","properties":{"name":"657"},"geometry":{"type":"Point","coordinates":[-41.576637956185458,20.967729706829875]}},
{"type":"Feature","properties":{"name":"658"},"geometry":{"type":"Point","coordinates":[-35.860691694237808,23.7589447854489]}},
{"type":"Feature","properties":{"name":"659"},"geometry":{"type":"Point","coordinates":[-29.870886539386163,26.695374136994307]}},
{"type":"Feature","properties":{"name":"660"},"geometry":{"type":"Point","coordinates":[-23.08013103677267,27.95281340793851]}},
{"type":"Feature","properties":{"name":"661"},"geometry":{"type":"Point","coordinates":[-16.413697463411737,29.154826593076599]}},
{"type":"Feature","properties":{"name":"662"},"geometry":{"type":"Point","coordinates":[-75.236020744925611,0.0]}},
{"type":"Feature","properties":{"name":"663"},"geometry":{"type":"Point","coordinates":[-69.974824333973942,2.73857815297081]}},
{"type":"Feature","properties":{"name":"664"},"geometry":{"type":"Point","coordinates":[-64.592134401040425,5.449314383091443]}},
{"type":"Feature","properties":{"name":"665"},"geometry":{"type":"Point","coordinates":[-59.221788107296895,8.55579508959825]}},
{"type":"Feature","properties":{"name":"666"},"geometry":{"type":"Point","coordinates":[-54.120527707563497,11.868123182831022]}},
{"type":"Feature","properties":{"name":"667"},"geometry":{"type":"Point","coordinates":[-48.944275490143916,15.001817170048694]}},
{"type":"Feature","properties":{"name":"668"},"geometry":{"type":"Point","coordinates":[-43.627563961897891,18.039601133639884]}},
{"type":"Feature","properties":{"name":"669"},"geometry":{"type":"Point","coordinates":[-38.080762689308017,20.905416243615733]}},
{"type":"Feature","properties":{"name":"670"},"geometry":{"type":"Point","coordinates":[-32.264023760012861,23.693110795289247]}},
{"type":"Feature","properties":{"name":"671"},"geometry":{"type":"Point","coordinates":[-25.868108780212395,25.793567082948428]}},
{"type":"Feature","properties":{"name":"672"},"geometry":{"type":"Point","coordinates":[-19.248296885924006,27.053916531108005]}},
{"type":"Feature","properties":{"name":"673"},"geometry":{"type":"Point","coordinates":[-12.617812457786341,28.056666048154334]}},
{"type":"Feature","properties":{"name":"674"},"geometry":{"type":"Point","coordinates":[-76.987677676830273,-2.717006160413472]}},
{"type":"Feature","properties":{"name":"675"},"geometry":{"type":"Point","coordinates":[-71.738451763080462,0.0]}},
{"type":"Feature","properties":{"name":"676"},"geometry":{"type":"Point","coordinates":[-66.48043163764649,2.743987707055731]}},
{"type":"Feature","properties":{"name":"677"},"geometry":{"type":"Point","coordinates":[-60.914905127944969,5.299793226328933]}},
{"type":"Feature","properties":{"name":"678"},"geometry":{"type":"Point","coordinates":[-55.90025172137333,8.848414381196328]}},
{"type":"Feature","properties":{"name":"679"},"geometry":{"type":"Point","coordinates":[-50.794400729794866,12.002233347874609]}},
{"type":"Feature","properties":{"name":"680"},"geometry":{"type":"Point","coordinates":[-45.598020699238731,15.068283767616709]}},
{"type":"Feature","properties":{"name":"681"},"geometry":{"type":"Point","coordinates":[-40.208628453727457,18.0195673972514]}},
{"type":"Feature","properties":{"name":"682"},"geometry":{"type":"Point","coordinates":[-34.570444546581797,20.823694832043639]}},
{"type":"Feature","properties":{"name":"683"},"geometry":{"type":"Point","coordinates":[-28.709456751759493,23.807007669065271]}},
{"type":"Feature","properties":{"name":"684"},"geometry":{"type":"Point","coordinates":[-22.028329888381212,24.927282601494102]}},
{"type":"Feature","properties":{"name":"685"},"geometry":{"type":"Point","coordinates":[-15.484930576391347,26.044032197779615]}},
{"type":"Feature","properties":{"name":"686"},"geometry":{"type":"Point","coordinates":[-78.75,-5.416650780795912]}},
{"type":"Feature","properties":{"name":"687"},"geometry":{"type":"Point","coordinates":[-73.475141222138106,-2.729312921742493]}},
{"type":"Feature","properties":{"name":"688"},"geometry":{"type":"Point","coordinates":[-68.253846692934616,0.0]}},
{"type":"Feature","properties":{"name":"689"},"geometry":{"type":"Point","coordinates":[-62.978104027762654,2.741127804682029]}},
{"type":"Feature","properties":{"name":"690"},"geometry":{"type":"Point","coordinates":[-57.656588825128892,5.814526604696534]}},
{"type":"Feature","properties":{"name":"691"},"geometry":{"type":"Point","coordinates":[-52.597041015529747,9.001946840054218]}},
{"type":"Feature","properties":{"name":"692"},"geometry":{"type":"Point","coordinates":[-47.48789812188037,12.078933280138452]}},
{"type":"Feature","properties":{"name":"693"},"geometry":{"type":"Point","coordinates":[-42.261749893349531,15.0960700950885]}},
{"type":"Feature","properties":{"name":"694"},"geometry":{"type":"Point","coordinates":[-36.776963938407256,17.958619697765595]}},
{"type":"Feature","properties":{"name":"695"},"geometry":{"type":"Point","coordinates":[-31.059916780998769,20.782615569887227]}},
{"type":"Feature","properties":{"name":"696"},"geometry":{"type":"Point","coordinates":[-24.793593174926848,22.834802259343601]}},
{"type":"Feature","properties":{"name":"697"},"geometry":{"type":"Point","coordinates":[-18.278875543283103,23.983112367948891]}},
{"type":"Feature","properties":{"name":"698"},"geometry":{"type":"Point","coordinates":[-75.210188502004755,-5.442182272873298]}},
{"type":"Feature","properties":{"name":"699"},"geometry":{"type":"Point","coordinates":[-69.974824333973942,-2.73857815297079]}},
{"type":"Feature","properties":{"name":"700"},"geometry":{"type":"Point","coordinates":[-64.77887047818335,0.0]}},
{"type":"Feature","properties":{"name":"701"},"geometry":{"type":"Point","coordinates":[-59.376037451491655,2.649900676306472]}},
{"type":"Feature","properties":{"name":"702"},"geometry":{"type":"Point","coordinates":[-54.365087309224748,6.001364210797427]}},
{"type":"Feature","properties":{"name":"703"},"geometry":{"type":"Point","coordinates":[-49.323291752618218,9.083908514058214]}},
{"type":"Feature","properties":{"name":"704"},"geometry":{"type":"Point","coordinates":[-44.197220401789551,12.115983400197845]}},
{"type":"Feature","properties":{"name":"705"},"geometry":{"type":"Point","coordinates":[-38.89895886704749,15.068268128178717]}},
{"type":"Feature","properties":{"name":"706"},"geometry":{"type":"Point","coordinates":[-33.337712950209884,17.888053720594769]}},
{"type":"Feature","properties":{"name":"707"},"geometry":{"type":"Point","coordinates":[-27.595531188565108,20.901942654275043]}},
{"type":"Feature","properties":{"name":"708"},"geometry":{"type":"Point","coordinates":[-21.026419334590056,21.9064705815609]}},
{"type":"Feature","properties":{"name":"709"},"geometry":{"type":"Point","coordinates":[-14.597299060634182,22.940217902977839]}},
{"type":"Feature","properties":{"name":"710"},"geometry":{"type":"Point","coordinates":[-76.963037923110008,-8.136049607943391]}},
{"type":"Feature","properties":{"name":"711"},"geometry":{"type":"Point","coordinates":[-71.679713471103611,-5.460174641131815]}},
{"type":"Feature","properties":{"name":"712"},"geometry":{"type":"Point","coordinates":[-66.48043163764649,-2.743987707055713]}},
{"type":"Feature","properties":{"name":"713"},"geometry":{"type":"Point","coordinates":[-61.310269318108084,0.0]}},
{"type":"Feature","properties":{"name":"714"},"geometry":{"type":"Point","coordinates":[-56.110543063163554,3.000689682048397]}},
{"type":"Feature","properties":{"name":"715"},"geometry":{"type":"Point","coordinates":[-51.119657958622589,6.081759413519966]}},
{"type":"Feature","properties":{"name":"716"},"geometry":{"type":"Point","coordinates":[-46.073492405443055,9.123978353396552]}},
{"type":"Feature","properties":{"name":"717"},"geometry":{"type":"Point","coordinates":[-40.916934254032114,12.123638349488495]}},
{"type":"Feature","properties":{"name":"718"},"geometry":{"type":"Point","coordinates":[-35.527693729433317,15.007803277814794]}},
{"type":"Feature","properties":{"name":"719"},"geometry":{"type":"Point","coordinates":[-29.905826070474369,17.862226641476944]}},
{"type":"Feature","properties":{"name":"720"},"geometry":{"type":"Point","coordinates":[-23.760228852804325,19.870270926477072]}},
{"type":"Feature","properties":{"name":"721"},"geometry":{"type":"Point","coordinates":[-17.347956863098304,20.916846977395632]}},
{"type":"Feature","properties":{"name":"722"},"geometry":{"type":"Point","coordinates":[-78.75,-10.810021881164181]}},
{"type":"Feature","properties":{"name":"723"},"geometry":{"type":"Point","coordinates":[-73.392662780617314,-8.162493880578001]}},
{"type":"Feature","properties":{"name":"724"},"geometry":{"type":"Point","coordinates":[-68.14822858358356,-5.467192945485709]}},
{"type":"Feature","properties":{"name":"725"},"geometry":{"type":"Point","coordinates":[-62.978104027762654,-2.74112780468208]}},
{"type":"Feature","properties":{"name":"726"},"geometry":{"type":"Point","coordinates":[-57.844842552110705,0.0]}},
{"type":"Feature","properties":{"name":"727"},"geometry":{"type":"Point","coordinates":[-52.898382475601153,3.065932060011681]}},
{"type":"Feature","properties":{"name":"728"},"geometry":{"type":"Point","coordinates":[-47.910660566712252,6.116768897618391]}},
{"type":"Feature","properties":{"name":"729"},"geometry":{"type":"Point","coordinates":[-42.839589542715196,9.13664288969939]}},
{"type":"Feature","properties":{"name":"730"},"geometry":{"type":"Point","coordinates":[-37.64145446660509,12.10809795504859]}},
{"type":"Feature","properties":{"name":"731"},"geometry":{"type":"Point","coordinates":[-32.153992998464069,14.944601661100506]}},
{"type":"Feature","properties":{"name":"732"},"geometry":{"type":"Point","coordinates":[-26.520177933133407,17.979329774477051]}},
{"type":"Feature","properties":{"name":"733"},"geometry":{"type":"Point","coordinates":[-20.05883696133041,18.884784085727922]}},
{"type":"Feature","properties":{"name":"734"},"geometry":{"type":"Point","coordinates":[-75.131921201784266,-10.845773605500714]}},
{"type":"Feature","properties":{"name":"735"},"geometry":{"type":"Point","coordinates":[-69.815287266375051,-8.169237728133851]}},
{"type":"Feature","properties":{"name":"736"},"geometry":{"type":"Point","coordinates":[-64.592134401040425,-5.449314383091473]}},
{"type":"Feature","properties":{"name":"737"},"geometry":{"type":"Point","coordinates":[-59.376037451491655,-2.649900676306472]}},
{"type":"Feature","properties":{"name":"738"},"geometry":{"type":"Point","coordinates":[-54.784636772369879,0.0]}},
{"type":"Feature","properties":{"name":"739"},"geometry":{"type":"Point","coordinates":[-49.743401696414928,3.084420514746658]}},
{"type":"Feature","properties":{"name":"740"},"geometry":{"type":"Point","coordinates":[-44.723835655991522,6.12790897433759]}},
{"type":"Feature","properties":{"name":"741"},"geometry":{"type":"Point","coordinates":[-39.614052004682485,9.129577591340839]}},
{"type":"Feature","properties":{"name":"742"},"geometry":{"type":"Point","coordinates":[-34.325498957408577,12.047071515031263]}},
{"type":"Feature","properties":{"name":"743"},"geometry":{"type":"Point","coordinates":[-28.792347037333727,14.927431456262013]}},
{"type":"Feature","properties":{"name":"744"},"geometry":{"type":"Point","coordinates":[-22.757291557131389,16.895678907545694]}},
{"type":"Feature","properties":{"name":"745"},"geometry":{"type":"Point","coordinates":[-16.441672782385542,17.85072025621616]}},
{"type":"Feature","properties":{"name":"746"},"geometry":{"type":"Point","coordinates":[-76.912930522641005,-13.510649800924488]}},
{"type":"Feature","properties":{"name":"747"},"geometry":{"type":"Point","coordinates":[-71.502464700202438,-10.852888878880581]}},
{"type":"Feature","properties":{"name":"748"},"geometry":{"type":"Point","coordinates":[-66.202859824442484,-8.134550600775908]}},
{"type":"Feature","properties":{"name":"749"},"geometry":{"type":"Point","coordinates":[-60.914905127944969,-5.299793226328926]}},
{"type":"Feature","properties":{"name":"750"},"geometry":{"type":"Point","coordinates":[-56.110543063163554,-3.000689682048391]}},
{"type":"Feature","properties":{"name":"751"},"geometry":{"type":"Point","coordinates":[-51.722245802773969,0.0]}},
{"type":"Feature","properties":{"name":"752"},"geometry":{"type":"Point","coordinates":[-46.613458777978181,3.087911360234934]}},
{"type":"Feature","properties":{"name":"753"},"geometry":{"type":"Point","coordinates":[-41.548124117763116,6.124199889073399]}},
{"type":"Feature","properties":{"name":"754"},"geometry":{"type":"Point","coordinates":[-36.390339172734251,9.107113233803281]}},
{"type":"Feature","properties":{"name":"755"},"geometry":{"type":"Point","coordinates":[-31.010860247705743,11.98816780856032]}},
{"type":"Feature","properties":{"name":"756"},"geometry":{"type":"Point","coordinates":[-25.475396203357935,15.038082085795988]}},
{"type":"Feature","properties":{"name":"757"},"geometry":{"type":"Point","coordinates":[-19.114284332033375,15.857630596371237]}},
{"type":"Feature","properties":{"name":"758"},"geometry":{"type":"Point","coordinates":[-78.75,-16.157435321991677]}},
{"type":"Feature","properties":{"name":"759"},"geometry":{"type":"Point","coordinates":[-73.22566687858091,-13.520531991524916]}},
{"type":"Feature","properties":{"name":"760"},"geometry":{"type":"Point","coordinates":[-67.832321394100902,-10.80476137457431]}},
{"type":"Feature","properties":{"name":"761"},"geometry":{"type":"Point","coordinates":[-62.469267159847703,-7.94963660983893]}},
{"type":"Feature","properties":{"name":"762"},"geometry":{"type":"Point","coordinates":[-57.656588825128892,-5.814526604696524]}},
{"type":"Feature","properties":{"name":"763"},"geometry":{"type":"Point","coordinates":[-52.898382475601181,-3.065932060011695]}},
{"type":"Feature","properties":{"name":"764"},"geometry":{"type":"Point","coordinates":[-48.655470369890246,0.0]}},
{"type":"Feature","properties":{"name":"765"},"geometry":{"type":"Point","coordinates":[-43.49239910094645,3.08418141140123]}},
{"type":"Feature","properties":{"name":"766"},"geometry":{"type":"Point","coordinates":[-38.375276367210972,6.109916736785252]}},
{"type":"Feature","properties":{"name":"767"},"geometry":{"type":"Point","coordinates":[-33.162771634054025,9.071809122964803]}},
{"type":"Feature","properties":{"name":"768"},"geometry":{"type":"Point","coordinates":[-27.711103686047728,11.97506466067982]}},
{"type":"Feature","properties":{"name":"769"},"geometry":{"type":"Point","coordinates":[-21.776152991713026,13.90778244930342]}},
{"type":"Feature","properties":{"name":"770"},"geometry":{"type":"Point","coordinates":[-74.998877242024292,-16.173622605376305]}},
{"type":"Feature","properties":{"name":"771"},"geometry":{"type":"Point","coordinates":[-69.49510821557628,-13.464136298379421]}},
{"type":"Feature","properties":{"name":"772"},"geometry":{"type":"Point","coordinates":[-64.047248207065508,-10.599322177078969]}},
{"type":"Feature","properties":{"name":"773"},"geometry":{"type":"Point","coordinates":[-59.221788107296895,-8.555795089598249]}},
{"type":"Feature","properties":{"name":"774"},"geometry":{"type":"Point","coordinates":[-54.365087309224748,-6.001364210797417]}},
{"type":"Feature","properties":{"name":"775"},"geometry":{"type":"Point","coordinates":[-49.743401696414885,-3.084420514746629]}},
{"type":"Feature","properties":{"name":"776"},"geometry":{"type":"Point","coordinates":[-45.582082779906415,0.0]}},
{"type":"Feature","properties":{"name":"777"},"geometry":{"type":"Point","coordinates":[-40.3711044695496,3.075849977141193]}},
{"type":"Feature","properties":{"name":"778"},"geometry":{"type":"Point","coordinates":[-35.198885599385115,6.087269335984432]}},
{"type":"Feature","properties":{"name":"779"},"geometry":{"type":"Point","coordinates":[-29.900376255770929,9.014798760753756]}},
{"type":"Feature","properties":{"name":"780"},"geometry":{"type":"Point","coordinates":[-24.453877137771247,12.076898721235342]}},
{"type":"Feature","properties":{"name":"781"},"geometry":{"type":"Point","coordinates":[-18.183765326632887,12.82113420680222]}},
{"type":"Feature","properties":{"name":"782"},"geometry":{"type":"Point","coordinates":[-76.835652094747928,-18.81268666092269]}},
{"type":"Feature","properties":{"name":"783"},"geometry":{"type":"Point","coordinates":[-71.203644110368458,-16.11469945982445]}},
{"type":"Feature","properties":{"name":"784"},"geometry":{"type":"Point","coordinates":[-65.657441524606341,-13.248635279737931]}},
{"type":"Feature","properties":{"name":"785"},"geometry":{"type":"Point","coordinates":[-60.801890802846721,-11.266125297197899]}},
{"type":"Feature","properties":{"name":"786"},"geometry":{"type":"Point","coordinates":[-55.90025172137333,-8.848414381196323]}},
{"type":"Feature","properties":{"name":"787"},"geometry":{"type":"Point","coordinates":[-51.119657958622597,-6.081759413519968]}},
{"type":"Feature","properties":{"name":"788"},"geometry":{"type":"Point","coordinates":[-46.613458777978231,-3.087911360234978]}},
{"type":"Feature","properties":{"name":"789"},"geometry":{"type":"Point","coordinates":[-42.499812066404523,0.0]}},
{"type":"Feature","properties":{"name":"790"},"geometry":{"type":"Point","coordinates":[-37.243535595981506,3.063982706371215]}},
{"type":"Feature","properties":{"name":"791"},"geometry":{"type":"Point","coordinates":[-32.01368389061286,6.057468397586848]}},
{"type":"Feature","properties":{"name":"792"},"geometry":{"type":"Point","coordinates":[-26.654485735232239,9.002549875614294]}},
{"type":"Feature","properties":{"name":"793"},"geometry":{"type":"Point","coordinates":[-20.809332608957952,10.903842693635257]}},
{"type":"Feature","properties":{"name":"794"},"geometry":{"type":"Point","coordinates":[-78.75,-21.437378172608906]}},
{"type":"Feature","properties":{"name":"795"},"geometry":{"type":"Point","coordinates":[-72.970053357051711,-18.757164570587207]}},
{"type":"Feature","properties":{"name":"796"},"geometry":{"type":"Point","coordinates":[-67.309092025612202,-15.897211004144737]}},
{"type":"Feature","properties":{"name":"797"},"geometry":{"type":"Point","coordinates":[-62.405678051876919,-13.961277006988396]}},
{"type":"Feature","properties":{"name":"798"},"geometry":{"type":"Point","coordinates":[-57.463883564982638,-11.644043428737859]}},
{"type":"Feature","properties":{"name":"799"},"geometry":{"type":"Point","coordinates":[-52.597041015529747,-9.001946840054215]}},
{"type":"Feature","properties":{"name":"800"},"geometry":{"type":"Point","coordinates":[-47.910660566712309,-6.116768897618427]}},
{"type":"Feature","properties":{"name":"801"},"geometry":{"type":"Point","coordinates":[-43.492399100946336,-3.084181411401149]}},
{"type":"Feature","properties":{"name":"802"},"geometry":{"type":"Point","coordinates":[-39.406328342029781,0.0]}},
{"type":"Feature","properties":{"name":"803"},"geometry":{"type":"Point","coordinates":[-34.105097021438795,3.049065101171749]}},
{"type":"Feature","properties":{"name":"804"},"geometry":{"type":"Point","coordinates":[-28.815086600255555,6.021197802427164]}},
{"type":"Feature","properties":{"name":"805"},"geometry":{"type":"Point","coordinates":[-23.448798050427904,9.094280387858188]}},
{"type":"Feature","properties":{"name":"806"},"geometry":{"type":"Point","coordinates":[-74.807051941932244,-21.391321692134351]}},
{"type":"Feature","properties":{"name":"807"},"geometry":{"type":"Point","coordinates":[-69.012304073533812,-18.544481401731449]}},
{"type":"Feature","properties":{"name":"808"},"geometry":{"type":"Point","coordinates":[-64.043439381904648,-16.648208789943748]}},
{"type":"Feature","properties":{"name":"809"},"geometry":{"type":"Point","coordinates":[-59.05224903839374,-14.409229221827957]}},
{"type":"Feature","properties":{"name":"810"},"geometry":{"type":"Point","coordinates":[-54.120527707563589,-11.868123182831065]}},
{"type":"Feature","properties":{"name":"811"},"geometry":{"type":"Point","coordinates":[-49.323291752618289,-9.083908514058255]}},
{"type":"Feature","properties":{"name":"812"},"geometry":{"type":"Point","coordinates":[-44.723835655991586,-6.127908974337631]}},
{"type":"Feature","properties":{"name":"813"},"geometry":{"type":"Point","coordinates":[-40.371104469549536,-3.075849977141143]}},
{"type":"Feature","properties":{"name":"814"},"geometry":{"type":"Point","coordinates":[-36.299226044281085,0.0]}},
{"type":"Feature","properties":{"name":"815"},"geometry":{"type":"Point","coordinates":[-30.951895624307067,3.031329958880057]}},
{"type":"Feature","properties":{"name":"816"},"geometry":{"type":"Point","coordinates":[-25.615403046545612,6.007546990041862]}},
{"type":"Feature","properties":{"name":"817"},"geometry":{"type":"Point","coordinates":[-19.849991959217757,7.881349723246767]}},
{"type":"Feature","properties":{"name":"818"},"geometry":{"type":"Point","coordinates":[-76.728523274272206,-24.016182891931997]}},
{"type":"Feature","properties":{"name":"819"},"geometry":{"type":"Point","coordinates":[-70.778282367799136,-21.189610941483746]}},
{"type":"Feature","properties":{"name":"820"},"geometry":{"type":"Point","coordinates":[-65.726065284339427,-19.330225711503065]}},
{"type":"Feature","properties":{"name":"821"},"geometry":{"type":"Point","coordinates":[-60.671126904933189,-17.155858823551174]}},
{"type":"Feature","properties":{"name":"822"},"geometry":{"type":"Point","coordinates":[-55.675521084081112,-14.698056430368664]}},
{"type":"Feature","properties":{"name":"823"},"geometry":{"type":"Point","coordinates":[-50.794400729794866,-12.002233347874618]}},
{"type":"Feature","properties":{"name":"824"},"geometry":{"type":"Point","coordinates":[-46.073492405443069,-9.123978353396563]}},
{"type":"Feature","properties":{"name":"825"},"geometry":{"type":"Point","coordinates":[-41.548124117763045,-6.124199889073348]}},
{"type":"Feature","properties":{"name":"826"},"geometry":{"type":"Point","coordinates":[-37.243535595981363,-3.063982706371095]}},
{"type":"Feature","properties":{"name":"827"},"geometry":{"type":"Point","coordinates":[-33.176005724161165,0.0]}},
{"type":"Feature","properties":{"name":"828"},"geometry":{"type":"Point","coordinates":[-27.780367621427992,3.010885634742168]}},
{"type":"Feature","properties":{"name":"829"},"geometry":{"type":"Point","coordinates":[-22.453638442025927,6.08853837816498]}},
{"type":"Feature","properties":{"name":"830"},"geometry":{"type":"Point","coordinates":[-78.75,-26.629993673908892]}},
{"type":"Feature","properties":{"name":"831"},"geometry":{"type":"Point","coordinates":[-72.619615796500625,-23.831415987527613]}},
{"type":"Feature","properties":{"name":"832"},"geometry":{"type":"Point","coordinates":[-67.465271407345114,-22.008799301604373]}},
{"type":"Feature","properties":{"name":"833"},"geometry":{"type":"Point","coordinates":[-62.329658129990875,-19.890885572874659]}},
{"type":"Feature","properties":{"name":"834"},"geometry":{"type":"Point","coordinates":[-57.261814929073019,-17.503887910528718]}},
{"type":"Feature","properties":{"name":"835"},"geometry":{"type":"Point","coordinates":[-52.303493958425783,-14.88480612276037]}},
{"type":"Feature","properties":{"name":"836"},"geometry":{"type":"Point","coordinates":[-47.487898121880391,-12.078933280138465]}},
{"type":"Feature","properties":{"name":"837"},"geometry":{"type":"Point","coordinates":[-42.839589542715281,-9.13664288969945]}},
{"type":"Feature","properties":{"name":"838"},"geometry":{"type":"Point","coordinates":[-38.375276367210894,-6.1099167367852]}},
{"type":"Feature","properties":{"name":"839"},"geometry":{"type":"Point","coordinates":[-34.105097021438787,-3.049065101171759]}},
{"type":"Feature","properties":{"name":"840"},"geometry":{"type":"Point","coordinates":[-30.034053969914485,0.0]}},
{"type":"Feature","properties":{"name":"841"},"geometry":{"type":"Point","coordinates":[-24.587070113163328,2.987772159891172]}},
{"type":"Feature","properties":{"name":"842"},"geometry":{"type":"Point","coordinates":[-74.550615925551554,-26.468262825747946]}},
{"type":"Feature","properties":{"name":"843"},"geometry":{"type":"Point","coordinates":[-69.273976318522941,-24.684278306440198]}},
{"type":"Feature","properties":{"name":"844"},"geometry":{"type":"Point","coordinates":[-64.038820015368003,-22.618420822329181]}},
{"type":"Feature","properties":{"name":"845"},"geometry":{"type":"Point","coordinates":[-58.885272768392873,-20.293776732202261]}},
{"type":"Feature","properties":{"name":"846"},"geometry":{"type":"Point","coordinates":[-53.845718090987283,-17.742074802738884]}},
{"type":"Feature","properties":{"name":"847"},"geometry":{"type":"Point","coordinates":[-48.944275490143916,-15.001817170048692]}},
{"type":"Feature","properties":{"name":"848"},"geometry":{"type":"Point","coordinates":[-44.197220401789558,-12.115983400197862]}},
{"type":"Feature","properties":{"name":"849"},"geometry":{"type":"Point","coordinates":[-39.614052004682293,-9.129577591340722]}},
{"type":"Feature","properties":{"name":"850"},"geometry":{"type":"Point","coordinates":[-35.198885599385129,-6.087269335984447]}},
{"type":"Feature","properties":{"name":"851"},"geometry":{"type":"Point","coordinates":[-30.951895624307053,-3.031329958880116]}},
{"type":"Feature","properties":{"name":"852"},"geometry":{"type":"Point","coordinates":[-26.870620982824356,0.0]}},
{"type":"Feature","properties":{"name":"853"},"geometry":{"type":"Point","coordinates":[-21.462007615843309,3.057798370546823]}},
{"type":"Feature","properties":{"name":"854"},"geometry":{"type":"Point","coordinates":[-76.587723739487842,-29.09793700926673]}},
{"type":"Feature","properties":{"name":"855"},"geometry":{"type":"Point","coordinates":[-71.16672603501722,-27.356160125183667]}},
{"type":"Feature","properties":{"name":"856"},"geometry":{"type":"Point","coordinates":[-65.811180817652868,-25.340779702009872]}},
{"type":"Feature","properties":{"name":"857"},"geometry":{"type":"Point","coordinates":[-60.554976807696512,-23.073195154872423]}},
{"type":"Feature","properties":{"name":"858"},"geometry":{"type":"Point","coordinates":[-55.423740426967868,-20.581908092951856]}},
{"type":"Feature","properties":{"name":"859"},"geometry":{"type":"Point","coordinates":[-50.434813245035102,-17.900984056728838]}},
{"type":"Feature","properties":{"name":"860"},"geometry":{"type":"Point","coordinates":[-45.598020699238745,-15.068283767616709]}},
{"type":"Feature","properties":{"name":"861"},"geometry":{"type":"Point","coordinates":[-40.916934254032128,-12.123638349488518]}},
{"type":"Feature","properties":{"name":"862"},"geometry":{"type":"Point","coordinates":[-36.390339172734251,-9.107113233803277]}},
{"type":"Feature","properties":{"name":"863"},"geometry":{"type":"Point","coordinates":[-32.013683890612882,-6.057468397586878]}},
{"type":"Feature","properties":{"name":"864"},"geometry":{"type":"Point","coordinates":[-27.780367621427914,-3.01088563474211]}},
{"type":"Feature","properties":{"name":"865"},"geometry":{"type":"Point","coordinates":[-23.682795222842923,0.0]}},
{"type":"Feature","properties":{"name":"866"},"geometry":{"type":"Point","coordinates":[-20.467474411461016,-0.0]}},
{"type":"Feature","properties":{"name":"867"},"geometry":{"type":"Point","coordinates":[-18.891609163351621,4.837872861639232]}},
{"type":"Feature","properties":{"name":"868"},"geometry":{"type":"Point","coordinates":[-17.259572913632507,9.771885122035435]}},
{"type":"Feature","properties":{"name":"869"},"geometry":{"type":"Point","coordinates":[-15.54946890821628,14.780636958787028]}},
{"type":"Feature","properties":{"name":"870"},"geometry":{"type":"Point","coordinates":[-13.734970252166624,19.839930894564841]}},
{"type":"Feature","properties":{"name":"871"},"geometry":{"type":"Point","coordinates":[-11.783725535458421,24.922880543654106]}},
{"type":"Feature","properties":{"name":"872"},"geometry":{"type":"Point","coordinates":[-9.655157447889305,30.0]}},
{"type":"Feature","properties":{"name":"873"},"geometry":{"type":"Point","coordinates":[-7.297386237359231,35.039188356556707]}},
{"type":"Feature","properties":{"name":"874"},"geometry":{"type":"Point","coordinates":[-4.642896752053778,40.005481779570204]}},
{"type":"Feature","properties":{"name":"875"},"geometry":{"type":"Point","coordinates":[-1.602435064583828,44.860387238500159]}},
{"type":"Feature","properties":{"name":"876"},"geometry":{"type":"Point","coordinates":[1.943466512793828,49.560529239514693]}},
{"type":"Feature","properties":{"name":"877"},"geometry":{"type":"Point","coordinates":[6.155740293158626,54.05522936413854]}},
{"type":"Feature","properties":{"name":"878"},"geometry":{"type":"Point","coordinates":[-17.865281799205011,1.889268691033994]}},
{"type":"Feature","properties":{"name":"879"},"geometry":{"type":"Point","coordinates":[-16.312095546433142,6.731041075483199]}},
{"type":"Feature","properties":{"name":"880"},"geometry":{"type":"Point","coordinates":[-14.665404204097525,11.675315771476258]}},
{"type":"Feature","properties":{"name":"881"},"geometry":{"type":"Point","coordinates":[-12.901648830877638,16.694809789218649]}},
{"type":"Feature","properties":{"name":"882"},"geometry":{"type":"Point","coordinates":[-10.991598613070758,21.758307032445728]}},
{"type":"Feature","properties":{"name":"883"},"geometry":{"type":"Point","coordinates":[-8.898611552700032,26.830925410938551]}},
{"type":"Feature","properties":{"name":"884"},"geometry":{"type":"Point","coordinates":[-6.576305115750712,31.874389660567171]}},
{"type":"Feature","properties":{"name":"885"},"geometry":{"type":"Point","coordinates":[-3.965453526459102,36.847191809044602]}},
{"type":"Feature","properties":{"name":"886"},"geometry":{"type":"Point","coordinates":[-0.989927387471581,41.7044790658652]}},
{"type":"Feature","properties":{"name":"887"},"geometry":{"type":"Point","coordinates":[2.448401629993083,46.397469205659043]}},
{"type":"Feature","properties":{"name":"888"},"geometry":{"type":"Point","coordinates":[6.4754605659054,50.872169117739112]}},
{"type":"Feature","properties":{"name":"889"},"geometry":{"type":"Point","coordinates":[11.25,55.06720477715708]}},
{"type":"Feature","properties":{"name":"890"},"geometry":{"type":"Point","coordinates":[-17.865281799205029,-1.889268691034011]}},
{"type":"Feature","properties":{"name":"891"},"geometry":{"type":"Point","coordinates":[-15.279768470550597,3.758540728437151]}},
{"type":"Feature","properties":{"name":"892"},"geometry":{"type":"Point","coordinates":[-13.734324734624337,8.603224723689396]}},
{"type":"Feature","properties":{"name":"893"},"geometry":{"type":"Point","coordinates":[-12.05435281057553,13.557128698127574]}},
{"type":"Feature","properties":{"name":"894"},"geometry":{"type":"Point","coordinates":[-10.213915473921849,18.584810863127686]}},
{"type":"Feature","properties":{"name":"895"},"geometry":{"type":"Point","coordinates":[-8.180370411481356,23.645402407433945]}},
{"type":"Feature","properties":{"name":"896"},"geometry":{"type":"Point","coordinates":[-5.912650066350126,28.693216619367131]}},
{"type":"Feature","properties":{"name":"897"},"geometry":{"type":"Point","coordinates":[-3.359148353442018,33.678444983302249]}},
{"type":"Feature","properties":{"name":"898"},"geometry":{"type":"Point","coordinates":[-0.455245165841906,38.547778759072848]}},
{"type":"Feature","properties":{"name":"899"},"geometry":{"type":"Point","coordinates":[2.879308973665979,43.244770321975366]}},
{"type":"Feature","properties":{"name":"900"},"geometry":{"type":"Point","coordinates":[6.742487685958594,47.709769996064153]}},
{"type":"Feature","properties":{"name":"901"},"geometry":{"type":"Point","coordinates":[11.25,51.879379017175658]}},
{"type":"Feature","properties":{"name":"902"},"geometry":{"type":"Point","coordinates":[-18.8916091633516,-4.83787286163937]}},
{"type":"Feature","properties":{"name":"903"},"geometry":{"type":"Point","coordinates":[-15.379993673909041,-0.0]}},
{"type":"Feature","properties":{"name":"904"},"geometry":{"type":"Point","coordinates":[-12.703096062569385,5.605943700843621]}},
{"type":"Feature","properties":{"name":"905"},"geometry":{"type":"Point","coordinates":[-11.150158577005767,10.452743741729668]}},
{"type":"Feature","properties":{"name":"906"},"geometry":{"type":"Point","coordinates":[-9.41645643849469,15.415555612631529]}},
{"type":"Feature","properties":{"name":"907"},"geometry":{"type":"Point","coordinates":[-7.47313652779872,20.447439159778384]}},
{"type":"Feature","properties":{"name":"908"},"geometry":{"type":"Point","coordinates":[-5.284149248828965,25.49406508106869]}},
{"type":"Feature","properties":{"name":"909"},"geometry":{"type":"Point","coordinates":[-2.804934301011281,30.495075696109069]}},
{"type":"Feature","properties":{"name":"910"},"geometry":{"type":"Point","coordinates":[0.018785558573563,35.385722768978894]}},
{"type":"Feature","properties":{"name":"911"},"geometry":{"type":"Point","coordinates":[3.251709019325796,40.098542296225361]}},
{"type":"Feature","properties":{"name":"912"},"geometry":{"type":"Point","coordinates":[6.968386191729251,44.564846675595824]}},
{"type":"Feature","properties":{"name":"913"},"geometry":{"type":"Point","coordinates":[11.25,48.715946030085519]}},
{"type":"Feature","properties":{"name":"914"},"geometry":{"type":"Point","coordinates":[-15.279768470550605,-3.758540728437172]}},
{"type":"Feature","properties":{"name":"915"},"geometry":{"type":"Point","coordinates":[-12.779445520224431,1.846415098094929]}},
{"type":"Feature","properties":{"name":"916"},"geometry":{"type":"Point","coordinates":[-10.127787244709529,7.429590809585265]}},
{"type":"Feature","properties":{"name":"917"},"geometry":{"type":"Point","coordinates":[-8.551375238883107,12.277919309657767]}},
{"type":"Feature","properties":{"name":"918"},"geometry":{"type":"Point","coordinates":[-6.740687954926179,17.248600446965533]}},
{"type":"Feature","properties":{"name":"919"},"geometry":{"type":"Point","coordinates":[-4.663883454365413,22.278074173978951]}},
{"type":"Feature","properties":{"name":"920"},"geometry":{"type":"Point","coordinates":[-2.28268802021864,27.29288917353507]}},
{"type":"Feature","properties":{"name":"921"},"geometry":{"type":"Point","coordinates":[0.447746760711327,32.212727338731327]}},
{"type":"Feature","properties":{"name":"922"},"geometry":{"type":"Point","coordinates":[3.577977008293309,36.954067199962275]}},
{"type":"Feature","properties":{"name":"923"},"geometry":{"type":"Point","coordinates":[7.161633429993241,41.434023996316554]}},
{"type":"Feature","properties":{"name":"924"},"geometry":{"type":"Point","coordinates":[11.25,45.573994275838849]}},
{"type":"Feature","properties":{"name":"925"},"geometry":{"type":"Point","coordinates":[16.024539434094592,50.872169117739112]}},
{"type":"Feature","properties":{"name":"926"},"geometry":{"type":"Point","coordinates":[-16.312095546433095,-6.731041075483279]}},
{"type":"Feature","properties":{"name":"927"},"geometry":{"type":"Point","coordinates":[-12.779445520224412,-1.846415098094907]}},
{"type":"Feature","properties":{"name":"928"},"geometry":{"type":"Point","coordinates":[-10.187473631122074,3.670936467955211]}},
{"type":"Feature","properties":{"name":"929"},"geometry":{"type":"Point","coordinates":[-7.546654512519917,9.227543817836688]}},
{"type":"Feature","properties":{"name":"930"},"geometry":{"type":"Point","coordinates":[-5.929400316260879,14.077078808269629]}},
{"type":"Feature","properties":{"name":"931"},"geometry":{"type":"Point","coordinates":[-4.014167954315139,19.053778727890545]}},
{"type":"Feature","properties":{"name":"932"},"geometry":{"type":"Point","coordinates":[-1.767222502090027,24.069208871615746]}},
{"type":"Feature","properties":{"name":"933"},"geometry":{"type":"Point","coordinates":[0.848067468926238,29.022162719666838]}},
{"type":"Feature","properties":{"name":"934"},"geometry":{"type":"Point","coordinates":[3.868910479897879,33.805409788258132]}},
{"type":"Feature","properties":{"name":"935"},"geometry":{"type":"Point","coordinates":[7.328692945191127,38.313552775615996]}},
{"type":"Feature","properties":{"name":"936"},"geometry":{"type":"Point","coordinates":[11.25,42.450773955718923]}},
{"type":"Feature","properties":{"name":"937"},"geometry":{"type":"Point","coordinates":[15.757512314041344,47.709769996064246]}},
{"type":"Feature","properties":{"name":"938"},"geometry":{"type":"Point","coordinates":[-17.259572913632418,-9.771885122035691]}},
{"type":"Feature","properties":{"name":"939"},"geometry":{"type":"Point","coordinates":[-12.703096062569401,-5.605943700843637]}},
{"type":"Feature","properties":{"name":"940"},"geometry":{"type":"Point","coordinates":[-10.187378172608772,0.0]}},
{"type":"Feature","properties":{"name":"941"},"geometry":{"type":"Point","coordinates":[-7.596262817641067,5.472009966991112]}},
{"type":"Feature","properties":{"name":"942"},"geometry":{"type":"Point","coordinates":[-4.952740424294039,10.997778887404815]}},
{"type":"Feature","properties":{"name":"943"},"geometry":{"type":"Point","coordinates":[-3.274843923384862,15.8485797530514]}},
{"type":"Feature","properties":{"name":"944"},"geometry":{"type":"Point","coordinates":[-1.220765465249784,20.827434436773125]}},
{"type":"Feature","properties":{"name":"945"},"geometry":{"type":"Point","coordinates":[1.241051746596729,25.806936627878081]}},
{"type":"Feature","properties":{"name":"946"},"geometry":{"type":"Point","coordinates":[4.135550514252626,30.644780596601308]}},
{"type":"Feature","properties":{"name":"947"},"geometry":{"type":"Point","coordinates":[7.474801535232264,35.198954527187965]}},
{"type":"Feature","properties":{"name":"948"},"geometry":{"type":"Point","coordinates":[11.25,39.343671657970219]}},
{"type":"Feature","properties":{"name":"949"},"geometry":{"type":"Point","coordinates":[15.531613808270682,44.564846675595902]}},
{"type":"Feature","properties":{"name":"950"},"geometry":{"type":"Point","coordinates":[-13.734324734624279,-8.603224723689472]}},
{"type":"Feature","properties":{"name":"951"},"geometry":{"type":"Point","coordinates":[-10.187473631122053,-3.670936467955164]}},
{"type":"Feature","properties":{"name":"952"},"geometry":{"type":"Point","coordinates":[-7.572452706363811,1.812044306766441]}},
{"type":"Feature","properties":{"name":"953"},"geometry":{"type":"Point","coordinates":[-4.998091194322677,7.248219178253628]}},
{"type":"Feature","properties":{"name":"954"},"geometry":{"type":"Point","coordinates":[-2.339268467653286,12.738154473288736]}},
{"type":"Feature","properties":{"name":"955"},"geometry":{"type":"Point","coordinates":[-0.576572866439445,17.590838611872577]}},
{"type":"Feature","properties":{"name":"956"},"geometry":{"type":"Point","coordinates":[1.661544268042893,22.562712526339325]}},
{"type":"Feature","properties":{"name":"957"},"geometry":{"type":"Point","coordinates":[4.392422704796386,27.461667631020735]}},
{"type":"Feature","properties":{"name":"958"},"geometry":{"type":"Point","coordinates":[7.604752475142787,32.084297132802]}},
{"type":"Feature","properties":{"name":"959"},"geometry":{"type":"Point","coordinates":[11.25,36.250187933595491]}},
{"type":"Feature","properties":{"name":"960"},"geometry":{"type":"Point","coordinates":[15.338366570006741,41.434023996316562]}},
{"type":"Feature","properties":{"name":"961"},"geometry":{"type":"Point","coordinates":[20.051598370006918,46.397469205659036]}},
{"type":"Feature","properties":{"name":"962"},"geometry":{"type":"Point","coordinates":[-14.665404204097477,-11.675315771476347]}},
{"type":"Feature","properties":{"name":"963"},"geometry":{"type":"Point","coordinates":[-10.127787244709536,-7.429590809585281]}},
{"type":"Feature","properties":{"name":"964"},"geometry":{"type":"Point","coordinates":[-7.572452706363929,-1.812044306766446]}},
{"type":"Feature","properties":{"name":"965"},"geometry":{"type":"Point","coordinates":[-4.956525757856781,3.602460909155038]}},
{"type":"Feature","properties":{"name":"966"},"geometry":{"type":"Point","coordinates":[-2.385126975558505,8.99838611566218]}},
{"type":"Feature","properties":{"name":"967"},"geometry":{"type":"Point","coordinates":[0.30039584511757,14.446380652526141]}},
{"type":"Feature","properties":{"name":"968"},"geometry":{"type":"Point","coordinates":[2.18044793353476,19.302223406360731]}},
{"type":"Feature","properties":{"name":"969"},"geometry":{"type":"Point","coordinates":[4.665766022623111,24.242648824886299]}},
{"type":"Feature","properties":{"name":"970"},"geometry":{"type":"Point","coordinates":[7.724236308825674,28.960587169595712]}},
{"type":"Feature","properties":{"name":"971"},"geometry":{"type":"Point","coordinates":[11.25,33.167917220093585]}},
{"type":"Feature","properties":{"name":"972"},"geometry":{"type":"Point","coordinates":[15.171307054808826,38.31355277561606]}},
{"type":"Feature","properties":{"name":"973"},"geometry":{"type":"Point","coordinates":[19.620691026333859,43.244770321975544]}},
{"type":"Feature","properties":{"name":"974"},"geometry":{"type":"Point","coordinates":[-15.549468908216214,-14.780636958787138]}},
{"type":"Feature","properties":{"name":"975"},"geometry":{"type":"Point","coordinates":[-11.15015857700573,-10.452743741729755]}},
{"type":"Feature","properties":{"name":"976"},"geometry":{"type":"Point","coordinates":[-7.596262817641055,-5.472009966991087]}},
{"type":"Feature","properties":{"name":"977"},"geometry":{"type":"Point","coordinates":[-4.907435321991682,0.0]}},
{"type":"Feature","properties":{"name":"978"},"geometry":{"type":"Point","coordinates":[-2.331290713394698,5.370776393017911]}},
{"type":"Feature","properties":{"name":"979"},"geometry":{"type":"Point","coordinates":[0.250886067698892,10.721813555186811]}},
{"type":"Feature","properties":{"name":"980"},"geometry":{"type":"Point","coordinates":[2.972773665261416,16.119989447064267]}},
{"type":"Feature","properties":{"name":"981"},"geometry":{"type":"Point","coordinates":[5.021064276940521,20.979746004982843]}},
{"type":"Feature","properties":{"name":"982"},"geometry":{"type":"Point","coordinates":[7.843892532548603,25.811887643065461]}},
{"type":"Feature","properties":{"name":"983"},"geometry":{"type":"Point","coordinates":[11.25,30.094529630109758]}},
{"type":"Feature","properties":{"name":"984"},"geometry":{"type":"Point","coordinates":[15.025198464767657,35.1989545271881]}},
{"type":"Feature","properties":{"name":"985"},"geometry":{"type":"Point","coordinates":[19.248290980674192,40.098542296225361]}},
{"type":"Feature","properties":{"name":"986"},"geometry":{"type":"Point","coordinates":[-12.054352810575498,-13.557128698127672]}},
{"type":"Feature","properties":{"name":"987"},"geometry":{"type":"Point","coordinates":[-7.54665451251993,-9.227543817836699]}},
{"type":"Feature","properties":{"name":"988"},"geometry":{"type":"Point","coordinates":[-4.956525757856761,-3.602460909155022]}},
{"type":"Feature","properties":{"name":"989"},"geometry":{"type":"Point","coordinates":[-2.26734257081278,1.786214646497648]}},
{"type":"Feature","properties":{"name":"990"},"geometry":{"type":"Point","coordinates":[0.311802527389549,7.117227784438861]}},
{"type":"Feature","properties":{"name":"991"},"geometry":{"type":"Point","coordinates":[2.919184234820099,12.418871594384688]}},
{"type":"Feature","properties":{"name":"992"},"geometry":{"type":"Point","coordinates":[5.684290921098142,17.756305872879096]}},
{"type":"Feature","properties":{"name":"993"},"geometry":{"type":"Point","coordinates":[7.999306052841673,22.606696821461316]}},
{"type":"Feature","properties":{"name":"994"},"geometry":{"type":"Point","coordinates":[11.25,27.027754197226034]}},
{"type":"Feature","properties":{"name":"995"},"geometry":{"type":"Point","coordinates":[14.895247524857233,32.084297132802]}},
{"type":"Feature","properties":{"name":"996"},"geometry":{"type":"Point","coordinates":[18.922022991706687,36.954067199962275]}},
{"type":"Feature","properties":{"name":"997"},"geometry":{"type":"Point","coordinates":[23.489927387471575,41.7044790658652]}},
{"type":"Feature","properties":{"name":"998"},"geometry":{"type":"Point","coordinates":[-12.901648830877633,-16.694809789218631]}},
{"type":"Feature","properties":{"name":"999"},"geometry":{"type":"Point","coordinates":[-8.551375238883079,-12.277919309657836]}},
{"type":"Feature","properties":{"name":"1000"},"geometry":{"type":"Point","coordinates":[-4.99809119432268,-7.248219178253618]}},
{"type":"Feature","properties":{"name":"1001"},"geometry":{"type":"Point","coordinates":[-2.267342570812782,-1.78621464649763]}},
{"type":"Feature","properties":{"name":"1002"},"geometry":{"type":"Point","coordinates":[0.383081370774853,3.553366174138127]}},
{"type":"Feature","properties":{"name":"1003"},"geometry":{"type":"Point","coordinates":[2.981797836380515,8.843318524140724]}},
{"type":"Feature","properties":{"name":"1004"},"geometry":{"type":"Point","coordinates":[5.631056211535189,14.092554970879544]}},
{"type":"Feature","properties":{"name":"1005"},"geometry":{"type":"Point","coordinates":[8.441285147721695,19.352419619848924]}},
{"type":"Feature","properties":{"name":"1006"},"geometry":{"type":"Point","coordinates":[11.25,23.965363227630124]}},
{"type":"Feature","properties":{"name":"1007"},"geometry":{"type":"Point","coordinates":[14.775763691174307,28.960587169595755]}},
{"type":"Feature","properties":{"name":"1008"},"geometry":{"type":"Point","coordinates":[18.63108952010208,33.805409788258203]}},
{"type":"Feature","properties":{"name":"1009"},"geometry":{"type":"Point","coordinates":[22.955245165841809,38.547778759073054]}},
{"type":"Feature","properties":{"name":"1010"},"geometry":{"type":"Point","coordinates":[-13.734970252166612,-19.839930894564841]}},
{"type":"Feature","properties":{"name":"1011"},"geometry":{"type":"Point","coordinates":[-9.416456438494649,-15.415555612631616]}},
{"type":"Feature","properties":{"name":"1012"},"geometry":{"type":"Point","coordinates":[-4.952740424294039,-10.997778887404829]}},
{"type":"Feature","properties":{"name":"1013"},"geometry":{"type":"Point","coordinates":[-2.33129071339469,-5.370776393017907]}},
{"type":"Feature","properties":{"name":"1014"},"geometry":{"type":"Point","coordinates":[0.43997811883583,0.0]}},
{"type":"Feature","properties":{"name":"1015"},"geometry":{"type":"Point","coordinates":[3.052179686266975,5.302907789858986]}},
{"type":"Feature","properties":{"name":"1016"},"geometry":{"type":"Point","coordinates":[5.688449680597961,10.552988882570956]}},
{"type":"Feature","properties":{"name":"1017"},"geometry":{"type":"Point","coordinates":[8.401808609261792,15.753380610030813]}},
{"type":"Feature","properties":{"name":"1018"},"geometry":{"type":"Point","coordinates":[11.25,20.905157447889298]}},
{"type":"Feature","properties":{"name":"1019"},"geometry":{"type":"Point","coordinates":[14.656107467451385,25.811887643065486]}},
{"type":"Feature","properties":{"name":"1020"},"geometry":{"type":"Point","coordinates":[18.364449485747411,30.644780596601251]}},
{"type":"Feature","properties":{"name":"1021"},"geometry":{"type":"Point","coordinates":[22.481214441426491,35.385722768978802]}},
{"type":"Feature","properties":{"name":"1022"},"geometry":{"type":"Point","coordinates":[-10.213915473921801,-18.584810863127782]}},
{"type":"Feature","properties":{"name":"1023"},"geometry":{"type":"Point","coordinates":[-5.92940031626085,-14.077078808269686]}},
{"type":"Feature","properties":{"name":"1024"},"geometry":{"type":"Point","coordinates":[-2.385126975558574,-8.998386115662175]}},
{"type":"Feature","properties":{"name":"1025"},"geometry":{"type":"Point","coordinates":[0.383081370774871,-3.553366174138105]}},
{"type":"Feature","properties":{"name":"1026"},"geometry":{"type":"Point","coordinates":[3.110044799847969,1.768970215897031]}},
{"type":"Feature","properties":{"name":"1027"},"geometry":{"type":"Point","coordinates":[5.748243265913075,7.038042948712761]}},
{"type":"Feature","properties":{"name":"1028"},"geometry":{"type":"Point","coordinates":[8.441972131575202,12.255281589922861]}},
{"type":"Feature","properties":{"name":"1029"},"geometry":{"type":"Point","coordinates":[11.25,17.439730681891916]}},
{"type":"Feature","properties":{"name":"1030"},"geometry":{"type":"Point","coordinates":[14.500693947158329,22.606696821461313]}},
{"type":"Feature","properties":{"name":"1031"},"geometry":{"type":"Point","coordinates":[18.107577295203619,27.461667631020738]}},
{"type":"Feature","properties":{"name":"1032"},"geometry":{"type":"Point","coordinates":[22.05225323928866,32.212727338731334]}},
{"type":"Feature","properties":{"name":"1033"},"geometry":{"type":"Point","coordinates":[26.4654535264591,36.847191809044595]}},
{"type":"Feature","properties":{"name":"1034"},"geometry":{"type":"Point","coordinates":[-10.991598613070749,-21.75830703244571]}},
{"type":"Feature","properties":{"name":"1035"},"geometry":{"type":"Point","coordinates":[-6.740687954926163,-17.248600446965519]}},
{"type":"Feature","properties":{"name":"1036"},"geometry":{"type":"Point","coordinates":[-2.339268467653294,-12.73815447328874]}},
{"type":"Feature","properties":{"name":"1037"},"geometry":{"type":"Point","coordinates":[0.311802527389472,-7.117227784438848]}},
{"type":"Feature","properties":{"name":"1038"},"geometry":{"type":"Point","coordinates":[3.110044799847984,-1.768970215897013]}},
{"type":"Feature","properties":{"name":"1039"},"geometry":{"type":"Point","coordinates":[5.79747758355186,3.523835286078664]}},
{"type":"Feature","properties":{"name":"1040"},"geometry":{"type":"Point","coordinates":[8.479036200323426,8.765074845443772]}},
{"type":"Feature","properties":{"name":"1041"},"geometry":{"type":"Point","coordinates":[11.25,13.971129521816659]}},
{"type":"Feature","properties":{"name":"1042"},"geometry":{"type":"Point","coordinates":[14.058714852278323,19.352419619848931]}},
{"type":"Feature","properties":{"name":"1043"},"geometry":{"type":"Point","coordinates":[17.834233977376908,24.242648824886292]}},
{"type":"Feature","properties":{"name":"1044"},"geometry":{"type":"Point","coordinates":[21.651932531073733,29.022162719666909]}},
{"type":"Feature","properties":{"name":"1045"},"geometry":{"type":"Point","coordinates":[25.859148353442034,33.678444983302249]}},
{"type":"Feature","properties":{"name":"1046"},"geometry":{"type":"Point","coordinates":[-11.783725535458414,-24.922880543654106]}},
{"type":"Feature","properties":{"name":"1047"},"geometry":{"type":"Point","coordinates":[-7.473136527798669,-20.447439159778479]}},
{"type":"Feature","properties":{"name":"1048"},"geometry":{"type":"Point","coordinates":[-3.274843923384798,-15.848579753051517]}},
{"type":"Feature","properties":{"name":"1049"},"geometry":{"type":"Point","coordinates":[0.250886067698959,-10.72181355518679]}},
{"type":"Feature","properties":{"name":"1050"},"geometry":{"type":"Point","coordinates":[3.05217968626689,-5.302907789858976]}},
{"type":"Feature","properties":{"name":"1051"},"geometry":{"type":"Point","coordinates":[5.833349219204082,0.0]}},
{"type":"Feature","properties":{"name":"1052"},"geometry":{"type":"Point","coordinates":[8.509097311803506,5.268858277949006]}},
{"type":"Feature","properties":{"name":"1053"},"geometry":{"type":"Point","coordinates":[11.25,10.496153307065381]}},
{"type":"Feature","properties":{"name":"1054"},"geometry":{"type":"Point","coordinates":[14.098191390738259,15.75338061003082]}},
{"type":"Feature","properties":{"name":"1055"},"geometry":{"type":"Point","coordinates":[17.478935723059475,20.979746004982868]}},
{"type":"Feature","properties":{"name":"1056"},"geometry":{"type":"Point","coordinates":[21.258948253403279,25.806936627878073]}},
{"type":"Feature","properties":{"name":"1057"},"geometry":{"type":"Point","coordinates":[25.304934301011276,30.495075696109062]}},
{"type":"Feature","properties":{"name":"1058"},"geometry":{"type":"Point","coordinates":[-8.180370411481356,-23.645402407433924]}},
{"type":"Feature","properties":{"name":"1059"},"geometry":{"type":"Point","coordinates":[-4.014167954315133,-19.053778727890531]}},
{"type":"Feature","properties":{"name":"1060"},"geometry":{"type":"Point","coordinates":[0.300395845117569,-14.446380652526148]}},
{"type":"Feature","properties":{"name":"1061"},"geometry":{"type":"Point","coordinates":[2.981797836380458,-8.843318524140701]}},
{"type":"Feature","properties":{"name":"1062"},"geometry":{"type":"Point","coordinates":[5.797477583551879,-3.523835286078646]}},
{"type":"Feature","properties":{"name":"1063"},"geometry":{"type":"Point","coordinates":[8.531710015414696,1.760340583056392]}},
{"type":"Feature","properties":{"name":"1064"},"geometry":{"type":"Point","coordinates":[11.25,7.011548236919543]}},
{"type":"Feature","properties":{"name":"1065"},"geometry":{"type":"Point","coordinates":[14.058027868424796,12.255281589922859]}},
{"type":"Feature","properties":{"name":"1066"},"geometry":{"type":"Point","coordinates":[16.815709078901868,17.756305872879114]}},
{"type":"Feature","properties":{"name":"1067"},"geometry":{"type":"Point","coordinates":[20.838455731957122,22.562712526339318]}},
{"type":"Feature","properties":{"name":"1068"},"geometry":{"type":"Point","coordinates":[24.782688020218643,27.292889173535059]}},
{"type":"Feature","properties":{"name":"1069"},"geometry":{"type":"Point","coordinates":[29.076305115750706,31.874389660567179]}},
{"type":"Feature","properties":{"name":"1070"},"geometry":{"type":"Point","coordinates":[-8.898611552699984,-26.830925410938658]}},
{"type":"Feature","properties":{"name":"1071"},"geometry":{"type":"Point","coordinates":[-4.663883454365413,-22.278074173978951]}},
{"type":"Feature","properties":{"name":"1072"},"geometry":{"type":"Point","coordinates":[-0.576572866439455,-17.590838611872506]}},
{"type":"Feature","properties":{"name":"1073"},"geometry":{"type":"Point","coordinates":[2.919184234820098,-12.418871594384681]}},
{"type":"Feature","properties":{"name":"1074"},"geometry":{"type":"Point","coordinates":[5.748243265913075,-7.038042948712745]}},
{"type":"Feature","properties":{"name":"1075"},"geometry":{"type":"Point","coordinates":[8.531710015414697,-1.76034058305638]}},
{"type":"Feature","properties":{"name":"1076"},"geometry":{"type":"Point","coordinates":[11.25,3.513979255074383]}},
{"type":"Feature","properties":{"name":"1077"},"geometry":{"type":"Point","coordinates":[14.02096379967651,8.765074845443779]}},
{"type":"Feature","properties":{"name":"1078"},"geometry":{"type":"Point","coordinates":[16.868943788464819,14.092554970879544]}},
{"type":"Feature","properties":{"name":"1079"},"geometry":{"type":"Point","coordinates":[20.319552066465235,19.302223406360774]}},
{"type":"Feature","properties":{"name":"1080"},"geometry":{"type":"Point","coordinates":[24.267222502090071,24.069208871615682]}},
{"type":"Feature","properties":{"name":"1081"},"geometry":{"type":"Point","coordinates":[28.412650066350135,28.693216619367139]}},
{"type":"Feature","properties":{"name":"1082"},"geometry":{"type":"Point","coordinates":[-9.655157447889289,-30.0]}},
{"type":"Feature","properties":{"name":"1083"},"geometry":{"type":"Point","coordinates":[-5.284149248828958,-25.494065081068676]}},
{"type":"Feature","properties":{"name":"1084"},"geometry":{"type":"Point","coordinates":[-1.220765465249768,-20.827434436773107]}},
{"type":"Feature","properties":{"name":"1085"},"geometry":{"type":"Point","coordinates":[2.972773665261414,-16.119989447064274]}},
{"type":"Feature","properties":{"name":"1086"},"geometry":{"type":"Point","coordinates":[5.688449680597845,-10.552988882570945]}},
{"type":"Feature","properties":{"name":"1087"},"geometry":{"type":"Point","coordinates":[8.509097311803524,-5.268858277948993]}},
{"type":"Feature","properties":{"name":"1088"},"geometry":{"type":"Point","coordinates":[11.25,0.0]}},
{"type":"Feature","properties":{"name":"1089"},"geometry":{"type":"Point","coordinates":[13.990902688196613,5.268858277949016]}},
{"type":"Feature","properties":{"name":"1090"},"geometry":{"type":"Point","coordinates":[16.811550319402112,10.552988882570959]}},
{"type":"Feature","properties":{"name":"1091"},"geometry":{"type":"Point","coordinates":[19.527226334738597,16.119989447064267]}},
{"type":"Feature","properties":{"name":"1092"},"geometry":{"type":"Point","coordinates":[23.720765465249766,20.827434436773174]}},
{"type":"Feature","properties":{"name":"1093"},"geometry":{"type":"Point","coordinates":[27.784149248828978,25.494065081068687]}},
{"type":"Feature","properties":{"name":"1094"},"geometry":{"type":"Point","coordinates":[-5.912650066350114,-28.693216619367131]}},
{"type":"Feature","properties":{"name":"1095"},"geometry":{"type":"Point","coordinates":[-1.767222502090054,-24.069208871615672]}},
{"type":"Feature","properties":{"name":"1096"},"geometry":{"type":"Point","coordinates":[2.180447933534814,-19.302223406360802]}},
{"type":"Feature","properties":{"name":"1097"},"geometry":{"type":"Point","coordinates":[5.631056211535204,-14.092554970879528]}},
{"type":"Feature","properties":{"name":"1098"},"geometry":{"type":"Point","coordinates":[8.479036200323518,-8.765074845443763]}},
{"type":"Feature","properties":{"name":"1099"},"geometry":{"type":"Point","coordinates":[11.25,-3.513979255074368]}},
{"type":"Feature","properties":{"name":"1100"},"geometry":{"type":"Point","coordinates":[13.968289984585317,1.760340583056386]}},
{"type":"Feature","properties":{"name":"1101"},"geometry":{"type":"Point","coordinates":[16.751756734086943,7.038042948712756]}},
{"type":"Feature","properties":{"name":"1102"},"geometry":{"type":"Point","coordinates":[19.580815765179914,12.418871594384685]}},
{"type":"Feature","properties":{"name":"1103"},"geometry":{"type":"Point","coordinates":[23.076572866439456,17.59083861187257]}},
{"type":"Feature","properties":{"name":"1104"},"geometry":{"type":"Point","coordinates":[27.163883454365426,22.278074173978954]}},
{"type":"Feature","properties":{"name":"1105"},"geometry":{"type":"Point","coordinates":[31.398611552699997,26.830925410938669]}},
{"type":"Feature","properties":{"name":"1106"},"geometry":{"type":"Point","coordinates":[-6.576305115750708,-31.874389660567161]}},
{"type":"Feature","properties":{"name":"1107"},"geometry":{"type":"Point","coordinates":[-2.282688020218632,-27.292889173535052]}},
{"type":"Feature","properties":{"name":"1108"},"geometry":{"type":"Point","coordinates":[1.661544268042901,-22.5627125263393]}},
{"type":"Feature","properties":{"name":"1109"},"geometry":{"type":"Point","coordinates":[5.68429092109814,-17.756305872879096]}},
{"type":"Feature","properties":{"name":"1110"},"geometry":{"type":"Point","coordinates":[8.44197213157522,-12.255281589922848]}},
{"type":"Feature","properties":{"name":"1111"},"geometry":{"type":"Point","coordinates":[11.25,-7.01154823691954]}},
{"type":"Feature","properties":{"name":"1112"},"geometry":{"type":"Point","coordinates":[13.968289984585317,-1.760340583056377]}},
{"type":"Feature","properties":{"name":"1113"},"geometry":{"type":"Point","coordinates":[16.702522416448151,3.523835286078664]}},
{"type":"Feature","properties":{"name":"1114"},"geometry":{"type":"Point","coordinates":[19.518202163619573,8.843318524140731]}},
{"type":"Feature","properties":{"name":"1115"},"geometry":{"type":"Point","coordinates":[22.199604154882451,14.446380652526139]}},
{"type":"Feature","properties":{"name":"1116"},"geometry":{"type":"Point","coordinates":[26.514167954315113,19.05377872789062]}},
{"type":"Feature","properties":{"name":"1117"},"geometry":{"type":"Point","coordinates":[30.680370411481373,23.645402407433949]}},
{"type":"Feature","properties":{"name":"1118"},"geometry":{"type":"Point","coordinates":[-7.297386237359174,-35.039188356556821]}},
{"type":"Feature","properties":{"name":"1119"},"geometry":{"type":"Point","coordinates":[-2.804934301011222,-30.495075696109151]}},
{"type":"Feature","properties":{"name":"1120"},"geometry":{"type":"Point","coordinates":[1.241051746596744,-25.806936627878063]}},
{"type":"Feature","properties":{"name":"1121"},"geometry":{"type":"Point","coordinates":[5.02106427694054,-20.979746004982857]}},
{"type":"Feature","properties":{"name":"1122"},"geometry":{"type":"Point","coordinates":[8.401808609261764,-15.753380610030801]}},
{"type":"Feature","properties":{"name":"1123"},"geometry":{"type":"Point","coordinates":[11.25,-10.49615330706537]}},
{"type":"Feature","properties":{"name":"1124"},"geometry":{"type":"Point","coordinates":[13.990902688196517,-5.268858277949002]}},
{"type":"Feature","properties":{"name":"1125"},"geometry":{"type":"Point","coordinates":[16.666650780795802,0.0]}},
{"type":"Feature","properties":{"name":"1126"},"geometry":{"type":"Point","coordinates":[19.447820313733136,5.302907789858988]}},
{"type":"Feature","properties":{"name":"1127"},"geometry":{"type":"Point","coordinates":[22.249113932301121,10.721813555186811]}},
{"type":"Feature","properties":{"name":"1128"},"geometry":{"type":"Point","coordinates":[25.774843923384847,15.848579753051473]}},
{"type":"Feature","properties":{"name":"1129"},"geometry":{"type":"Point","coordinates":[29.97313652779868,20.447439159778494]}},
{"type":"Feature","properties":{"name":"1130"},"geometry":{"type":"Point","coordinates":[-3.359148353442015,-33.678444983302221]}},
{"type":"Feature","properties":{"name":"1131"},"geometry":{"type":"Point","coordinates":[0.848067468926275,-29.022162719666888]}},
{"type":"Feature","properties":{"name":"1132"},"geometry":{"type":"Point","coordinates":[4.665766022623121,-24.242648824886281]}},
{"type":"Feature","properties":{"name":"1133"},"geometry":{"type":"Point","coordinates":[8.44128514772169,-19.352419619848924]}},
{"type":"Feature","properties":{"name":"1134"},"geometry":{"type":"Point","coordinates":[11.25,-13.971129521816643]}},
{"type":"Feature","properties":{"name":"1135"},"geometry":{"type":"Point","coordinates":[14.020963799676592,-8.765074845443765]}},
{"type":"Feature","properties":{"name":"1136"},"geometry":{"type":"Point","coordinates":[16.702522416448154,-3.523835286078655]}},
{"type":"Feature","properties":{"name":"1137"},"geometry":{"type":"Point","coordinates":[19.389955200152162,1.76897021589703]}},
{"type":"Feature","properties":{"name":"1138"},"geometry":{"type":"Point","coordinates":[22.18819747261055,7.117227784438863]}},
{"type":"Feature","properties":{"name":"1139"},"geometry":{"type":"Point","coordinates":[24.839268467653309,12.738154473288732]}},
{"type":"Feature","properties":{"name":"1140"},"geometry":{"type":"Point","coordinates":[29.240687954926184,17.248600446965536]}},
{"type":"Feature","properties":{"name":"1141"},"geometry":{"type":"Point","coordinates":[33.491598613070707,21.758307032445853]}},
{"type":"Feature","properties":{"name":"1142"},"geometry":{"type":"Point","coordinates":[-3.965453526459162,-36.84719180904446]}},
{"type":"Feature","properties":{"name":"1143"},"geometry":{"type":"Point","coordinates":[0.447746760711342,-32.21272733873132]}},
{"type":"Feature","properties":{"name":"1144"},"geometry":{"type":"Point","coordinates":[4.392422704796395,-27.461667631020724]}},
{"type":"Feature","properties":{"name":"1145"},"geometry":{"type":"Point","coordinates":[7.999306052841685,-22.606696821461309]}},
{"type":"Feature","properties":{"name":"1146"},"geometry":{"type":"Point","coordinates":[11.25,-17.439730681891906]}},
{"type":"Feature","properties":{"name":"1147"},"geometry":{"type":"Point","coordinates":[14.058027868424812,-12.255281589922856]}},
{"type":"Feature","properties":{"name":"1148"},"geometry":{"type":"Point","coordinates":[16.75175673408695,-7.038042948712753]}},
{"type":"Feature","properties":{"name":"1149"},"geometry":{"type":"Point","coordinates":[19.389955200152183,-1.768970215897027]}},
{"type":"Feature","properties":{"name":"1150"},"geometry":{"type":"Point","coordinates":[22.116918629225037,3.553366174138137]}},
{"type":"Feature","properties":{"name":"1151"},"geometry":{"type":"Point","coordinates":[24.885126975558599,8.998386115662191]}},
{"type":"Feature","properties":{"name":"1152"},"geometry":{"type":"Point","coordinates":[28.429400316260875,14.077078808269709]}},
{"type":"Feature","properties":{"name":"1153"},"geometry":{"type":"Point","coordinates":[32.713915473921816,18.584810863127807]}},
{"type":"Feature","properties":{"name":"1154"},"geometry":{"type":"Point","coordinates":[-4.642896752053832,-40.005481779570061]}},
{"type":"Feature","properties":{"name":"1155"},"geometry":{"type":"Point","coordinates":[0.018785558573522,-35.385722768978788]}},
{"type":"Feature","properties":{"name":"1156"},"geometry":{"type":"Point","coordinates":[4.135550514252606,-30.644780596601237]}},
{"type":"Feature","properties":{"name":"1157"},"geometry":{"type":"Point","coordinates":[7.843892532548643,-25.811887643065507]}},
{"type":"Feature","properties":{"name":"1158"},"geometry":{"type":"Point","coordinates":[11.25,-20.905157447889298]}},
{"type":"Feature","properties":{"name":"1159"},"geometry":{"type":"Point","coordinates":[14.098191390738293,-15.753380610030804]}},
{"type":"Feature","properties":{"name":"1160"},"geometry":{"type":"Point","coordinates":[16.81155031940219,-10.552988882570947]}},
{"type":"Feature","properties":{"name":"1161"},"geometry":{"type":"Point","coordinates":[19.447820313733246,-5.302907789858979]}},
{"type":"Feature","properties":{"name":"1162"},"geometry":{"type":"Point","coordinates":[22.060021881164346,0.0]}},
{"type":"Feature","properties":{"name":"1163"},"geometry":{"type":"Point","coordinates":[24.831290713394715,5.370776393017914]}},
{"type":"Feature","properties":{"name":"1164"},"geometry":{"type":"Point","coordinates":[27.452740424294063,10.997778887404815]}},
{"type":"Feature","properties":{"name":"1165"},"geometry":{"type":"Point","coordinates":[31.916456438494702,15.415555612631536]}},
{"type":"Feature","properties":{"name":"1166"},"geometry":{"type":"Point","coordinates":[-0.455245165841911,-38.547778759072827]}},
{"type":"Feature","properties":{"name":"1167"},"geometry":{"type":"Point","coordinates":[3.868910479897884,-33.805409788258125]}},
{"type":"Feature","properties":{"name":"1168"},"geometry":{"type":"Point","coordinates":[7.724236308825684,-28.960587169595691]}},
{"type":"Feature","properties":{"name":"1169"},"geometry":{"type":"Point","coordinates":[11.25,-23.965363227630114]}},
{"type":"Feature","properties":{"name":"1170"},"geometry":{"type":"Point","coordinates":[14.058714852278326,-19.352419619848909]}},
{"type":"Feature","properties":{"name":"1171"},"geometry":{"type":"Point","coordinates":[16.868943788464776,-14.092554970879529]}},
{"type":"Feature","properties":{"name":"1172"},"geometry":{"type":"Point","coordinates":[19.518202163619577,-8.843318524140717]}},
{"type":"Feature","properties":{"name":"1173"},"geometry":{"type":"Point","coordinates":[22.116918629225037,-3.553366174138121]}},
{"type":"Feature","properties":{"name":"1174"},"geometry":{"type":"Point","coordinates":[24.767342570812787,1.786214646497642]}},
{"type":"Feature","properties":{"name":"1175"},"geometry":{"type":"Point","coordinates":[27.498091194322779,7.248219178253639]}},
{"type":"Feature","properties":{"name":"1176"},"geometry":{"type":"Point","coordinates":[31.051375238883097,12.277919309657859]}},
{"type":"Feature","properties":{"name":"1177"},"geometry":{"type":"Point","coordinates":[35.401648830877612,16.694809789218766]}},
{"type":"Feature","properties":{"name":"1178"},"geometry":{"type":"Point","coordinates":[-0.989927387471506,-41.704479065865307]}},
{"type":"Feature","properties":{"name":"1179"},"geometry":{"type":"Point","coordinates":[3.577977008293325,-36.954067199962267]}},
{"type":"Feature","properties":{"name":"1180"},"geometry":{"type":"Point","coordinates":[7.604752475142793,-32.084297132801986]}},
{"type":"Feature","properties":{"name":"1181"},"geometry":{"type":"Point","coordinates":[11.25,-27.027754197226024]}},
{"type":"Feature","properties":{"name":"1182"},"geometry":{"type":"Point","coordinates":[14.500693947158338,-22.606696821461306]}},
{"type":"Feature","properties":{"name":"1183"},"geometry":{"type":"Point","coordinates":[16.815709078901868,-17.756305872879086]}},
{"type":"Feature","properties":{"name":"1184"},"geometry":{"type":"Point","coordinates":[19.580815765179985,-12.418871594384685]}},
{"type":"Feature","properties":{"name":"1185"},"geometry":{"type":"Point","coordinates":[22.188197472610376,-7.11722778443885]}},
{"type":"Feature","properties":{"name":"1186"},"geometry":{"type":"Point","coordinates":[24.767342570812787,-1.786214646497624]}},
{"type":"Feature","properties":{"name":"1187"},"geometry":{"type":"Point","coordinates":[27.456525757856781,3.602460909155033]}},
{"type":"Feature","properties":{"name":"1188"},"geometry":{"type":"Point","coordinates":[30.04665451251994,9.227543817836692]}},
{"type":"Feature","properties":{"name":"1189"},"geometry":{"type":"Point","coordinates":[34.554352810575523,13.557128698127686]}},
{"type":"Feature","properties":{"name":"1190"},"geometry":{"type":"Point","coordinates":[-1.602435064583815,-44.860387238500138]}},
{"type":"Feature","properties":{"name":"1191"},"geometry":{"type":"Point","coordinates":[3.251709019325812,-40.098542296225361]}},
{"type":"Feature","properties":{"name":"1192"},"geometry":{"type":"Point","coordinates":[7.474801535232324,-35.198954527188015]}},
{"type":"Feature","properties":{"name":"1193"},"geometry":{"type":"Point","coordinates":[11.25,-30.094529630109758]}},
{"type":"Feature","properties":{"name":"1194"},"geometry":{"type":"Point","coordinates":[14.656107467451401,-25.811887643065475]}},
{"type":"Feature","properties":{"name":"1195"},"geometry":{"type":"Point","coordinates":[17.47893572305949,-20.979746004982832]}},
{"type":"Feature","properties":{"name":"1196"},"geometry":{"type":"Point","coordinates":[19.527226334738597,-16.11998944706426]}},
{"type":"Feature","properties":{"name":"1197"},"geometry":{"type":"Point","coordinates":[22.249113932301054,-10.721813555186797]}},
{"type":"Feature","properties":{"name":"1198"},"geometry":{"type":"Point","coordinates":[24.831290713394605,-5.370776393017904]}},
{"type":"Feature","properties":{"name":"1199"},"geometry":{"type":"Point","coordinates":[27.407435321991699,0.0]}},
{"type":"Feature","properties":{"name":"1200"},"geometry":{"type":"Point","coordinates":[30.096262817641076,5.472009966991098]}},
{"type":"Feature","properties":{"name":"1201"},"geometry":{"type":"Point","coordinates":[33.650158577005783,10.452743741729675]}},
{"type":"Feature","properties":{"name":"1202"},"geometry":{"type":"Point","coordinates":[2.879308973666076,-43.244770321975444]}},
{"type":"Feature","properties":{"name":"1203"},"geometry":{"type":"Point","coordinates":[7.328692945191129,-38.313552775615996]}},
{"type":"Feature","properties":{"name":"1204"},"geometry":{"type":"Point","coordinates":[11.25,-33.167917220093585]}},
{"type":"Feature","properties":{"name":"1205"},"geometry":{"type":"Point","coordinates":[14.775763691174358,-28.960587169595698]}},
{"type":"Feature","properties":{"name":"1206"},"geometry":{"type":"Point","coordinates":[17.834233977376911,-24.24264882488627]}},
{"type":"Feature","properties":{"name":"1207"},"geometry":{"type":"Point","coordinates":[20.319552066465235,-19.30222340636076]}},
{"type":"Feature","properties":{"name":"1208"},"geometry":{"type":"Point","coordinates":[22.19960415488244,-14.446380652526125]}},
{"type":"Feature","properties":{"name":"1209"},"geometry":{"type":"Point","coordinates":[24.885126975558524,-8.998386115662182]}},
{"type":"Feature","properties":{"name":"1210"},"geometry":{"type":"Point","coordinates":[27.456525757856912,-3.602460909155033]}},
{"type":"Feature","properties":{"name":"1211"},"geometry":{"type":"Point","coordinates":[30.072452706363944,1.812044306766462]}},
{"type":"Feature","properties":{"name":"1212"},"geometry":{"type":"Point","coordinates":[32.627787244709531,7.429590809585268]}},
{"type":"Feature","properties":{"name":"1213"},"geometry":{"type":"Point","coordinates":[37.165404204097477,11.675315771476367]}},
{"type":"Feature","properties":{"name":"1214"},"geometry":{"type":"Point","coordinates":[2.448401629993102,-46.397469205659036]}},
{"type":"Feature","properties":{"name":"1215"},"geometry":{"type":"Point","coordinates":[7.161633429993268,-41.43402399631654]}},
{"type":"Feature","properties":{"name":"1216"},"geometry":{"type":"Point","coordinates":[11.25,-36.250187933595477]}},
{"type":"Feature","properties":{"name":"1217"},"geometry":{"type":"Point","coordinates":[14.895247524857238,-32.084297132801993]}},
{"type":"Feature","properties":{"name":"1218"},"geometry":{"type":"Point","coordinates":[18.107577295203637,-27.461667631020717]}},
{"type":"Feature","properties":{"name":"1219"},"geometry":{"type":"Point","coordinates":[20.838455731957115,-22.562712526339304]}},
{"type":"Feature","properties":{"name":"1220"},"geometry":{"type":"Point","coordinates":[23.076572866439459,-17.59083861187257]}},
{"type":"Feature","properties":{"name":"1221"},"geometry":{"type":"Point","coordinates":[24.839268467653298,-12.73815447328872]}},
{"type":"Feature","properties":{"name":"1222"},"geometry":{"type":"Point","coordinates":[27.49809119432269,-7.248219178253612]}},
{"type":"Feature","properties":{"name":"1223"},"geometry":{"type":"Point","coordinates":[30.072452706363958,-1.812044306766446]}},
{"type":"Feature","properties":{"name":"1224"},"geometry":{"type":"Point","coordinates":[32.687473631122081,3.67093646795519]}},
{"type":"Feature","properties":{"name":"1225"},"geometry":{"type":"Point","coordinates":[36.234324734624344,8.603224723689396]}},
{"type":"Feature","properties":{"name":"1226"},"geometry":{"type":"Point","coordinates":[1.943466512793915,-49.560529239514786]}},
{"type":"Feature","properties":{"name":"1227"},"geometry":{"type":"Point","coordinates":[6.968386191729333,-44.564846675595895]}},
{"type":"Feature","properties":{"name":"1228"},"geometry":{"type":"Point","coordinates":[11.25,-39.343671657970219]}},
{"type":"Feature","properties":{"name":"1229"},"geometry":{"type":"Point","coordinates":[15.025198464767721,-35.198954527188022]}},
{"type":"Feature","properties":{"name":"1230"},"geometry":{"type":"Point","coordinates":[18.364449485747475,-30.644780596601173]}},
{"type":"Feature","properties":{"name":"1231"},"geometry":{"type":"Point","coordinates":[21.258948253403286,-25.806936627878066]}},
{"type":"Feature","properties":{"name":"1232"},"geometry":{"type":"Point","coordinates":[23.720765465249798,-20.827434436773107]}},
{"type":"Feature","properties":{"name":"1233"},"geometry":{"type":"Point","coordinates":[25.774843923384879,-15.848579753051391]}},
{"type":"Feature","properties":{"name":"1234"},"geometry":{"type":"Point","coordinates":[27.452740424294053,-10.997778887404801]}},
{"type":"Feature","properties":{"name":"1235"},"geometry":{"type":"Point","coordinates":[30.096262817641069,-5.472009966991094]}},
{"type":"Feature","properties":{"name":"1236"},"geometry":{"type":"Point","coordinates":[32.687378172608803,0.0]}},
{"type":"Feature","properties":{"name":"1237"},"geometry":{"type":"Point","coordinates":[35.203096062569401,5.605943700843624]}},
{"type":"Feature","properties":{"name":"1238"},"geometry":{"type":"Point","coordinates":[6.742487685958597,-47.709769996064139]}},
{"type":"Feature","properties":{"name":"1239"},"geometry":{"type":"Point","coordinates":[11.25,-42.450773955718923]}},
{"type":"Feature","properties":{"name":"1240"},"geometry":{"type":"Point","coordinates":[15.17130705480889,-38.313552775615989]}},
{"type":"Feature","properties":{"name":"1241"},"geometry":{"type":"Point","coordinates":[18.631089520102091,-33.805409788258196]}},
{"type":"Feature","properties":{"name":"1242"},"geometry":{"type":"Point","coordinates":[21.651932531073751,-29.022162719666888]}},
{"type":"Feature","properties":{"name":"1243"},"geometry":{"type":"Point","coordinates":[24.267222502090039,-24.069208871615732]}},
{"type":"Feature","properties":{"name":"1244"},"geometry":{"type":"Point","coordinates":[26.51416795431512,-19.053778727890599]}},
{"type":"Feature","properties":{"name":"1245"},"geometry":{"type":"Point","coordinates":[28.429400316260889,-14.077078808269617]}},
{"type":"Feature","properties":{"name":"1246"},"geometry":{"type":"Point","coordinates":[30.046654512519925,-9.227543817836677]}},
{"type":"Feature","properties":{"name":"1247"},"geometry":{"type":"Point","coordinates":[32.687473631122089,-3.670936467955193]}},
{"type":"Feature","properties":{"name":"1248"},"geometry":{"type":"Point","coordinates":[35.279445520224542,1.846415098094932]}},
{"type":"Feature","properties":{"name":"1249"},"geometry":{"type":"Point","coordinates":[38.812095546433127,6.731041075483312]}},
{"type":"Feature","properties":{"name":"1250"},"geometry":{"type":"Point","coordinates":[6.475460565905398,-50.872169117739105]}},
{"type":"Feature","properties":{"name":"1251"},"geometry":{"type":"Point","coordinates":[11.25,-45.573994275838828]}},
{"type":"Feature","properties":{"name":"1252"},"geometry":{"type":"Point","coordinates":[15.338366570006757,-41.434023996316554]}},
{"type":"Feature","properties":{"name":"1253"},"geometry":{"type":"Point","coordinates":[18.92202299170668,-36.95406719996226]}},
{"type":"Feature","properties":{"name":"1254"},"geometry":{"type":"Point","coordinates":[22.052253239288671,-32.212727338731327]}},
{"type":"Feature","properties":{"name":"1255"},"geometry":{"type":"Point","coordinates":[24.782688020218661,-27.292889173535048]}},
{"type":"Feature","properties":{"name":"1256"},"geometry":{"type":"Point","coordinates":[27.163883454365429,-22.278074173978951]}},
{"type":"Feature","properties":{"name":"1257"},"geometry":{"type":"Point","coordinates":[29.240687954926155,-17.2486004469656]}},
{"type":"Feature","properties":{"name":"1258"},"geometry":{"type":"Point","coordinates":[31.051375238883121,-12.277919309657754]}},
{"type":"Feature","properties":{"name":"1259"},"geometry":{"type":"Point","coordinates":[32.627787244709545,-7.429590809585251]}},
{"type":"Feature","properties":{"name":"1260"},"geometry":{"type":"Point","coordinates":[35.279445520224442,-1.846415098094915]}},
{"type":"Feature","properties":{"name":"1261"},"geometry":{"type":"Point","coordinates":[37.779768470550636,3.758540728437148]}},
{"type":"Feature","properties":{"name":"1262"},"geometry":{"type":"Point","coordinates":[6.155740293158602,-54.055229364138533]}},
{"type":"Feature","properties":{"name":"1263"},"geometry":{"type":"Point","coordinates":[11.25,-48.715946030085512]}},
{"type":"Feature","properties":{"name":"1264"},"geometry":{"type":"Point","coordinates":[15.531613808270746,-44.56484667559581]}},
{"type":"Feature","properties":{"name":"1265"},"geometry":{"type":"Point","coordinates":[19.248290980674184,-40.098542296225375]}},
{"type":"Feature","properties":{"name":"1266"},"geometry":{"type":"Point","coordinates":[22.48121444142658,-35.385722768978695]}},
{"type":"Feature","properties":{"name":"1267"},"geometry":{"type":"Point","coordinates":[25.304934301011293,-30.495075696109055]}},
{"type":"Feature","properties":{"name":"1268"},"geometry":{"type":"Point","coordinates":[27.784149248828975,-25.49406508106869]}},
{"type":"Feature","properties":{"name":"1269"},"geometry":{"type":"Point","coordinates":[29.973136527798726,-20.447439159778384]}},
{"type":"Feature","properties":{"name":"1270"},"geometry":{"type":"Point","coordinates":[31.916456438494702,-15.41555561263152]}},
{"type":"Feature","properties":{"name":"1271"},"geometry":{"type":"Point","coordinates":[33.650158577005783,-10.452743741729655]}},
{"type":"Feature","properties":{"name":"1272"},"geometry":{"type":"Point","coordinates":[35.203096062569401,-5.605943700843606]}},
{"type":"Feature","properties":{"name":"1273"},"geometry":{"type":"Point","coordinates":[37.87999367390892,-0.0]}},
{"type":"Feature","properties":{"name":"1274"},"geometry":{"type":"Point","coordinates":[11.25,-51.879379017175644]}},
{"type":"Feature","properties":{"name":"1275"},"geometry":{"type":"Point","coordinates":[15.757512314041405,-47.709769996064146]}},
{"type":"Feature","properties":{"name":"1276"},"geometry":{"type":"Point","coordinates":[19.620691026334036,-43.244770321975338]}},
{"type":"Feature","properties":{"name":"1277"},"geometry":{"type":"Point","coordinates":[22.955245165841859,-38.547778759072941]}},
{"type":"Feature","properties":{"name":"1278"},"geometry":{"type":"Point","coordinates":[25.859148353442041,-33.678444983302214]}},
{"type":"Feature","properties":{"name":"1279"},"geometry":{"type":"Point","coordinates":[28.412650066350135,-28.693216619367124]}},
{"type":"Feature","properties":{"name":"1280"},"geometry":{"type":"Point","coordinates":[30.680370411481363,-23.645402407433956]}},
{"type":"Feature","properties":{"name":"1281"},"geometry":{"type":"Point","coordinates":[32.713915473921858,-18.584810863127686]}},
{"type":"Feature","properties":{"name":"1282"},"geometry":{"type":"Point","coordinates":[34.554352810575537,-13.557128698127567]}},
{"type":"Feature","properties":{"name":"1283"},"geometry":{"type":"Point","coordinates":[36.234324734624366,-8.603224723689397]}},
{"type":"Feature","properties":{"name":"1284"},"geometry":{"type":"Point","coordinates":[37.7797684705506,-3.758540728437139]}},
{"type":"Feature","properties":{"name":"1285"},"geometry":{"type":"Point","coordinates":[40.365281799205022,1.889268691034002]}},
{"type":"Feature","properties":{"name":"1286"},"geometry":{"type":"Point","coordinates":[11.25,-55.067204777157066]}},
{"type":"Feature","properties":{"name":"1287"},"geometry":{"type":"Point","coordinates":[16.024539434094685,-50.872169117739112]}},
{"type":"Feature","properties":{"name":"1288"},"geometry":{"type":"Point","coordinates":[20.05159837000695,-46.397469205659036]}},
{"type":"Feature","properties":{"name":"1289"},"geometry":{"type":"Point","coordinates":[23.489927387471653,-41.704479065865087]}},
{"type":"Feature","properties":{"name":"1290"},"geometry":{"type":"Point","coordinates":[26.465453526459122,-36.847191809044581]}},
{"type":"Feature","properties":{"name":"1291"},"geometry":{"type":"Point","coordinates":[29.076305115750706,-31.874389660567179]}},
{"type":"Feature","properties":{"name":"1292"},"geometry":{"type":"Point","coordinates":[31.398611552699997,-26.830925410938665]}},
{"type":"Feature","properties":{"name":"1293"},"geometry":{"type":"Point","coordinates":[33.491598613070778,-21.758307032445725]}},
{"type":"Feature","properties":{"name":"1294"},"geometry":{"type":"Point","coordinates":[35.401648830877647,-16.694809789218628]}},
{"type":"Feature","properties":{"name":"1295"},"geometry":{"type":"Point","coordinates":[37.165404204097534,-11.675315771476251]}},
{"type":"Feature","properties":{"name":"1296"},"geometry":{"type":"Point","coordinates":[38.812095546433149,-6.731041075483188]}},
{"type":"Feature","properties":{"name":"1297"},"geometry":{"type":"Point","coordinates":[40.365281799205022,-1.889268691033977]}},
{"type":"Feature","properties":{"name":"1298"},"geometry":{"type":"Point","coordinates":[42.967474411461005,0.0]}},
{"type":"Feature","properties":{"name":"1299"},"geometry":{"type":"Point","coordinates":[41.39160916335166,4.837872861639246]}},
{"type":"Feature","properties":{"name":"1300"},"geometry":{"type":"Point","coordinates":[39.75957291363251,9.771885122035437]}},
{"type":"Feature","properties":{"name":"1301"},"geometry":{"type":"Point","coordinates":[38.049468908216262,14.780636958787021]}},
{"type":"Feature","properties":{"name":"1302"},"geometry":{"type":"Point","coordinates":[36.234970252166633,19.839930894564844]}},
{"type":"Feature","properties":{"name":"1303"},"geometry":{"type":"Point","coordinates":[34.283725535458409,24.922880543654106]}},
{"type":"Feature","properties":{"name":"1304"},"geometry":{"type":"Point","coordinates":[32.155157447889295,30.0]}},
{"type":"Feature","properties":{"name":"1305"},"geometry":{"type":"Point","coordinates":[29.797386237359227,35.039188356556707]}},
{"type":"Feature","properties":{"name":"1306"},"geometry":{"type":"Point","coordinates":[27.142896752053737,40.005481779570189]}},
{"type":"Feature","properties":{"name":"1307"},"geometry":{"type":"Point","coordinates":[24.102435064583791,44.860387238500145]}},
{"type":"Feature","properties":{"name":"1308"},"geometry":{"type":"Point","coordinates":[20.556533487206188,49.560529239514693]}},
{"type":"Feature","properties":{"name":"1309"},"geometry":{"type":"Point","coordinates":[16.344259706841367,54.05522936413854]}},
{"type":"Feature","properties":{"name":"1310"},"geometry":{"type":"Point","coordinates":[43.962007615843333,3.057798370546824]}},
{"type":"Feature","properties":{"name":"1311"},"geometry":{"type":"Point","coordinates":[42.349991959217824,7.881349723246676]}},
{"type":"Feature","properties":{"name":"1312"},"geometry":{"type":"Point","coordinates":[40.68376532663293,12.82113420680211]}},
{"type":"Feature","properties":{"name":"1313"},"geometry":{"type":"Point","coordinates":[38.941672782385588,17.850720256216057]}},
{"type":"Feature","properties":{"name":"1314"},"geometry":{"type":"Point","coordinates":[37.097299060634235,22.940217902977714]}},
{"type":"Feature","properties":{"name":"1315"},"geometry":{"type":"Point","coordinates":[35.117812457786407,28.056666048154224]}},
{"type":"Feature","properties":{"name":"1316"},"geometry":{"type":"Point","coordinates":[32.961629268667345,33.164463474943965]}},
{"type":"Feature","properties":{"name":"1317"},"geometry":{"type":"Point","coordinates":[30.575084426485617,38.22573354046844]}},
{"type":"Feature","properties":{"name":"1318"},"geometry":{"type":"Point","coordinates":[27.887645343867508,43.200464156648231]}},
{"type":"Feature","properties":{"name":"1319"},"geometry":{"type":"Point","coordinates":[24.805012055877096,48.046203307221035]}},
{"type":"Feature","properties":{"name":"1320"},"geometry":{"type":"Point","coordinates":[21.199261406730564,52.717005183123511]}},
{"type":"Feature","properties":{"name":"1321"},"geometry":{"type":"Point","coordinates":[16.895262732817805,57.161201705029988]}},
{"type":"Feature","properties":{"name":"1322"},"geometry":{"type":"Point","coordinates":[46.182795222842934,0.0]}},
{"type":"Feature","properties":{"name":"1323"},"geometry":{"type":"Point","coordinates":[44.953638442025969,6.088538378165013]}},
{"type":"Feature","properties":{"name":"1324"},"geometry":{"type":"Point","coordinates":[43.309332608957973,10.903842693635262]}},
{"type":"Feature","properties":{"name":"1325"},"geometry":{"type":"Point","coordinates":[41.614284332033449,15.85763059637115]}},
{"type":"Feature","properties":{"name":"1326"},"geometry":{"type":"Point","coordinates":[39.847956863098368,20.916846977395515]}},
{"type":"Feature","properties":{"name":"1327"},"geometry":{"type":"Point","coordinates":[37.984930576391363,26.044032197779629]}},
{"type":"Feature","properties":{"name":"1328"},"geometry":{"type":"Point","coordinates":[35.993285252386556,31.198206034160531]}},
{"type":"Feature","properties":{"name":"1329"},"geometry":{"type":"Point","coordinates":[33.832276621645292,36.335904320805149]}},
{"type":"Feature","properties":{"name":"1330"},"geometry":{"type":"Point","coordinates":[31.448962084668359,41.412206989824703]}},
{"type":"Feature","properties":{"name":"1331"},"geometry":{"type":"Point","coordinates":[28.773249354895722,46.381543027784289]}},
{"type":"Feature","properties":{"name":"1332"},"geometry":{"type":"Point","coordinates":[25.710579619792984,51.198005606193476]}},
{"type":"Feature","properties":{"name":"1333"},"geometry":{"type":"Point","coordinates":[22.131129480245011,55.814845400546346]}},
{"type":"Feature","properties":{"name":"1334"},"geometry":{"type":"Point","coordinates":[47.087070113163328,-2.987772159891187]}},
{"type":"Feature","properties":{"name":"1335"},"geometry":{"type":"Point","coordinates":[47.087070113163222,2.987772159891151]}},
{"type":"Feature","properties":{"name":"1336"},"geometry":{"type":"Point","coordinates":[45.948798050427932,9.094280387858191]}},
{"type":"Feature","properties":{"name":"1337"},"geometry":{"type":"Point","coordinates":[44.276152991713047,13.907782449303426]}},
{"type":"Feature","properties":{"name":"1338"},"geometry":{"type":"Point","coordinates":[42.558836961330435,18.884784085727922]}},
{"type":"Feature","properties":{"name":"1339"},"geometry":{"type":"Point","coordinates":[40.778875543283149,23.983112367948788]}},
{"type":"Feature","properties":{"name":"1340"},"geometry":{"type":"Point","coordinates":[38.913697463411751,29.154826593076606]}},
{"type":"Feature","properties":{"name":"1341"},"geometry":{"type":"Point","coordinates":[36.934745914461125,34.348004132704538]}},
{"type":"Feature","properties":{"name":"1342"},"geometry":{"type":"Point","coordinates":[34.805453870847877,39.508852367265376]}},
{"type":"Feature","properties":{"name":"1343"},"geometry":{"type":"Point","coordinates":[32.478249549165675,44.583861534277986]}},
{"type":"Feature","properties":{"name":"1344"},"geometry":{"type":"Point","coordinates":[29.890066523511852,49.521662718245089]}},
{"type":"Feature","properties":{"name":"1345"},"geometry":{"type":"Point","coordinates":[26.955526999418485,54.274245783636232]}},
{"type":"Feature","properties":{"name":"1346"},"geometry":{"type":"Point","coordinates":[49.37062098282437,0.0]}},
{"type":"Feature","properties":{"name":"1347"},"geometry":{"type":"Point","coordinates":[48.115403046545708,6.007546990041932]}},
{"type":"Feature","properties":{"name":"1348"},"geometry":{"type":"Point","coordinates":[46.953877137771265,12.076898721235342]}},
{"type":"Feature","properties":{"name":"1349"},"geometry":{"type":"Point","coordinates":[45.257291557131452,16.895678907545616]}},
{"type":"Feature","properties":{"name":"1350"},"geometry":{"type":"Point","coordinates":[43.526419334590067,21.9064705815609]}},
{"type":"Feature","properties":{"name":"1351"},"geometry":{"type":"Point","coordinates":[41.74829688592402,27.053916531108012]}},
{"type":"Feature","properties":{"name":"1352"},"geometry":{"type":"Point","coordinates":[39.906386944502295,32.274919874523299]}},
{"type":"Feature","properties":{"name":"1353"},"geometry":{"type":"Point","coordinates":[37.979733149382511,37.502129221839397]}},
{"type":"Feature","properties":{"name":"1354"},"geometry":{"type":"Point","coordinates":[35.941705232340524,42.667983413778686]}},
{"type":"Feature","properties":{"name":"1355"},"geometry":{"type":"Point","coordinates":[33.758084945827711,47.708708955078237]}},
{"type":"Feature","properties":{"name":"1356"},"geometry":{"type":"Point","coordinates":[31.384094594028074,52.567655013246437]}},
{"type":"Feature","properties":{"name":"1357"},"geometry":{"type":"Point","coordinates":[26.252592407148207,58.014154843762434]}},
{"type":"Feature","properties":{"name":"1358"},"geometry":{"type":"Point","coordinates":[50.280367621428013,-3.010885634742179]}},
{"type":"Feature","properties":{"name":"1359"},"geometry":{"type":"Point","coordinates":[50.280367621428013,3.010885634742193]}},
{"type":"Feature","properties":{"name":"1360"},"geometry":{"type":"Point","coordinates":[49.154485735232242,9.002549875614314]}},
{"type":"Feature","properties":{"name":"1361"},"geometry":{"type":"Point","coordinates":[47.97539620335796,15.038082085795999]}},
{"type":"Feature","properties":{"name":"1362"},"geometry":{"type":"Point","coordinates":[46.260228852804389,19.870270926477005]}},
{"type":"Feature","properties":{"name":"1363"},"geometry":{"type":"Point","coordinates":[44.528329888381251,24.927282601494028]}},
{"type":"Feature","properties":{"name":"1364"},"geometry":{"type":"Point","coordinates":[42.776007427981746,30.133598132124025]}},
{"type":"Feature","properties":{"name":"1365"},"geometry":{"type":"Point","coordinates":[40.998240050935053,35.403153368428292]}},
{"type":"Feature","properties":{"name":"1366"},"geometry":{"type":"Point","coordinates":[39.188757990874102,40.646201478585091]}},
{"type":"Feature","properties":{"name":"1367"},"geometry":{"type":"Point","coordinates":[37.340096157955827,45.776883196973216]}},
{"type":"Feature","properties":{"name":"1368"},"geometry":{"type":"Point","coordinates":[35.443512233602469,50.720049771628759]}},
{"type":"Feature","properties":{"name":"1369"},"geometry":{"type":"Point","coordinates":[31.197065711769554,56.325209107243367]}},
{"type":"Feature","properties":{"name":"1370"},"geometry":{"type":"Point","coordinates":[51.315086600255576,-6.021197802427147]}},
{"type":"Feature","properties":{"name":"1371"},"geometry":{"type":"Point","coordinates":[52.534053969914495,0.0]}},
{"type":"Feature","properties":{"name":"1372"},"geometry":{"type":"Point","coordinates":[51.315086600255576,6.021197802427185]}},
{"type":"Feature","properties":{"name":"1373"},"geometry":{"type":"Point","coordinates":[50.211103686047736,11.975064660679845]}},
{"type":"Feature","properties":{"name":"1374"},"geometry":{"type":"Point","coordinates":[49.020177933133432,17.979329774477062]}},
{"type":"Feature","properties":{"name":"1375"},"geometry":{"type":"Point","coordinates":[47.29359317492689,22.834802259343537]}},
{"type":"Feature","properties":{"name":"1376"},"geometry":{"type":"Point","coordinates":[45.580131036772691,27.952813407938464]}},
{"type":"Feature","properties":{"name":"1377"},"geometry":{"type":"Point","coordinates":[43.892990414624464,33.224915510436844]}},
{"type":"Feature","properties":{"name":"1378"},"geometry":{"type":"Point","coordinates":[42.247953797088549,38.528489141589112]}},
{"type":"Feature","properties":{"name":"1379"},"geometry":{"type":"Point","coordinates":[40.66434149406399,43.740786145072818]}},
{"type":"Feature","properties":{"name":"1380"},"geometry":{"type":"Point","coordinates":[39.16615261576775,48.752923259643175]}},
{"type":"Feature","properties":{"name":"1381"},"geometry":{"type":"Point","coordinates":[35.683669247360804,54.473078000259029]}},
{"type":"Feature","properties":{"name":"1382"},"geometry":{"type":"Point","coordinates":[53.45189562430717,-3.031329958880127]}},
{"type":"Feature","properties":{"name":"1383"},"geometry":{"type":"Point","coordinates":[53.451895624307078,3.03132995888008]}},
{"type":"Feature","properties":{"name":"1384"},"geometry":{"type":"Point","coordinates":[52.40037625577105,9.01479876075382]}},
{"type":"Feature","properties":{"name":"1385"},"geometry":{"type":"Point","coordinates":[51.292347037333833,14.92743145626207]}},
{"type":"Feature","properties":{"name":"1386"},"geometry":{"type":"Point","coordinates":[50.095531188565133,20.901942654275068]}},
{"type":"Feature","properties":{"name":"1387"},"geometry":{"type":"Point","coordinates":[48.36810878021241,25.793567082948446]}},
{"type":"Feature","properties":{"name":"1388"},"geometry":{"type":"Point","coordinates":[46.705977320671629,30.989642383264449]}},
{"type":"Feature","properties":{"name":"1389"},"geometry":{"type":"Point","coordinates":[45.15316096761012,36.323505731115752]}},
{"type":"Feature","properties":{"name":"1390"},"geometry":{"type":"Point","coordinates":[43.760806136054647,41.611702106214103]}},
{"type":"Feature","properties":{"name":"1391"},"geometry":{"type":"Point","coordinates":[42.58628052613517,46.684415105978438]}},
{"type":"Feature","properties":{"name":"1392"},"geometry":{"type":"Point","coordinates":[39.755268755981184,52.484110554494848]}},
{"type":"Feature","properties":{"name":"1393"},"geometry":{"type":"Point","coordinates":[36.099536735780603,58.125859091749575]}},
{"type":"Feature","properties":{"name":"1394"},"geometry":{"type":"Point","coordinates":[54.513683890612981,-6.057468397586903]}},
{"type":"Feature","properties":{"name":"1395"},"geometry":{"type":"Point","coordinates":[55.676005724161186,0.0]}},
{"type":"Feature","properties":{"name":"1396"},"geometry":{"type":"Point","coordinates":[54.513683890612896,6.057468397586888]}},
{"type":"Feature","properties":{"name":"1397"},"geometry":{"type":"Point","coordinates":[53.510860247705743,11.988167808560327]}},
{"type":"Feature","properties":{"name":"1398"},"geometry":{"type":"Point","coordinates":[52.405826070474454,17.862226641476994]}},
{"type":"Feature","properties":{"name":"1399"},"geometry":{"type":"Point","coordinates":[51.209456751759525,23.807007669065285]}},
{"type":"Feature","properties":{"name":"1400"},"geometry":{"type":"Point","coordinates":[49.498796939896827,28.753053066992376]}},
{"type":"Feature","properties":{"name":"1401"},"geometry":{"type":"Point","coordinates":[47.949688291884819,34.043048684781915]}},
{"type":"Feature","properties":{"name":"1402"},"geometry":{"type":"Point","coordinates":[46.662059754622959,39.397169423945904]}},
{"type":"Feature","properties":{"name":"1403"},"geometry":{"type":"Point","coordinates":[45.737615414894648,44.529621964661629]}},
{"type":"Feature","properties":{"name":"1404"},"geometry":{"type":"Point","coordinates":[43.458276206174979,50.379685777186843]}},
{"type":"Feature","properties":{"name":"1405"},"geometry":{"type":"Point","coordinates":[40.583351818898983,56.097999227856228]}},
{"type":"Feature","properties":{"name":"1406"},"geometry":{"type":"Point","coordinates":[55.662771634054153,-9.071809122964861]}},
{"type":"Feature","properties":{"name":"1407"},"geometry":{"type":"Point","coordinates":[56.605097021438887,-3.049065101171809]}},
{"type":"Feature","properties":{"name":"1408"},"geometry":{"type":"Point","coordinates":[56.605097021438802,3.049065101171789]}},
{"type":"Feature","properties":{"name":"1409"},"geometry":{"type":"Point","coordinates":[55.662771634054025,9.071809122964803]}},
{"type":"Feature","properties":{"name":"1410"},"geometry":{"type":"Point","coordinates":[54.653992998464084,14.944601661100515]}},
{"type":"Feature","properties":{"name":"1411"},"geometry":{"type":"Point","coordinates":[53.559916780998783,20.782615569887238]}},
{"type":"Feature","properties":{"name":"1412"},"geometry":{"type":"Point","coordinates":[52.370886539386177,26.695374136994317]}},
{"type":"Feature","properties":{"name":"1413"},"geometry":{"type":"Point","coordinates":[50.711571520629299,31.724298801980567]}},
{"type":"Feature","properties":{"name":"1414"},"geometry":{"type":"Point","coordinates":[49.408538261216421,37.100317470426468]}},
{"type":"Feature","properties":{"name":"1415"},"geometry":{"type":"Point","coordinates":[48.651931404969844,42.300980330186903]}},
{"type":"Feature","properties":{"name":"1416"},"geometry":{"type":"Point","coordinates":[46.838587603197304,48.176281187363564]}},
{"type":"Feature","properties":{"name":"1417"},"geometry":{"type":"Point","coordinates":[44.606423221130747,53.938794503376329]}},
{"type":"Feature","properties":{"name":"1418"},"geometry":{"type":"Point","coordinates":[57.698885599385214,-6.087269335984485]}},
{"type":"Feature","properties":{"name":"1419"},"geometry":{"type":"Point","coordinates":[58.799226044281085,0.0]}},
{"type":"Feature","properties":{"name":"1420"},"geometry":{"type":"Point","coordinates":[57.698885599385228,6.087269335984518]}},
{"type":"Feature","properties":{"name":"1421"},"geometry":{"type":"Point","coordinates":[56.825498957408598,12.047071515031272]}},
{"type":"Feature","properties":{"name":"1422"},"geometry":{"type":"Point","coordinates":[55.837712950209976,17.888053720594822]}},
{"type":"Feature","properties":{"name":"1423"},"geometry":{"type":"Point","coordinates":[54.764023760012876,23.693110795289261]}},
{"type":"Feature","properties":{"name":"1424"},"geometry":{"type":"Point","coordinates":[53.589970597009604,29.567619477667208]}},
{"type":"Feature","properties":{"name":"1425"},"geometry":{"type":"Point","coordinates":[52.071114537103391,34.724394300910092]}},
{"type":"Feature","properties":{"name":"1426"},"geometry":{"type":"Point","coordinates":[51.358373876330198,40.008655864211889]}},
{"type":"Feature","properties":{"name":"1427"},"geometry":{"type":"Point","coordinates":[49.939457719225857,45.885245253973828]}},
{"type":"Feature","properties":{"name":"1428"},"geometry":{"type":"Point","coordinates":[48.231341011970066,51.66826212028505]}},
{"type":"Feature","properties":{"name":"1429"},"geometry":{"type":"Point","coordinates":[45.971566360693949,57.440568456583506]}},
{"type":"Feature","properties":{"name":"1430"},"geometry":{"type":"Point","coordinates":[58.890339172734265,-9.10711323380327]}},
{"type":"Feature","properties":{"name":"1431"},"geometry":{"type":"Point","coordinates":[59.743535595981456,-3.063982706371137]}},
{"type":"Feature","properties":{"name":"1432"},"geometry":{"type":"Point","coordinates":[59.74353559598152,3.063982706371231]}},
{"type":"Feature","properties":{"name":"1433"},"geometry":{"type":"Point","coordinates":[58.890339172734265,9.107113233803304]}},
{"type":"Feature","properties":{"name":"1434"},"geometry":{"type":"Point","coordinates":[58.027693729433246,15.007803277814732]}},
{"type":"Feature","properties":{"name":"1435"},"geometry":{"type":"Point","coordinates":[57.070444546581889,20.823694832043689]}},
{"type":"Feature","properties":{"name":"1436"},"geometry":{"type":"Point","coordinates":[56.028684062321098,26.601387955625544]}},
{"type":"Feature","properties":{"name":"1437"},"geometry":{"type":"Point","coordinates":[54.878430079228124,32.424001078834806]}},
{"type":"Feature","properties":{"name":"1438"},"geometry":{"type":"Point","coordinates":[53.883234638994423,37.66090441920786]}},
{"type":"Feature","properties":{"name":"1439"},"geometry":{"type":"Point","coordinates":[52.800558770221947,43.51145883549723]}},
{"type":"Feature","properties":{"name":"1440"},"geometry":{"type":"Point","coordinates":[51.515140358484217,49.300028612579055]}},
{"type":"Feature","properties":{"name":"1441"},"geometry":{"type":"Point","coordinates":[49.856588061041798,55.098754495783176]}},
{"type":"Feature","properties":{"name":"1442"},"geometry":{"type":"Point","coordinates":[60.141454466605232,-12.108097955048661]}},
{"type":"Feature","properties":{"name":"1443"},"geometry":{"type":"Point","coordinates":[60.875276367210994,-6.109916736785244]}},
{"type":"Feature","properties":{"name":"1444"},"geometry":{"type":"Point","coordinates":[61.906328342029802,0.0]}},
{"type":"Feature","properties":{"name":"1445"},"geometry":{"type":"Point","coordinates":[60.875276367210901,6.109916736785208]}},
{"type":"Feature","properties":{"name":"1446"},"geometry":{"type":"Point","coordinates":[60.141454466605232,12.108097955048699]}},
{"type":"Feature","properties":{"name":"1447"},"geometry":{"type":"Point","coordinates":[59.276963938407356,17.958619697765666]}},
{"type":"Feature","properties":{"name":"1448"},"geometry":{"type":"Point","coordinates":[58.360691694237879,23.758944785448943]}},
{"type":"Feature","properties":{"name":"1449"},"geometry":{"type":"Point","coordinates":[57.364177729977854,29.523258735070641]}},
{"type":"Feature","properties":{"name":"1450"},"geometry":{"type":"Point","coordinates":[56.25,35.264389682754661]}},
{"type":"Feature","properties":{"name":"1451"},"geometry":{"type":"Point","coordinates":[55.456624009941585,41.048487762970765]}},
{"type":"Feature","properties":{"name":"1452"},"geometry":{"type":"Point","coordinates":[54.507142128079039,46.841040636752034]}},
{"type":"Feature","properties":{"name":"1453"},"geometry":{"type":"Point","coordinates":[53.320575284293163,52.654023581582784]}},
{"type":"Feature","properties":{"name":"1454"},"geometry":{"type":"Point","coordinates":[62.114052004682392,-9.12957759134077]}},
{"type":"Feature","properties":{"name":"1455"},"geometry":{"type":"Point","coordinates":[62.871104469549607,-3.075849977141178]}},
{"type":"Feature","properties":{"name":"1456"},"geometry":{"type":"Point","coordinates":[62.871104469549543,3.075849977141154]}},
{"type":"Feature","properties":{"name":"1457"},"geometry":{"type":"Point","coordinates":[62.114052004682392,9.1295775913408]}},
{"type":"Feature","properties":{"name":"1458"},"geometry":{"type":"Point","coordinates":[61.398958867047604,15.068268128178801]}},
{"type":"Feature","properties":{"name":"1459"},"geometry":{"type":"Point","coordinates":[60.580762689308052,20.905416243615747]}},
{"type":"Feature","properties":{"name":"1460"},"geometry":{"type":"Point","coordinates":[59.715198104221336,26.705448440317493]}},
{"type":"Feature","properties":{"name":"1461"},"geometry":{"type":"Point","coordinates":[58.765419039571363,32.498442348083472]}},
{"type":"Feature","properties":{"name":"1462"},"geometry":{"type":"Point","coordinates":[57.92417346682852,38.460685183617265]}},
{"type":"Feature","properties":{"name":"1463"},"geometry":{"type":"Point","coordinates":[57.246520970983489,44.290072867968291]}},
{"type":"Feature","properties":{"name":"1464"},"geometry":{"type":"Point","coordinates":[56.429985201266497,50.117603896080979]}},
{"type":"Feature","properties":{"name":"1465"},"geometry":{"type":"Point","coordinates":[55.40116510252733,55.973948954941832]}},
{"type":"Feature","properties":{"name":"1466"},"geometry":{"type":"Point","coordinates":[63.416934254032135,-12.123638349488491]}},
{"type":"Feature","properties":{"name":"1467"},"geometry":{"type":"Point","coordinates":[64.048124117762981,-6.124199889073286]}},
{"type":"Feature","properties":{"name":"1468"},"geometry":{"type":"Point","coordinates":[64.99981206640453,0.0]}},
{"type":"Feature","properties":{"name":"1469"},"geometry":{"type":"Point","coordinates":[64.048124117762981,6.124199889073302]}},
{"type":"Feature","properties":{"name":"1470"},"geometry":{"type":"Point","coordinates":[63.416934254032242,12.123638349488587]}},
{"type":"Feature","properties":{"name":"1471"},"geometry":{"type":"Point","coordinates":[62.708628453727471,18.019567397251407]}},
{"type":"Feature","properties":{"name":"1472"},"geometry":{"type":"Point","coordinates":[61.945223586260632,23.856183921084593]}},
{"type":"Feature","properties":{"name":"1473"},"geometry":{"type":"Point","coordinates":[61.131535702165884,29.682864106111467]}},
{"type":"Feature","properties":{"name":"1474"},"geometry":{"type":"Point","coordinates":[59.980964610268551,35.620470835163054]}},
{"type":"Feature","properties":{"name":"1475"},"geometry":{"type":"Point","coordinates":[59.754833075860795,41.633841349766314]}},
{"type":"Feature","properties":{"name":"1476"},"geometry":{"type":"Point","coordinates":[59.237251451916784,47.494016509123718]}},
{"type":"Feature","properties":{"name":"1477"},"geometry":{"type":"Point","coordinates":[58.618547787955755,53.360804580158074]}},
{"type":"Feature","properties":{"name":"1478"},"geometry":{"type":"Point","coordinates":[64.761749893349446,-15.096070095088413]}},
{"type":"Feature","properties":{"name":"1479"},"geometry":{"type":"Point","coordinates":[65.339589542715387,-9.136642889699496]}},
{"type":"Feature","properties":{"name":"1480"},"geometry":{"type":"Point","coordinates":[65.992399100946471,-3.084181411401212]}},
{"type":"Feature","properties":{"name":"1481"},"geometry":{"type":"Point","coordinates":[65.992399100946457,3.084181411401241]}},
{"type":"Feature","properties":{"name":"1482"},"geometry":{"type":"Point","coordinates":[65.339589542715302,9.136642889699466]}},
{"type":"Feature","properties":{"name":"1483"},"geometry":{"type":"Point","coordinates":[64.761749893349432,15.096070095088436]}},
{"type":"Feature","properties":{"name":"1484"},"geometry":{"type":"Point","coordinates":[64.076637956185579,20.967729706829935]}},
{"type":"Feature","properties":{"name":"1485"},"geometry":{"type":"Point","coordinates":[63.371762117709515,26.822272958649055]}},
{"type":"Feature","properties":{"name":"1486"},"geometry":{"type":"Point","coordinates":[62.564960249611545,32.724512560104017]}},
{"type":"Feature","properties":{"name":"1487"},"geometry":{"type":"Point","coordinates":[62.003894932303709,38.839501391199413]}},
{"type":"Feature","properties":{"name":"1488"},"geometry":{"type":"Point","coordinates":[61.778135207354893,44.78069341076953]}},
{"type":"Feature","properties":{"name":"1489"},"geometry":{"type":"Point","coordinates":[61.480297135418851,50.667156820672233]}},
{"type":"Feature","properties":{"name":"1490"},"geometry":{"type":"Point","coordinates":[66.697220401789565,-12.115983400197839]}},
{"type":"Feature","properties":{"name":"1491"},"geometry":{"type":"Point","coordinates":[67.22383565599155,-6.127908974337571]}},
{"type":"Feature","properties":{"name":"1492"},"geometry":{"type":"Point","coordinates":[68.082082779906443,0.0]}},
{"type":"Feature","properties":{"name":"1493"},"geometry":{"type":"Point","coordinates":[67.22383565599155,6.127908974337609]}},
{"type":"Feature","properties":{"name":"1494"},"geometry":{"type":"Point","coordinates":[66.697220401789579,12.115983400197868]}},
{"type":"Feature","properties":{"name":"1495"},"geometry":{"type":"Point","coordinates":[66.127563961897906,18.039601133639898]}},
{"type":"Feature","properties":{"name":"1496"},"geometry":{"type":"Point","coordinates":[65.5067348901201,23.92009706536242]}},
{"type":"Feature","properties":{"name":"1497"},"geometry":{"type":"Point","coordinates":[64.846896532380825,29.820028193296682]}},
{"type":"Feature","properties":{"name":"1498"},"geometry":{"type":"Point","coordinates":[63.742522470160679,35.86075584273523]}},
{"type":"Feature","properties":{"name":"1499"},"geometry":{"type":"Point","coordinates":[64.062855274618713,41.967112722858275]}},
{"type":"Feature","properties":{"name":"1500"},"geometry":{"type":"Point","coordinates":[64.039951919657994,47.896263602334678]}},
{"type":"Feature","properties":{"name":"1501"},"geometry":{"type":"Point","coordinates":[64.044881557697522,53.80522432485531]}},
{"type":"Feature","properties":{"name":"1502"},"geometry":{"type":"Point","coordinates":[68.098020699238745,-15.068283767616693]}},
{"type":"Feature","properties":{"name":"1503"},"geometry":{"type":"Point","coordinates":[68.573492405443062,-9.123978353396543]}},
{"type":"Feature","properties":{"name":"1504"},"geometry":{"type":"Point","coordinates":[69.113458777978195,-3.087911360234923]}},
{"type":"Feature","properties":{"name":"1505"},"geometry":{"type":"Point","coordinates":[69.113458777978238,3.087911360234986]}},
{"type":"Feature","properties":{"name":"1506"},"geometry":{"type":"Point","coordinates":[68.573492405443076,9.123978353396581]}},
{"type":"Feature","properties":{"name":"1507"},"geometry":{"type":"Point","coordinates":[68.098020699238745,15.068283767616716]}},
{"type":"Feature","properties":{"name":"1508"},"geometry":{"type":"Point","coordinates":[67.554811971100875,20.978789929019221]}},
{"type":"Feature","properties":{"name":"1509"},"geometry":{"type":"Point","coordinates":[66.996190406388351,26.886290765810084]}},
{"type":"Feature","properties":{"name":"1510"},"geometry":{"type":"Point","coordinates":[66.309074050197054,32.870760853306543]}},
{"type":"Feature","properties":{"name":"1511"},"geometry":{"type":"Point","coordinates":[66.046711637347045,39.035953973873184]}},
{"type":"Feature","properties":{"name":"1512"},"geometry":{"type":"Point","coordinates":[66.330122481306205,45.046281702586796]}},
{"type":"Feature","properties":{"name":"1513"},"geometry":{"type":"Point","coordinates":[66.599226146881634,50.973053875810095]}},
{"type":"Feature","properties":{"name":"1514"},"geometry":{"type":"Point","coordinates":[69.532525588539016,-18.0]}},
{"type":"Feature","properties":{"name":"1515"},"geometry":{"type":"Point","coordinates":[69.987898121880406,-12.078933280138449]}},
{"type":"Feature","properties":{"name":"1516"},"geometry":{"type":"Point","coordinates":[70.410660566712323,-6.116768897618414]}},
{"type":"Feature","properties":{"name":"1517"},"geometry":{"type":"Point","coordinates":[71.155470369890253,0.0]}},
{"type":"Feature","properties":{"name":"1518"},"geometry":{"type":"Point","coordinates":[70.410660566712281,6.116768897618409]}},
{"type":"Feature","properties":{"name":"1519"},"geometry":{"type":"Point","coordinates":[69.987898121880391,12.078933280138472]}},
{"type":"Feature","properties":{"name":"1520"},"geometry":{"type":"Point","coordinates":[69.532525588539002,18.0]}},
{"type":"Feature","properties":{"name":"1521"},"geometry":{"type":"Point","coordinates":[69.045396117505561,23.919928892794733]}},
{"type":"Feature","properties":{"name":"1522"},"geometry":{"type":"Point","coordinates":[68.525531666218384,29.878695340962452]}},
{"type":"Feature","properties":{"name":"1523"},"geometry":{"type":"Point","coordinates":[67.526738608065727,35.983302905913916]}},
{"type":"Feature","properties":{"name":"1524"},"geometry":{"type":"Point","coordinates":[68.355505106653496,42.11146729133597]}},
{"type":"Feature","properties":{"name":"1525"},"geometry":{"type":"Point","coordinates":[68.866040845212865,48.077376518347613]}},
{"type":"Feature","properties":{"name":"1526"},"geometry":{"type":"Point","coordinates":[71.444275490143937,-15.001817170048685]}},
{"type":"Feature","properties":{"name":"1527"},"geometry":{"type":"Point","coordinates":[71.823291752618232,-9.08390851405821]}},
{"type":"Feature","properties":{"name":"1528"},"geometry":{"type":"Point","coordinates":[72.243401696414949,-3.084420514746646]}},
{"type":"Feature","properties":{"name":"1529"},"geometry":{"type":"Point","coordinates":[72.243401696414907,3.084420514746648]}},
{"type":"Feature","properties":{"name":"1530"},"geometry":{"type":"Point","coordinates":[71.823291752618317,9.083908514058276]}},
{"type":"Feature","properties":{"name":"1531"},"geometry":{"type":"Point","coordinates":[71.444275490143937,15.00181717004871]}},
{"type":"Feature","properties":{"name":"1532"},"geometry":{"type":"Point","coordinates":[71.015481432528532,20.920804685616638]}},
{"type":"Feature","properties":{"name":"1533"},"geometry":{"type":"Point","coordinates":[70.594049452282377,26.870799791993655]}},
{"type":"Feature","properties":{"name":"1534"},"geometry":{"type":"Point","coordinates":[70.030979691115178,32.911017185630982]}},
{"type":"Feature","properties":{"name":"1535"},"geometry":{"type":"Point","coordinates":[70.071645654725032,39.086752492381571]}},
{"type":"Feature","properties":{"name":"1536"},"geometry":{"type":"Point","coordinates":[70.874454875316815,45.11737712317472]}},
{"type":"Feature","properties":{"name":"1537"},"geometry":{"type":"Point","coordinates":[71.736388318675125,51.052067747745255]}},
{"type":"Feature","properties":{"name":"1538"},"geometry":{"type":"Point","coordinates":[72.934813245035116,-17.900984056728827]}},
{"type":"Feature","properties":{"name":"1539"},"geometry":{"type":"Point","coordinates":[73.294400729794887,-12.002233347874602]}},
{"type":"Feature","properties":{"name":"1540"},"geometry":{"type":"Point","coordinates":[73.619657958622611,-6.081759413519955]}},
{"type":"Feature","properties":{"name":"1541"},"geometry":{"type":"Point","coordinates":[74.222245802773983,0.0]}},
{"type":"Feature","properties":{"name":"1542"},"geometry":{"type":"Point","coordinates":[73.619657958622611,6.081759413519982]}},
{"type":"Feature","properties":{"name":"1543"},"geometry":{"type":"Point","coordinates":[73.294400729794887,12.002233347874622]}},
{"type":"Feature","properties":{"name":"1544"},"geometry":{"type":"Point","coordinates":[72.934813245035102,17.900984056728849]}},
{"type":"Feature","properties":{"name":"1545"},"geometry":{"type":"Point","coordinates":[72.563438217177335,23.839940899825134]}},
{"type":"Feature","properties":{"name":"1546"},"geometry":{"type":"Point","coordinates":[72.179127240115108,29.840751478168979]}},
{"type":"Feature","properties":{"name":"1547"},"geometry":{"type":"Point","coordinates":[71.325169402302222,35.98666325892269]}},
{"type":"Feature","properties":{"name":"1548"},"geometry":{"type":"Point","coordinates":[72.626530429366454,42.091271476746321]}},
{"type":"Feature","properties":{"name":"1549"},"geometry":{"type":"Point","coordinates":[73.681844430456565,48.055643266516711]}},
{"type":"Feature","properties":{"name":"1550"},"geometry":{"type":"Point","coordinates":[74.459632702968605,-20.783388451759905]}},
{"type":"Feature","properties":{"name":"1551"},"geometry":{"type":"Point","coordinates":[74.803493958425889,-14.884806122760414]}},
{"type":"Feature","properties":{"name":"1552"},"geometry":{"type":"Point","coordinates":[75.097041015529769,-9.001946840054197]}},
{"type":"Feature","properties":{"name":"1553"},"geometry":{"type":"Point","coordinates":[75.398382475601224,-3.065932060011705]}},
{"type":"Feature","properties":{"name":"1554"},"geometry":{"type":"Point","coordinates":[75.398382475601196,3.065932060011713]}},
{"type":"Feature","properties":{"name":"1555"},"geometry":{"type":"Point","coordinates":[75.097041015529754,9.001946840054224]}},
{"type":"Feature","properties":{"name":"1556"},"geometry":{"type":"Point","coordinates":[74.803493958425804,14.884806122760383]}},
{"type":"Feature","properties":{"name":"1557"},"geometry":{"type":"Point","coordinates":[74.459632702968477,20.783388451759876]}},
{"type":"Feature","properties":{"name":"1558"},"geometry":{"type":"Point","coordinates":[74.169880450135381,26.763641053329039]}},
{"type":"Feature","properties":{"name":"1559"},"geometry":{"type":"Point","coordinates":[73.740993518529791,32.839409759312957]}},
{"type":"Feature","properties":{"name":"1560"},"geometry":{"type":"Point","coordinates":[74.08320864897054,39.001559216454929]}},
{"type":"Feature","properties":{"name":"1561"},"geometry":{"type":"Point","coordinates":[75.393073825359366,45.01062353347416]}},
{"type":"Feature","properties":{"name":"1562"},"geometry":{"type":"Point","coordinates":[76.34571809098729,-17.742074802738877]}},
{"type":"Feature","properties":{"name":"1563"},"geometry":{"type":"Point","coordinates":[76.620527707563596,-11.868123182831052]}},
{"type":"Feature","properties":{"name":"1564"},"geometry":{"type":"Point","coordinates":[76.865087309224776,-6.00136421079741]}},
{"type":"Feature","properties":{"name":"1565"},"geometry":{"type":"Point","coordinates":[77.284636772369893,0.0]}},
{"type":"Feature","properties":{"name":"1566"},"geometry":{"type":"Point","coordinates":[76.865087309224776,6.001364210797444]}},
{"type":"Feature","properties":{"name":"1567"},"geometry":{"type":"Point","coordinates":[76.620527707563596,11.868123182831075]}},
{"type":"Feature","properties":{"name":"1568"},"geometry":{"type":"Point","coordinates":[76.34571809098729,17.742074802738902]}},
{"type":"Feature","properties":{"name":"1569"},"geometry":{"type":"Point","coordinates":[76.062754393628225,23.671601189482349]}},
{"type":"Feature","properties":{"name":"1570"},"geometry":{"type":"Point","coordinates":[75.813270973151916,29.699175673430528]}},
{"type":"Feature","properties":{"name":"1571"},"geometry":{"type":"Point","coordinates":[75.129117683938375,35.869910946227442]}},
{"type":"Feature","properties":{"name":"1572"},"geometry":{"type":"Point","coordinates":[76.869797883453785,41.917862635964809]}},
{"type":"Feature","properties":{"name":"1573"},"geometry":{"type":"Point","coordinates":[78.460508617363629,47.843684283034236]}},
{"type":"Feature","properties":{"name":"1574"},"geometry":{"type":"Point","coordinates":[77.923740426967768,-20.581908092951775]}},
{"type":"Feature","properties":{"name":"1575"},"geometry":{"type":"Point","coordinates":[78.175521084081126,-14.698056430368649]}},
{"type":"Feature","properties":{"name":"1576"},"geometry":{"type":"Point","coordinates":[78.400251721373351,-8.848414381196312]}},
{"type":"Feature","properties":{"name":"1577"},"geometry":{"type":"Point","coordinates":[78.610543063163576,-3.000689682048383]}},
{"type":"Feature","properties":{"name":"1578"},"geometry":{"type":"Point","coordinates":[78.610543063163576,3.000689682048409]}},
{"type":"Feature","properties":{"name":"1579"},"geometry":{"type":"Point","coordinates":[78.400251721373365,8.848414381196337]}},
{"type":"Feature","properties":{"name":"1580"},"geometry":{"type":"Point","coordinates":[78.175521084081126,14.69805643036868]}},
{"type":"Feature","properties":{"name":"1581"},"geometry":{"type":"Point","coordinates":[77.923740426967896,20.581908092951867]}},
{"type":"Feature","properties":{"name":"1582"},"geometry":{"type":"Point","coordinates":[77.7261566860534,26.558837885645222]}},
{"type":"Feature","properties":{"name":"1583"},"geometry":{"type":"Point","coordinates":[77.440381128635224,32.654090432415302]}},
{"type":"Feature","properties":{"name":"1584"},"geometry":{"type":"Point","coordinates":[78.07827333883418,38.784004631566084]}},
{"type":"Feature","properties":{"name":"1585"},"geometry":{"type":"Point","coordinates":[79.870825639068357,44.736425858017924]}},
{"type":"Feature","properties":{"name":"1586"},"geometry":{"type":"Point","coordinates":[79.544443285922156,-23.410113762746864]}},
{"type":"Feature","properties":{"name":"1587"},"geometry":{"type":"Point","coordinates":[79.761814929073125,-17.503887910528753]}},
{"type":"Feature","properties":{"name":"1588"},"geometry":{"type":"Point","coordinates":[79.963883564982723,-11.644043428737868]}},
{"type":"Feature","properties":{"name":"1589"},"geometry":{"type":"Point","coordinates":[80.156588825128949,-5.814526604696534]}},
{"type":"Feature","properties":{"name":"1590"},"geometry":{"type":"Point","coordinates":[80.344842552110705,0.0]}},
{"type":"Feature","properties":{"name":"1591"},"geometry":{"type":"Point","coordinates":[80.156588825128949,5.814526604696558]}},
{"type":"Feature","properties":{"name":"1592"},"geometry":{"type":"Point","coordinates":[79.963883564982794,11.644043428737932]}},
{"type":"Feature","properties":{"name":"1593"},"geometry":{"type":"Point","coordinates":[79.761814929073225,17.503887910528828]}},
{"type":"Feature","properties":{"name":"1594"},"geometry":{"type":"Point","coordinates":[79.544443285922299,23.41011376274696]}},
{"type":"Feature","properties":{"name":"1595"},"geometry":{"type":"Point","coordinates":[79.429609027449644,29.45098308947917]}},
{"type":"Feature","properties":{"name":"1596"},"geometry":{"type":"Point","coordinates":[78.929905401149455,35.632653542284835]}},
{"type":"Feature","properties":{"name":"1597"},"geometry":{"type":"Point","coordinates":[81.077556135037796,41.597694736932169]}},
{"type":"Feature","properties":{"name":"1598"},"geometry":{"type":"Point","coordinates":[81.385272768392767,-20.29377673220219]}},
{"type":"Feature","properties":{"name":"1599"},"geometry":{"type":"Point","coordinates":[81.552249038393668,-14.409229221827912]}},
{"type":"Feature","properties":{"name":"1600"},"geometry":{"type":"Point","coordinates":[81.721788107296916,-8.555795089598222]}},
{"type":"Feature","properties":{"name":"1601"},"geometry":{"type":"Point","coordinates":[81.876037451491669,-2.649900676306463]}},
{"type":"Feature","properties":{"name":"1602"},"geometry":{"type":"Point","coordinates":[81.876037451491669,2.649900676306491]}},
{"type":"Feature","properties":{"name":"1603"},"geometry":{"type":"Point","coordinates":[81.721788107296859,8.55579508959824]}},
{"type":"Feature","properties":{"name":"1604"},"geometry":{"type":"Point","coordinates":[81.552249038393754,14.409229221827973]}},
{"type":"Feature","properties":{"name":"1605"},"geometry":{"type":"Point","coordinates":[81.385272768392753,20.293776732202215]}},
{"type":"Feature","properties":{"name":"1606"},"geometry":{"type":"Point","coordinates":[81.263706883483067,26.253362169258828]}},
{"type":"Feature","properties":{"name":"1607"},"geometry":{"type":"Point","coordinates":[81.126705013704282,32.354530273188331]}},
{"type":"Feature","properties":{"name":"1608"},"geometry":{"type":"Point","coordinates":[82.050482465006738,38.436161175716897]}},
{"type":"Feature","properties":{"name":"1609"},"geometry":{"type":"Point","coordinates":[84.293918532614498,44.302362461140063]}},
{"type":"Feature","properties":{"name":"1610"},"geometry":{"type":"Point","coordinates":[83.054976807696761,-23.073195154872518]}},
{"type":"Feature","properties":{"name":"1611"},"geometry":{"type":"Point","coordinates":[83.171126904933189,-17.155858823551178]}},
{"type":"Feature","properties":{"name":"1612"},"geometry":{"type":"Point","coordinates":[83.301890802846728,-11.266125297197878]}},
{"type":"Feature","properties":{"name":"1613"},"geometry":{"type":"Point","coordinates":[83.414905127944976,-5.29979322632892]}},
{"type":"Feature","properties":{"name":"1614"},"geometry":{"type":"Point","coordinates":[83.810269318108112,0.0]}},
{"type":"Feature","properties":{"name":"1615"},"geometry":{"type":"Point","coordinates":[83.414905127944976,5.299793226328945]}},
{"type":"Feature","properties":{"name":"1616"},"geometry":{"type":"Point","coordinates":[83.301890802846785,11.266125297197934]}},
{"type":"Feature","properties":{"name":"1617"},"geometry":{"type":"Point","coordinates":[83.171126904933018,17.155858823551128]}},
{"type":"Feature","properties":{"name":"1618"},"geometry":{"type":"Point","coordinates":[83.054976807696647,23.07319515487249]}},
{"type":"Feature","properties":{"name":"1619"},"geometry":{"type":"Point","coordinates":[83.027563389192551,29.094970144608428]}},
{"type":"Feature","properties":{"name":"1620"},"geometry":{"type":"Point","coordinates":[82.719148923491261,35.275022786260791]}},
{"type":"Feature","properties":{"name":"1621"},"geometry":{"type":"Point","coordinates":[85.241191101959771,41.135351444852375]}},
{"type":"Feature","properties":{"name":"1622"},"geometry":{"type":"Point","coordinates":[84.782303797515723,-25.845749727808737]}},
{"type":"Feature","properties":{"name":"1623"},"geometry":{"type":"Point","coordinates":[84.829658129990875,-19.890885572874655]}},
{"type":"Feature","properties":{"name":"1624"},"geometry":{"type":"Point","coordinates":[84.905678051876933,-13.961277006988375]}},
{"type":"Feature","properties":{"name":"1625"},"geometry":{"type":"Point","coordinates":[84.969267159847718,-7.949636609838922]}},
{"type":"Feature","properties":{"name":"1626"},"geometry":{"type":"Point","coordinates":[85.478104027762683,-2.741127804682036]}},
{"type":"Feature","properties":{"name":"1627"},"geometry":{"type":"Point","coordinates":[85.478104027762669,2.741127804682069]}},
{"type":"Feature","properties":{"name":"1628"},"geometry":{"type":"Point","coordinates":[84.969267159847703,7.949636609838944]}},
{"type":"Feature","properties":{"name":"1629"},"geometry":{"type":"Point","coordinates":[84.905678051876848,13.961277006988391]}},
{"type":"Feature","properties":{"name":"1630"},"geometry":{"type":"Point","coordinates":[84.82965812999079,19.890885572874637]}},
{"type":"Feature","properties":{"name":"1631"},"geometry":{"type":"Point","coordinates":[84.782303797515695,25.845749727808784]}},
{"type":"Feature","properties":{"name":"1632"},"geometry":{"type":"Point","coordinates":[84.796045548195565,31.940874337244932]}},
{"type":"Feature","properties":{"name":"1633"},"geometry":{"type":"Point","coordinates":[85.992386825752078,37.959831764346248]}},
{"type":"Feature","properties":{"name":"1634"},"geometry":{"type":"Point","coordinates":[86.538820015368117,-22.61842082232922]}},
{"type":"Feature","properties":{"name":"1635"},"geometry":{"type":"Point","coordinates":[86.543439381904662,-16.648208789943745]}},
{"type":"Feature","properties":{"name":"1636"},"geometry":{"type":"Point","coordinates":[86.547248207065522,-10.599322177078957]}},
{"type":"Feature","properties":{"name":"1637"},"geometry":{"type":"Point","coordinates":[87.092134401040454,-5.449314383091469]}},
{"type":"Feature","properties":{"name":"1638"},"geometry":{"type":"Point","coordinates":[87.278870478183364,0.0]}},
{"type":"Feature","properties":{"name":"1639"},"geometry":{"type":"Point","coordinates":[87.09213440104044,5.449314383091503]}},
{"type":"Feature","properties":{"name":"1640"},"geometry":{"type":"Point","coordinates":[86.547248207065508,10.599322177078976]}},
{"type":"Feature","properties":{"name":"1641"},"geometry":{"type":"Point","coordinates":[86.543439381904648,16.648208789943773]}},
{"type":"Feature","properties":{"name":"1642"},"geometry":{"type":"Point","coordinates":[86.538820015368117,22.618420822329249]}},
{"type":"Feature","properties":{"name":"1643"},"geometry":{"type":"Point","coordinates":[86.605432774242544,28.630872239820246]}},
{"type":"Feature","properties":{"name":"1644"},"geometry":{"type":"Point","coordinates":[86.489021934446995,34.797645444414336]}},
{"type":"Feature","properties":{"name":"1645"},"geometry":{"type":"Point","coordinates":[89.352159070279427,40.534771705906209]}},
{"type":"Feature","properties":{"name":"1646"},"geometry":{"type":"Point","coordinates":[88.311180817652868,-25.340779702009861]}},
{"type":"Feature","properties":{"name":"1647"},"geometry":{"type":"Point","coordinates":[88.226065284339441,-19.330225711503051]}},
{"type":"Feature","properties":{"name":"1648"},"geometry":{"type":"Point","coordinates":[88.157441524606369,-13.248635279737918]}},
{"type":"Feature","properties":{"name":"1649"},"geometry":{"type":"Point","coordinates":[88.702859824442513,-8.134550600775913]}},
{"type":"Feature","properties":{"name":"1650"},"geometry":{"type":"Point","coordinates":[88.980431637646518,-2.743987707055702]}},
{"type":"Feature","properties":{"name":"1651"},"geometry":{"type":"Point","coordinates":[88.980431637646518,2.743987707055737]}},
{"type":"Feature","properties":{"name":"1652"},"geometry":{"type":"Point","coordinates":[88.702859824442513,8.134550600775924]}},
{"type":"Feature","properties":{"name":"1653"},"geometry":{"type":"Point","coordinates":[88.157441524606355,13.248635279737949]}},
{"type":"Feature","properties":{"name":"1654"},"geometry":{"type":"Point","coordinates":[88.226065284339327,19.330225711503058]}},
{"type":"Feature","properties":{"name":"1655"},"geometry":{"type":"Point","coordinates":[88.311180817652868,25.340779702009897]}},
{"type":"Feature","properties":{"name":"1656"},"geometry":{"type":"Point","coordinates":[88.444074086750689,31.413731478082532]}},
{"type":"Feature","properties":{"name":"1657"},"geometry":{"type":"Point","coordinates":[89.896584584176182,37.356971215487121]}},
{"type":"Feature","properties":{"name":"1658"},"geometry":{"type":"Point","coordinates":[90.161095978171431,-28.05899860022712]}},
{"type":"Feature","properties":{"name":"1659"},"geometry":{"type":"Point","coordinates":[89.965271407345213,-22.008799301604416]}},
{"type":"Feature","properties":{"name":"1660"},"geometry":{"type":"Point","coordinates":[89.80909202561223,-15.897211004144721]}},
{"type":"Feature","properties":{"name":"1661"},"geometry":{"type":"Point","coordinates":[90.33232139410093,-10.80476137457431]}},
{"type":"Feature","properties":{"name":"1662"},"geometry":{"type":"Point","coordinates":[90.648228583583588,-5.467192945485638]}},
{"type":"Feature","properties":{"name":"1663"},"geometry":{"type":"Point","coordinates":[90.753846692934644,0.0]}},
{"type":"Feature","properties":{"name":"1664"},"geometry":{"type":"Point","coordinates":[90.648228583583574,5.467192945485739]}},
{"type":"Feature","properties":{"name":"1665"},"geometry":{"type":"Point","coordinates":[90.33232139410093,10.804761374574406]}},
{"type":"Feature","properties":{"name":"1666"},"geometry":{"type":"Point","coordinates":[89.809092025612202,15.897211004144753]}},
{"type":"Feature","properties":{"name":"1667"},"geometry":{"type":"Point","coordinates":[89.965271407345213,22.008799301604437]}},
{"type":"Feature","properties":{"name":"1668"},"geometry":{"type":"Point","coordinates":[90.161095978171275,28.058998600227113]}},
{"type":"Feature","properties":{"name":"1669"},"geometry":{"type":"Point","coordinates":[90.23249245611909,34.201595993631067]}},
{"type":"Feature","properties":{"name":"1670"},"geometry":{"type":"Point","coordinates":[91.773976318522941,-24.684278306440191]}},
{"type":"Feature","properties":{"name":"1671"},"geometry":{"type":"Point","coordinates":[91.512304073533798,-18.54448140173146]}},
{"type":"Feature","properties":{"name":"1672"},"geometry":{"type":"Point","coordinates":[91.995108215576295,-13.464136298379398]}},
{"type":"Feature","properties":{"name":"1673"},"geometry":{"type":"Point","coordinates":[92.315287266375066,-8.169237728133911]}},
{"type":"Feature","properties":{"name":"1674"},"geometry":{"type":"Point","coordinates":[92.47482433397397,-2.738578152970788]}},
{"type":"Feature","properties":{"name":"1675"},"geometry":{"type":"Point","coordinates":[92.474824333973956,2.738578152970743]}},
{"type":"Feature","properties":{"name":"1676"},"geometry":{"type":"Point","coordinates":[92.315287266375051,8.169237728133883]}},
{"type":"Feature","properties":{"name":"1677"},"geometry":{"type":"Point","coordinates":[91.995108215576266,13.464136298379515]}},
{"type":"Feature","properties":{"name":"1678"},"geometry":{"type":"Point","coordinates":[91.512304073533798,18.544481401731474]}},
{"type":"Feature","properties":{"name":"1679"},"geometry":{"type":"Point","coordinates":[91.773976318522941,24.684278306440202]}},
{"type":"Feature","properties":{"name":"1680"},"geometry":{"type":"Point","coordinates":[92.066647882083984,30.774072357125867]}},
{"type":"Feature","properties":{"name":"1681"},"geometry":{"type":"Point","coordinates":[93.756390745641298,36.629807935154972]}},
{"type":"Feature","properties":{"name":"1682"},"geometry":{"type":"Point","coordinates":[93.666726035017234,-27.356160125183653]}},
{"type":"Feature","properties":{"name":"1683"},"geometry":{"type":"Point","coordinates":[93.278282367799108,-21.189610941483753]}},
{"type":"Feature","properties":{"name":"1684"},"geometry":{"type":"Point","coordinates":[93.703644110368458,-16.114699459824454]}},
{"type":"Feature","properties":{"name":"1685"},"geometry":{"type":"Point","coordinates":[94.002464700202424,-10.852888878880586]}},
{"type":"Feature","properties":{"name":"1686"},"geometry":{"type":"Point","coordinates":[94.179713471103639,-5.460174641131809]}},
{"type":"Feature","properties":{"name":"1687"},"geometry":{"type":"Point","coordinates":[94.238451763080477,0.0]}},
{"type":"Feature","properties":{"name":"1688"},"geometry":{"type":"Point","coordinates":[94.179713471103625,5.460174641131834]}},
{"type":"Feature","properties":{"name":"1689"},"geometry":{"type":"Point","coordinates":[94.002464700202452,10.852888878880515]}},
{"type":"Feature","properties":{"name":"1690"},"geometry":{"type":"Point","coordinates":[93.703644110368444,16.114699459824568]}},
{"type":"Feature","properties":{"name":"1691"},"geometry":{"type":"Point","coordinates":[93.278282367799122,21.189610941483778]}},
{"type":"Feature","properties":{"name":"1692"},"geometry":{"type":"Point","coordinates":[93.666726035017234,27.356160125183667]}},
{"type":"Feature","properties":{"name":"1693"},"geometry":{"type":"Point","coordinates":[93.943523609464549,33.48833378044948]}},
{"type":"Feature","properties":{"name":"1694"},"geometry":{"type":"Point","coordinates":[95.66017540556058,-30.023154364974573]}},
{"type":"Feature","properties":{"name":"1695"},"geometry":{"type":"Point","coordinates":[95.119615796500597,-23.831415987527627]}},
{"type":"Feature","properties":{"name":"1696"},"geometry":{"type":"Point","coordinates":[95.470053357051682,-18.757164570587108]}},
{"type":"Feature","properties":{"name":"1697"},"geometry":{"type":"Point","coordinates":[95.725666878580924,-13.52053199152491]}},
{"type":"Feature","properties":{"name":"1698"},"geometry":{"type":"Point","coordinates":[95.892662780617329,-8.162493880577891]}},
{"type":"Feature","properties":{"name":"1699"},"geometry":{"type":"Point","coordinates":[95.97514122213812,-2.729312921742369]}},
{"type":"Feature","properties":{"name":"1700"},"geometry":{"type":"Point","coordinates":[95.97514122213812,2.729312921742409]}},
{"type":"Feature","properties":{"name":"1701"},"geometry":{"type":"Point","coordinates":[95.892662780617314,8.162493880578033]}},
{"type":"Feature","properties":{"name":"1702"},"geometry":{"type":"Point","coordinates":[95.72566687858091,13.52053199152494]}},
{"type":"Feature","properties":{"name":"1703"},"geometry":{"type":"Point","coordinates":[95.470053357051711,18.757164570587236]}},
{"type":"Feature","properties":{"name":"1704"},"geometry":{"type":"Point","coordinates":[95.119615796500597,23.831415987527642]}},
{"type":"Feature","properties":{"name":"1705"},"geometry":{"type":"Point","coordinates":[95.660175405560608,30.023154364974584]}},
{"type":"Feature","properties":{"name":"1706"},"geometry":{"type":"Point","coordinates":[97.050615925551526,-26.468262825747964]}},
{"type":"Feature","properties":{"name":"1707"},"geometry":{"type":"Point","coordinates":[97.30705194193223,-21.391321692134376]}},
{"type":"Feature","properties":{"name":"1708"},"geometry":{"type":"Point","coordinates":[97.498877242024307,-16.173622605376195]}},
{"type":"Feature","properties":{"name":"1709"},"geometry":{"type":"Point","coordinates":[97.63192120178428,-10.84577360550082]}},
{"type":"Feature","properties":{"name":"1710"},"geometry":{"type":"Point","coordinates":[97.710188502004769,-5.44218227287327]}},
{"type":"Feature","properties":{"name":"1711"},"geometry":{"type":"Point","coordinates":[97.736020744925639,0.0]}},
{"type":"Feature","properties":{"name":"1712"},"geometry":{"type":"Point","coordinates":[97.710188502004769,5.442182272873316]}},
{"type":"Feature","properties":{"name":"1713"},"geometry":{"type":"Point","coordinates":[97.63192120178428,10.84577360550097]}},
{"type":"Feature","properties":{"name":"1714"},"geometry":{"type":"Point","coordinates":[97.498877242024292,16.173622605376334]}},
{"type":"Feature","properties":{"name":"1715"},"geometry":{"type":"Point","coordinates":[97.307051941932286,21.391321692134365]}},
{"type":"Feature","properties":{"name":"1716"},"geometry":{"type":"Point","coordinates":[97.050615925551526,26.468262825747974]}},
{"type":"Feature","properties":{"name":"1717"},"geometry":{"type":"Point","coordinates":[97.617231746771012,32.659628031367284]}},
{"type":"Feature","properties":{"name":"1718"},"geometry":{"type":"Point","coordinates":[99.087723739487842,-29.09793700926673]}},
{"type":"Feature","properties":{"name":"1719"},"geometry":{"type":"Point","coordinates":[99.228523274272248,-24.016182891931987]}},
{"type":"Feature","properties":{"name":"1720"},"geometry":{"type":"Point","coordinates":[99.335652094747942,-18.812686660922687]}},
{"type":"Feature","properties":{"name":"1721"},"geometry":{"type":"Point","coordinates":[99.41293052264102,-13.510649800924233]}},
{"type":"Feature","properties":{"name":"1722"},"geometry":{"type":"Point","coordinates":[99.463037923110022,-8.136049607943526]}},
{"type":"Feature","properties":{"name":"1723"},"geometry":{"type":"Point","coordinates":[99.487677676830288,-2.717006160413474]}},
{"type":"Feature","properties":{"name":"1724"},"geometry":{"type":"Point","coordinates":[99.487677676830288,2.717006160413503]}},
{"type":"Feature","properties":{"name":"1725"},"geometry":{"type":"Point","coordinates":[99.463037923110022,8.136049607943542]}},
{"type":"Feature","properties":{"name":"1726"},"geometry":{"type":"Point","coordinates":[99.412930522640991,13.5106498009244]}},
{"type":"Feature","properties":{"name":"1727"},"geometry":{"type":"Point","coordinates":[99.335652094747942,18.812686660922704]}},
{"type":"Feature","properties":{"name":"1728"},"geometry":{"type":"Point","coordinates":[99.228523274272177,24.016182891932136]}},
{"type":"Feature","properties":{"name":"1729"},"geometry":{"type":"Point","coordinates":[99.087723739487814,29.097937009266769]}},
{"type":"Feature","properties":{"name":"1730"},"geometry":{"type":"Point","coordinates":[101.25,31.717474411461009]}},
{"type":"Feature","properties":{"name":"1731"},"geometry":{"type":"Point","coordinates":[97.566249943977539,35.780842241720464]}},
{"type":"Feature","properties":{"name":"1732"},"geometry":{"type":"Point","coordinates":[93.402726593889099,39.799757231710998]}},
{"type":"Feature","properties":{"name":"1733"},"geometry":{"type":"Point","coordinates":[88.649943346633151,43.714777796815902]}},
{"type":"Feature","properties":{"name":"1734"},"geometry":{"type":"Point","coordinates":[83.179200625535302,47.451351800013803]}},
{"type":"Feature","properties":{"name":"1735"},"geometry":{"type":"Point","coordinates":[76.850133593335755,50.917038018034432]}},
{"type":"Feature","properties":{"name":"1736"},"geometry":{"type":"Point","coordinates":[69.532525588538974,54.0]}},
{"type":"Feature","properties":{"name":"1737"},"geometry":{"type":"Point","coordinates":[61.151125569002311,56.571595699062698]}},
{"type":"Feature","properties":{"name":"1738"},"geometry":{"type":"Point","coordinates":[51.75490787580069,58.497531759252759]}},
{"type":"Feature","properties":{"name":"1739"},"geometry":{"type":"Point","coordinates":[41.586283807934038,59.661222614913939]}},
{"type":"Feature","properties":{"name":"1740"},"geometry":{"type":"Point","coordinates":[31.090807828567556,59.995718851042746]}},
{"type":"Feature","properties":{"name":"1741"},"geometry":{"type":"Point","coordinates":[20.817562498683387,59.50867958929333]}},
{"type":"Feature","properties":{"name":"1742"},"geometry":{"type":"Point","coordinates":[101.25,34.932795222842927]}},
{"type":"Feature","properties":{"name":"1743"},"geometry":{"type":"Point","coordinates":[97.376390833158567,38.966279286746371]}},
{"type":"Feature","properties":{"name":"1744"},"geometry":{"type":"Point","coordinates":[92.958900121290625,42.963339929248761]}},
{"type":"Feature","properties":{"name":"1745"},"geometry":{"type":"Point","coordinates":[87.867398842303587,46.854133874377155]}},
{"type":"Feature","properties":{"name":"1746"},"geometry":{"type":"Point","coordinates":[81.948640488336011,50.550595255574628]}},
{"type":"Feature","properties":{"name":"1747"},"geometry":{"type":"Point","coordinates":[75.038393397586958,53.943447806332941]}},
{"type":"Feature","properties":{"name":"1748"},"geometry":{"type":"Point","coordinates":[66.995369803791064,56.901505635054072]}},
{"type":"Feature","properties":{"name":"1749"},"geometry":{"type":"Point","coordinates":[57.768516288363749,59.277608703438176]}},
{"type":"Feature","properties":{"name":"1750"},"geometry":{"type":"Point","coordinates":[47.49199670721373,60.927310705676369]}},
{"type":"Feature","properties":{"name":"1751"},"geometry":{"type":"Point","coordinates":[36.555487528137107,61.7427654586402]}},
{"type":"Feature","properties":{"name":"1752"},"geometry":{"type":"Point","coordinates":[25.559193095519081,61.690584177522418]}},
{"type":"Feature","properties":{"name":"1753"},"geometry":{"type":"Point","coordinates":[15.128316551663325,60.828844771430326]}},
{"type":"Feature","properties":{"name":"1754"},"geometry":{"type":"Point","coordinates":[104.882768253229017,32.659628031367276]}},
{"type":"Feature","properties":{"name":"1755"},"geometry":{"type":"Point","coordinates":[101.25,38.120620982824349]}},
{"type":"Feature","properties":{"name":"1756"},"geometry":{"type":"Point","coordinates":[97.161068029264229,42.129238727954601]}},
{"type":"Feature","properties":{"name":"1757"},"geometry":{"type":"Point","coordinates":[92.451511255449631,46.1101100921666]}},
{"type":"Feature","properties":{"name":"1758"},"geometry":{"type":"Point","coordinates":[86.965153438517831,49.980411824119422]}},
{"type":"Feature","properties":{"name":"1759"},"geometry":{"type":"Point","coordinates":[80.518238656427386,53.635185824781217]}},
{"type":"Feature","properties":{"name":"1760"},"geometry":{"type":"Point","coordinates":[72.919304657464082,56.944433606977576]}},
{"type":"Feature","properties":{"name":"1761"},"geometry":{"type":"Point","coordinates":[64.022816643717761,59.754285026504895]}},
{"type":"Feature","properties":{"name":"1762"},"geometry":{"type":"Point","coordinates":[53.830125597423759,61.898876438563846]}},
{"type":"Feature","properties":{"name":"1763"},"geometry":{"type":"Point","coordinates":[42.612946886297337,63.230562107778404]}},
{"type":"Feature","properties":{"name":"1764"},"geometry":{"type":"Point","coordinates":[30.957561553236708,63.66611847273203]}},
{"type":"Feature","properties":{"name":"1765"},"geometry":{"type":"Point","coordinates":[19.616824546170129,63.224439140755898]}},
{"type":"Feature","properties":{"name":"1766"},"geometry":{"type":"Point","coordinates":[106.839824594439435,30.023154364974609]}},
{"type":"Feature","properties":{"name":"1767"},"geometry":{"type":"Point","coordinates":[104.933750056022475,35.780842241720492]}},
{"type":"Feature","properties":{"name":"1768"},"geometry":{"type":"Point","coordinates":[101.25,41.284053969914495]}},
{"type":"Feature","properties":{"name":"1769"},"geometry":{"type":"Point","coordinates":[96.915185277188939,45.2730341031235]}},
{"type":"Feature","properties":{"name":"1770"},"geometry":{"type":"Point","coordinates":[91.86684817681062,49.244001583754056]}},
{"type":"Feature","properties":{"name":"1771"},"geometry":{"type":"Point","coordinates":[85.915789184848293,53.097551440795968]}},
{"type":"Feature","properties":{"name":"1772"},"geometry":{"type":"Point","coordinates":[78.840606355400126,56.707285243380689]}},
{"type":"Feature","properties":{"name":"1773"},"geometry":{"type":"Point","coordinates":[70.420924180863722,59.917709071253533]}},
{"type":"Feature","properties":{"name":"1774"},"geometry":{"type":"Point","coordinates":[60.523252547424256,62.549332473691607]}},
{"type":"Feature","properties":{"name":"1775"},"geometry":{"type":"Point","coordinates":[49.250112177806109,64.420777284654065]}},
{"type":"Feature","properties":{"name":"1776"},"geometry":{"type":"Point","coordinates":[37.082678715715794,65.395311401613299]}},
{"type":"Feature","properties":{"name":"1777"},"geometry":{"type":"Point","coordinates":[24.841547105659572,65.437350775123519]}},
{"type":"Feature","properties":{"name":"1778"},"geometry":{"type":"Point","coordinates":[108.556476390535508,33.488333780449466]}},
{"type":"Feature","properties":{"name":"1779"},"geometry":{"type":"Point","coordinates":[105.123609166841504,38.966279286746449]}},
{"type":"Feature","properties":{"name":"1780"},"geometry":{"type":"Point","coordinates":[101.25,44.426005724161179]}},
{"type":"Feature","properties":{"name":"1781"},"geometry":{"type":"Point","coordinates":[96.632160472611517,48.401062870391648]}},
{"type":"Feature","properties":{"name":"1782"},"geometry":{"type":"Point","coordinates":[91.187089727748045,52.369470220676654]}},
{"type":"Feature","properties":{"name":"1783"},"geometry":{"type":"Point","coordinates":[84.683771280231355,56.210070163261982]}},
{"type":"Feature","properties":{"name":"1784"},"geometry":{"type":"Point","coordinates":[76.855473748780469,59.768885870807132]}},
{"type":"Feature","properties":{"name":"1785"},"geometry":{"type":"Point","coordinates":[67.456427841602391,62.859495468242351]}},
{"type":"Feature","properties":{"name":"1786"},"geometry":{"type":"Point","coordinates":[56.399778946868508,65.275961729038443]}},
{"type":"Feature","properties":{"name":"1787"},"geometry":{"type":"Point","coordinates":[43.968107362781957,66.831622519282604]}},
{"type":"Feature","properties":{"name":"1788"},"geometry":{"type":"Point","coordinates":[30.934251691116529,67.425229764296816]}},
{"type":"Feature","properties":{"name":"1789"},"geometry":{"type":"Point","coordinates":[15.776480204628694,65.903916940763665]}},
{"type":"Feature","properties":{"name":"1790"},"geometry":{"type":"Point","coordinates":[110.433352117916144,30.774072357125856]}},
{"type":"Feature","properties":{"name":"1791"},"geometry":{"type":"Point","coordinates":[108.743609254358745,36.629807935154972]}},
{"type":"Feature","properties":{"name":"1792"},"geometry":{"type":"Point","coordinates":[105.3389319707357,42.129238727954615]}},
{"type":"Feature","properties":{"name":"1793"},"geometry":{"type":"Point","coordinates":[101.25,47.549226044281085]}},
{"type":"Feature","properties":{"name":"1794"},"geometry":{"type":"Point","coordinates":[96.303378412157173,51.517003286362637]}},
{"type":"Feature","properties":{"name":"1795"},"geometry":{"type":"Point","coordinates":[90.388965306185497,55.491941902385825]}},
{"type":"Feature","properties":{"name":"1796"},"geometry":{"type":"Point","coordinates":[83.223657454307087,59.323449860284548]}},
{"type":"Feature","properties":{"name":"1797"},"geometry":{"type":"Point","coordinates":[74.489744670532048,62.821797231366048]}},
{"type":"Feature","properties":{"name":"1798"},"geometry":{"type":"Point","coordinates":[63.932960355126795,65.764730187323551]}},
{"type":"Feature","properties":{"name":"1799"},"geometry":{"type":"Point","coordinates":[51.580452603180639,67.925173545411468]}},
{"type":"Feature","properties":{"name":"1800"},"geometry":{"type":"Point","coordinates":[38.007176726465211,69.134244072473308]}},
{"type":"Feature","properties":{"name":"1801"},"geometry":{"type":"Point","coordinates":[21.206322234297801,68.265094822936589]}},
{"type":"Feature","properties":{"name":"1802"},"geometry":{"type":"Point","coordinates":[112.338904021828739,28.058998600227106]}},
{"type":"Feature","properties":{"name":"1803"},"geometry":{"type":"Point","coordinates":[112.267507543880939,34.201595993631067]}},
{"type":"Feature","properties":{"name":"1804"},"geometry":{"type":"Point","coordinates":[109.097273406111128,39.799757231711247]}},
{"type":"Feature","properties":{"name":"1805"},"geometry":{"type":"Point","coordinates":[105.584814722811032,45.273034103123514]}},
{"type":"Feature","properties":{"name":"1806"},"geometry":{"type":"Point","coordinates":[101.25,50.656328342029781]}},
{"type":"Feature","properties":{"name":"1807"},"geometry":{"type":"Point","coordinates":[95.917430140320519,54.625174491041058]}},
{"type":"Feature","properties":{"name":"1808"},"geometry":{"type":"Point","coordinates":[89.442430364294111,58.618601020688253]}},
{"type":"Feature","properties":{"name":"1809"},"geometry":{"type":"Point","coordinates":[81.48077075344375,62.444678547850224]}},
{"type":"Feature","properties":{"name":"1810"},"geometry":{"type":"Point","coordinates":[71.668548758372197,65.867662107937747]}},
{"type":"Feature","properties":{"name":"1811"},"geometry":{"type":"Point","coordinates":[59.791080418128381,68.6290524794194]}},
{"type":"Feature","properties":{"name":"1812"},"geometry":{"type":"Point","coordinates":[46.105937060504445,70.500497309865224]}},
{"type":"Feature","properties":{"name":"1813"},"geometry":{"type":"Point","coordinates":[27.767966658667671,70.403160557066428]}},
{"type":"Feature","properties":{"name":"1814"},"geometry":{"type":"Point","coordinates":[114.055925913249425,31.413731478082514]}},
{"type":"Feature","properties":{"name":"1815"},"geometry":{"type":"Point","coordinates":[112.603415415823847,37.356971215487143]}},
{"type":"Feature","properties":{"name":"1816"},"geometry":{"type":"Point","coordinates":[109.541099878709446,42.963339929248832]}},
{"type":"Feature","properties":{"name":"1817"},"geometry":{"type":"Point","coordinates":[105.867839527388654,48.401062870391783]}},
{"type":"Feature","properties":{"name":"1818"},"geometry":{"type":"Point","coordinates":[101.25,53.74981206640453]}},
{"type":"Feature","properties":{"name":"1819"},"geometry":{"type":"Point","coordinates":[95.459158619376808,57.731272628172398]}},
{"type":"Feature","properties":{"name":"1820"},"geometry":{"type":"Point","coordinates":[88.311179047387739,61.759800974966303]}},
{"type":"Feature","properties":{"name":"1821"},"geometry":{"type":"Point","coordinates":[79.404442779659789,65.582719543496793]}},
{"type":"Feature","properties":{"name":"1822"},"geometry":{"type":"Point","coordinates":[68.369638419107346,68.908043938908506]}},
{"type":"Feature","properties":{"name":"1823"},"geometry":{"type":"Point","coordinates":[55.143980667570744,71.456407954273686]}},
{"type":"Feature","properties":{"name":"1824"},"geometry":{"type":"Point","coordinates":[35.694636302837445,72.248387663341873]}},
{"type":"Feature","properties":{"name":"1825"},"geometry":{"type":"Point","coordinates":[16.850332259967416,71.093671851950063]}},
{"type":"Feature","properties":{"name":"1826"},"geometry":{"type":"Point","coordinates":[115.894567225757612,28.630872239820196]}},
{"type":"Feature","properties":{"name":"1827"},"geometry":{"type":"Point","coordinates":[116.010978065553019,34.797645444414329]}},
{"type":"Feature","properties":{"name":"1828"},"geometry":{"type":"Point","coordinates":[113.147840929720473,40.534771705906124]}},
{"type":"Feature","properties":{"name":"1829"},"geometry":{"type":"Point","coordinates":[110.048488744550454,46.110110092166664]}},
{"type":"Feature","properties":{"name":"1830"},"geometry":{"type":"Point","coordinates":[106.196621587842927,51.517003286362687]}},
{"type":"Feature","properties":{"name":"1831"},"geometry":{"type":"Point","coordinates":[101.25,56.832082779906429]}},
{"type":"Feature","properties":{"name":"1832"},"geometry":{"type":"Point","coordinates":[94.909057702792239,60.844053295404848]}},
{"type":"Feature","properties":{"name":"1833"},"geometry":{"type":"Point","coordinates":[86.964277828125745,64.931344232110632]}},
{"type":"Feature","properties":{"name":"1834"},"geometry":{"type":"Point","coordinates":[77.018724002622776,68.746956729886762]}},
{"type":"Feature","properties":{"name":"1835"},"geometry":{"type":"Point","coordinates":[64.848255729981247,71.94358535056638]}},
{"type":"Feature","properties":{"name":"1836"},"geometry":{"type":"Point","coordinates":[45.140995929083928,73.710408505261128]}},
{"type":"Feature","properties":{"name":"1837"},"geometry":{"type":"Point","coordinates":[23.961678241221033,73.408401420059789]}},
{"type":"Feature","properties":{"name":"1838"},"geometry":{"type":"Point","coordinates":[117.717696202484447,25.845749727808734]}},
{"type":"Feature","properties":{"name":"1839"},"geometry":{"type":"Point","coordinates":[117.703954451804577,31.9408743372449]}},
{"type":"Feature","properties":{"name":"1840"},"geometry":{"type":"Point","coordinates":[116.507613174247936,37.959831764346269]}},
{"type":"Feature","properties":{"name":"1841"},"geometry":{"type":"Point","coordinates":[113.850056653366835,43.714777796815959]}},
{"type":"Feature","properties":{"name":"1842"},"geometry":{"type":"Point","coordinates":[110.63315182318938,49.244001583754056]}},
{"type":"Feature","properties":{"name":"1843"},"geometry":{"type":"Point","coordinates":[106.582569859679552,54.625174491041115]}},
{"type":"Feature","properties":{"name":"1844"},"geometry":{"type":"Point","coordinates":[101.25,59.905470369890246]}},
{"type":"Feature","properties":{"name":"1845"},"geometry":{"type":"Point","coordinates":[94.24708562144184,63.979637778699761]}},
{"type":"Feature","properties":{"name":"1846"},"geometry":{"type":"Point","coordinates":[85.450886391627122,68.155131022477761]}},
{"type":"Feature","properties":{"name":"1847"},"geometry":{"type":"Point","coordinates":[74.771242820049636,71.929396352812105]}},
{"type":"Feature","properties":{"name":"1848"},"geometry":{"type":"Point","coordinates":[56.031827759435238,74.685991298418614]}},
{"type":"Feature","properties":{"name":"1849"},"geometry":{"type":"Point","coordinates":[33.068941902266523,75.413907138064346]}},
{"type":"Feature","properties":{"name":"1850"},"geometry":{"type":"Point","coordinates":[119.472436610807478,29.094970144608435]}},
{"type":"Feature","properties":{"name":"1851"},"geometry":{"type":"Point","coordinates":[119.780851076508768,35.275022786260777]}},
{"type":"Feature","properties":{"name":"1852"},"geometry":{"type":"Point","coordinates":[117.258808898040257,41.135351444852375]}},
{"type":"Feature","properties":{"name":"1853"},"geometry":{"type":"Point","coordinates":[114.632601157696385,46.854133874377155]}},
{"type":"Feature","properties":{"name":"1854"},"geometry":{"type":"Point","coordinates":[111.312910272252026,52.36947022067671]}},
{"type":"Feature","properties":{"name":"1855"},"geometry":{"type":"Point","coordinates":[107.040841380623178,57.731272628172398]}},
{"type":"Feature","properties":{"name":"1856"},"geometry":{"type":"Point","coordinates":[101.25,62.972245802773983]}},
{"type":"Feature","properties":{"name":"1857"},"geometry":{"type":"Point","coordinates":[93.495171706120388,67.172921587100504]}},
{"type":"Feature","properties":{"name":"1858"},"geometry":{"type":"Point","coordinates":[84.399842117052145,71.418697671919517]}},
{"type":"Feature","properties":{"name":"1859"},"geometry":{"type":"Point","coordinates":[67.906812015011283,75.082256718335572]}},
{"type":"Feature","properties":{"name":"1860"},"geometry":{"type":"Point","coordinates":[44.59626765686896,76.973811739439796]}},
{"type":"Feature","properties":{"name":"1861"},"geometry":{"type":"Point","coordinates":[18.849494035000092,76.367329918712798]}},
{"type":"Feature","properties":{"name":"1862"},"geometry":{"type":"Point","coordinates":[121.236293116516933,26.253362169258846]}},
{"type":"Feature","properties":{"name":"1863"},"geometry":{"type":"Point","coordinates":[121.373294986295733,32.354530273188345]}},
{"type":"Feature","properties":{"name":"1864"},"geometry":{"type":"Point","coordinates":[120.449517534993376,38.436161175716968]}},
{"type":"Feature","properties":{"name":"1865"},"geometry":{"type":"Point","coordinates":[118.206081467385388,44.302362461139992]}},
{"type":"Feature","properties":{"name":"1866"},"geometry":{"type":"Point","coordinates":[115.534846561482269,49.980411824119514]}},
{"type":"Feature","properties":{"name":"1867"},"geometry":{"type":"Point","coordinates":[112.111034693814574,55.491941902385875]}},
{"type":"Feature","properties":{"name":"1868"},"geometry":{"type":"Point","coordinates":[107.590942297207803,60.844053295404898]}},
{"type":"Feature","properties":{"name":"1869"},"geometry":{"type":"Point","coordinates":[101.25,66.034636772369893]}},
{"type":"Feature","properties":{"name":"1870"},"geometry":{"type":"Point","coordinates":[93.307503065457468,70.452553316318429]}},
{"type":"Feature","properties":{"name":"1871"},"geometry":{"type":"Point","coordinates":[79.943306876589787,74.849654566718613]}},
{"type":"Feature","properties":{"name":"1872"},"geometry":{"type":"Point","coordinates":[58.502365845907498,77.916003318162154]}},
{"type":"Feature","properties":{"name":"1873"},"geometry":{"type":"Point","coordinates":[29.480869197447511,78.573516348416106]}},
{"type":"Feature","properties":{"name":"1874"},"geometry":{"type":"Point","coordinates":[122.955556714077858,23.410113762746906]}},
{"type":"Feature","properties":{"name":"1875"},"geometry":{"type":"Point","coordinates":[123.070390972550484,29.450983089479138]}},
{"type":"Feature","properties":{"name":"1876"},"geometry":{"type":"Point","coordinates":[123.570094598850602,35.632653542284821]}},
{"type":"Feature","properties":{"name":"1877"},"geometry":{"type":"Point","coordinates":[121.422443864962219,41.597694736932176]}},
{"type":"Feature","properties":{"name":"1878"},"geometry":{"type":"Point","coordinates":[119.320799374464727,47.451351800013853]}},
{"type":"Feature","properties":{"name":"1879"},"geometry":{"type":"Point","coordinates":[116.58421081515182,53.097551440796053]}},
{"type":"Feature","properties":{"name":"1880"},"geometry":{"type":"Point","coordinates":[113.057569635705931,58.618601020688295]}},
{"type":"Feature","properties":{"name":"1881"},"geometry":{"type":"Point","coordinates":[108.252914378558202,63.979637778699789]}},
{"type":"Feature","properties":{"name":"1882"},"geometry":{"type":"Point","coordinates":[101.25,69.094842552110691]}},
{"type":"Feature","properties":{"name":"1883"},"geometry":{"type":"Point","coordinates":[91.259994644923481,73.99763436683368]}},
{"type":"Feature","properties":{"name":"1884"},"geometry":{"type":"Point","coordinates":[73.765598298300716,78.08590585097383]}},
{"type":"Feature","properties":{"name":"1885"},"geometry":{"type":"Point","coordinates":[44.311717062639936,80.246394277330523]}},
{"type":"Feature","properties":{"name":"1886"},"geometry":{"type":"Point","coordinates":[124.7738433139465,26.558837885645275]}},
{"type":"Feature","properties":{"name":"1887"},"geometry":{"type":"Point","coordinates":[125.059618871364862,32.654090432415281]}},
{"type":"Feature","properties":{"name":"1888"},"geometry":{"type":"Point","coordinates":[124.421726661165792,38.784004631566056]}},
{"type":"Feature","properties":{"name":"1889"},"geometry":{"type":"Point","coordinates":[122.629174360931657,44.736425858017938]}},
{"type":"Feature","properties":{"name":"1890"},"geometry":{"type":"Point","coordinates":[120.551359511664117,50.550595255574713]}},
{"type":"Feature","properties":{"name":"1891"},"geometry":{"type":"Point","coordinates":[117.81622871976866,56.210070163261996]}},
{"type":"Feature","properties":{"name":"1892"},"geometry":{"type":"Point","coordinates":[114.188820952612218,61.759800974966289]}},
{"type":"Feature","properties":{"name":"1893"},"geometry":{"type":"Point","coordinates":[109.004828293879598,67.172921587100504]}},
{"type":"Feature","properties":{"name":"1894"},"geometry":{"type":"Point","coordinates":[101.25,72.560269318108084]}},
{"type":"Feature","properties":{"name":"1895"},"geometry":{"type":"Point","coordinates":[88.540570286081419,77.431932905190664]}},
{"type":"Feature","properties":{"name":"1896"},"geometry":{"type":"Point","coordinates":[63.417572198150253,81.075265551015022]}},
{"type":"Feature","properties":{"name":"1897"},"geometry":{"type":"Point","coordinates":[23.554716208133865,81.671312027213077]}},
{"type":"Feature","properties":{"name":"1898"},"geometry":{"type":"Point","coordinates":[126.437245606371775,23.671601189482367]}},
{"type":"Feature","properties":{"name":"1899"},"geometry":{"type":"Point","coordinates":[126.686729026848099,29.699175673430545]}},
{"type":"Feature","properties":{"name":"1900"},"geometry":{"type":"Point","coordinates":[127.370882316061653,35.869910946227435]}},
{"type":"Feature","properties":{"name":"1901"},"geometry":{"type":"Point","coordinates":[125.630202116546243,41.917862635964831]}},
{"type":"Feature","properties":{"name":"1902"},"geometry":{"type":"Point","coordinates":[124.039491382636371,47.843684283034257]}},
{"type":"Feature","properties":{"name":"1903"},"geometry":{"type":"Point","coordinates":[121.981761343572586,53.635185824781217]}},
{"type":"Feature","properties":{"name":"1904"},"geometry":{"type":"Point","coordinates":[119.276342545692799,59.323449860284484]}},
{"type":"Feature","properties":{"name":"1905"},"geometry":{"type":"Point","coordinates":[115.535722171874241,64.931344232110632]}},
{"type":"Feature","properties":{"name":"1906"},"geometry":{"type":"Point","coordinates":[109.192496934542504,70.452553316318443]}},
{"type":"Feature","properties":{"name":"1907"},"geometry":{"type":"Point","coordinates":[101.25,76.028870478183379]}},
{"type":"Feature","properties":{"name":"1908"},"geometry":{"type":"Point","coordinates":[83.84146236886005,80.810616055623598]}},
{"type":"Feature","properties":{"name":"1909"},"geometry":{"type":"Point","coordinates":[44.196062078718903,83.510785983315088]}},
{"type":"Feature","properties":{"name":"1910"},"geometry":{"type":"Point","coordinates":[128.040367297031395,20.78338845175994]}},
{"type":"Feature","properties":{"name":"1911"},"geometry":{"type":"Point","coordinates":[128.330119549864719,26.763641053328996]}},
{"type":"Feature","properties":{"name":"1912"},"geometry":{"type":"Point","coordinates":[128.759006481470294,32.839409759312929]}},
{"type":"Feature","properties":{"name":"1913"},"geometry":{"type":"Point","coordinates":[128.416791351029531,39.001559216454979]}},
{"type":"Feature","properties":{"name":"1914"},"geometry":{"type":"Point","coordinates":[127.106926174640563,45.01062353347411]}},
{"type":"Feature","properties":{"name":"1915"},"geometry":{"type":"Point","coordinates":[125.649866406664245,50.917038018034461]}},
{"type":"Feature","properties":{"name":"1916"},"geometry":{"type":"Point","coordinates":[123.659393644599874,56.707285243380689]}},
{"type":"Feature","properties":{"name":"1917"},"geometry":{"type":"Point","coordinates":[121.019229246556222,62.444678547850209]}},
{"type":"Feature","properties":{"name":"1918"},"geometry":{"type":"Point","coordinates":[117.049113608372906,68.155131022477775]}},
{"type":"Feature","properties":{"name":"1919"},"geometry":{"type":"Point","coordinates":[111.240005355076377,73.99763436683368]}},
{"type":"Feature","properties":{"name":"1920"},"geometry":{"type":"Point","coordinates":[101.25,79.503846692934673]}},
{"type":"Feature","properties":{"name":"1921"},"geometry":{"type":"Point","coordinates":[73.841316382408095,84.06264171149536]}},
{"type":"Feature","properties":{"name":"1922"},"geometry":{"type":"Point","coordinates":[129.936561782822679,23.839940899825134]}},
{"type":"Feature","properties":{"name":"1923"},"geometry":{"type":"Point","coordinates":[130.320872759884907,29.840751478168979]}},
{"type":"Feature","properties":{"name":"1924"},"geometry":{"type":"Point","coordinates":[131.17483059769782,35.986663258922675]}},
{"type":"Feature","properties":{"name":"1925"},"geometry":{"type":"Point","coordinates":[129.873469570633489,42.091271476746293]}},
{"type":"Feature","properties":{"name":"1926"},"geometry":{"type":"Point","coordinates":[128.818155569543478,48.055643266516711]}},
{"type":"Feature","properties":{"name":"1927"},"geometry":{"type":"Point","coordinates":[127.461606602413212,53.943447806333012]}},
{"type":"Feature","properties":{"name":"1928"},"geometry":{"type":"Point","coordinates":[125.644526251219503,59.768885870807125]}},
{"type":"Feature","properties":{"name":"1929"},"geometry":{"type":"Point","coordinates":[123.095557220340197,65.582719543496793]}},
{"type":"Feature","properties":{"name":"1930"},"geometry":{"type":"Point","coordinates":[118.100157882947798,71.418697671919531]}},
{"type":"Feature","properties":{"name":"1931"},"geometry":{"type":"Point","coordinates":[113.959429713918567,77.431932905190664]}},
{"type":"Feature","properties":{"name":"1932"},"geometry":{"type":"Point","coordinates":[101.25,82.988451763080477]}},
{"type":"Feature","properties":{"name":"1933"},"geometry":{"type":"Point","coordinates":[44.194774305128391,86.761856405662215]}},
{"type":"Feature","properties":{"name":"1934"},"geometry":{"type":"Point","coordinates":[131.484518567471468,20.920804685616648]}},
{"type":"Feature","properties":{"name":"1935"},"geometry":{"type":"Point","coordinates":[131.905950547717651,26.870799791993658]}},
{"type":"Feature","properties":{"name":"1936"},"geometry":{"type":"Point","coordinates":[132.46902030888478,32.911017185631025]}},
{"type":"Feature","properties":{"name":"1937"},"geometry":{"type":"Point","coordinates":[132.428354345275011,39.086752492381578]}},
{"type":"Feature","properties":{"name":"1938"},"geometry":{"type":"Point","coordinates":[131.625545124683214,45.117377123174727]}},
{"type":"Feature","properties":{"name":"1939"},"geometry":{"type":"Point","coordinates":[130.763611681324932,51.052067747745269]}},
{"type":"Feature","properties":{"name":"1940"},"geometry":{"type":"Point","coordinates":[129.580695342535904,56.94443360697759]}},
{"type":"Feature","properties":{"name":"1941"},"geometry":{"type":"Point","coordinates":[128.010255329467896,62.821797231366034]}},
{"type":"Feature","properties":{"name":"1942"},"geometry":{"type":"Point","coordinates":[125.481275997377196,68.746956729886747]}},
{"type":"Feature","properties":{"name":"1943"},"geometry":{"type":"Point","coordinates":[122.556693123410057,74.849654566718669]}},
{"type":"Feature","properties":{"name":"1944"},"geometry":{"type":"Point","coordinates":[118.65853763113995,80.810616055623626]}},
{"type":"Feature","properties":{"name":"1945"},"geometry":{"type":"Point","coordinates":[101.25,86.486020744925582]}},
{"type":"Feature","properties":{"name":"1946"},"geometry":{"type":"Point","coordinates":[132.967474411461012,18.0]}},
{"type":"Feature","properties":{"name":"1947"},"geometry":{"type":"Point","coordinates":[133.454603882494553,23.919928892794676]}},
{"type":"Feature","properties":{"name":"1948"},"geometry":{"type":"Point","coordinates":[133.97446833378163,29.878695340962462]}},
{"type":"Feature","properties":{"name":"1949"},"geometry":{"type":"Point","coordinates":[134.973261391934301,35.983302905913902]}},
{"type":"Feature","properties":{"name":"1950"},"geometry":{"type":"Point","coordinates":[134.144494893346405,42.111467291335906]}},
{"type":"Feature","properties":{"name":"1951"},"geometry":{"type":"Point","coordinates":[133.633959154787192,48.07737651834762]}},
{"type":"Feature","properties":{"name":"1952"},"geometry":{"type":"Point","coordinates":[132.967474411461041,54.0]}},
{"type":"Feature","properties":{"name":"1953"},"geometry":{"type":"Point","coordinates":[132.079075819136449,59.917709071253597]}},
{"type":"Feature","properties":{"name":"1954"},"geometry":{"type":"Point","coordinates":[130.831451241627633,65.867662107937718]}},
{"type":"Feature","properties":{"name":"1955"},"geometry":{"type":"Point","coordinates":[127.728757179950378,71.929396352812105]}},
{"type":"Feature","properties":{"name":"1956"},"geometry":{"type":"Point","coordinates":[128.734401701698999,78.085905850973859]}},
{"type":"Feature","properties":{"name":"1957"},"geometry":{"type":"Point","coordinates":[128.658683617591834,84.06264171149536]}},
{"type":"Feature","properties":{"name":"1958"},"geometry":{"type":"Point","coordinates":[134.945188028899139,20.978789929019221]}},
{"type":"Feature","properties":{"name":"1959"},"geometry":{"type":"Point","coordinates":[135.503809593611606,26.88629076581012]}},
{"type":"Feature","properties":{"name":"1960"},"geometry":{"type":"Point","coordinates":[136.190925949803017,32.870760853306521]}},
{"type":"Feature","properties":{"name":"1961"},"geometry":{"type":"Point","coordinates":[136.453288362653012,39.035953973873184]}},
{"type":"Feature","properties":{"name":"1962"},"geometry":{"type":"Point","coordinates":[136.169877518693937,45.046281702586839]}},
{"type":"Feature","properties":{"name":"1963"},"geometry":{"type":"Point","coordinates":[135.900773853118437,50.973053875810095]}},
{"type":"Feature","properties":{"name":"1964"},"geometry":{"type":"Point","coordinates":[135.504630196208922,56.901505635054072]}},
{"type":"Feature","properties":{"name":"1965"},"geometry":{"type":"Point","coordinates":[135.043572158397609,62.859495468242351]}},
{"type":"Feature","properties":{"name":"1966"},"geometry":{"type":"Point","coordinates":[134.130361580892668,68.908043938908506]}},
{"type":"Feature","properties":{"name":"1967"},"geometry":{"type":"Point","coordinates":[134.593187984988703,75.082256718335572]}},
{"type":"Feature","properties":{"name":"1968"},"geometry":{"type":"Point","coordinates":[139.082427801849775,81.07526555101505]}},
{"type":"Feature","properties":{"name":"1969"},"geometry":{"type":"Point","coordinates":[158.305225694871467,86.761856405662215]}},
{"type":"Feature","properties":{"name":"1970"},"geometry":{"type":"Point","coordinates":[136.372436038102109,18.039601133639895]}},
{"type":"Feature","properties":{"name":"1971"},"geometry":{"type":"Point","coordinates":[136.9932651098799,23.920097065362427]}},
{"type":"Feature","properties":{"name":"1972"},"geometry":{"type":"Point","coordinates":[137.653103467619189,29.820028193296697]}},
{"type":"Feature","properties":{"name":"1973"},"geometry":{"type":"Point","coordinates":[138.757477529839349,35.860755842735209]}},
{"type":"Feature","properties":{"name":"1974"},"geometry":{"type":"Point","coordinates":[138.43714472538133,41.967112722858275]}},
{"type":"Feature","properties":{"name":"1975"},"geometry":{"type":"Point","coordinates":[138.460048080342034,47.896263602334678]}},
{"type":"Feature","properties":{"name":"1976"},"geometry":{"type":"Point","coordinates":[138.455118442302478,53.80522432485531]}},
{"type":"Feature","properties":{"name":"1977"},"geometry":{"type":"Point","coordinates":[138.477183356282183,59.754285026504895]}},
{"type":"Feature","properties":{"name":"1978"},"geometry":{"type":"Point","coordinates":[138.567039644873375,65.764730187323579]}},
{"type":"Feature","properties":{"name":"1979"},"geometry":{"type":"Point","coordinates":[137.651744270018781,71.943585350566408]}},
{"type":"Feature","properties":{"name":"1980"},"geometry":{"type":"Point","coordinates":[143.997634154092196,77.916003318162211]}},
{"type":"Feature","properties":{"name":"1981"},"geometry":{"type":"Point","coordinates":[158.303937921281175,83.510785983315145]}},
{"type":"Feature","properties":{"name":"1982"},"geometry":{"type":"Point","coordinates":[137.738250106650582,15.096070095088439]}},
{"type":"Feature","properties":{"name":"1983"},"geometry":{"type":"Point","coordinates":[138.423362043814535,20.967729706829882]}},
{"type":"Feature","properties":{"name":"1984"},"geometry":{"type":"Point","coordinates":[139.128237882290506,26.822272958649062]}},
{"type":"Feature","properties":{"name":"1985"},"geometry":{"type":"Point","coordinates":[139.935039750388484,32.724512560103989]}},
{"type":"Feature","properties":{"name":"1986"},"geometry":{"type":"Point","coordinates":[140.496105067696277,38.839501391199413]}},
{"type":"Feature","properties":{"name":"1987"},"geometry":{"type":"Point","coordinates":[140.721864792645107,44.78069341076953]}},
{"type":"Feature","properties":{"name":"1988"},"geometry":{"type":"Point","coordinates":[141.019702864581205,50.667156820672247]}},
{"type":"Feature","properties":{"name":"1989"},"geometry":{"type":"Point","coordinates":[141.348874430997711,56.571595699062733]}},
{"type":"Feature","properties":{"name":"1990"},"geometry":{"type":"Point","coordinates":[141.976747452575523,62.549332473691557]}},
{"type":"Feature","properties":{"name":"1991"},"geometry":{"type":"Point","coordinates":[142.708919581871783,68.629052479419414]}},
{"type":"Feature","properties":{"name":"1992"},"geometry":{"type":"Point","coordinates":[146.46817224056457,74.685991298418699]}},
{"type":"Feature","properties":{"name":"1993"},"geometry":{"type":"Point","coordinates":[158.18828293735973,80.246394277330609]}},
{"type":"Feature","properties":{"name":"1994"},"geometry":{"type":"Point","coordinates":[139.791371546272529,18.019567397251407]}},
{"type":"Feature","properties":{"name":"1995"},"geometry":{"type":"Point","coordinates":[140.554776413739404,23.856183921084593]}},
{"type":"Feature","properties":{"name":"1996"},"geometry":{"type":"Point","coordinates":[141.368464297834151,29.68286410611146]}},
{"type":"Feature","properties":{"name":"1997"},"geometry":{"type":"Point","coordinates":[142.519035389731471,35.620470835163033]}},
{"type":"Feature","properties":{"name":"1998"},"geometry":{"type":"Point","coordinates":[142.745166924139255,41.633841349766314]}},
{"type":"Feature","properties":{"name":"1999"},"geometry":{"type":"Point","coordinates":[143.262748548083266,47.494016509123718]}},
{"type":"Feature","properties":{"name":"2000"},"geometry":{"type":"Point","coordinates":[143.881452212044309,53.360804580158046]}},
{"type":"Feature","properties":{"name":"2001"},"geometry":{"type":"Point","coordinates":[144.731483711636258,59.277608703438176]}},
{"type":"Feature","properties":{"name":"2002"},"geometry":{"type":"Point","coordinates":[146.100221053131463,65.275961729038443]}},
{"type":"Feature","properties":{"name":"2003"},"geometry":{"type":"Point","coordinates":[147.35601933242927,71.456407954273686]}},
{"type":"Feature","properties":{"name":"2004"},"geometry":{"type":"Point","coordinates":[157.903732343130997,76.973811739439796]}},
{"type":"Feature","properties":{"name":"2005"},"geometry":{"type":"Point","coordinates":[178.945283791865904,81.671312027213219]}},
{"type":"Feature","properties":{"name":"2006"},"geometry":{"type":"Point","coordinates":[141.101041132952417,15.068268128178801]}},
{"type":"Feature","properties":{"name":"2007"},"geometry":{"type":"Point","coordinates":[141.919237310691983,20.90541624361574]}},
{"type":"Feature","properties":{"name":"2008"},"geometry":{"type":"Point","coordinates":[142.784801895778685,26.705448440317493]}},
{"type":"Feature","properties":{"name":"2009"},"geometry":{"type":"Point","coordinates":[143.734580960428673,32.498442348083472]}},
{"type":"Feature","properties":{"name":"2010"},"geometry":{"type":"Point","coordinates":[144.575826533171522,38.460685183617265]}},
{"type":"Feature","properties":{"name":"2011"},"geometry":{"type":"Point","coordinates":[145.253479029016546,44.290072867968284]}},
{"type":"Feature","properties":{"name":"2012"},"geometry":{"type":"Point","coordinates":[146.070014798733553,50.117603896080979]}},
{"type":"Feature","properties":{"name":"2013"},"geometry":{"type":"Point","coordinates":[147.098834897472727,55.973948954941832]}},
{"type":"Feature","properties":{"name":"2014"},"geometry":{"type":"Point","coordinates":[148.669874402576227,61.898876438563839]}},
{"type":"Feature","properties":{"name":"2015"},"geometry":{"type":"Point","coordinates":[150.919547396819553,67.925173545411482]}},
{"type":"Feature","properties":{"name":"2016"},"geometry":{"type":"Point","coordinates":[157.359004070915944,73.710408505261213]}},
{"type":"Feature","properties":{"name":"2017"},"geometry":{"type":"Point","coordinates":[173.019130802552354,78.573516348416277]}},
{"type":"Feature","properties":{"name":"2018"},"geometry":{"type":"Point","coordinates":[142.358545533394761,12.108097955048684]}},
{"type":"Feature","properties":{"name":"2019"},"geometry":{"type":"Point","coordinates":[143.223036061592722,17.958619697765606]}},
{"type":"Feature","properties":{"name":"2020"},"geometry":{"type":"Point","coordinates":[144.139308305762199,23.758944785448914]}},
{"type":"Feature","properties":{"name":"2021"},"geometry":{"type":"Point","coordinates":[145.135822270022231,29.523258735070598]}},
{"type":"Feature","properties":{"name":"2022"},"geometry":{"type":"Point","coordinates":[146.25,35.264389682754661]}},
{"type":"Feature","properties":{"name":"2023"},"geometry":{"type":"Point","coordinates":[147.043375990058479,41.048487762970765]}},
{"type":"Feature","properties":{"name":"2024"},"geometry":{"type":"Point","coordinates":[147.992857871921075,46.841040636752055]}},
{"type":"Feature","properties":{"name":"2025"},"geometry":{"type":"Point","coordinates":[149.179424715707029,52.654023581582805]}},
{"type":"Feature","properties":{"name":"2026"},"geometry":{"type":"Point","coordinates":[150.745092124199346,58.497531759252787]}},
{"type":"Feature","properties":{"name":"2027"},"geometry":{"type":"Point","coordinates":[153.249887822193898,64.420777284654065]}},
{"type":"Feature","properties":{"name":"2028"},"geometry":{"type":"Point","coordinates":[156.394062939495569,70.500497309865196]}},
{"type":"Feature","properties":{"name":"2029"},"geometry":{"type":"Point","coordinates":[169.431058097733541,75.413907138064374]}},
{"type":"Feature","properties":{"name":"2030"},"geometry":{"type":"Point","coordinates":[144.472306270566662,15.007803277814798]}},
{"type":"Feature","properties":{"name":"2031"},"geometry":{"type":"Point","coordinates":[145.429555453418118,20.823694832043689]}},
{"type":"Feature","properties":{"name":"2032"},"geometry":{"type":"Point","coordinates":[146.471315937678924,26.601387955625555]}},
{"type":"Feature","properties":{"name":"2033"},"geometry":{"type":"Point","coordinates":[147.62156992077189,32.424001078834799]}},
{"type":"Feature","properties":{"name":"2034"},"geometry":{"type":"Point","coordinates":[148.616765361005605,37.660904419207874]}},
{"type":"Feature","properties":{"name":"2035"},"geometry":{"type":"Point","coordinates":[149.69944122977796,43.511458835497201]}},
{"type":"Feature","properties":{"name":"2036"},"geometry":{"type":"Point","coordinates":[150.984859641515811,49.300028612579055]}},
{"type":"Feature","properties":{"name":"2037"},"geometry":{"type":"Point","coordinates":[152.643411938957854,55.098754495783091]}},
{"type":"Feature","properties":{"name":"2038"},"geometry":{"type":"Point","coordinates":[155.00800329278627,60.927310705676383]}},
{"type":"Feature","properties":{"name":"2039"},"geometry":{"type":"Point","coordinates":[158.53189263721805,66.831622519282632]}},
{"type":"Feature","properties":{"name":"2040"},"geometry":{"type":"Point","coordinates":[166.805363697162534,72.248387663341873]}},
{"type":"Feature","properties":{"name":"2041"},"geometry":{"type":"Point","coordinates":[-176.349494035000106,76.367329918712926]}},
{"type":"Feature","properties":{"name":"2042"},"geometry":{"type":"Point","coordinates":[145.674501042591515,12.047071515031188]}},
{"type":"Feature","properties":{"name":"2043"},"geometry":{"type":"Point","coordinates":[146.662287049790137,17.888053720594772]}},
{"type":"Feature","properties":{"name":"2044"},"geometry":{"type":"Point","coordinates":[147.735976239987139,23.693110795289257]}},
{"type":"Feature","properties":{"name":"2045"},"geometry":{"type":"Point","coordinates":[148.910029402990403,29.567619477667201]}},
{"type":"Feature","properties":{"name":"2046"},"geometry":{"type":"Point","coordinates":[150.428885462896631,34.724394300910092]}},
{"type":"Feature","properties":{"name":"2047"},"geometry":{"type":"Point","coordinates":[151.141626123669823,40.008655864211875]}},
{"type":"Feature","properties":{"name":"2048"},"geometry":{"type":"Point","coordinates":[152.560542280774257,45.885245253973828]}},
{"type":"Feature","properties":{"name":"2049"},"geometry":{"type":"Point","coordinates":[154.268658988029671,51.668262120285]}},
{"type":"Feature","properties":{"name":"2050"},"geometry":{"type":"Point","coordinates":[156.528433639306058,57.440568456583506]}},
{"type":"Feature","properties":{"name":"2051"},"geometry":{"type":"Point","coordinates":[159.887053113702649,63.230562107778404]}},
{"type":"Feature","properties":{"name":"2052"},"geometry":{"type":"Point","coordinates":[164.49282327353481,69.134244072473322]}},
{"type":"Feature","properties":{"name":"2053"},"geometry":{"type":"Point","coordinates":[178.538321758778864,73.408401420060045]}},
{"type":"Feature","properties":{"name":"2054"},"geometry":{"type":"Point","coordinates":[146.837228365945975,9.071809122964813]}},
{"type":"Feature","properties":{"name":"2055"},"geometry":{"type":"Point","coordinates":[147.846007001535924,14.944601661100512]}},
{"type":"Feature","properties":{"name":"2056"},"geometry":{"type":"Point","coordinates":[148.940083219001224,20.782615569887245]}},
{"type":"Feature","properties":{"name":"2057"},"geometry":{"type":"Point","coordinates":[150.129113460613837,26.695374136994307]}},
{"type":"Feature","properties":{"name":"2058"},"geometry":{"type":"Point","coordinates":[151.788428479370737,31.724298801980567]}},
{"type":"Feature","properties":{"name":"2059"},"geometry":{"type":"Point","coordinates":[153.091461738783607,37.100317470426496]}},
{"type":"Feature","properties":{"name":"2060"},"geometry":{"type":"Point","coordinates":[153.848068595030185,42.300980330186903]}},
{"type":"Feature","properties":{"name":"2061"},"geometry":{"type":"Point","coordinates":[155.661412396802518,48.176281187363529]}},
{"type":"Feature","properties":{"name":"2062"},"geometry":{"type":"Point","coordinates":[157.893576778869118,53.938794503376322]}},
{"type":"Feature","properties":{"name":"2063"},"geometry":{"type":"Point","coordinates":[160.913716192065976,59.661222614913953]}},
{"type":"Feature","properties":{"name":"2064"},"geometry":{"type":"Point","coordinates":[165.417321284284469,65.395311401613313]}},
{"type":"Feature","properties":{"name":"2065"},"geometry":{"type":"Point","coordinates":[174.73203334133234,70.403160557066428]}},
{"type":"Feature","properties":{"name":"2066"},"geometry":{"type":"Point","coordinates":[148.989139752294363,11.988167808560268]}},
{"type":"Feature","properties":{"name":"2067"},"geometry":{"type":"Point","coordinates":[150.094173929525567,17.862226641476987]}},
{"type":"Feature","properties":{"name":"2068"},"geometry":{"type":"Point","coordinates":[151.29054324824051,23.807007669065268]}},
{"type":"Feature","properties":{"name":"2069"},"geometry":{"type":"Point","coordinates":[153.001203060103222,28.753053066992429]}},
{"type":"Feature","properties":{"name":"2070"},"geometry":{"type":"Point","coordinates":[154.550311708115203,34.043048684781908]}},
{"type":"Feature","properties":{"name":"2071"},"geometry":{"type":"Point","coordinates":[155.837940245377069,39.397169423945904]}},
{"type":"Feature","properties":{"name":"2072"},"geometry":{"type":"Point","coordinates":[156.762384585105366,44.529621964661615]}},
{"type":"Feature","properties":{"name":"2073"},"geometry":{"type":"Point","coordinates":[159.041723793824929,50.379685777186829]}},
{"type":"Feature","properties":{"name":"2074"},"geometry":{"type":"Point","coordinates":[161.916648181100896,56.097999227856185]}},
{"type":"Feature","properties":{"name":"2075"},"geometry":{"type":"Point","coordinates":[165.944512471862879,61.742765458640214]}},
{"type":"Feature","properties":{"name":"2076"},"geometry":{"type":"Point","coordinates":[171.5657483088834,67.425229764296816]}},
{"type":"Feature","properties":{"name":"2077"},"geometry":{"type":"Point","coordinates":[-174.350332259967416,71.093671851950205]}},
{"type":"Feature","properties":{"name":"2078"},"geometry":{"type":"Point","coordinates":[150.099623744229064,9.014798760753756]}},
{"type":"Feature","properties":{"name":"2079"},"geometry":{"type":"Point","coordinates":[151.207652962666259,14.92743145626201]}},
{"type":"Feature","properties":{"name":"2080"},"geometry":{"type":"Point","coordinates":[152.404468811434896,20.90194265427505]}},
{"type":"Feature","properties":{"name":"2081"},"geometry":{"type":"Point","coordinates":[154.131891219787633,25.793567082948432]}},
{"type":"Feature","properties":{"name":"2082"},"geometry":{"type":"Point","coordinates":[155.794022679328407,30.989642383264449]}},
{"type":"Feature","properties":{"name":"2083"},"geometry":{"type":"Point","coordinates":[157.346839032389909,36.323505731115759]}},
{"type":"Feature","properties":{"name":"2084"},"geometry":{"type":"Point","coordinates":[158.739193863945388,41.611702106214075]}},
{"type":"Feature","properties":{"name":"2085"},"geometry":{"type":"Point","coordinates":[159.91371947386483,46.684415105978438]}},
{"type":"Feature","properties":{"name":"2086"},"geometry":{"type":"Point","coordinates":[162.744731244018681,52.484110554494833]}},
{"type":"Feature","properties":{"name":"2087"},"geometry":{"type":"Point","coordinates":[166.400463264219468,58.125859091749561]}},
{"type":"Feature","properties":{"name":"2088"},"geometry":{"type":"Point","coordinates":[171.542438446763242,63.666118472732038]}},
{"type":"Feature","properties":{"name":"2089"},"geometry":{"type":"Point","coordinates":[-178.706322234297858,68.265094822936717]}},
{"type":"Feature","properties":{"name":"2090"},"geometry":{"type":"Point","coordinates":[151.184913399744516,6.021197802427105]}},
{"type":"Feature","properties":{"name":"2091"},"geometry":{"type":"Point","coordinates":[152.288896313952279,11.97506466067982]}},
{"type":"Feature","properties":{"name":"2092"},"geometry":{"type":"Point","coordinates":[153.479822066866575,17.979329774477055]}},
{"type":"Feature","properties":{"name":"2093"},"geometry":{"type":"Point","coordinates":[155.206406825073174,22.834802259343601]}},
{"type":"Feature","properties":{"name":"2094"},"geometry":{"type":"Point","coordinates":[156.919868963227344,27.952813407938521]}},
{"type":"Feature","properties":{"name":"2095"},"geometry":{"type":"Point","coordinates":[158.60700958537555,33.224915510436844]}},
{"type":"Feature","properties":{"name":"2096"},"geometry":{"type":"Point","coordinates":[160.252046202911458,38.528489141589041]}},
{"type":"Feature","properties":{"name":"2097"},"geometry":{"type":"Point","coordinates":[161.835658505936095,43.740786145072938]}},
{"type":"Feature","properties":{"name":"2098"},"geometry":{"type":"Point","coordinates":[163.333847384232286,48.752923259643175]}},
{"type":"Feature","properties":{"name":"2099"},"geometry":{"type":"Point","coordinates":[166.816330752639232,54.473078000258994]}},
{"type":"Feature","properties":{"name":"2100"},"geometry":{"type":"Point","coordinates":[171.409192171432466,59.995718851042732]}},
{"type":"Feature","properties":{"name":"2101"},"geometry":{"type":"Point","coordinates":[177.6584528943404,65.437350775123519]}},
{"type":"Feature","properties":{"name":"2102"},"geometry":{"type":"Point","coordinates":[153.345514264767729,9.002549875614298]}},
{"type":"Feature","properties":{"name":"2103"},"geometry":{"type":"Point","coordinates":[154.524603796642083,15.038082085795985]}},
{"type":"Feature","properties":{"name":"2104"},"geometry":{"type":"Point","coordinates":[156.239771147195682,19.870270926477072]}},
{"type":"Feature","properties":{"name":"2105"},"geometry":{"type":"Point","coordinates":[157.971670111618778,24.927282601494021]}},
{"type":"Feature","properties":{"name":"2106"},"geometry":{"type":"Point","coordinates":[159.723992572018261,30.133598132123957]}},
{"type":"Feature","properties":{"name":"2107"},"geometry":{"type":"Point","coordinates":[161.501759949064962,35.403153368428278]}},
{"type":"Feature","properties":{"name":"2108"},"geometry":{"type":"Point","coordinates":[163.31124200912592,40.646201478585091]}},
{"type":"Feature","properties":{"name":"2109"},"geometry":{"type":"Point","coordinates":[165.15990384204423,45.77688319697328]}},
{"type":"Feature","properties":{"name":"2110"},"geometry":{"type":"Point","coordinates":[167.056487766397538,50.720049771628759]}},
{"type":"Feature","properties":{"name":"2111"},"geometry":{"type":"Point","coordinates":[171.30293428823029,56.325209107243325]}},
{"type":"Feature","properties":{"name":"2112"},"geometry":{"type":"Point","coordinates":[176.94080690448115,61.690584177522418]}},
{"type":"Feature","properties":{"name":"2113"},"geometry":{"type":"Point","coordinates":[-173.276480204628683,65.903916940763665]}},
{"type":"Feature","properties":{"name":"2114"},"geometry":{"type":"Point","coordinates":[154.384596953454292,6.007546990041914]}},
{"type":"Feature","properties":{"name":"2115"},"geometry":{"type":"Point","coordinates":[155.546122862228771,12.076898721235334]}},
{"type":"Feature","properties":{"name":"2116"},"geometry":{"type":"Point","coordinates":[157.242708442868604,16.895678907545694]}},
{"type":"Feature","properties":{"name":"2117"},"geometry":{"type":"Point","coordinates":[158.973580665409912,21.906470581560889]}},
{"type":"Feature","properties":{"name":"2118"},"geometry":{"type":"Point","coordinates":[160.75170311407598,27.053916531107994]}},
{"type":"Feature","properties":{"name":"2119"},"geometry":{"type":"Point","coordinates":[162.593613055497741,32.274919874523277]}},
{"type":"Feature","properties":{"name":"2120"},"geometry":{"type":"Point","coordinates":[164.520266850617503,37.502129221839382]}},
{"type":"Feature","properties":{"name":"2121"},"geometry":{"type":"Point","coordinates":[166.558294767659447,42.6679834137786]}},
{"type":"Feature","properties":{"name":"2122"},"geometry":{"type":"Point","coordinates":[168.741915054172324,47.708708955078315]}},
{"type":"Feature","properties":{"name":"2123"},"geometry":{"type":"Point","coordinates":[171.115905405971944,52.567655013246437]}},
{"type":"Feature","properties":{"name":"2124"},"geometry":{"type":"Point","coordinates":[176.247407592851829,58.014154843762412]}},
{"type":"Feature","properties":{"name":"2125"},"geometry":{"type":"Point","coordinates":[-177.116824546170022,63.224439140755912]}},
{"type":"Feature","properties":{"name":"2126"},"geometry":{"type":"Point","coordinates":[155.41292988683665,2.987772159891215]}},
{"type":"Feature","properties":{"name":"2127"},"geometry":{"type":"Point","coordinates":[156.551201949572089,9.094280387858177]}},
{"type":"Feature","properties":{"name":"2128"},"geometry":{"type":"Point","coordinates":[158.223847008287009,13.90778244930352]}},
{"type":"Feature","properties":{"name":"2129"},"geometry":{"type":"Point","coordinates":[159.941163038669572,18.884784085727897]}},
{"type":"Feature","properties":{"name":"2130"},"geometry":{"type":"Point","coordinates":[161.721124456716922,23.983112367948902]}},
{"type":"Feature","properties":{"name":"2131"},"geometry":{"type":"Point","coordinates":[163.586302536588249,29.154826593076592]}},
{"type":"Feature","properties":{"name":"2132"},"geometry":{"type":"Point","coordinates":[165.565254085538896,34.348004132704517]}},
{"type":"Feature","properties":{"name":"2133"},"geometry":{"type":"Point","coordinates":[167.694546129152087,39.508852367265284]}},
{"type":"Feature","properties":{"name":"2134"},"geometry":{"type":"Point","coordinates":[170.021750450834332,44.583861534277993]}},
{"type":"Feature","properties":{"name":"2135"},"geometry":{"type":"Point","coordinates":[172.609933476488237,49.521662718245182]}},
{"type":"Feature","properties":{"name":"2136"},"geometry":{"type":"Point","coordinates":[175.544473000581519,54.274245783636232]}},
{"type":"Feature","properties":{"name":"2137"},"geometry":{"type":"Point","coordinates":[-178.317562498683344,59.50867958929328]}},
{"type":"Feature","properties":{"name":"2138"},"geometry":{"type":"Point","coordinates":[157.546361557974052,6.08853837816501]}},
{"type":"Feature","properties":{"name":"2139"},"geometry":{"type":"Point","coordinates":[159.190667391042012,10.903842693635241]}},
{"type":"Feature","properties":{"name":"2140"},"geometry":{"type":"Point","coordinates":[160.885715667966622,15.85763059637125]}},
{"type":"Feature","properties":{"name":"2141"},"geometry":{"type":"Point","coordinates":[162.652043136901682,20.916846977395615]}},
{"type":"Feature","properties":{"name":"2142"},"geometry":{"type":"Point","coordinates":[164.515069423608651,26.044032197779618]}},
{"type":"Feature","properties":{"name":"2143"},"geometry":{"type":"Point","coordinates":[166.506714747613444,31.198206034160531]}},
{"type":"Feature","properties":{"name":"2144"},"geometry":{"type":"Point","coordinates":[168.667723378354736,36.33590432080512]}},
{"type":"Feature","properties":{"name":"2145"},"geometry":{"type":"Point","coordinates":[171.05103791533179,41.412206989824902]}},
{"type":"Feature","properties":{"name":"2146"},"geometry":{"type":"Point","coordinates":[173.726750645104318,46.381543027784375]}},
{"type":"Feature","properties":{"name":"2147"},"geometry":{"type":"Point","coordinates":[176.789420380207048,51.198005606193433]}},
{"type":"Feature","properties":{"name":"2148"},"geometry":{"type":"Point","coordinates":[-179.631129480245022,55.814845400546346]}},
{"type":"Feature","properties":{"name":"2149"},"geometry":{"type":"Point","coordinates":[-172.628316551663318,60.828844771430333]}},
{"type":"Feature","properties":{"name":"2150"},"geometry":{"type":"Point","coordinates":[158.537992384156667,3.057798370546818]}},
{"type":"Feature","properties":{"name":"2151"},"geometry":{"type":"Point","coordinates":[160.150008040782296,7.88134972324678]}},
{"type":"Feature","properties":{"name":"2152"},"geometry":{"type":"Point","coordinates":[161.816234673367092,12.821134206802098]}},
{"type":"Feature","properties":{"name":"2153"},"geometry":{"type":"Point","coordinates":[163.558327217614448,17.85072025621615]}},
{"type":"Feature","properties":{"name":"2154"},"geometry":{"type":"Point","coordinates":[165.402700939365786,22.940217902977711]}},
{"type":"Feature","properties":{"name":"2155"},"geometry":{"type":"Point","coordinates":[167.382187542213643,28.056666048154312]}},
{"type":"Feature","properties":{"name":"2156"},"geometry":{"type":"Point","coordinates":[169.538370731332662,33.164463474943958]}},
{"type":"Feature","properties":{"name":"2157"},"geometry":{"type":"Point","coordinates":[171.924915573514397,38.225733540468418]}},
{"type":"Feature","properties":{"name":"2158"},"geometry":{"type":"Point","coordinates":[174.61235465613251,43.200464156648231]}},
{"type":"Feature","properties":{"name":"2159"},"geometry":{"type":"Point","coordinates":[177.694987944122914,48.046203307221013]}},
{"type":"Feature","properties":{"name":"2160"},"geometry":{"type":"Point","coordinates":[-178.699261406730471,52.717005183123611]}},
{"type":"Feature","properties":{"name":"2161"},"geometry":{"type":"Point","coordinates":[-174.39526273281777,57.161201705030003]}},
{"type":"Feature","properties":{"name":"2162"},"geometry":{"type":"Point","coordinates":[-137.032525588539016,0.0]}},
{"type":"Feature","properties":{"name":"2163"},"geometry":{"type":"Point","coordinates":[-132.912929886836793,2.987772159891123]}},
{"type":"Feature","properties":{"name":"2164"},"geometry":{"type":"Point","coordinates":[-128.684913399744659,6.021197802427022]}},
{"type":"Feature","properties":{"name":"2165"},"geometry":{"type":"Point","coordinates":[-124.337228365945975,9.071809122964821]}},
{"type":"Feature","properties":{"name":"2166"},"geometry":{"type":"Point","coordinates":[-119.858545533394789,12.108097955048679]}},
{"type":"Feature","properties":{"name":"2167"},"geometry":{"type":"Point","coordinates":[-115.238250106650568,15.096070095088432]}},
{"type":"Feature","properties":{"name":"2168"},"geometry":{"type":"Point","coordinates":[-110.467474411460998,18.0]}},
{"type":"Feature","properties":{"name":"2169"},"geometry":{"type":"Point","coordinates":[-105.540367297031523,20.783388451759873]}},
{"type":"Feature","properties":{"name":"2170"},"geometry":{"type":"Point","coordinates":[-100.455556714077716,23.410113762746963]}},
{"type":"Feature","properties":{"name":"2171"},"geometry":{"type":"Point","coordinates":[-95.217696202484291,25.84574972780878]}},
{"type":"Feature","properties":{"name":"2172"},"geometry":{"type":"Point","coordinates":[-89.838904021828711,28.058998600227085]}},
{"type":"Feature","properties":{"name":"2173"},"geometry":{"type":"Point","coordinates":[-84.339824594439406,30.023154364974591]}},
{"type":"Feature","properties":{"name":"2174"},"geometry":{"type":"Point","coordinates":[-133.817204777157059,0.0]}},
{"type":"Feature","properties":{"name":"2175"},"geometry":{"type":"Point","coordinates":[-129.719632378572072,3.010885634742122]}},
{"type":"Feature","properties":{"name":"2176"},"geometry":{"type":"Point","coordinates":[-125.486316109387133,6.057468397586888]}},
{"type":"Feature","properties":{"name":"2177"},"geometry":{"type":"Point","coordinates":[-121.109660827265742,9.1071132338033]}},
{"type":"Feature","properties":{"name":"2178"},"geometry":{"type":"Point","coordinates":[-116.583065745967858,12.123638349488518]}},
{"type":"Feature","properties":{"name":"2179"},"geometry":{"type":"Point","coordinates":[-111.901979300761369,15.068283767616649]}},
{"type":"Feature","properties":{"name":"2180"},"geometry":{"type":"Point","coordinates":[-107.065186754964884,17.900984056728856]}},
{"type":"Feature","properties":{"name":"2181"},"geometry":{"type":"Point","coordinates":[-102.076259573032118,20.581908092951863]}},
{"type":"Feature","properties":{"name":"2182"},"geometry":{"type":"Point","coordinates":[-96.945023192303367,23.07319515487249]}},
{"type":"Feature","properties":{"name":"2183"},"geometry":{"type":"Point","coordinates":[-91.688819182347146,25.340779702009893]}},
{"type":"Feature","properties":{"name":"2184"},"geometry":{"type":"Point","coordinates":[-86.33327396498278,27.356160125183667]}},
{"type":"Feature","properties":{"name":"2185"},"geometry":{"type":"Point","coordinates":[-80.912276260512172,29.097937009266744]}},
{"type":"Feature","properties":{"name":"2186"},"geometry":{"type":"Point","coordinates":[-136.037992384156695,-3.057798370546815]}},
{"type":"Feature","properties":{"name":"2187"},"geometry":{"type":"Point","coordinates":[-130.629379017175637,0.0]}},
{"type":"Feature","properties":{"name":"2188"},"geometry":{"type":"Point","coordinates":[-126.548104375692915,3.031329958880102]}},
{"type":"Feature","properties":{"name":"2189"},"geometry":{"type":"Point","coordinates":[-122.301114400614864,6.087269335984455]}},
{"type":"Feature","properties":{"name":"2190"},"geometry":{"type":"Point","coordinates":[-117.885947995317721,9.129577591340727]}},
{"type":"Feature","properties":{"name":"2191"},"geometry":{"type":"Point","coordinates":[-113.302779598210435,12.115983400197866]}},
{"type":"Feature","properties":{"name":"2192"},"geometry":{"type":"Point","coordinates":[-108.555724509856077,15.001817170048707]}},
{"type":"Feature","properties":{"name":"2193"},"geometry":{"type":"Point","coordinates":[-103.654281909012695,17.742074802738909]}},
{"type":"Feature","properties":{"name":"2194"},"geometry":{"type":"Point","coordinates":[-98.614727231607247,20.293776732202215]}},
{"type":"Feature","properties":{"name":"2195"},"geometry":{"type":"Point","coordinates":[-93.461179984632011,22.61842082232921]}},
{"type":"Feature","properties":{"name":"2196"},"geometry":{"type":"Point","coordinates":[-88.226023681477074,24.68427830644022]}},
{"type":"Feature","properties":{"name":"2197"},"geometry":{"type":"Point","coordinates":[-82.94938407444846,26.468262825747971]}},
{"type":"Feature","properties":{"name":"2198"},"geometry":{"type":"Point","coordinates":[-138.608390836648425,-4.837872861639362]}},
{"type":"Feature","properties":{"name":"2199"},"geometry":{"type":"Point","coordinates":[-132.912929886836793,-2.987772159891122]}},
{"type":"Feature","properties":{"name":"2200"},"geometry":{"type":"Point","coordinates":[-127.465946030085519,0.0]}},
{"type":"Feature","properties":{"name":"2201"},"geometry":{"type":"Point","coordinates":[-123.394902978561205,3.049065101171768]}},
{"type":"Feature","properties":{"name":"2202"},"geometry":{"type":"Point","coordinates":[-119.124723632789113,6.109916736785206]}},
{"type":"Feature","properties":{"name":"2203"},"geometry":{"type":"Point","coordinates":[-114.660410457284712,9.136642889699452]}},
{"type":"Feature","properties":{"name":"2204"},"geometry":{"type":"Point","coordinates":[-110.012101878119609,12.078933280138475]}},
{"type":"Feature","properties":{"name":"2205"},"geometry":{"type":"Point","coordinates":[-105.19650604157421,14.884806122760383]}},
{"type":"Feature","properties":{"name":"2206"},"geometry":{"type":"Point","coordinates":[-100.238185070926789,17.503887910528828]}},
{"type":"Feature","properties":{"name":"2207"},"geometry":{"type":"Point","coordinates":[-95.170341870009139,19.890885572874677]}},
{"type":"Feature","properties":{"name":"2208"},"geometry":{"type":"Point","coordinates":[-90.034728592654901,22.008799301604402]}},
{"type":"Feature","properties":{"name":"2209"},"geometry":{"type":"Point","coordinates":[-84.880384203499403,23.831415987527631]}},
{"type":"Feature","properties":{"name":"2210"},"geometry":{"type":"Point","coordinates":[-135.046361557974052,-6.088538378165011]}},
{"type":"Feature","properties":{"name":"2211"},"geometry":{"type":"Point","coordinates":[-129.719632378572015,-3.010885634742153]}},
{"type":"Feature","properties":{"name":"2212"},"geometry":{"type":"Point","coordinates":[-124.323994275838814,0.0]}},
{"type":"Feature","properties":{"name":"2213"},"geometry":{"type":"Point","coordinates":[-120.256464404018629,3.063982706371105]}},
{"type":"Feature","properties":{"name":"2214"},"geometry":{"type":"Point","coordinates":[-115.951875882237019,6.124199889073314]}},
{"type":"Feature","properties":{"name":"2215"},"geometry":{"type":"Point","coordinates":[-111.426507594556938,9.123978353396563]}},
{"type":"Feature","properties":{"name":"2216"},"geometry":{"type":"Point","coordinates":[-106.705599270205127,12.002233347874627]}},
{"type":"Feature","properties":{"name":"2217"},"geometry":{"type":"Point","coordinates":[-101.824478915918888,14.69805643036868]}},
{"type":"Feature","properties":{"name":"2218"},"geometry":{"type":"Point","coordinates":[-96.828873095066825,17.155858823551203]}},
{"type":"Feature","properties":{"name":"2219"},"geometry":{"type":"Point","coordinates":[-91.773934715660573,19.330225711503086]}},
{"type":"Feature","properties":{"name":"2220"},"geometry":{"type":"Point","coordinates":[-86.721717632200878,21.189610941483771]}},
{"type":"Feature","properties":{"name":"2221"},"geometry":{"type":"Point","coordinates":[-80.771476725727794,24.016182891932019]}},
{"type":"Feature","properties":{"name":"2222"},"geometry":{"type":"Point","coordinates":[-137.650008040782211,-7.881349723246762]}},
{"type":"Feature","properties":{"name":"2223"},"geometry":{"type":"Point","coordinates":[-131.884596953454292,-6.007546990041915]}},
{"type":"Feature","properties":{"name":"2224"},"geometry":{"type":"Point","coordinates":[-126.548104375692915,-3.031329958880043]}},
{"type":"Feature","properties":{"name":"2225"},"geometry":{"type":"Point","coordinates":[-121.200773955718915,0.0]}},
{"type":"Feature","properties":{"name":"2226"},"geometry":{"type":"Point","coordinates":[-117.128895530450464,3.075849977141153]}},
{"type":"Feature","properties":{"name":"2227"},"geometry":{"type":"Point","coordinates":[-112.776164344008464,6.127908974337605]}},
{"type":"Feature","properties":{"name":"2228"},"geometry":{"type":"Point","coordinates":[-108.176708247381711,9.083908514058265]}},
{"type":"Feature","properties":{"name":"2229"},"geometry":{"type":"Point","coordinates":[-103.379472292436461,11.868123182831033]}},
{"type":"Feature","properties":{"name":"2230"},"geometry":{"type":"Point","coordinates":[-98.447750961606332,14.409229221827932]}},
{"type":"Feature","properties":{"name":"2231"},"geometry":{"type":"Point","coordinates":[-93.456560618095338,16.648208789943766]}},
{"type":"Feature","properties":{"name":"2232"},"geometry":{"type":"Point","coordinates":[-88.487695926466202,18.544481401731471]}},
{"type":"Feature","properties":{"name":"2233"},"geometry":{"type":"Point","coordinates":[-82.692948058067742,21.391321692134479]}},
{"type":"Feature","properties":{"name":"2234"},"geometry":{"type":"Point","coordinates":[-140.240427086367589,-9.771885122035684]}},
{"type":"Feature","properties":{"name":"2235"},"geometry":{"type":"Point","coordinates":[-134.051201949572118,-9.094280387858186]}},
{"type":"Feature","properties":{"name":"2236"},"geometry":{"type":"Point","coordinates":[-128.684913399744431,-6.021197802427153]}},
{"type":"Feature","properties":{"name":"2237"},"geometry":{"type":"Point","coordinates":[-123.394902978561205,-3.049065101171734]}},
{"type":"Feature","properties":{"name":"2238"},"geometry":{"type":"Point","coordinates":[-118.093671657970219,0.0]}},
{"type":"Feature","properties":{"name":"2239"},"geometry":{"type":"Point","coordinates":[-114.007600899053656,3.084181411401156]}},
{"type":"Feature","properties":{"name":"2240"},"geometry":{"type":"Point","coordinates":[-109.589339433287691,6.116768897618447]}},
{"type":"Feature","properties":{"name":"2241"},"geometry":{"type":"Point","coordinates":[-104.902958984470246,9.001946840054226]}},
{"type":"Feature","properties":{"name":"2242"},"geometry":{"type":"Point","coordinates":[-100.03611643501722,11.644043428737929]}},
{"type":"Feature","properties":{"name":"2243"},"geometry":{"type":"Point","coordinates":[-95.094321948123152,13.961277006988375]}},
{"type":"Feature","properties":{"name":"2244"},"geometry":{"type":"Point","coordinates":[-90.190907974387798,15.897211004144742]}},
{"type":"Feature","properties":{"name":"2245"},"geometry":{"type":"Point","coordinates":[-84.529946642948289,18.757164570587225]}},
{"type":"Feature","properties":{"name":"2246"},"geometry":{"type":"Point","coordinates":[-136.690667391042069,-10.903842693635353]}},
{"type":"Feature","properties":{"name":"2247"},"geometry":{"type":"Point","coordinates":[-130.845514264767729,-9.002549875614289]}},
{"type":"Feature","properties":{"name":"2248"},"geometry":{"type":"Point","coordinates":[-125.486316109387033,-6.057468397586925]}},
{"type":"Feature","properties":{"name":"2249"},"geometry":{"type":"Point","coordinates":[-120.256464404018502,-3.063982706371199]}},
{"type":"Feature","properties":{"name":"2250"},"geometry":{"type":"Point","coordinates":[-115.00018793359547,0.0]}},
{"type":"Feature","properties":{"name":"2251"},"geometry":{"type":"Point","coordinates":[-110.886541222021762,3.087911360234985]}},
{"type":"Feature","properties":{"name":"2252"},"geometry":{"type":"Point","coordinates":[-106.380342041377389,6.081759413519984]}},
{"type":"Feature","properties":{"name":"2253"},"geometry":{"type":"Point","coordinates":[-101.599748278626663,8.848414381196331]}},
{"type":"Feature","properties":{"name":"2254"},"geometry":{"type":"Point","coordinates":[-96.698109197153272,11.266125297197901]}},
{"type":"Feature","properties":{"name":"2255"},"geometry":{"type":"Point","coordinates":[-91.842558475393659,13.248635279737941]}},
{"type":"Feature","properties":{"name":"2256"},"geometry":{"type":"Point","coordinates":[-86.296355889631542,16.114699459824475]}},
{"type":"Feature","properties":{"name":"2257"},"geometry":{"type":"Point","coordinates":[-80.664347905252072,18.812686660922697]}},
{"type":"Feature","properties":{"name":"2258"},"geometry":{"type":"Point","coordinates":[-139.316234673367092,-12.821134206802203]}},
{"type":"Feature","properties":{"name":"2259"},"geometry":{"type":"Point","coordinates":[-133.046122862228771,-12.076898721235338]}},
{"type":"Feature","properties":{"name":"2260"},"geometry":{"type":"Point","coordinates":[-127.599623744229049,-9.014798760753743]}},
{"type":"Feature","properties":{"name":"2261"},"geometry":{"type":"Point","coordinates":[-122.301114400614779,-6.087269335984486]}},
{"type":"Feature","properties":{"name":"2262"},"geometry":{"type":"Point","coordinates":[-117.128895530450393,-3.075849977141193]}},
{"type":"Feature","properties":{"name":"2263"},"geometry":{"type":"Point","coordinates":[-111.917917220093571,0.0]}},
{"type":"Feature","properties":{"name":"2264"},"geometry":{"type":"Point","coordinates":[-107.75659830358515,3.084420514746615]}},
{"type":"Feature","properties":{"name":"2265"},"geometry":{"type":"Point","coordinates":[-103.134912690775224,6.00136421079744]}},
{"type":"Feature","properties":{"name":"2266"},"geometry":{"type":"Point","coordinates":[-98.278211892703098,8.555795089598252]}},
{"type":"Feature","properties":{"name":"2267"},"geometry":{"type":"Point","coordinates":[-93.452751792934492,10.599322177078971]}},
{"type":"Feature","properties":{"name":"2268"},"geometry":{"type":"Point","coordinates":[-88.004891784423734,13.464136298379506]}},
{"type":"Feature","properties":{"name":"2269"},"geometry":{"type":"Point","coordinates":[-82.501122757975708,16.173622605376444]}},
{"type":"Feature","properties":{"name":"2270"},"geometry":{"type":"Point","coordinates":[-141.950531091783773,-14.780636958787142]}},
{"type":"Feature","properties":{"name":"2271"},"geometry":{"type":"Point","coordinates":[-135.723847008287009,-13.907782449303509]}},
{"type":"Feature","properties":{"name":"2272"},"geometry":{"type":"Point","coordinates":[-129.78889631395225,-11.975064660679818]}},
{"type":"Feature","properties":{"name":"2273"},"geometry":{"type":"Point","coordinates":[-124.337228365945975,-9.071809122964783]}},
{"type":"Feature","properties":{"name":"2274"},"geometry":{"type":"Point","coordinates":[-119.124723632789113,-6.109916736785196]}},
{"type":"Feature","properties":{"name":"2275"},"geometry":{"type":"Point","coordinates":[-114.0076008990536,-3.084181411401185]}},
{"type":"Feature","properties":{"name":"2276"},"geometry":{"type":"Point","coordinates":[-108.844529630109761,0.0]}},
{"type":"Feature","properties":{"name":"2277"},"geometry":{"type":"Point","coordinates":[-104.601617524398819,3.06593206001171]}},
{"type":"Feature","properties":{"name":"2278"},"geometry":{"type":"Point","coordinates":[-99.843411174871122,5.814526604696525]}},
{"type":"Feature","properties":{"name":"2279"},"geometry":{"type":"Point","coordinates":[-95.030732840152311,7.949636609838937]}},
{"type":"Feature","properties":{"name":"2280"},"geometry":{"type":"Point","coordinates":[-89.66767860589907,10.804761374574404]}},
{"type":"Feature","properties":{"name":"2281"},"geometry":{"type":"Point","coordinates":[-84.274333121419076,13.520531991524924]}},
{"type":"Feature","properties":{"name":"2282"},"geometry":{"type":"Point","coordinates":[-138.385715667966593,-15.857630596371237]}},
{"type":"Feature","properties":{"name":"2283"},"geometry":{"type":"Point","coordinates":[-132.024603796642083,-15.038082085795988]}},
{"type":"Feature","properties":{"name":"2284"},"geometry":{"type":"Point","coordinates":[-126.489139752294264,-11.988167808560322]}},
{"type":"Feature","properties":{"name":"2285"},"geometry":{"type":"Point","coordinates":[-121.109660827265742,-9.107113233803267]}},
{"type":"Feature","properties":{"name":"2286"},"geometry":{"type":"Point","coordinates":[-115.951875882236962,-6.124199889073341]}},
{"type":"Feature","properties":{"name":"2287"},"geometry":{"type":"Point","coordinates":[-110.886541222021762,-3.087911360234963]}},
{"type":"Feature","properties":{"name":"2288"},"geometry":{"type":"Point","coordinates":[-105.777754197226031,0.0]}},
{"type":"Feature","properties":{"name":"2289"},"geometry":{"type":"Point","coordinates":[-101.389456936836439,3.000689682048404]}},
{"type":"Feature","properties":{"name":"2290"},"geometry":{"type":"Point","coordinates":[-96.585094872055024,5.299793226328944]}},
{"type":"Feature","properties":{"name":"2291"},"geometry":{"type":"Point","coordinates":[-91.297140175557487,8.134550600775924]}},
{"type":"Feature","properties":{"name":"2292"},"geometry":{"type":"Point","coordinates":[-85.997535299797562,10.852888878880595]}},
{"type":"Feature","properties":{"name":"2293"},"geometry":{"type":"Point","coordinates":[-80.587069477359009,13.510649800924387]}},
{"type":"Feature","properties":{"name":"2294"},"geometry":{"type":"Point","coordinates":[-141.058327217614419,-17.850720256216047]}},
{"type":"Feature","properties":{"name":"2295"},"geometry":{"type":"Point","coordinates":[-134.742708442868576,-16.89567890754569]}},
{"type":"Feature","properties":{"name":"2296"},"geometry":{"type":"Point","coordinates":[-128.707652962666174,-14.927431456262042]}},
{"type":"Feature","properties":{"name":"2297"},"geometry":{"type":"Point","coordinates":[-123.174501042591402,-12.047071515031247]}},
{"type":"Feature","properties":{"name":"2298"},"geometry":{"type":"Point","coordinates":[-117.885947995317622,-9.129577591340768]}},
{"type":"Feature","properties":{"name":"2299"},"geometry":{"type":"Point","coordinates":[-112.776164344008407,-6.127908974337624]}},
{"type":"Feature","properties":{"name":"2300"},"geometry":{"type":"Point","coordinates":[-107.756598303585108,-3.084420514746621]}},
{"type":"Feature","properties":{"name":"2301"},"geometry":{"type":"Point","coordinates":[-102.715363227630107,0.0]}},
{"type":"Feature","properties":{"name":"2302"},"geometry":{"type":"Point","coordinates":[-98.123962548508345,2.649900676306485]}},
{"type":"Feature","properties":{"name":"2303"},"geometry":{"type":"Point","coordinates":[-92.90786559895956,5.44931438309154]}},
{"type":"Feature","properties":{"name":"2304"},"geometry":{"type":"Point","coordinates":[-87.684712733624949,8.169237728133943]}},
{"type":"Feature","properties":{"name":"2305"},"geometry":{"type":"Point","coordinates":[-82.36807879821572,10.845773605500963]}},
{"type":"Feature","properties":{"name":"2306"},"geometry":{"type":"Point","coordinates":[-143.765029747833381,-19.839930894564851]}},
{"type":"Feature","properties":{"name":"2307"},"geometry":{"type":"Point","coordinates":[-137.4411630386696,-18.884784085728011]}},
{"type":"Feature","properties":{"name":"2308"},"geometry":{"type":"Point","coordinates":[-130.979822066866575,-17.979329774477058]}},
{"type":"Feature","properties":{"name":"2309"},"geometry":{"type":"Point","coordinates":[-125.346007001535924,-14.944601661100508]}},
{"type":"Feature","properties":{"name":"2310"},"geometry":{"type":"Point","coordinates":[-119.858545533394761,-12.108097955048674]}},
{"type":"Feature","properties":{"name":"2311"},"geometry":{"type":"Point","coordinates":[-114.660410457284613,-9.136642889699496]}},
{"type":"Feature","properties":{"name":"2312"},"geometry":{"type":"Point","coordinates":[-109.589339433287634,-6.116768897618454]}},
{"type":"Feature","properties":{"name":"2313"},"geometry":{"type":"Point","coordinates":[-104.60161752439879,-3.065932060011707]}},
{"type":"Feature","properties":{"name":"2314"},"geometry":{"type":"Point","coordinates":[-99.655157447889309,0.0]}},
{"type":"Feature","properties":{"name":"2315"},"geometry":{"type":"Point","coordinates":[-94.521895972237331,2.741127804682062]}},
{"type":"Feature","properties":{"name":"2316"},"geometry":{"type":"Point","coordinates":[-89.351771416416426,5.46719294548573]}},
{"type":"Feature","properties":{"name":"2317"},"geometry":{"type":"Point","coordinates":[-84.107337219382686,8.162493880578019]}},
{"type":"Feature","properties":{"name":"2318"},"geometry":{"type":"Point","coordinates":[-140.152043136901682,-20.916846977395622]}},
{"type":"Feature","properties":{"name":"2319"},"geometry":{"type":"Point","coordinates":[-133.739771147195654,-19.870270926477058]}},
{"type":"Feature","properties":{"name":"2320"},"geometry":{"type":"Point","coordinates":[-127.594173929525624,-17.862226641476944]}},
{"type":"Feature","properties":{"name":"2321"},"geometry":{"type":"Point","coordinates":[-121.972306270566762,-15.007803277814713]}},
{"type":"Feature","properties":{"name":"2322"},"geometry":{"type":"Point","coordinates":[-116.583065745967758,-12.123638349488566]}},
{"type":"Feature","properties":{"name":"2323"},"geometry":{"type":"Point","coordinates":[-111.426507594556938,-9.123978353396549]}},
{"type":"Feature","properties":{"name":"2324"},"geometry":{"type":"Point","coordinates":[-106.380342041377403,-6.081759413519957]}},
{"type":"Feature","properties":{"name":"2325"},"geometry":{"type":"Point","coordinates":[-101.389456936836424,-3.000689682048388]}},
{"type":"Feature","properties":{"name":"2326"},"geometry":{"type":"Point","coordinates":[-96.189730681891916,0.0]}},
{"type":"Feature","properties":{"name":"2327"},"geometry":{"type":"Point","coordinates":[-91.019568362353496,2.743987707055731]}},
{"type":"Feature","properties":{"name":"2328"},"geometry":{"type":"Point","coordinates":[-85.820286528896389,5.460174641131839]}},
{"type":"Feature","properties":{"name":"2329"},"geometry":{"type":"Point","coordinates":[-80.536962076889992,8.136049607943541]}},
{"type":"Feature","properties":{"name":"2330"},"geometry":{"type":"Point","coordinates":[-142.902700939365758,-22.940217902977704]}},
{"type":"Feature","properties":{"name":"2331"},"geometry":{"type":"Point","coordinates":[-136.473580665409941,-21.906470581560896]}},
{"type":"Feature","properties":{"name":"2332"},"geometry":{"type":"Point","coordinates":[-129.904468811434896,-20.90194265427505]}},
{"type":"Feature","properties":{"name":"2333"},"geometry":{"type":"Point","coordinates":[-124.162287049790109,-17.888053720594758]}},
{"type":"Feature","properties":{"name":"2334"},"geometry":{"type":"Point","coordinates":[-118.601041132952417,-15.06826812817877]}},
{"type":"Feature","properties":{"name":"2335"},"geometry":{"type":"Point","coordinates":[-113.302779598210449,-12.115983400197837]}},
{"type":"Feature","properties":{"name":"2336"},"geometry":{"type":"Point","coordinates":[-108.176708247381768,-9.08390851405821]}},
{"type":"Feature","properties":{"name":"2337"},"geometry":{"type":"Point","coordinates":[-103.134912690775238,-6.001364210797417]}},
{"type":"Feature","properties":{"name":"2338"},"geometry":{"type":"Point","coordinates":[-98.123962548508331,-2.649900676306461]}},
{"type":"Feature","properties":{"name":"2339"},"geometry":{"type":"Point","coordinates":[-92.721129521816636,0.0]}},
{"type":"Feature","properties":{"name":"2340"},"geometry":{"type":"Point","coordinates":[-87.525175666026044,2.738578152970811]}},
{"type":"Feature","properties":{"name":"2341"},"geometry":{"type":"Point","coordinates":[-82.289811497995231,5.442182272873321]}},
{"type":"Feature","properties":{"name":"2342"},"geometry":{"type":"Point","coordinates":[-145.716274464541613,-24.922880543654102]}},
{"type":"Feature","properties":{"name":"2343"},"geometry":{"type":"Point","coordinates":[-139.221124456716865,-23.983112367948888]}},
{"type":"Feature","properties":{"name":"2344"},"geometry":{"type":"Point","coordinates":[-132.706406825073174,-22.834802259343665]}},
{"type":"Feature","properties":{"name":"2345"},"geometry":{"type":"Point","coordinates":[-126.440083219001153,-20.782615569887248]}},
{"type":"Feature","properties":{"name":"2346"},"geometry":{"type":"Point","coordinates":[-120.723036061592737,-17.958619697765592]}},
{"type":"Feature","properties":{"name":"2347"},"geometry":{"type":"Point","coordinates":[-115.238250106650568,-15.096070095088411]}},
{"type":"Feature","properties":{"name":"2348"},"geometry":{"type":"Point","coordinates":[-110.012101878119609,-12.078933280138452]}},
{"type":"Feature","properties":{"name":"2349"},"geometry":{"type":"Point","coordinates":[-104.902958984470246,-9.001946840054204]}},
{"type":"Feature","properties":{"name":"2350"},"geometry":{"type":"Point","coordinates":[-99.843411174871093,-5.81452660469652]}},
{"type":"Feature","properties":{"name":"2351"},"geometry":{"type":"Point","coordinates":[-94.521895972237331,-2.741127804682014]}},
{"type":"Feature","properties":{"name":"2352"},"geometry":{"type":"Point","coordinates":[-89.24615330706537,0.0]}},
{"type":"Feature","properties":{"name":"2353"},"geometry":{"type":"Point","coordinates":[-84.024858777861894,2.729312921742407]}},
{"type":"Feature","properties":{"name":"2354"},"geometry":{"type":"Point","coordinates":[-142.015069423608622,-26.044032197779615]}},
{"type":"Feature","properties":{"name":"2355"},"geometry":{"type":"Point","coordinates":[-135.471670111618749,-24.927282601494014]}},
{"type":"Feature","properties":{"name":"2356"},"geometry":{"type":"Point","coordinates":[-128.79054324824051,-23.807007669065282]}},
{"type":"Feature","properties":{"name":"2357"},"geometry":{"type":"Point","coordinates":[-122.929555453418175,-20.823694832043625]}},
{"type":"Feature","properties":{"name":"2358"},"geometry":{"type":"Point","coordinates":[-117.291371546272543,-18.019567397251389]}},
{"type":"Feature","properties":{"name":"2359"},"geometry":{"type":"Point","coordinates":[-111.901979300761255,-15.068283767616693]}},
{"type":"Feature","properties":{"name":"2360"},"geometry":{"type":"Point","coordinates":[-106.705599270205141,-12.002233347874608]}},
{"type":"Feature","properties":{"name":"2361"},"geometry":{"type":"Point","coordinates":[-101.599748278626663,-8.848414381196314]}},
{"type":"Feature","properties":{"name":"2362"},"geometry":{"type":"Point","coordinates":[-96.585094872055009,-5.299793226328909]}},
{"type":"Feature","properties":{"name":"2363"},"geometry":{"type":"Point","coordinates":[-91.019568362353496,-2.74398770705572]}},
{"type":"Feature","properties":{"name":"2364"},"geometry":{"type":"Point","coordinates":[-85.761548236919538,0.0]}},
{"type":"Feature","properties":{"name":"2365"},"geometry":{"type":"Point","coordinates":[-80.512322323169727,2.717006160413503]}},
{"type":"Feature","properties":{"name":"2366"},"geometry":{"type":"Point","coordinates":[-144.882187542213643,-28.056666048154323]}},
{"type":"Feature","properties":{"name":"2367"},"geometry":{"type":"Point","coordinates":[-138.25170311407598,-27.053916531108005]}},
{"type":"Feature","properties":{"name":"2368"},"geometry":{"type":"Point","coordinates":[-131.631891219787576,-25.793567082948378]}},
{"type":"Feature","properties":{"name":"2369"},"geometry":{"type":"Point","coordinates":[-125.235976239987139,-23.693110795289247]}},
{"type":"Feature","properties":{"name":"2370"},"geometry":{"type":"Point","coordinates":[-119.419237310691969,-20.905416243615726]}},
{"type":"Feature","properties":{"name":"2371"},"geometry":{"type":"Point","coordinates":[-113.872436038102109,-18.039601133639877]}},
{"type":"Feature","properties":{"name":"2372"},"geometry":{"type":"Point","coordinates":[-108.555724509856077,-15.001817170048685]}},
{"type":"Feature","properties":{"name":"2373"},"geometry":{"type":"Point","coordinates":[-103.379472292436475,-11.868123182831013]}},
{"type":"Feature","properties":{"name":"2374"},"geometry":{"type":"Point","coordinates":[-98.278211892703098,-8.555795089598238]}},
{"type":"Feature","properties":{"name":"2375"},"geometry":{"type":"Point","coordinates":[-92.90786559895956,-5.449314383091483]}},
{"type":"Feature","properties":{"name":"2376"},"geometry":{"type":"Point","coordinates":[-87.525175666026044,-2.738578152970794]}},
{"type":"Feature","properties":{"name":"2377"},"geometry":{"type":"Point","coordinates":[-82.263979255074361,0.0]}},
{"type":"Feature","properties":{"name":"2378"},"geometry":{"type":"Point","coordinates":[-147.84484255211072,-30.0]}},
{"type":"Feature","properties":{"name":"2379"},"geometry":{"type":"Point","coordinates":[-141.086302536588249,-29.154826593076599]}},
{"type":"Feature","properties":{"name":"2380"},"geometry":{"type":"Point","coordinates":[-134.419868963227287,-27.95281340793845]}},
{"type":"Feature","properties":{"name":"2381"},"geometry":{"type":"Point","coordinates":[-127.629113460613837,-26.69537413699431]}},
{"type":"Feature","properties":{"name":"2382"},"geometry":{"type":"Point","coordinates":[-121.639308305762242,-23.758944785448858]}},
{"type":"Feature","properties":{"name":"2383"},"geometry":{"type":"Point","coordinates":[-115.923362043814436,-20.967729706829921]}},
{"type":"Feature","properties":{"name":"2384"},"geometry":{"type":"Point","coordinates":[-110.467474411460998,-18.0]}},
{"type":"Feature","properties":{"name":"2385"},"geometry":{"type":"Point","coordinates":[-105.196506041574125,-14.884806122760414]}},
{"type":"Feature","properties":{"name":"2386"},"geometry":{"type":"Point","coordinates":[-100.036116435017291,-11.644043428737877]}},
{"type":"Feature","properties":{"name":"2387"},"geometry":{"type":"Point","coordinates":[-95.030732840152311,-7.94963660983893]}},
{"type":"Feature","properties":{"name":"2388"},"geometry":{"type":"Point","coordinates":[-89.351771416416426,-5.467192945485648]}},
{"type":"Feature","properties":{"name":"2389"},"geometry":{"type":"Point","coordinates":[-84.02485877786188,-2.72931292174239]}},
{"type":"Feature","properties":{"name":"2390"},"geometry":{"type":"Point","coordinates":[-144.006714747613444,-31.198206034160535]}},
{"type":"Feature","properties":{"name":"2391"},"geometry":{"type":"Point","coordinates":[-137.223992572018233,-30.133598132123943]}},
{"type":"Feature","properties":{"name":"2392"},"geometry":{"type":"Point","coordinates":[-130.501203060103194,-28.753053066992461]}},
{"type":"Feature","properties":{"name":"2393"},"geometry":{"type":"Point","coordinates":[-123.971315937678895,-26.60138795562553]}},
{"type":"Feature","properties":{"name":"2394"},"geometry":{"type":"Point","coordinates":[-118.05477641373929,-23.856183921084629]}},
{"type":"Feature","properties":{"name":"2395"},"geometry":{"type":"Point","coordinates":[-112.445188028899125,-20.978789929019204]}},
{"type":"Feature","properties":{"name":"2396"},"geometry":{"type":"Point","coordinates":[-107.065186754964913,-17.900984056728827]}},
{"type":"Feature","properties":{"name":"2397"},"geometry":{"type":"Point","coordinates":[-101.824478915918903,-14.698056430368659]}},
{"type":"Feature","properties":{"name":"2398"},"geometry":{"type":"Point","coordinates":[-96.698109197153272,-11.266125297197892]}},
{"type":"Feature","properties":{"name":"2399"},"geometry":{"type":"Point","coordinates":[-91.297140175557502,-8.134550600775915]}},
{"type":"Feature","properties":{"name":"2400"},"geometry":{"type":"Point","coordinates":[-85.820286528896389,-5.460174641131823]}},
{"type":"Feature","properties":{"name":"2401"},"geometry":{"type":"Point","coordinates":[-80.512322323169727,-2.717006160413482]}},
{"type":"Feature","properties":{"name":"2402"},"geometry":{"type":"Point","coordinates":[-147.038370731332662,-33.164463474943958]}},
{"type":"Feature","properties":{"name":"2403"},"geometry":{"type":"Point","coordinates":[-140.093613055497713,-32.274919874523292]}},
{"type":"Feature","properties":{"name":"2404"},"geometry":{"type":"Point","coordinates":[-133.294022679328378,-30.989642383264432]}},
{"type":"Feature","properties":{"name":"2405"},"geometry":{"type":"Point","coordinates":[-126.410029402990418,-29.567619477667197]}},
{"type":"Feature","properties":{"name":"2406"},"geometry":{"type":"Point","coordinates":[-120.284801895778671,-26.705448440317479]}},
{"type":"Feature","properties":{"name":"2407"},"geometry":{"type":"Point","coordinates":[-114.493265109879914,-23.920097065362413]}},
{"type":"Feature","properties":{"name":"2408"},"geometry":{"type":"Point","coordinates":[-108.984518567471483,-20.920804685616616]}},
{"type":"Feature","properties":{"name":"2409"},"geometry":{"type":"Point","coordinates":[-103.65428190901271,-17.74207480273888]}},
{"type":"Feature","properties":{"name":"2410"},"geometry":{"type":"Point","coordinates":[-98.44775096160626,-14.409229221827953]}},
{"type":"Feature","properties":{"name":"2411"},"geometry":{"type":"Point","coordinates":[-93.452751792934478,-10.599322177078962]}},
{"type":"Feature","properties":{"name":"2412"},"geometry":{"type":"Point","coordinates":[-87.684712733624949,-8.169237728133849]}},
{"type":"Feature","properties":{"name":"2413"},"geometry":{"type":"Point","coordinates":[-82.289811497995231,-5.442182272873307]}},
{"type":"Feature","properties":{"name":"2414"},"geometry":{"type":"Point","coordinates":[-150.202613762640823,-35.039188356556828]}},
{"type":"Feature","properties":{"name":"2415"},"geometry":{"type":"Point","coordinates":[-143.065254085538896,-34.348004132704624]}},
{"type":"Feature","properties":{"name":"2416"},"geometry":{"type":"Point","coordinates":[-136.107009585375522,-33.224915510436844]}},
{"type":"Feature","properties":{"name":"2417"},"geometry":{"type":"Point","coordinates":[-129.288428479370708,-31.724298801980574]}},
{"type":"Feature","properties":{"name":"2418"},"geometry":{"type":"Point","coordinates":[-122.635822270022175,-29.523258735070602]}},
{"type":"Feature","properties":{"name":"2419"},"geometry":{"type":"Point","coordinates":[-116.628237882290492,-26.822272958649044]}},
{"type":"Feature","properties":{"name":"2420"},"geometry":{"type":"Point","coordinates":[-110.954603882494538,-23.919928892794658]}},
{"type":"Feature","properties":{"name":"2421"},"geometry":{"type":"Point","coordinates":[-105.540367297031537,-20.783388451759848]}},
{"type":"Feature","properties":{"name":"2422"},"geometry":{"type":"Point","coordinates":[-100.238185070926889,-17.503887910528757]}},
{"type":"Feature","properties":{"name":"2423"},"geometry":{"type":"Point","coordinates":[-95.094321948123095,-13.961277006988395]}},
{"type":"Feature","properties":{"name":"2424"},"geometry":{"type":"Point","coordinates":[-89.667678605899084,-10.804761374574314]}},
{"type":"Feature","properties":{"name":"2425"},"geometry":{"type":"Point","coordinates":[-84.107337219382686,-8.162493880577903]}},
{"type":"Feature","properties":{"name":"2426"},"geometry":{"type":"Point","coordinates":[-146.167723378354708,-36.335904320805135]}},
{"type":"Feature","properties":{"name":"2427"},"geometry":{"type":"Point","coordinates":[-139.00175994906499,-35.403153368428349]}},
{"type":"Feature","properties":{"name":"2428"},"geometry":{"type":"Point","coordinates":[-132.050311708115174,-34.043048684781894]}},
{"type":"Feature","properties":{"name":"2429"},"geometry":{"type":"Point","coordinates":[-125.121569920771904,-32.424001078834799]}},
{"type":"Feature","properties":{"name":"2430"},"geometry":{"type":"Point","coordinates":[-118.868464297834137,-29.682864106111445]}},
{"type":"Feature","properties":{"name":"2431"},"geometry":{"type":"Point","coordinates":[-113.003809593611578,-26.886290765810106]}},
{"type":"Feature","properties":{"name":"2432"},"geometry":{"type":"Point","coordinates":[-107.436561782822665,-23.839940899825113]}},
{"type":"Feature","properties":{"name":"2433"},"geometry":{"type":"Point","coordinates":[-102.076259573032146,-20.581908092951846]}},
{"type":"Feature","properties":{"name":"2434"},"geometry":{"type":"Point","coordinates":[-96.828873095066839,-17.155858823551181]}},
{"type":"Feature","properties":{"name":"2435"},"geometry":{"type":"Point","coordinates":[-91.842558475393645,-13.248635279737936]}},
{"type":"Feature","properties":{"name":"2436"},"geometry":{"type":"Point","coordinates":[-85.997535299797562,-10.852888878880572]}},
{"type":"Feature","properties":{"name":"2437"},"geometry":{"type":"Point","coordinates":[-80.536962076889992,-8.136049607943391]}},
{"type":"Feature","properties":{"name":"2438"},"geometry":{"type":"Point","coordinates":[-149.424915573514312,-38.225733540468319]}},
{"type":"Feature","properties":{"name":"2439"},"geometry":{"type":"Point","coordinates":[-142.020266850617475,-37.502129221839397]}},
{"type":"Feature","properties":{"name":"2440"},"geometry":{"type":"Point","coordinates":[-134.84683903238988,-36.323505731115752]}},
{"type":"Feature","properties":{"name":"2441"},"geometry":{"type":"Point","coordinates":[-127.928885462896602,-34.724394300910085]}},
{"type":"Feature","properties":{"name":"2442"},"geometry":{"type":"Point","coordinates":[-121.234580960428644,-32.498442348083451]}},
{"type":"Feature","properties":{"name":"2443"},"geometry":{"type":"Point","coordinates":[-115.153103467619189,-29.820028193296675]}},
{"type":"Feature","properties":{"name":"2444"},"geometry":{"type":"Point","coordinates":[-109.405950547717623,-26.870799791993647]}},
{"type":"Feature","properties":{"name":"2445"},"geometry":{"type":"Point","coordinates":[-103.937245606371775,-23.671601189482342]}},
{"type":"Feature","properties":{"name":"2446"},"geometry":{"type":"Point","coordinates":[-98.614727231607247,-20.29377673220219]}},
{"type":"Feature","properties":{"name":"2447"},"geometry":{"type":"Point","coordinates":[-93.456560618095281,-16.64820878994378]}},
{"type":"Feature","properties":{"name":"2448"},"geometry":{"type":"Point","coordinates":[-88.00489178442372,-13.464136298379415]}},
{"type":"Feature","properties":{"name":"2449"},"geometry":{"type":"Point","coordinates":[-82.36807879821572,-10.845773605500831]}},
{"type":"Feature","properties":{"name":"2450"},"geometry":{"type":"Point","coordinates":[-152.857103247946185,-40.005481779570069]}},
{"type":"Feature","properties":{"name":"2451"},"geometry":{"type":"Point","coordinates":[-145.194546129152059,-39.508852367265284]}},
{"type":"Feature","properties":{"name":"2452"},"geometry":{"type":"Point","coordinates":[-137.752046202911401,-38.528489141589034]}},
{"type":"Feature","properties":{"name":"2453"},"geometry":{"type":"Point","coordinates":[-130.591461738783579,-37.100317470426518]}},
{"type":"Feature","properties":{"name":"2454"},"geometry":{"type":"Point","coordinates":[-123.75,-35.264389682754654]}},
{"type":"Feature","properties":{"name":"2455"},"geometry":{"type":"Point","coordinates":[-117.435039750388412,-32.72451256010401]}},
{"type":"Feature","properties":{"name":"2456"},"geometry":{"type":"Point","coordinates":[-111.474468333781545,-29.878695340962476]}},
{"type":"Feature","properties":{"name":"2457"},"geometry":{"type":"Point","coordinates":[-105.830119549864534,-26.763641053329074]}},
{"type":"Feature","properties":{"name":"2458"},"geometry":{"type":"Point","coordinates":[-100.455556714077716,-23.410113762746938]}},
{"type":"Feature","properties":{"name":"2459"},"geometry":{"type":"Point","coordinates":[-95.170341870009139,-19.890885572874659]}},
{"type":"Feature","properties":{"name":"2460"},"geometry":{"type":"Point","coordinates":[-90.190907974387784,-15.897211004144737]}},
{"type":"Feature","properties":{"name":"2461"},"geometry":{"type":"Point","coordinates":[-84.274333121419076,-13.520531991524912]}},
{"type":"Feature","properties":{"name":"2462"},"geometry":{"type":"Point","coordinates":[-148.551037915331648,-41.412206989824696]}},
{"type":"Feature","properties":{"name":"2463"},"geometry":{"type":"Point","coordinates":[-140.811242009125891,-40.646201478585084]}},
{"type":"Feature","properties":{"name":"2464"},"geometry":{"type":"Point","coordinates":[-133.337940245377013,-39.397169423945897]}},
{"type":"Feature","properties":{"name":"2465"},"geometry":{"type":"Point","coordinates":[-126.116765361005577,-37.660904419207853]}},
{"type":"Feature","properties":{"name":"2466"},"geometry":{"type":"Point","coordinates":[-120.019035389731442,-35.620470835163026]}},
{"type":"Feature","properties":{"name":"2467"},"geometry":{"type":"Point","coordinates":[-113.690925949803002,-32.870760853306493]}},
{"type":"Feature","properties":{"name":"2468"},"geometry":{"type":"Point","coordinates":[-107.820872759884892,-29.840751478168961]}},
{"type":"Feature","properties":{"name":"2469"},"geometry":{"type":"Point","coordinates":[-102.273843313946614,-26.558837885645197]}},
{"type":"Feature","properties":{"name":"2470"},"geometry":{"type":"Point","coordinates":[-96.945023192303367,-23.073195154872465]}},
{"type":"Feature","properties":{"name":"2471"},"geometry":{"type":"Point","coordinates":[-91.773934715660573,-19.330225711503058]}},
{"type":"Feature","properties":{"name":"2472"},"geometry":{"type":"Point","coordinates":[-86.296355889631542,-16.114699459824454]}},
{"type":"Feature","properties":{"name":"2473"},"geometry":{"type":"Point","coordinates":[-80.587069477358995,-13.510649800924249]}},
{"type":"Feature","properties":{"name":"2474"},"geometry":{"type":"Point","coordinates":[-152.112354656132538,-43.20046415664833]}},
{"type":"Feature","properties":{"name":"2475"},"geometry":{"type":"Point","coordinates":[-144.058294767659447,-42.667983413778686]}},
{"type":"Feature","properties":{"name":"2476"},"geometry":{"type":"Point","coordinates":[-136.23919386394536,-41.611702106214082]}},
{"type":"Feature","properties":{"name":"2477"},"geometry":{"type":"Point","coordinates":[-128.641626123669795,-40.008655864211867]}},
{"type":"Feature","properties":{"name":"2478"},"geometry":{"type":"Point","coordinates":[-122.075826533171465,-38.460685183617251]}},
{"type":"Feature","properties":{"name":"2479"},"geometry":{"type":"Point","coordinates":[-116.257477529839306,-35.860755842735195]}},
{"type":"Feature","properties":{"name":"2480"},"geometry":{"type":"Point","coordinates":[-109.969020308884765,-32.91101718563101]}},
{"type":"Feature","properties":{"name":"2481"},"geometry":{"type":"Point","coordinates":[-104.186729026848255,-29.699175673430418]}},
{"type":"Feature","properties":{"name":"2482"},"geometry":{"type":"Point","coordinates":[-98.736293116516933,-26.253362169258811]}},
{"type":"Feature","properties":{"name":"2483"},"geometry":{"type":"Point","coordinates":[-93.461179984632011,-22.618420822329185]}},
{"type":"Feature","properties":{"name":"2484"},"geometry":{"type":"Point","coordinates":[-88.487695926466202,-18.544481401731456]}},
{"type":"Feature","properties":{"name":"2485"},"geometry":{"type":"Point","coordinates":[-82.501122757975693,-16.173622605376206]}},
{"type":"Feature","properties":{"name":"2486"},"geometry":{"type":"Point","coordinates":[-155.89756493541617,-44.860387238500145]}},
{"type":"Feature","properties":{"name":"2487"},"geometry":{"type":"Point","coordinates":[-147.521750450834304,-44.583861534278]}},
{"type":"Feature","properties":{"name":"2488"},"geometry":{"type":"Point","coordinates":[-139.33565850593601,-43.740786145072875]}},
{"type":"Feature","properties":{"name":"2489"},"geometry":{"type":"Point","coordinates":[-131.348068595030156,-42.300980330186903]}},
{"type":"Feature","properties":{"name":"2490"},"geometry":{"type":"Point","coordinates":[-124.543375990058408,-41.048487762970744]}},
{"type":"Feature","properties":{"name":"2491"},"geometry":{"type":"Point","coordinates":[-117.996105067696249,-38.839501391199391]}},
{"type":"Feature","properties":{"name":"2492"},"geometry":{"type":"Point","coordinates":[-112.473261391934287,-35.983302905913888]}},
{"type":"Feature","properties":{"name":"2493"},"geometry":{"type":"Point","coordinates":[-106.25900648147028,-32.839409759312893]}},
{"type":"Feature","properties":{"name":"2494"},"geometry":{"type":"Point","coordinates":[-100.57039097255047,-29.450983089479113]}},
{"type":"Feature","properties":{"name":"2495"},"geometry":{"type":"Point","coordinates":[-95.217696202484305,-25.845749727808748]}},
{"type":"Feature","properties":{"name":"2496"},"geometry":{"type":"Point","coordinates":[-90.034728592654801,-22.008799301604427]}},
{"type":"Feature","properties":{"name":"2497"},"geometry":{"type":"Point","coordinates":[-84.529946642948289,-18.757164570587204]}},
{"type":"Feature","properties":{"name":"2498"},"geometry":{"type":"Point","coordinates":[-151.226750645104318,-46.381543027784396]}},
{"type":"Feature","properties":{"name":"2499"},"geometry":{"type":"Point","coordinates":[-142.659903842044173,-45.776883196973216]}},
{"type":"Feature","properties":{"name":"2500"},"geometry":{"type":"Point","coordinates":[-134.262384585105366,-44.529621964661629]}},
{"type":"Feature","properties":{"name":"2501"},"geometry":{"type":"Point","coordinates":[-127.199441229777975,-43.511458835497208]}},
{"type":"Feature","properties":{"name":"2502"},"geometry":{"type":"Point","coordinates":[-120.245166924139184,-41.633841349766286]}},
{"type":"Feature","properties":{"name":"2503"},"geometry":{"type":"Point","coordinates":[-113.95328836265297,-39.035953973873156]}},
{"type":"Feature","properties":{"name":"2504"},"geometry":{"type":"Point","coordinates":[-108.674830597697792,-35.986663258922661]}},
{"type":"Feature","properties":{"name":"2505"},"geometry":{"type":"Point","coordinates":[-102.559618871364862,-32.654090432415245]}},
{"type":"Feature","properties":{"name":"2506"},"geometry":{"type":"Point","coordinates":[-96.97243661080735,-29.094970144608467]}},
{"type":"Feature","properties":{"name":"2507"},"geometry":{"type":"Point","coordinates":[-91.688819182347146,-25.340779702009861]}},
{"type":"Feature","properties":{"name":"2508"},"geometry":{"type":"Point","coordinates":[-86.721717632200878,-21.18961094148375]}},
{"type":"Feature","properties":{"name":"2509"},"geometry":{"type":"Point","coordinates":[-80.664347905252058,-18.812686660922559]}},
{"type":"Feature","properties":{"name":"2510"},"geometry":{"type":"Point","coordinates":[-155.194987944122886,-48.046203307221042]}},
{"type":"Feature","properties":{"name":"2511"},"geometry":{"type":"Point","coordinates":[-146.241915054172239,-47.708708955078237]}},
{"type":"Feature","properties":{"name":"2512"},"geometry":{"type":"Point","coordinates":[-137.413719473864802,-46.684415105978438]}},
{"type":"Feature","properties":{"name":"2513"},"geometry":{"type":"Point","coordinates":[-130.060542280774143,-45.885245253973821]}},
{"type":"Feature","properties":{"name":"2514"},"geometry":{"type":"Point","coordinates":[-122.753479029016489,-44.29007286796827]}},
{"type":"Feature","properties":{"name":"2515"},"geometry":{"type":"Point","coordinates":[-115.937144725381316,-41.967112722858246]}},
{"type":"Feature","properties":{"name":"2516"},"geometry":{"type":"Point","coordinates":[-109.928354345274983,-39.086752492381571]}},
{"type":"Feature","properties":{"name":"2517"},"geometry":{"type":"Point","coordinates":[-104.870882316061639,-35.869910946227421]}},
{"type":"Feature","properties":{"name":"2518"},"geometry":{"type":"Point","coordinates":[-98.873294986295818,-32.354530273188246]}},
{"type":"Feature","properties":{"name":"2519"},"geometry":{"type":"Point","coordinates":[-93.394567225757456,-28.630872239820224]}},
{"type":"Feature","properties":{"name":"2520"},"geometry":{"type":"Point","coordinates":[-88.226023681477088,-24.684278306440198]}},
{"type":"Feature","properties":{"name":"2521"},"geometry":{"type":"Point","coordinates":[-82.692948058067742,-21.391321692134351]}},
{"type":"Feature","properties":{"name":"2522"},"geometry":{"type":"Point","coordinates":[-159.443466512793918,-49.5605292395148]}},
{"type":"Feature","properties":{"name":"2523"},"geometry":{"type":"Point","coordinates":[-150.109933476488209,-49.521662718245182]}},
{"type":"Feature","properties":{"name":"2524"},"geometry":{"type":"Point","coordinates":[-140.833847384232229,-48.752923259643183]}},
{"type":"Feature","properties":{"name":"2525"},"geometry":{"type":"Point","coordinates":[-133.161412396802604,-48.176281187363529]}},
{"type":"Feature","properties":{"name":"2526"},"geometry":{"type":"Point","coordinates":[-125.492857871920847,-46.841040636752005]}},
{"type":"Feature","properties":{"name":"2527"},"geometry":{"type":"Point","coordinates":[-118.221864792645107,-44.780693410769523]}},
{"type":"Feature","properties":{"name":"2528"},"geometry":{"type":"Point","coordinates":[-111.644494893346419,-42.11146729133592]}},
{"type":"Feature","properties":{"name":"2529"},"geometry":{"type":"Point","coordinates":[-105.916791351029389,-39.001559216454865]}},
{"type":"Feature","properties":{"name":"2530"},"geometry":{"type":"Point","coordinates":[-101.070094598850574,-35.6326535422848]}},
{"type":"Feature","properties":{"name":"2531"},"geometry":{"type":"Point","coordinates":[-95.203954451804464,-31.94087433724491]}},
{"type":"Feature","properties":{"name":"2532"},"geometry":{"type":"Point","coordinates":[-89.838904021828725,-28.058998600227078]}},
{"type":"Feature","properties":{"name":"2533"},"geometry":{"type":"Point","coordinates":[-84.880384203499403,-23.83141598752762]}},
{"type":"Feature","properties":{"name":"2534"},"geometry":{"type":"Point","coordinates":[-154.289420380206991,-51.198005606193476]}},
{"type":"Feature","properties":{"name":"2535"},"geometry":{"type":"Point","coordinates":[-144.556487766397538,-50.720049771628744]}},
{"type":"Feature","properties":{"name":"2536"},"geometry":{"type":"Point","coordinates":[-136.5417237938249,-50.379685777186822]}},
{"type":"Feature","properties":{"name":"2537"},"geometry":{"type":"Point","coordinates":[-128.484859641515754,-49.300028612579048]}},
{"type":"Feature","properties":{"name":"2538"},"geometry":{"type":"Point","coordinates":[-120.762748548083209,-47.494016509123703]}},
{"type":"Feature","properties":{"name":"2539"},"geometry":{"type":"Point","coordinates":[-113.669877518693895,-45.046281702586803]}},
{"type":"Feature","properties":{"name":"2540"},"geometry":{"type":"Point","coordinates":[-107.373469570633546,-42.091271476746293]}},
{"type":"Feature","properties":{"name":"2541"},"geometry":{"type":"Point","coordinates":[-101.921726661165764,-38.784004631566013]}},
{"type":"Feature","properties":{"name":"2542"},"geometry":{"type":"Point","coordinates":[-97.280851076508753,-35.275022786260756]}},
{"type":"Feature","properties":{"name":"2543"},"geometry":{"type":"Point","coordinates":[-91.555925913249325,-31.413731478082525]}},
{"type":"Feature","properties":{"name":"2544"},"geometry":{"type":"Point","coordinates":[-86.333273964982652,-27.356160125183681]}},
{"type":"Feature","properties":{"name":"2545"},"geometry":{"type":"Point","coordinates":[-80.771476725727794,-24.016182891932004]}},
{"type":"Feature","properties":{"name":"2546"},"geometry":{"type":"Point","coordinates":[-158.800738593269443,-52.717005183123511]}},
{"type":"Feature","properties":{"name":"2547"},"geometry":{"type":"Point","coordinates":[-148.615905405971887,-52.567655013246423]}},
{"type":"Feature","properties":{"name":"2548"},"geometry":{"type":"Point","coordinates":[-140.244731244018794,-52.484110554494833]}},
{"type":"Feature","properties":{"name":"2549"},"geometry":{"type":"Point","coordinates":[-131.768658988029927,-51.668262120285029]}},
{"type":"Feature","properties":{"name":"2550"},"geometry":{"type":"Point","coordinates":[-123.570014798733482,-50.117603896080965]}},
{"type":"Feature","properties":{"name":"2551"},"geometry":{"type":"Point","coordinates":[-115.960048080341977,-47.896263602334663]}},
{"type":"Feature","properties":{"name":"2552"},"geometry":{"type":"Point","coordinates":[-109.125545124683185,-45.117377123174712]}},
{"type":"Feature","properties":{"name":"2553"},"geometry":{"type":"Point","coordinates":[-103.1302021165463,-41.917862635964845]}},
{"type":"Feature","properties":{"name":"2554"},"geometry":{"type":"Point","coordinates":[-97.949517534993205,-38.436161175716812]}},
{"type":"Feature","properties":{"name":"2555"},"geometry":{"type":"Point","coordinates":[-93.510978065553005,-34.797645444414314]}},
{"type":"Feature","properties":{"name":"2556"},"geometry":{"type":"Point","coordinates":[-87.933352117916144,-30.774072357125799]}},
{"type":"Feature","properties":{"name":"2557"},"geometry":{"type":"Point","coordinates":[-82.949384074448446,-26.468262825747978]}},
{"type":"Feature","properties":{"name":"2558"},"geometry":{"type":"Point","coordinates":[-163.65574029315863,-54.055229364138533]}},
{"type":"Feature","properties":{"name":"2559"},"geometry":{"type":"Point","coordinates":[-153.044473000581519,-54.274245783636211]}},
{"type":"Feature","properties":{"name":"2560"},"geometry":{"type":"Point","coordinates":[-144.316330752639033,-54.473078000258994]}},
{"type":"Feature","properties":{"name":"2561"},"geometry":{"type":"Point","coordinates":[-135.39357677886926,-53.938794503376329]}},
{"type":"Feature","properties":{"name":"2562"},"geometry":{"type":"Point","coordinates":[-126.679424715706674,-52.654023581582742]}},
{"type":"Feature","properties":{"name":"2563"},"geometry":{"type":"Point","coordinates":[-118.519702864581149,-50.667156820672233]}},
{"type":"Feature","properties":{"name":"2564"},"geometry":{"type":"Point","coordinates":[-111.133959154787121,-48.077376518347585]}},
{"type":"Feature","properties":{"name":"2565"},"geometry":{"type":"Point","coordinates":[-104.60692617464052,-45.010623533474075]}},
{"type":"Feature","properties":{"name":"2566"},"geometry":{"type":"Point","coordinates":[-98.92244386496219,-41.597694736932148]}},
{"type":"Feature","properties":{"name":"2567"},"geometry":{"type":"Point","coordinates":[-94.007613174247922,-37.959831764346227]}},
{"type":"Feature","properties":{"name":"2568"},"geometry":{"type":"Point","coordinates":[-89.76750754388091,-34.201595993631045]}},
{"type":"Feature","properties":{"name":"2569"},"geometry":{"type":"Point","coordinates":[-84.339824594439435,-30.023154364974609]}},
{"type":"Feature","properties":{"name":"2570"},"geometry":{"type":"Point","coordinates":[-157.86887051975495,-55.814845400546346]}},
{"type":"Feature","properties":{"name":"2571"},"geometry":{"type":"Point","coordinates":[-148.802934288230261,-56.325209107243346]}},
{"type":"Feature","properties":{"name":"2572"},"geometry":{"type":"Point","coordinates":[-139.416648181100612,-56.097999227856185]}},
{"type":"Feature","properties":{"name":"2573"},"geometry":{"type":"Point","coordinates":[-130.143411938958025,-55.098754495783126]}},
{"type":"Feature","properties":{"name":"2574"},"geometry":{"type":"Point","coordinates":[-121.381452212044223,-53.360804580158039]}},
{"type":"Feature","properties":{"name":"2575"},"geometry":{"type":"Point","coordinates":[-113.400773853118366,-50.973053875810074]}},
{"type":"Feature","properties":{"name":"2576"},"geometry":{"type":"Point","coordinates":[-106.31815556954345,-48.055643266516689]}},
{"type":"Feature","properties":{"name":"2577"},"geometry":{"type":"Point","coordinates":[-100.129174360931529,-44.736425858017817]}},
{"type":"Feature","properties":{"name":"2578"},"geometry":{"type":"Point","coordinates":[-94.758808898040158,-41.135351444852255]}},
{"type":"Feature","properties":{"name":"2579"},"geometry":{"type":"Point","coordinates":[-90.103415415823818,-37.356971215487114]}},
{"type":"Feature","properties":{"name":"2580"},"geometry":{"type":"Point","coordinates":[-86.056476390535494,-33.488333780449437]}},
{"type":"Feature","properties":{"name":"2581"},"geometry":{"type":"Point","coordinates":[-80.912276260512186,-29.097937009266737]}},
{"type":"Feature","properties":{"name":"2582"},"geometry":{"type":"Point","coordinates":[-163.104737267182173,-57.161201705029988]}},
{"type":"Feature","properties":{"name":"2583"},"geometry":{"type":"Point","coordinates":[-153.747407592851772,-58.014154843762462]}},
{"type":"Feature","properties":{"name":"2584"},"geometry":{"type":"Point","coordinates":[-143.900463264219383,-58.125859091749575]}},
{"type":"Feature","properties":{"name":"2585"},"geometry":{"type":"Point","coordinates":[-134.028433639305803,-57.440568456583478]}},
{"type":"Feature","properties":{"name":"2586"},"geometry":{"type":"Point","coordinates":[-124.598834897472642,-55.973948954941825]}},
{"type":"Feature","properties":{"name":"2587"},"geometry":{"type":"Point","coordinates":[-115.955118442302435,-53.805224324855295]}},
{"type":"Feature","properties":{"name":"2588"},"geometry":{"type":"Point","coordinates":[-108.263611681324875,-51.052067747745241]}},
{"type":"Feature","properties":{"name":"2589"},"geometry":{"type":"Point","coordinates":[-101.5394913826362,-47.843684283034136]}},
{"type":"Feature","properties":{"name":"2590"},"geometry":{"type":"Point","coordinates":[-95.706081467385388,-44.30236246113995]}},
{"type":"Feature","properties":{"name":"2591"},"geometry":{"type":"Point","coordinates":[-90.647840929720459,-40.53477170590611]}},
{"type":"Feature","properties":{"name":"2592"},"geometry":{"type":"Point","coordinates":[-86.243609254358645,-36.629807935154844]}},
{"type":"Feature","properties":{"name":"2593"},"geometry":{"type":"Point","coordinates":[-82.382768253228988,-32.659628031367248]}},
{"type":"Feature","properties":{"name":"2594"},"geometry":{"type":"Point","coordinates":[-78.75,-31.717474411460998]}},
{"type":"Feature","properties":{"name":"2595"},"geometry":{"type":"Point","coordinates":[-73.160175405560707,-30.023154364974655]}},
{"type":"Feature","properties":{"name":"2596"},"geometry":{"type":"Point","coordinates":[-67.661095978171545,-28.058998600227195]}},
{"type":"Feature","properties":{"name":"2597"},"geometry":{"type":"Point","coordinates":[-62.282303797515709,-25.845749727808748]}},
{"type":"Feature","properties":{"name":"2598"},"geometry":{"type":"Point","coordinates":[-57.044443285922156,-23.410113762746882]}},
{"type":"Feature","properties":{"name":"2599"},"geometry":{"type":"Point","coordinates":[-51.959632702968605,-20.783388451759926]}},
{"type":"Feature","properties":{"name":"2600"},"geometry":{"type":"Point","coordinates":[-47.032525588538995,-18.0]}},
{"type":"Feature","properties":{"name":"2601"},"geometry":{"type":"Point","coordinates":[-42.261749893349538,-15.096070095088487]}},
{"type":"Feature","properties":{"name":"2602"},"geometry":{"type":"Point","coordinates":[-37.641454466605111,-12.108097955048583]}},
{"type":"Feature","properties":{"name":"2603"},"geometry":{"type":"Point","coordinates":[-33.162771634054025,-9.071809122964785]}},
{"type":"Feature","properties":{"name":"2604"},"geometry":{"type":"Point","coordinates":[-28.815086600255555,-6.021197802427176]}},
{"type":"Feature","properties":{"name":"2605"},"geometry":{"type":"Point","coordinates":[-24.58707011316331,-2.987772159891211]}},
{"type":"Feature","properties":{"name":"2606"},"geometry":{"type":"Point","coordinates":[-75.117231746770997,-32.659628031367276]}},
{"type":"Feature","properties":{"name":"2607"},"geometry":{"type":"Point","coordinates":[-69.56664788208397,-30.774072357125849]}},
{"type":"Feature","properties":{"name":"2608"},"geometry":{"type":"Point","coordinates":[-64.105432774242516,-28.630872239820203]}},
{"type":"Feature","properties":{"name":"2609"},"geometry":{"type":"Point","coordinates":[-58.76370688348306,-26.253362169258811]}},
{"type":"Feature","properties":{"name":"2610"},"geometry":{"type":"Point","coordinates":[-53.562754393628225,-23.671601189482331]}},
{"type":"Feature","properties":{"name":"2611"},"geometry":{"type":"Point","coordinates":[-48.515481432528638,-20.920804685616694]}},
{"type":"Feature","properties":{"name":"2612"},"geometry":{"type":"Point","coordinates":[-43.627563961897877,-18.039601133639874]}},
{"type":"Feature","properties":{"name":"2613"},"geometry":{"type":"Point","coordinates":[-38.898958867047469,-15.068268128178708]}},
{"type":"Feature","properties":{"name":"2614"},"geometry":{"type":"Point","coordinates":[-34.325498957408584,-12.047071515031249]}},
{"type":"Feature","properties":{"name":"2615"},"geometry":{"type":"Point","coordinates":[-29.900376255770936,-9.01479876075374]}},
{"type":"Feature","properties":{"name":"2616"},"geometry":{"type":"Point","coordinates":[-25.615403046545712,-6.007546990041914]}},
{"type":"Feature","properties":{"name":"2617"},"geometry":{"type":"Point","coordinates":[-21.462007615843312,-3.057798370546814]}},
{"type":"Feature","properties":{"name":"2618"},"geometry":{"type":"Point","coordinates":[-78.75,-34.93279522284292]}},
{"type":"Feature","properties":{"name":"2619"},"geometry":{"type":"Point","coordinates":[-71.443523609464492,-33.488333780449466]}},
{"type":"Feature","properties":{"name":"2620"},"geometry":{"type":"Point","coordinates":[-65.944074086750675,-31.413731478082507]}},
{"type":"Feature","properties":{"name":"2621"},"geometry":{"type":"Point","coordinates":[-60.527563389192629,-29.094970144608467]}},
{"type":"Feature","properties":{"name":"2622"},"geometry":{"type":"Point","coordinates":[-55.226156686053621,-26.5588378856453]}},
{"type":"Feature","properties":{"name":"2623"},"geometry":{"type":"Point","coordinates":[-50.063438217177328,-23.839940899825113]}},
{"type":"Feature","properties":{"name":"2624"},"geometry":{"type":"Point","coordinates":[-45.054811971100875,-20.9787899290192]}},
{"type":"Feature","properties":{"name":"2625"},"geometry":{"type":"Point","coordinates":[-40.208628453727449,-18.019567397251386]}},
{"type":"Feature","properties":{"name":"2626"},"geometry":{"type":"Point","coordinates":[-35.527693729433324,-15.007803277814785]}},
{"type":"Feature","properties":{"name":"2627"},"geometry":{"type":"Point","coordinates":[-31.010860247705747,-11.988167808560307]}},
{"type":"Feature","properties":{"name":"2628"},"geometry":{"type":"Point","coordinates":[-26.654485735232246,-9.002549875614282]}},
{"type":"Feature","properties":{"name":"2629"},"geometry":{"type":"Point","coordinates":[-22.453638442025955,-6.088538378164997]}},
{"type":"Feature","properties":{"name":"2630"},"geometry":{"type":"Point","coordinates":[-82.433750056022575,-35.780842241720556]}},
{"type":"Feature","properties":{"name":"2631"},"geometry":{"type":"Point","coordinates":[-75.066249943977525,-35.780842241720464]}},
{"type":"Feature","properties":{"name":"2632"},"geometry":{"type":"Point","coordinates":[-67.73249245611909,-34.201595993631067]}},
{"type":"Feature","properties":{"name":"2633"},"geometry":{"type":"Point","coordinates":[-62.296045548195551,-31.94087433724491]}},
{"type":"Feature","properties":{"name":"2634"},"geometry":{"type":"Point","coordinates":[-56.929609027449629,-29.450983089479163]}},
{"type":"Feature","properties":{"name":"2635"},"geometry":{"type":"Point","coordinates":[-51.669880450135381,-26.763641053329028]}},
{"type":"Feature","properties":{"name":"2636"},"geometry":{"type":"Point","coordinates":[-46.545396117505447,-23.919928892794644]}},
{"type":"Feature","properties":{"name":"2637"},"geometry":{"type":"Point","coordinates":[-41.576637956185557,-20.967729706829921]}},
{"type":"Feature","properties":{"name":"2638"},"geometry":{"type":"Point","coordinates":[-36.776963938407171,-17.958619697765535]}},
{"type":"Feature","properties":{"name":"2639"},"geometry":{"type":"Point","coordinates":[-32.153992998464076,-14.944601661100506]}},
{"type":"Feature","properties":{"name":"2640"},"geometry":{"type":"Point","coordinates":[-27.71110368604781,-11.975064660679875]}},
{"type":"Feature","properties":{"name":"2641"},"geometry":{"type":"Point","coordinates":[-23.448798050427921,-9.094280387858177]}},
{"type":"Feature","properties":{"name":"2642"},"geometry":{"type":"Point","coordinates":[-78.75,-38.120620982824349]}},
{"type":"Feature","properties":{"name":"2643"},"geometry":{"type":"Point","coordinates":[-71.256390745641269,-36.629807935154915]}},
{"type":"Feature","properties":{"name":"2644"},"geometry":{"type":"Point","coordinates":[-63.989021934446974,-34.797645444414329]}},
{"type":"Feature","properties":{"name":"2645"},"geometry":{"type":"Point","coordinates":[-58.626705013704367,-32.35453027318836]}},
{"type":"Feature","properties":{"name":"2646"},"geometry":{"type":"Point","coordinates":[-53.313270973151909,-29.699175673430506]}},
{"type":"Feature","properties":{"name":"2647"},"geometry":{"type":"Point","coordinates":[-48.094049452282363,-26.870799791993647]}},
{"type":"Feature","properties":{"name":"2648"},"geometry":{"type":"Point","coordinates":[-43.006734890120093,-23.920097065362402]}},
{"type":"Feature","properties":{"name":"2649"},"geometry":{"type":"Point","coordinates":[-38.080762689308024,-20.905416243615726]}},
{"type":"Feature","properties":{"name":"2650"},"geometry":{"type":"Point","coordinates":[-33.337712950209891,-17.888053720594758]}},
{"type":"Feature","properties":{"name":"2651"},"geometry":{"type":"Point","coordinates":[-28.792347037333755,-14.927431456261994]}},
{"type":"Feature","properties":{"name":"2652"},"geometry":{"type":"Point","coordinates":[-24.453877137771247,-12.076898721235324]}},
{"type":"Feature","properties":{"name":"2653"},"geometry":{"type":"Point","coordinates":[-19.849991959217778,-7.881349723246764]}},
{"type":"Feature","properties":{"name":"2654"},"geometry":{"type":"Point","coordinates":[-82.623609166841518,-38.966279286746449]}},
{"type":"Feature","properties":{"name":"2655"},"geometry":{"type":"Point","coordinates":[-74.876390833158467,-38.966279286746449]}},
{"type":"Feature","properties":{"name":"2656"},"geometry":{"type":"Point","coordinates":[-67.396584584176153,-37.356971215487079]}},
{"type":"Feature","properties":{"name":"2657"},"geometry":{"type":"Point","coordinates":[-60.219148923491247,-35.275022786260777]}},
{"type":"Feature","properties":{"name":"2658"},"geometry":{"type":"Point","coordinates":[-54.94038112863521,-32.654090432415295]}},
{"type":"Feature","properties":{"name":"2659"},"geometry":{"type":"Point","coordinates":[-49.679127240115093,-29.840751478168954]}},
{"type":"Feature","properties":{"name":"2660"},"geometry":{"type":"Point","coordinates":[-44.496190406388344,-26.886290765810067]}},
{"type":"Feature","properties":{"name":"2661"},"geometry":{"type":"Point","coordinates":[-39.445223586260674,-23.856183921084622]}},
{"type":"Feature","properties":{"name":"2662"},"geometry":{"type":"Point","coordinates":[-34.570444546581875,-20.823694832043682]}},
{"type":"Feature","properties":{"name":"2663"},"geometry":{"type":"Point","coordinates":[-29.905826070474433,-17.862226641476987]}},
{"type":"Feature","properties":{"name":"2664"},"geometry":{"type":"Point","coordinates":[-25.475396203357949,-15.038082085795985]}},
{"type":"Feature","properties":{"name":"2665"},"geometry":{"type":"Point","coordinates":[-20.809332608958002,-10.903842693635138]}},
{"type":"Feature","properties":{"name":"2666"},"geometry":{"type":"Point","coordinates":[-86.597273406111128,-39.79975723171119]}},
{"type":"Feature","properties":{"name":"2667"},"geometry":{"type":"Point","coordinates":[-78.75,-41.284053969914495]}},
{"type":"Feature","properties":{"name":"2668"},"geometry":{"type":"Point","coordinates":[-70.902726593888858,-39.799757231711183]}},
{"type":"Feature","properties":{"name":"2669"},"geometry":{"type":"Point","coordinates":[-63.492386825752057,-37.959831764346227]}},
{"type":"Feature","properties":{"name":"2670"},"geometry":{"type":"Point","coordinates":[-56.429905401149441,-35.632653542284821]}},
{"type":"Feature","properties":{"name":"2671"},"geometry":{"type":"Point","coordinates":[-51.240993518529848,-32.839409759312979]}},
{"type":"Feature","properties":{"name":"2672"},"geometry":{"type":"Point","coordinates":[-46.025531666218377,-29.878695340962427]}},
{"type":"Feature","properties":{"name":"2673"},"geometry":{"type":"Point","coordinates":[-40.871762117709501,-26.822272958649044]}},
{"type":"Feature","properties":{"name":"2674"},"geometry":{"type":"Point","coordinates":[-35.860691694237751,-23.75894478544885]}},
{"type":"Feature","properties":{"name":"2675"},"geometry":{"type":"Point","coordinates":[-31.05991678099884,-20.782615569887266]}},
{"type":"Feature","properties":{"name":"2676"},"geometry":{"type":"Point","coordinates":[-26.520177933133425,-17.979329774477055]}},
{"type":"Feature","properties":{"name":"2677"},"geometry":{"type":"Point","coordinates":[-21.776152991713037,-13.907782449303415]}},
{"type":"Feature","properties":{"name":"2678"},"geometry":{"type":"Point","coordinates":[-82.838931970735814,-42.129238727954693]}},
{"type":"Feature","properties":{"name":"2679"},"geometry":{"type":"Point","coordinates":[-74.661068029264257,-42.129238727954601]}},
{"type":"Feature","properties":{"name":"2680"},"geometry":{"type":"Point","coordinates":[-66.852159070279441,-40.534771705906195]}},
{"type":"Feature","properties":{"name":"2681"},"geometry":{"type":"Point","coordinates":[-59.550482465006617,-38.43616117571694]}},
{"type":"Feature","properties":{"name":"2682"},"geometry":{"type":"Point","coordinates":[-52.629117683938354,-35.869910946227435]}},
{"type":"Feature","properties":{"name":"2683"},"geometry":{"type":"Point","coordinates":[-47.530979691115171,-32.911017185630968]}},
{"type":"Feature","properties":{"name":"2684"},"geometry":{"type":"Point","coordinates":[-42.346896532380818,-29.820028193296672]}},
{"type":"Feature","properties":{"name":"2685"},"geometry":{"type":"Point","coordinates":[-37.215198104221336,-26.705448440317479]}},
{"type":"Feature","properties":{"name":"2686"},"geometry":{"type":"Point","coordinates":[-32.264023760012861,-23.693110795289247]}},
{"type":"Feature","properties":{"name":"2687"},"geometry":{"type":"Point","coordinates":[-27.595531188565126,-20.901942654275047]}},
{"type":"Feature","properties":{"name":"2688"},"geometry":{"type":"Point","coordinates":[-22.757291557131417,-16.89567890754568]}},
{"type":"Feature","properties":{"name":"2689"},"geometry":{"type":"Point","coordinates":[-18.183765326632944,-12.821134206802098]}},
{"type":"Feature","properties":{"name":"2690"},"geometry":{"type":"Point","coordinates":[-87.041099878709431,-42.963339929248832]}},
{"type":"Feature","properties":{"name":"2691"},"geometry":{"type":"Point","coordinates":[-78.75,-44.426005724161179]}},
{"type":"Feature","properties":{"name":"2692"},"geometry":{"type":"Point","coordinates":[-70.45890012129064,-42.963339929248761]}},
{"type":"Feature","properties":{"name":"2693"},"geometry":{"type":"Point","coordinates":[-62.741191101959771,-41.135351444852333]}},
{"type":"Feature","properties":{"name":"2694"},"geometry":{"type":"Point","coordinates":[-55.578273338834165,-38.784004631566077]}},
{"type":"Feature","properties":{"name":"2695"},"geometry":{"type":"Point","coordinates":[-48.825169402302201,-35.986663258922668]}},
{"type":"Feature","properties":{"name":"2696"},"geometry":{"type":"Point","coordinates":[-43.80907405019709,-32.870760853306557]}},
{"type":"Feature","properties":{"name":"2697"},"geometry":{"type":"Point","coordinates":[-38.631535702165856,-29.682864106111442]}},
{"type":"Feature","properties":{"name":"2698"},"geometry":{"type":"Point","coordinates":[-33.528684062321091,-26.601387955625533]}},
{"type":"Feature","properties":{"name":"2699"},"geometry":{"type":"Point","coordinates":[-28.709456751759518,-23.807007669065268]}},
{"type":"Feature","properties":{"name":"2700"},"geometry":{"type":"Point","coordinates":[-23.760228852804374,-19.870270926476991]}},
{"type":"Feature","properties":{"name":"2701"},"geometry":{"type":"Point","coordinates":[-19.114284332033471,-15.857630596371024]}},
{"type":"Feature","properties":{"name":"2702"},"geometry":{"type":"Point","coordinates":[-91.350056653366934,-43.714777796816009]}},
{"type":"Feature","properties":{"name":"2703"},"geometry":{"type":"Point","coordinates":[-83.084814722811146,-45.273034103123578]}},
{"type":"Feature","properties":{"name":"2704"},"geometry":{"type":"Point","coordinates":[-74.415185277188925,-45.2730341031235]}},
{"type":"Feature","properties":{"name":"2705"},"geometry":{"type":"Point","coordinates":[-66.149943346633165,-43.714777796815888]}},
{"type":"Feature","properties":{"name":"2706"},"geometry":{"type":"Point","coordinates":[-58.577556135037803,-41.597694736932162]}},
{"type":"Feature","properties":{"name":"2707"},"geometry":{"type":"Point","coordinates":[-51.583208648970526,-39.001559216454922]}},
{"type":"Feature","properties":{"name":"2708"},"geometry":{"type":"Point","coordinates":[-45.026738608065706,-35.983302905913895]}},
{"type":"Feature","properties":{"name":"2709"},"geometry":{"type":"Point","coordinates":[-40.064960249611531,-32.724512560103989]}},
{"type":"Feature","properties":{"name":"2710"},"geometry":{"type":"Point","coordinates":[-34.86417772997784,-29.523258735070623]}},
{"type":"Feature","properties":{"name":"2711"},"geometry":{"type":"Point","coordinates":[-29.87088653938617,-26.695374136994307]}},
{"type":"Feature","properties":{"name":"2712"},"geometry":{"type":"Point","coordinates":[-24.793593174926876,-22.834802259343519]}},
{"type":"Feature","properties":{"name":"2713"},"geometry":{"type":"Point","coordinates":[-20.058836961330428,-18.884784085727915]}},
{"type":"Feature","properties":{"name":"2714"},"geometry":{"type":"Point","coordinates":[-87.548488744550454,-46.110110092166678]}},
{"type":"Feature","properties":{"name":"2715"},"geometry":{"type":"Point","coordinates":[-78.75,-47.549226044281085]}},
{"type":"Feature","properties":{"name":"2716"},"geometry":{"type":"Point","coordinates":[-69.951511255449532,-46.110110092166678]}},
{"type":"Feature","properties":{"name":"2717"},"geometry":{"type":"Point","coordinates":[-61.793918532614612,-44.302362461139964]}},
{"type":"Feature","properties":{"name":"2718"},"geometry":{"type":"Point","coordinates":[-54.369797883453678,-41.917862635964852]}},
{"type":"Feature","properties":{"name":"2719"},"geometry":{"type":"Point","coordinates":[-47.57164565472501,-39.086752492381571]}},
{"type":"Feature","properties":{"name":"2720"},"geometry":{"type":"Point","coordinates":[-41.242522470160687,-35.860755842735209]}},
{"type":"Feature","properties":{"name":"2721"},"geometry":{"type":"Point","coordinates":[-36.265419039571356,-32.498442348083451]}},
{"type":"Feature","properties":{"name":"2722"},"geometry":{"type":"Point","coordinates":[-31.0899705970096,-29.567619477667197]}},
{"type":"Feature","properties":{"name":"2723"},"geometry":{"type":"Point","coordinates":[-25.868108780212395,-25.793567082948424]}},
{"type":"Feature","properties":{"name":"2724"},"geometry":{"type":"Point","coordinates":[-21.02641933459007,-21.906470581560885]}},
{"type":"Feature","properties":{"name":"2725"},"geometry":{"type":"Point","coordinates":[-16.441672782385602,-17.850720256216043]}},
{"type":"Feature","properties":{"name":"2726"},"geometry":{"type":"Point","coordinates":[-92.132601157696385,-46.854133874377141]}},
{"type":"Feature","properties":{"name":"2727"},"geometry":{"type":"Point","coordinates":[-83.367839527388554,-48.401062870391705]}},
{"type":"Feature","properties":{"name":"2728"},"geometry":{"type":"Point","coordinates":[-74.132160472611332,-48.401062870391776]}},
{"type":"Feature","properties":{"name":"2729"},"geometry":{"type":"Point","coordinates":[-65.367398842303601,-46.854133874377133]}},
{"type":"Feature","properties":{"name":"2730"},"geometry":{"type":"Point","coordinates":[-57.370825639068343,-44.736425858017896]}},
{"type":"Feature","properties":{"name":"2731"},"geometry":{"type":"Point","coordinates":[-50.126530429366454,-42.091271476746293]}},
{"type":"Feature","properties":{"name":"2732"},"geometry":{"type":"Point","coordinates":[-43.546711637347016,-39.035953973873163]}},
{"type":"Feature","properties":{"name":"2733"},"geometry":{"type":"Point","coordinates":[-37.480964610268536,-35.620470835163033]}},
{"type":"Feature","properties":{"name":"2734"},"geometry":{"type":"Point","coordinates":[-32.378430079228117,-32.424001078834792]}},
{"type":"Feature","properties":{"name":"2735"},"geometry":{"type":"Point","coordinates":[-26.99879693989682,-28.753053066992365]}},
{"type":"Feature","properties":{"name":"2736"},"geometry":{"type":"Point","coordinates":[-22.028329888381247,-24.927282601494017]}},
{"type":"Feature","properties":{"name":"2737"},"geometry":{"type":"Point","coordinates":[-17.347956863098357,-20.916846977395505]}},
{"type":"Feature","properties":{"name":"2738"},"geometry":{"type":"Point","coordinates":[-96.820799374464698,-47.451351800013818]}},
{"type":"Feature","properties":{"name":"2739"},"geometry":{"type":"Point","coordinates":[-88.133151823189465,-49.244001583754127]}},
{"type":"Feature","properties":{"name":"2740"},"geometry":{"type":"Point","coordinates":[-78.75,-50.656328342029781]}},
{"type":"Feature","properties":{"name":"2741"},"geometry":{"type":"Point","coordinates":[-69.36684817681062,-49.244001583754056]}},
{"type":"Feature","properties":{"name":"2742"},"geometry":{"type":"Point","coordinates":[-60.679200625535273,-47.451351800013818]}},
{"type":"Feature","properties":{"name":"2743"},"geometry":{"type":"Point","coordinates":[-52.893073825359352,-45.010623533474146]}},
{"type":"Feature","properties":{"name":"2744"},"geometry":{"type":"Point","coordinates":[-45.855505106653496,-42.111467291335956]}},
{"type":"Feature","properties":{"name":"2745"},"geometry":{"type":"Point","coordinates":[-39.503894932303695,-38.839501391199398]}},
{"type":"Feature","properties":{"name":"2746"},"geometry":{"type":"Point","coordinates":[-33.75,-35.264389682754661]}},
{"type":"Feature","properties":{"name":"2747"},"geometry":{"type":"Point","coordinates":[-28.211571520629303,-31.724298801980542]}},
{"type":"Feature","properties":{"name":"2748"},"geometry":{"type":"Point","coordinates":[-23.080131036772698,-27.952813407938439]}},
{"type":"Feature","properties":{"name":"2749"},"geometry":{"type":"Point","coordinates":[-18.278875543283146,-23.983112367948788]}},
{"type":"Feature","properties":{"name":"2750"},"geometry":{"type":"Point","coordinates":[-93.034846561482269,-49.980411824119514]}},
{"type":"Feature","properties":{"name":"2751"},"geometry":{"type":"Point","coordinates":[-83.696621587842898,-51.517003286362673]}},
{"type":"Feature","properties":{"name":"2752"},"geometry":{"type":"Point","coordinates":[-73.803378412157159,-51.517003286362637]}},
{"type":"Feature","properties":{"name":"2753"},"geometry":{"type":"Point","coordinates":[-64.465153438517703,-49.980411824119507]}},
{"type":"Feature","properties":{"name":"2754"},"geometry":{"type":"Point","coordinates":[-55.960508617363629,-47.843684283034214]}},
{"type":"Feature","properties":{"name":"2755"},"geometry":{"type":"Point","coordinates":[-48.374454875316786,-45.117377123174705]}},
{"type":"Feature","properties":{"name":"2756"},"geometry":{"type":"Point","coordinates":[-41.562855274618691,-41.967112722858246]}},
{"type":"Feature","properties":{"name":"2757"},"geometry":{"type":"Point","coordinates":[-35.424173466828513,-38.460685183617258]}},
{"type":"Feature","properties":{"name":"2758"},"geometry":{"type":"Point","coordinates":[-29.571114537103394,-34.724394300910078]}},
{"type":"Feature","properties":{"name":"2759"},"geometry":{"type":"Point","coordinates":[-24.205977320671625,-30.989642383264432]}},
{"type":"Feature","properties":{"name":"2760"},"geometry":{"type":"Point","coordinates":[-19.248296885924031,-27.053916531107991]}},
{"type":"Feature","properties":{"name":"2761"},"geometry":{"type":"Point","coordinates":[-14.597299060634242,-22.940217902977704]}},
{"type":"Feature","properties":{"name":"2762"},"geometry":{"type":"Point","coordinates":[-98.051359511663961,-50.550595255574642]}},
{"type":"Feature","properties":{"name":"2763"},"geometry":{"type":"Point","coordinates":[-88.812910272251926,-52.369470220676654]}},
{"type":"Feature","properties":{"name":"2764"},"geometry":{"type":"Point","coordinates":[-78.75,-53.749812066404523]}},
{"type":"Feature","properties":{"name":"2765"},"geometry":{"type":"Point","coordinates":[-68.687089727748059,-52.369470220676639]}},
{"type":"Feature","properties":{"name":"2766"},"geometry":{"type":"Point","coordinates":[-59.448640488335862,-50.550595255574706]}},
{"type":"Feature","properties":{"name":"2767"},"geometry":{"type":"Point","coordinates":[-51.181844430456543,-48.055643266516675]}},
{"type":"Feature","properties":{"name":"2768"},"geometry":{"type":"Point","coordinates":[-43.830122481306176,-45.046281702586782]}},
{"type":"Feature","properties":{"name":"2769"},"geometry":{"type":"Point","coordinates":[-37.25483307586078,-41.633841349766293]}},
{"type":"Feature","properties":{"name":"2770"},"geometry":{"type":"Point","coordinates":[-31.383234638994416,-37.660904419207846]}},
{"type":"Feature","properties":{"name":"2771"},"geometry":{"type":"Point","coordinates":[-25.449688291884808,-34.043048684781887]}},
{"type":"Feature","properties":{"name":"2772"},"geometry":{"type":"Point","coordinates":[-20.276007427981771,-30.133598132123943]}},
{"type":"Feature","properties":{"name":"2773"},"geometry":{"type":"Point","coordinates":[-15.48493057639136,-26.044032197779607]}},
{"type":"Feature","properties":{"name":"2774"},"geometry":{"type":"Point","coordinates":[-103.149866406664216,-50.917038018034425]}},
{"type":"Feature","properties":{"name":"2775"},"geometry":{"type":"Point","coordinates":[-94.08421081515182,-53.097551440796053]}},
{"type":"Feature","properties":{"name":"2776"},"geometry":{"type":"Point","coordinates":[-84.082569859679623,-54.625174491041172]}},
{"type":"Feature","properties":{"name":"2777"},"geometry":{"type":"Point","coordinates":[-73.417430140320363,-54.62517449104115]}},
{"type":"Feature","properties":{"name":"2778"},"geometry":{"type":"Point","coordinates":[-63.415789184848265,-53.097551440795982]}},
{"type":"Feature","properties":{"name":"2779"},"geometry":{"type":"Point","coordinates":[-54.350133593335762,-50.917038018034425]}},
{"type":"Feature","properties":{"name":"2780"},"geometry":{"type":"Point","coordinates":[-46.366040845212858,-48.077376518347599]}},
{"type":"Feature","properties":{"name":"2781"},"geometry":{"type":"Point","coordinates":[-39.278135207354893,-44.780693410769523]}},
{"type":"Feature","properties":{"name":"2782"},"geometry":{"type":"Point","coordinates":[-32.956624009941571,-41.048487762970744]}},
{"type":"Feature","properties":{"name":"2783"},"geometry":{"type":"Point","coordinates":[-26.908538261216414,-37.100317470426454]}},
{"type":"Feature","properties":{"name":"2784"},"geometry":{"type":"Point","coordinates":[-21.392990414624464,-33.224915510436837]}},
{"type":"Feature","properties":{"name":"2785"},"geometry":{"type":"Point","coordinates":[-16.413697463411761,-29.154826593076585]}},
{"type":"Feature","properties":{"name":"2786"},"geometry":{"type":"Point","coordinates":[-99.481761343572586,-53.63518582478121]}},
{"type":"Feature","properties":{"name":"2787"},"geometry":{"type":"Point","coordinates":[-89.611034693814474,-55.491941902385818]}},
{"type":"Feature","properties":{"name":"2788"},"geometry":{"type":"Point","coordinates":[-78.75,-56.832082779906429]}},
{"type":"Feature","properties":{"name":"2789"},"geometry":{"type":"Point","coordinates":[-67.888965306185497,-55.491941902385804]}},
{"type":"Feature","properties":{"name":"2790"},"geometry":{"type":"Point","coordinates":[-58.018238656427386,-53.63518582478121]}},
{"type":"Feature","properties":{"name":"2791"},"geometry":{"type":"Point","coordinates":[-49.236388318675097,-51.052067747745241]}},
{"type":"Feature","properties":{"name":"2792"},"geometry":{"type":"Point","coordinates":[-41.539951919658002,-47.896263602334663]}},
{"type":"Feature","properties":{"name":"2793"},"geometry":{"type":"Point","coordinates":[-34.746520970983497,-44.29007286796827]}},
{"type":"Feature","properties":{"name":"2794"},"geometry":{"type":"Point","coordinates":[-28.858373876330194,-40.008655864211853]}},
{"type":"Feature","properties":{"name":"2795"},"geometry":{"type":"Point","coordinates":[-22.653160967610109,-36.323505731115752]}},
{"type":"Feature","properties":{"name":"2796"},"geometry":{"type":"Point","coordinates":[-17.406386944502305,-32.27491987452327]}},
{"type":"Feature","properties":{"name":"2797"},"geometry":{"type":"Point","coordinates":[-12.617812457786357,-28.056666048154316]}},
{"type":"Feature","properties":{"name":"2798"},"geometry":{"type":"Point","coordinates":[-104.961606602413198,-53.943447806333005]}},
{"type":"Feature","properties":{"name":"2799"},"geometry":{"type":"Point","coordinates":[-95.316228719768645,-56.210070163261982]}},
{"type":"Feature","properties":{"name":"2800"},"geometry":{"type":"Point","coordinates":[-84.540841380623093,-57.731272628172363]}},
{"type":"Feature","properties":{"name":"2801"},"geometry":{"type":"Point","coordinates":[-72.959158619376822,-57.731272628172398]}},
{"type":"Feature","properties":{"name":"2802"},"geometry":{"type":"Point","coordinates":[-62.183771280231348,-56.210070163261982]}},
{"type":"Feature","properties":{"name":"2803"},"geometry":{"type":"Point","coordinates":[-52.538393397586788,-53.943447806333005]}},
{"type":"Feature","properties":{"name":"2804"},"geometry":{"type":"Point","coordinates":[-44.09922614688162,-50.973053875810074]}},
{"type":"Feature","properties":{"name":"2805"},"geometry":{"type":"Point","coordinates":[-36.737251451916876,-47.494016509123661]}},
{"type":"Feature","properties":{"name":"2806"},"geometry":{"type":"Point","coordinates":[-30.300558770222004,-43.511458835497194]}},
{"type":"Feature","properties":{"name":"2807"},"geometry":{"type":"Point","coordinates":[-24.162059754622948,-39.397169423945897]}},
{"type":"Feature","properties":{"name":"2808"},"geometry":{"type":"Point","coordinates":[-18.498240050935021,-35.403153368428349]}},
{"type":"Feature","properties":{"name":"2809"},"geometry":{"type":"Point","coordinates":[-13.493285252386546,-31.198206034160517]}},
{"type":"Feature","properties":{"name":"2810"},"geometry":{"type":"Point","coordinates":[-110.467474411461012,-54.0]}},
{"type":"Feature","properties":{"name":"2811"},"geometry":{"type":"Point","coordinates":[-101.159393644599845,-56.707285243380689]}},
{"type":"Feature","properties":{"name":"2812"},"geometry":{"type":"Point","coordinates":[-90.557569635705846,-58.618601020688253]}},
{"type":"Feature","properties":{"name":"2813"},"geometry":{"type":"Point","coordinates":[-78.75,-59.905470369890246]}},
{"type":"Feature","properties":{"name":"2814"},"geometry":{"type":"Point","coordinates":[-66.942430364294211,-58.618601020688203]}},
{"type":"Feature","properties":{"name":"2815"},"geometry":{"type":"Point","coordinates":[-56.340606355400126,-56.707285243380689]}},
{"type":"Feature","properties":{"name":"2816"},"geometry":{"type":"Point","coordinates":[-47.032525588538988,-54.0]}},
{"type":"Feature","properties":{"name":"2817"},"geometry":{"type":"Point","coordinates":[-38.980297135418688,-50.667156820672268]}},
{"type":"Feature","properties":{"name":"2818"},"geometry":{"type":"Point","coordinates":[-32.007142128079032,-46.84104063675202]}},
{"type":"Feature","properties":{"name":"2819"},"geometry":{"type":"Point","coordinates":[-26.15193140496984,-42.300980330186903]}},
{"type":"Feature","properties":{"name":"2820"},"geometry":{"type":"Point","coordinates":[-19.747953797088588,-38.52848914158897]}},
{"type":"Feature","properties":{"name":"2821"},"geometry":{"type":"Point","coordinates":[-14.434745914461125,-34.348004132704517]}},
{"type":"Feature","properties":{"name":"2822"},"geometry":{"type":"Point","coordinates":[-107.080695342535904,-56.94443360697759]}},
{"type":"Feature","properties":{"name":"2823"},"geometry":{"type":"Point","coordinates":[-96.776342545692785,-59.323449860284484]}},
{"type":"Feature","properties":{"name":"2824"},"geometry":{"type":"Point","coordinates":[-85.09094229720786,-60.844053295404919]}},
{"type":"Feature","properties":{"name":"2825"},"geometry":{"type":"Point","coordinates":[-72.409057702792168,-60.844053295404883]}},
{"type":"Feature","properties":{"name":"2826"},"geometry":{"type":"Point","coordinates":[-60.723657454307066,-59.323449860284548]}},
{"type":"Feature","properties":{"name":"2827"},"geometry":{"type":"Point","coordinates":[-50.419304657464089,-56.944433606977576]}},
{"type":"Feature","properties":{"name":"2828"},"geometry":{"type":"Point","coordinates":[-41.544881557697536,-53.80522432485531]}},
{"type":"Feature","properties":{"name":"2829"},"geometry":{"type":"Point","coordinates":[-33.929985201266511,-50.117603896080965]}},
{"type":"Feature","properties":{"name":"2830"},"geometry":{"type":"Point","coordinates":[-27.439457719225853,-45.885245253973821]}},
{"type":"Feature","properties":{"name":"2831"},"geometry":{"type":"Point","coordinates":[-21.260806136054633,-41.611702106214082]}},
{"type":"Feature","properties":{"name":"2832"},"geometry":{"type":"Point","coordinates":[-15.479733149382513,-37.502129221839397]}},
{"type":"Feature","properties":{"name":"2833"},"geometry":{"type":"Point","coordinates":[-10.461629268667359,-33.164463474943958]}},
{"type":"Feature","properties":{"name":"2834"},"geometry":{"type":"Point","coordinates":[-113.004630196208893,-56.901505635054065]}},
{"type":"Feature","properties":{"name":"2835"},"geometry":{"type":"Point","coordinates":[-103.144526251219489,-59.768885870807125]}},
{"type":"Feature","properties":{"name":"2836"},"geometry":{"type":"Point","coordinates":[-91.688820952612218,-61.759800974966289]}},
{"type":"Feature","properties":{"name":"2837"},"geometry":{"type":"Point","coordinates":[-78.75,-62.972245802773983]}},
{"type":"Feature","properties":{"name":"2838"},"geometry":{"type":"Point","coordinates":[-65.811179047387753,-61.759800974966289]}},
{"type":"Feature","properties":{"name":"2839"},"geometry":{"type":"Point","coordinates":[-54.355473748780504,-59.768885870807125]}},
{"type":"Feature","properties":{"name":"2840"},"geometry":{"type":"Point","coordinates":[-44.495369803791093,-56.901505635054065]}},
{"type":"Feature","properties":{"name":"2841"},"geometry":{"type":"Point","coordinates":[-36.118547787955734,-53.360804580158046]}},
{"type":"Feature","properties":{"name":"2842"},"geometry":{"type":"Point","coordinates":[-29.015140358484192,-49.300028612579048]}},
{"type":"Feature","properties":{"name":"2843"},"geometry":{"type":"Point","coordinates":[-23.237615414894641,-44.529621964661615]}},
{"type":"Feature","properties":{"name":"2844"},"geometry":{"type":"Point","coordinates":[-16.688757990874098,-40.646201478585077]}},
{"type":"Feature","properties":{"name":"2845"},"geometry":{"type":"Point","coordinates":[-11.332276621645283,-36.335904320805128]}},
{"type":"Feature","properties":{"name":"2846"},"geometry":{"type":"Point","coordinates":[-118.848874430997896,-56.571595699062762]}},
{"type":"Feature","properties":{"name":"2847"},"geometry":{"type":"Point","coordinates":[-109.579075819136449,-59.917709071253597]}},
{"type":"Feature","properties":{"name":"2848"},"geometry":{"type":"Point","coordinates":[-98.519229246556208,-62.444678547850224]}},
{"type":"Feature","properties":{"name":"2849"},"geometry":{"type":"Point","coordinates":[-85.752914378558188,-63.979637778699775]}},
{"type":"Feature","properties":{"name":"2850"},"geometry":{"type":"Point","coordinates":[-71.74708562144184,-63.979637778699761]}},
{"type":"Feature","properties":{"name":"2851"},"geometry":{"type":"Point","coordinates":[-58.980770753443771,-62.444678547850209]}},
{"type":"Feature","properties":{"name":"2852"},"geometry":{"type":"Point","coordinates":[-47.920924180863722,-59.917709071253533]}},
{"type":"Feature","properties":{"name":"2853"},"geometry":{"type":"Point","coordinates":[-38.651125569002303,-56.571595699062698]}},
{"type":"Feature","properties":{"name":"2854"},"geometry":{"type":"Point","coordinates":[-30.820575284293142,-52.65402358158277]}},
{"type":"Feature","properties":{"name":"2855"},"geometry":{"type":"Point","coordinates":[-24.3385876031974,-48.176281187363529]}},
{"type":"Feature","properties":{"name":"2856"},"geometry":{"type":"Point","coordinates":[-18.164341494063954,-43.740786145072867]}},
{"type":"Feature","properties":{"name":"2857"},"geometry":{"type":"Point","coordinates":[-12.30545387084797,-39.508852367265177]}},
{"type":"Feature","properties":{"name":"2858"},"geometry":{"type":"Point","coordinates":[-115.977183356282168,-59.754285026504881]}},
{"type":"Feature","properties":{"name":"2859"},"geometry":{"type":"Point","coordinates":[-105.510255329468038,-62.821797231366055]}},
{"type":"Feature","properties":{"name":"2860"},"geometry":{"type":"Point","coordinates":[-93.035722171874212,-64.931344232110618]}},
{"type":"Feature","properties":{"name":"2861"},"geometry":{"type":"Point","coordinates":[-78.75,-66.034636772369879]}},
{"type":"Feature","properties":{"name":"2862"},"geometry":{"type":"Point","coordinates":[-64.464277828125759,-64.931344232110618]}},
{"type":"Feature","properties":{"name":"2863"},"geometry":{"type":"Point","coordinates":[-51.989744670531934,-62.82179723136607]}},
{"type":"Feature","properties":{"name":"2864"},"geometry":{"type":"Point","coordinates":[-41.52281664371781,-59.754285026504881]}},
{"type":"Feature","properties":{"name":"2865"},"geometry":{"type":"Point","coordinates":[-32.901165102527337,-55.973948954941825]}},
{"type":"Feature","properties":{"name":"2866"},"geometry":{"type":"Point","coordinates":[-25.731341011970073,-51.668262120285036]}},
{"type":"Feature","properties":{"name":"2867"},"geometry":{"type":"Point","coordinates":[-20.086280526135155,-46.684415105978438]}},
{"type":"Feature","properties":{"name":"2868"},"geometry":{"type":"Point","coordinates":[-13.441705232340537,-42.667983413778678]}},
{"type":"Feature","properties":{"name":"2869"},"geometry":{"type":"Point","coordinates":[-8.075084426485686,-38.225733540468305]}},
{"type":"Feature","properties":{"name":"2870"},"geometry":{"type":"Point","coordinates":[-122.231483711636002,-59.277608703438126]}},
{"type":"Feature","properties":{"name":"2871"},"geometry":{"type":"Point","coordinates":[-112.543572158397595,-62.859495468242351]}},
{"type":"Feature","properties":{"name":"2872"},"geometry":{"type":"Point","coordinates":[-100.595557220340197,-65.582719543496793]}},
{"type":"Feature","properties":{"name":"2873"},"geometry":{"type":"Point","coordinates":[-86.504828293879598,-67.172921587100504]}},
{"type":"Feature","properties":{"name":"2874"},"geometry":{"type":"Point","coordinates":[-70.995171706120374,-67.172921587100475]}},
{"type":"Feature","properties":{"name":"2875"},"geometry":{"type":"Point","coordinates":[-56.904442779659803,-65.582719543496793]}},
{"type":"Feature","properties":{"name":"2876"},"geometry":{"type":"Point","coordinates":[-44.956427841602405,-62.859495468242351]}},
{"type":"Feature","properties":{"name":"2877"},"geometry":{"type":"Point","coordinates":[-35.268516288363713,-59.27760870343819]}},
{"type":"Feature","properties":{"name":"2878"},"geometry":{"type":"Point","coordinates":[-27.356588061042164,-55.098754495783083]}},
{"type":"Feature","properties":{"name":"2879"},"geometry":{"type":"Point","coordinates":[-20.958276206174972,-50.379685777186829]}},
{"type":"Feature","properties":{"name":"2880"},"geometry":{"type":"Point","coordinates":[-14.84009615795582,-45.776883196973202]}},
{"type":"Feature","properties":{"name":"2881"},"geometry":{"type":"Point","coordinates":[-8.948962084668283,-41.412206989824789]}},
{"type":"Feature","properties":{"name":"2882"},"geometry":{"type":"Point","coordinates":[-128.245092124199033,-58.497531759252723]}},
{"type":"Feature","properties":{"name":"2883"},"geometry":{"type":"Point","coordinates":[-119.476747452575509,-62.549332473691571]}},
{"type":"Feature","properties":{"name":"2884"},"geometry":{"type":"Point","coordinates":[-108.331451241627619,-65.867662107937718]}},
{"type":"Feature","properties":{"name":"2885"},"geometry":{"type":"Point","coordinates":[-94.549113608372963,-68.155131022477789]}},
{"type":"Feature","properties":{"name":"2886"},"geometry":{"type":"Point","coordinates":[-78.75,-69.094842552110691]}},
{"type":"Feature","properties":{"name":"2887"},"geometry":{"type":"Point","coordinates":[-62.950886391627009,-68.155131022477789]}},
{"type":"Feature","properties":{"name":"2888"},"geometry":{"type":"Point","coordinates":[-49.168548758372197,-65.867662107937747]}},
{"type":"Feature","properties":{"name":"2889"},"geometry":{"type":"Point","coordinates":[-38.023252547424249,-62.549332473691621]}},
{"type":"Feature","properties":{"name":"2890"},"geometry":{"type":"Point","coordinates":[-29.254907875800711,-58.497531759252773]}},
{"type":"Feature","properties":{"name":"2891"},"geometry":{"type":"Point","coordinates":[-22.106423221130733,-53.938794503376329]}},
{"type":"Feature","properties":{"name":"2892"},"geometry":{"type":"Point","coordinates":[-16.666152615767729,-48.752923259643161]}},
{"type":"Feature","properties":{"name":"2893"},"geometry":{"type":"Point","coordinates":[-9.978249549165684,-44.583861534277986]}},
{"type":"Feature","properties":{"name":"2894"},"geometry":{"type":"Point","coordinates":[-126.169874402576184,-61.898876438563825]}},
{"type":"Feature","properties":{"name":"2895"},"geometry":{"type":"Point","coordinates":[-116.067039644873191,-65.764730187323536]}},
{"type":"Feature","properties":{"name":"2896"},"geometry":{"type":"Point","coordinates":[-102.981275997377182,-68.746956729886762]}},
{"type":"Feature","properties":{"name":"2897"},"geometry":{"type":"Point","coordinates":[-86.692496934542518,-70.452553316318429]}},
{"type":"Feature","properties":{"name":"2898"},"geometry":{"type":"Point","coordinates":[-70.807503065457453,-70.452553316318429]}},
{"type":"Feature","properties":{"name":"2899"},"geometry":{"type":"Point","coordinates":[-54.518724002622861,-68.746956729886719]}},
{"type":"Feature","properties":{"name":"2900"},"geometry":{"type":"Point","coordinates":[-41.432960355126625,-65.764730187323565]}},
{"type":"Feature","properties":{"name":"2901"},"geometry":{"type":"Point","coordinates":[-31.330125597423784,-61.898876438563839]}},
{"type":"Feature","properties":{"name":"2902"},"geometry":{"type":"Point","coordinates":[-23.471566360693952,-57.440568456583492]}},
{"type":"Feature","properties":{"name":"2903"},"geometry":{"type":"Point","coordinates":[-17.255268755981181,-52.484110554494826]}},
{"type":"Feature","properties":{"name":"2904"},"geometry":{"type":"Point","coordinates":[-11.258084945827724,-47.708708955078222]}},
{"type":"Feature","properties":{"name":"2905"},"geometry":{"type":"Point","coordinates":[-5.387645343867581,-43.20046415664811]}},
{"type":"Feature","properties":{"name":"2906"},"geometry":{"type":"Point","coordinates":[-132.508003292786526,-60.927310705676398]}},
{"type":"Feature","properties":{"name":"2907"},"geometry":{"type":"Point","coordinates":[-123.600221053131477,-65.275961729038443]}},
{"type":"Feature","properties":{"name":"2908"},"geometry":{"type":"Point","coordinates":[-111.630361580892639,-68.908043938908506]}},
{"type":"Feature","properties":{"name":"2909"},"geometry":{"type":"Point","coordinates":[-95.600157882947826,-71.418697671919517]}},
{"type":"Feature","properties":{"name":"2910"},"geometry":{"type":"Point","coordinates":[-78.75,-72.560269318108084]}},
{"type":"Feature","properties":{"name":"2911"},"geometry":{"type":"Point","coordinates":[-61.899842117052152,-71.418697671919517]}},
{"type":"Feature","properties":{"name":"2912"},"geometry":{"type":"Point","coordinates":[-45.869638419107211,-68.908043938908534]}},
{"type":"Feature","properties":{"name":"2913"},"geometry":{"type":"Point","coordinates":[-33.899778946868906,-65.275961729038372]}},
{"type":"Feature","properties":{"name":"2914"},"geometry":{"type":"Point","coordinates":[-24.99199670721374,-60.927310705676369]}},
{"type":"Feature","properties":{"name":"2915"},"geometry":{"type":"Point","coordinates":[-18.083351818899363,-56.097999227856185]}},
{"type":"Feature","properties":{"name":"2916"},"geometry":{"type":"Point","coordinates":[-12.943512233602455,-50.720049771628744]}},
{"type":"Feature","properties":{"name":"2917"},"geometry":{"type":"Point","coordinates":[-6.273249354895726,-46.381543027784275]}},
{"type":"Feature","properties":{"name":"2918"},"geometry":{"type":"Point","coordinates":[-138.413716192065891,-59.661222614913939]}},
{"type":"Feature","properties":{"name":"2919"},"geometry":{"type":"Point","coordinates":[-130.749887822193898,-64.420777284654079]}},
{"type":"Feature","properties":{"name":"2920"},"geometry":{"type":"Point","coordinates":[-120.208919581871768,-68.629052479419428]}},
{"type":"Feature","properties":{"name":"2921"},"geometry":{"type":"Point","coordinates":[-105.228757179950378,-71.92939635281212]}},
{"type":"Feature","properties":{"name":"2922"},"geometry":{"type":"Point","coordinates":[-88.740005355076477,-73.99763436683368]}},
{"type":"Feature","properties":{"name":"2923"},"geometry":{"type":"Point","coordinates":[-68.759994644923481,-73.99763436683368]}},
{"type":"Feature","properties":{"name":"2924"},"geometry":{"type":"Point","coordinates":[-52.271242820049636,-71.929396352812105]}},
{"type":"Feature","properties":{"name":"2925"},"geometry":{"type":"Point","coordinates":[-37.291080418128395,-68.629052479419386]}},
{"type":"Feature","properties":{"name":"2926"},"geometry":{"type":"Point","coordinates":[-26.750112177806326,-64.420777284654051]}},
{"type":"Feature","properties":{"name":"2927"},"geometry":{"type":"Point","coordinates":[-19.086283807934084,-59.661222614913939]}},
{"type":"Feature","properties":{"name":"2928"},"geometry":{"type":"Point","coordinates":[-13.183669247360791,-54.473078000259008]}},
{"type":"Feature","properties":{"name":"2929"},"geometry":{"type":"Point","coordinates":[-7.390066523511805,-49.521662718245182]}},
{"type":"Feature","properties":{"name":"2930"},"geometry":{"type":"Point","coordinates":[-137.387053113702876,-63.230562107778432]}},
{"type":"Feature","properties":{"name":"2931"},"geometry":{"type":"Point","coordinates":[-128.419547396819354,-67.925173545411468]}},
{"type":"Feature","properties":{"name":"2932"},"geometry":{"type":"Point","coordinates":[-115.151744270018796,-71.943585350566408]}},
{"type":"Feature","properties":{"name":"2933"},"geometry":{"type":"Point","coordinates":[-100.056693123410057,-74.849654566718669]}},
{"type":"Feature","properties":{"name":"2934"},"geometry":{"type":"Point","coordinates":[-78.75,-76.02887047818335]}},
{"type":"Feature","properties":{"name":"2935"},"geometry":{"type":"Point","coordinates":[-57.443306876589936,-74.849654566718641]}},
{"type":"Feature","properties":{"name":"2936"},"geometry":{"type":"Point","coordinates":[-42.348255729981254,-71.94358535056638]}},
{"type":"Feature","properties":{"name":"2937"},"geometry":{"type":"Point","coordinates":[-29.080452603180674,-67.925173545411468]}},
{"type":"Feature","properties":{"name":"2938"},"geometry":{"type":"Point","coordinates":[-20.112946886297113,-63.230562107778418]}},
{"type":"Feature","properties":{"name":"2939"},"geometry":{"type":"Point","coordinates":[-13.599536735780596,-58.125859091749547]}},
{"type":"Feature","properties":{"name":"2940"},"geometry":{"type":"Point","coordinates":[-8.884094594028104,-52.567655013246423]}},
{"type":"Feature","properties":{"name":"2941"},"geometry":{"type":"Point","coordinates":[-2.305012055877193,-48.046203307220921]}},
{"type":"Feature","properties":{"name":"2942"},"geometry":{"type":"Point","coordinates":[-143.444512471862907,-61.742765458640214]}},
{"type":"Feature","properties":{"name":"2943"},"geometry":{"type":"Point","coordinates":[-136.03189263721805,-66.831622519282618]}},
{"type":"Feature","properties":{"name":"2944"},"geometry":{"type":"Point","coordinates":[-124.85601933242927,-71.456407954273686]}},
{"type":"Feature","properties":{"name":"2945"},"geometry":{"type":"Point","coordinates":[-112.093187984988703,-75.082256718335572]}},
{"type":"Feature","properties":{"name":"2946"},"geometry":{"type":"Point","coordinates":[-91.459429713918524,-77.431932905190664]}},
{"type":"Feature","properties":{"name":"2947"},"geometry":{"type":"Point","coordinates":[-66.040570286081419,-77.431932905190664]}},
{"type":"Feature","properties":{"name":"2948"},"geometry":{"type":"Point","coordinates":[-45.406812015011297,-75.082256718335572]}},
{"type":"Feature","properties":{"name":"2949"},"geometry":{"type":"Point","coordinates":[-32.643980667570752,-71.456407954273686]}},
{"type":"Feature","properties":{"name":"2950"},"geometry":{"type":"Point","coordinates":[-21.468107362782192,-66.831622519282575]}},
{"type":"Feature","properties":{"name":"2951"},"geometry":{"type":"Point","coordinates":[-14.05548752813708,-61.742765458640214]}},
{"type":"Feature","properties":{"name":"2952"},"geometry":{"type":"Point","coordinates":[-8.697065711769746,-56.325209107243346]}},
{"type":"Feature","properties":{"name":"2953"},"geometry":{"type":"Point","coordinates":[-3.210579619792983,-51.198005606193448]}},
{"type":"Feature","properties":{"name":"2954"},"geometry":{"type":"Point","coordinates":[-148.909192171432665,-59.995718851042732]}},
{"type":"Feature","properties":{"name":"2955"},"geometry":{"type":"Point","coordinates":[-142.917321284284441,-65.395311401613299]}},
{"type":"Feature","properties":{"name":"2956"},"geometry":{"type":"Point","coordinates":[-133.894062939495541,-70.500497309865224]}},
{"type":"Feature","properties":{"name":"2957"},"geometry":{"type":"Point","coordinates":[-123.968172240564556,-74.685991298418671]}},
{"type":"Feature","properties":{"name":"2958"},"geometry":{"type":"Point","coordinates":[-106.234401701698985,-78.085905850973901]}},
{"type":"Feature","properties":{"name":"2959"},"geometry":{"type":"Point","coordinates":[-78.75,-79.503846692934673]}},
{"type":"Feature","properties":{"name":"2960"},"geometry":{"type":"Point","coordinates":[-51.265598298300702,-78.08590585097383]}},
{"type":"Feature","properties":{"name":"2961"},"geometry":{"type":"Point","coordinates":[-33.531827759435252,-74.685991298418614]}},
{"type":"Feature","properties":{"name":"2962"},"geometry":{"type":"Point","coordinates":[-23.605937060504484,-70.500497309865182]}},
{"type":"Feature","properties":{"name":"2963"},"geometry":{"type":"Point","coordinates":[-14.582678715715538,-65.395311401613313]}},
{"type":"Feature","properties":{"name":"2964"},"geometry":{"type":"Point","coordinates":[-8.590807828567582,-59.995718851042717]}},
{"type":"Feature","properties":{"name":"2965"},"geometry":{"type":"Point","coordinates":[-4.455526999418499,-54.274245783636211]}},
{"type":"Feature","properties":{"name":"2966"},"geometry":{"type":"Point","coordinates":[-149.042438446763214,-63.666118472732038]}},
{"type":"Feature","properties":{"name":"2967"},"geometry":{"type":"Point","coordinates":[-141.99282327353481,-69.134244072473308]}},
{"type":"Feature","properties":{"name":"2968"},"geometry":{"type":"Point","coordinates":[-134.859004070915915,-73.710408505261185]}},
{"type":"Feature","properties":{"name":"2969"},"geometry":{"type":"Point","coordinates":[-121.497634154092495,-77.916003318162154]}},
{"type":"Feature","properties":{"name":"2970"},"geometry":{"type":"Point","coordinates":[-96.158537631139922,-80.810616055623598]}},
{"type":"Feature","properties":{"name":"2971"},"geometry":{"type":"Point","coordinates":[-61.341462368860512,-80.810616055623598]}},
{"type":"Feature","properties":{"name":"2972"},"geometry":{"type":"Point","coordinates":[-36.002365845907754,-77.916003318162211]}},
{"type":"Feature","properties":{"name":"2973"},"geometry":{"type":"Point","coordinates":[-22.640995929083935,-73.710408505261128]}},
{"type":"Feature","properties":{"name":"2974"},"geometry":{"type":"Point","coordinates":[-15.507176726465222,-69.134244072473308]}},
{"type":"Feature","properties":{"name":"2975"},"geometry":{"type":"Point","coordinates":[-8.457561553236758,-63.666118472732038]}},
{"type":"Feature","properties":{"name":"2976"},"geometry":{"type":"Point","coordinates":[-3.752592407147998,-58.014154843762398]}},
{"type":"Feature","properties":{"name":"2977"},"geometry":{"type":"Point","coordinates":[1.300738593269437,-52.717005183123511]}},
{"type":"Feature","properties":{"name":"2978"},"geometry":{"type":"Point","coordinates":[-154.440806904480894,-61.690584177522389]}},
{"type":"Feature","properties":{"name":"2979"},"geometry":{"type":"Point","coordinates":[-149.065748308883371,-67.425229764296787]}},
{"type":"Feature","properties":{"name":"2980"},"geometry":{"type":"Point","coordinates":[-144.305363697162505,-72.248387663341873]}},
{"type":"Feature","properties":{"name":"2981"},"geometry":{"type":"Point","coordinates":[-135.403732343130997,-76.973811739439753]}},
{"type":"Feature","properties":{"name":"2982"},"geometry":{"type":"Point","coordinates":[-116.58242780184969,-81.075265551015022]}},
{"type":"Feature","properties":{"name":"2983"},"geometry":{"type":"Point","coordinates":[-78.75,-82.988451763080477]}},
{"type":"Feature","properties":{"name":"2984"},"geometry":{"type":"Point","coordinates":[-40.917572198150253,-81.07526555101505]}},
{"type":"Feature","properties":{"name":"2985"},"geometry":{"type":"Point","coordinates":[-22.09626765686918,-76.973811739439839]}},
{"type":"Feature","properties":{"name":"2986"},"geometry":{"type":"Point","coordinates":[-13.194636302837385,-72.248387663341788]}},
{"type":"Feature","properties":{"name":"2987"},"geometry":{"type":"Point","coordinates":[-8.434251691116581,-67.425229764296787]}},
{"type":"Feature","properties":{"name":"2988"},"geometry":{"type":"Point","coordinates":[-3.059193095519057,-61.690584177522418]}},
{"type":"Feature","properties":{"name":"2989"},"geometry":{"type":"Point","coordinates":[0.368870519755038,-55.814845400546346]}},
{"type":"Feature","properties":{"name":"2990"},"geometry":{"type":"Point","coordinates":[-159.182437501316542,-59.508679589293315]}},
{"type":"Feature","properties":{"name":"2991"},"geometry":{"type":"Point","coordinates":[-155.1584528943404,-65.437350775123505]}},
{"type":"Feature","properties":{"name":"2992"},"geometry":{"type":"Point","coordinates":[-152.232033341332226,-70.403160557066528]}},
{"type":"Feature","properties":{"name":"2993"},"geometry":{"type":"Point","coordinates":[-146.931058097733484,-75.413907138064346]}},
{"type":"Feature","properties":{"name":"2994"},"geometry":{"type":"Point","coordinates":[-135.68828293735973,-80.246394277330609]}},
{"type":"Feature","properties":{"name":"2995"},"geometry":{"type":"Point","coordinates":[-106.15868361759189,-84.06264171149536]}},
{"type":"Feature","properties":{"name":"2996"},"geometry":{"type":"Point","coordinates":[-51.341316382408124,-84.06264171149536]}},
{"type":"Feature","properties":{"name":"2997"},"geometry":{"type":"Point","coordinates":[-21.811717062639911,-80.246394277330523]}},
{"type":"Feature","properties":{"name":"2998"},"geometry":{"type":"Point","coordinates":[-10.568941902266459,-75.413907138064374]}},
{"type":"Feature","properties":{"name":"2999"},"geometry":{"type":"Point","coordinates":[-5.267966658667673,-70.403160557066428]}},
{"type":"Feature","properties":{"name":"3000"},"geometry":{"type":"Point","coordinates":[-2.341547105659583,-65.437350775123519]}},
{"type":"Feature","properties":{"name":"3001"},"geometry":{"type":"Point","coordinates":[1.682437501316627,-59.508679589293344]}},
{"type":"Feature","properties":{"name":"3002"},"geometry":{"type":"Point","coordinates":[-160.383175453829836,-63.224439140755912]}},
{"type":"Feature","properties":{"name":"3003"},"geometry":{"type":"Point","coordinates":[-158.793677765702057,-68.265094822936675]}},
{"type":"Feature","properties":{"name":"3004"},"geometry":{"type":"Point","coordinates":[-156.038321758778778,-73.408401420060017]}},
{"type":"Feature","properties":{"name":"3005"},"geometry":{"type":"Point","coordinates":[-150.51913080255224,-78.573516348416206]}},
{"type":"Feature","properties":{"name":"3006"},"geometry":{"type":"Point","coordinates":[-135.803937921281005,-83.510785983315088]}},
{"type":"Feature","properties":{"name":"3007"},"geometry":{"type":"Point","coordinates":[-78.749999999999858,-86.486020744925682]}},
{"type":"Feature","properties":{"name":"3008"},"geometry":{"type":"Point","coordinates":[-21.696062078718981,-83.510785983315088]}},
{"type":"Feature","properties":{"name":"3009"},"geometry":{"type":"Point","coordinates":[-6.980869197447523,-78.573516348416149]}},
{"type":"Feature","properties":{"name":"3010"},"geometry":{"type":"Point","coordinates":[-1.461678241221147,-73.408401420059903]}},
{"type":"Feature","properties":{"name":"3011"},"geometry":{"type":"Point","coordinates":[1.29367776570216,-68.265094822936717]}},
{"type":"Feature","properties":{"name":"3012"},"geometry":{"type":"Point","coordinates":[2.883175453829858,-63.224439140755912]}},
{"type":"Feature","properties":{"name":"3013"},"geometry":{"type":"Point","coordinates":[5.604737267182182,-57.161201705029981]}},
{"type":"Feature","properties":{"name":"3014"},"geometry":{"type":"Point","coordinates":[-164.871683448336654,-60.828844771430333]}},
{"type":"Feature","properties":{"name":"3015"},"geometry":{"type":"Point","coordinates":[-164.223519795371345,-65.903916940763679]}},
{"type":"Feature","properties":{"name":"3016"},"geometry":{"type":"Point","coordinates":[-163.149667740032584,-71.093671851950063]}},
{"type":"Feature","properties":{"name":"3017"},"geometry":{"type":"Point","coordinates":[-161.150505964999894,-76.367329918712926]}},
{"type":"Feature","properties":{"name":"3018"},"geometry":{"type":"Point","coordinates":[-156.44528379186616,-81.671312027213077]}},
{"type":"Feature","properties":{"name":"3019"},"geometry":{"type":"Point","coordinates":[-135.805225694871524,-86.761856405662215]}},
{"type":"Feature","properties":{"name":"3020"},"geometry":{"type":"Point","coordinates":[-21.694774305128501,-86.761856405662215]}},
{"type":"Feature","properties":{"name":"3021"},"geometry":{"type":"Point","coordinates":[-1.054716208133877,-81.671312027213034]}},
{"type":"Feature","properties":{"name":"3022"},"geometry":{"type":"Point","coordinates":[3.650505964999897,-76.367329918712798]}},
{"type":"Feature","properties":{"name":"3023"},"geometry":{"type":"Point","coordinates":[5.64966774003262,-71.093671851950077]}},
{"type":"Feature","properties":{"name":"3024"},"geometry":{"type":"Point","coordinates":[6.723519795371294,-65.903916940763551]}},
{"type":"Feature","properties":{"name":"3025"},"geometry":{"type":"Point","coordinates":[7.371683448336663,-60.828844771430326]}},
{"type":"Feature","properties":{"name":"3026"},"geometry":{"type":"Point","coordinates":[11.25,-58.282525588538995]}},
{"type":"Feature","properties":{"name":"3027"},"geometry":{"type":"Point","coordinates":[16.344259706841285,-54.055229364138654]}},
{"type":"Feature","properties":{"name":"3028"},"geometry":{"type":"Point","coordinates":[20.556533487205993,-49.560529239514906]}},
{"type":"Feature","properties":{"name":"3029"},"geometry":{"type":"Point","coordinates":[24.102435064583801,-44.860387238500117]}},
{"type":"Feature","properties":{"name":"3030"},"geometry":{"type":"Point","coordinates":[27.142896752053833,-40.005481779570061]}},
{"type":"Feature","properties":{"name":"3031"},"geometry":{"type":"Point","coordinates":[29.79738623735917,-35.039188356556821]}},
{"type":"Feature","properties":{"name":"3032"},"geometry":{"type":"Point","coordinates":[32.155157447889309,-30.0]}},
{"type":"Feature","properties":{"name":"3033"},"geometry":{"type":"Point","coordinates":[34.283725535458373,-24.922880543654209]}},
{"type":"Feature","properties":{"name":"3034"},"geometry":{"type":"Point","coordinates":[36.234970252166669,-19.839930894564706]}},
{"type":"Feature","properties":{"name":"3035"},"geometry":{"type":"Point","coordinates":[38.049468908216276,-14.780636958786998]}},
{"type":"Feature","properties":{"name":"3036"},"geometry":{"type":"Point","coordinates":[39.759572913632447,-9.771885122035682]}},
{"type":"Feature","properties":{"name":"3037"},"geometry":{"type":"Point","coordinates":[41.391609163351617,-4.837872861639354]}},
{"type":"Feature","properties":{"name":"3038"},"geometry":{"type":"Point","coordinates":[16.895262732817844,-57.161201705029988]}},
{"type":"Feature","properties":{"name":"3039"},"geometry":{"type":"Point","coordinates":[21.199261406730511,-52.717005183123625]}},
{"type":"Feature","properties":{"name":"3040"},"geometry":{"type":"Point","coordinates":[24.805012055877103,-48.046203307221006]}},
{"type":"Feature","properties":{"name":"3041"},"geometry":{"type":"Point","coordinates":[27.887645343867529,-43.200464156648202]}},
{"type":"Feature","properties":{"name":"3042"},"geometry":{"type":"Point","coordinates":[30.575084426485624,-38.225733540468411]}},
{"type":"Feature","properties":{"name":"3043"},"geometry":{"type":"Point","coordinates":[32.961629268667309,-33.164463474944071]}},
{"type":"Feature","properties":{"name":"3044"},"geometry":{"type":"Point","coordinates":[35.117812457786357,-28.056666048154312]}},
{"type":"Feature","properties":{"name":"3045"},"geometry":{"type":"Point","coordinates":[37.097299060634249,-22.9402179029777]}},
{"type":"Feature","properties":{"name":"3046"},"geometry":{"type":"Point","coordinates":[38.941672782385595,-17.850720256216036]}},
{"type":"Feature","properties":{"name":"3047"},"geometry":{"type":"Point","coordinates":[40.683765326632951,-12.821134206802084]}},
{"type":"Feature","properties":{"name":"3048"},"geometry":{"type":"Point","coordinates":[42.349991959217782,-7.881349723246758]}},
{"type":"Feature","properties":{"name":"3049"},"geometry":{"type":"Point","coordinates":[43.962007615843333,-3.057798370546804]}},
{"type":"Feature","properties":{"name":"3050"},"geometry":{"type":"Point","coordinates":[15.128316551663413,-60.828844771430312]}},
{"type":"Feature","properties":{"name":"3051"},"geometry":{"type":"Point","coordinates":[22.131129480245043,-55.814845400546346]}},
{"type":"Feature","properties":{"name":"3052"},"geometry":{"type":"Point","coordinates":[25.710579619793009,-51.198005606193448]}},
{"type":"Feature","properties":{"name":"3053"},"geometry":{"type":"Point","coordinates":[28.7732493548957,-46.381543027784375]}},
{"type":"Feature","properties":{"name":"3054"},"geometry":{"type":"Point","coordinates":[31.448962084668242,-41.412206989824888]}},
{"type":"Feature","properties":{"name":"3055"},"geometry":{"type":"Point","coordinates":[33.832276621645306,-36.33590432080512]}},
{"type":"Feature","properties":{"name":"3056"},"geometry":{"type":"Point","coordinates":[35.993285252386556,-31.198206034160517]}},
{"type":"Feature","properties":{"name":"3057"},"geometry":{"type":"Point","coordinates":[37.984930576391385,-26.04403219777959]}},
{"type":"Feature","properties":{"name":"3058"},"geometry":{"type":"Point","coordinates":[39.847956863098311,-20.916846977395718]}},
{"type":"Feature","properties":{"name":"3059"},"geometry":{"type":"Point","coordinates":[41.614284332033392,-15.857630596371225]}},
{"type":"Feature","properties":{"name":"3060"},"geometry":{"type":"Point","coordinates":[43.309332608957988,-10.903842693635232]}},
{"type":"Feature","properties":{"name":"3061"},"geometry":{"type":"Point","coordinates":[44.953638442025948,-6.088538378164993]}},
{"type":"Feature","properties":{"name":"3062"},"geometry":{"type":"Point","coordinates":[11.25,-63.370006326091065]}},
{"type":"Feature","properties":{"name":"3063"},"geometry":{"type":"Point","coordinates":[20.817562498683234,-59.50867958929328]}},
{"type":"Feature","properties":{"name":"3064"},"geometry":{"type":"Point","coordinates":[26.955526999418524,-54.274245783636211]}},
{"type":"Feature","properties":{"name":"3065"},"geometry":{"type":"Point","coordinates":[29.890066523511823,-49.521662718245182]}},
{"type":"Feature","properties":{"name":"3066"},"geometry":{"type":"Point","coordinates":[32.478249549165703,-44.583861534277972]}},
{"type":"Feature","properties":{"name":"3067"},"geometry":{"type":"Point","coordinates":[34.805453870847934,-39.50885236726527]}},
{"type":"Feature","properties":{"name":"3068"},"geometry":{"type":"Point","coordinates":[36.934745914461139,-34.348004132704503]}},
{"type":"Feature","properties":{"name":"3069"},"geometry":{"type":"Point","coordinates":[38.913697463411765,-29.154826593076578]}},
{"type":"Feature","properties":{"name":"3070"},"geometry":{"type":"Point","coordinates":[40.778875543283192,-23.983112367948682]}},
{"type":"Feature","properties":{"name":"3071"},"geometry":{"type":"Point","coordinates":[42.558836961330421,-18.884784085727908]}},
{"type":"Feature","properties":{"name":"3072"},"geometry":{"type":"Point","coordinates":[44.276152991713019,-13.907782449303502]}},
{"type":"Feature","properties":{"name":"3073"},"geometry":{"type":"Point","coordinates":[45.948798050427918,-9.094280387858175]}},
{"type":"Feature","properties":{"name":"3074"},"geometry":{"type":"Point","coordinates":[19.616824546170179,-63.224439140755912]}},
{"type":"Feature","properties":{"name":"3075"},"geometry":{"type":"Point","coordinates":[26.252592407148221,-58.014154843762398]}},
{"type":"Feature","properties":{"name":"3076"},"geometry":{"type":"Point","coordinates":[31.38409459402812,-52.567655013246423]}},
{"type":"Feature","properties":{"name":"3077"},"geometry":{"type":"Point","coordinates":[33.758084945827719,-47.708708955078315]}},
{"type":"Feature","properties":{"name":"3078"},"geometry":{"type":"Point","coordinates":[35.941705232340524,-42.667983413778664]}},
{"type":"Feature","properties":{"name":"3079"},"geometry":{"type":"Point","coordinates":[37.979733149382525,-37.502129221839382]}},
{"type":"Feature","properties":{"name":"3080"},"geometry":{"type":"Point","coordinates":[39.906386944502309,-32.27491987452327]}},
{"type":"Feature","properties":{"name":"3081"},"geometry":{"type":"Point","coordinates":[41.74829688592402,-27.053916531107991]}},
{"type":"Feature","properties":{"name":"3082"},"geometry":{"type":"Point","coordinates":[43.526419334590074,-21.906470581560885]}},
{"type":"Feature","properties":{"name":"3083"},"geometry":{"type":"Point","coordinates":[45.25729155713141,-16.895678907545683]}},
{"type":"Feature","properties":{"name":"3084"},"geometry":{"type":"Point","coordinates":[46.953877137771265,-12.076898721235317]}},
{"type":"Feature","properties":{"name":"3085"},"geometry":{"type":"Point","coordinates":[48.115403046545723,-6.00754699004191]}},
{"type":"Feature","properties":{"name":"3086"},"geometry":{"type":"Point","coordinates":[15.776480204628744,-65.903916940763665]}},
{"type":"Feature","properties":{"name":"3087"},"geometry":{"type":"Point","coordinates":[25.55919309551917,-61.690584177522389]}},
{"type":"Feature","properties":{"name":"3088"},"geometry":{"type":"Point","coordinates":[31.19706571176976,-56.325209107243325]}},
{"type":"Feature","properties":{"name":"3089"},"geometry":{"type":"Point","coordinates":[35.443512233602497,-50.720049771628744]}},
{"type":"Feature","properties":{"name":"3090"},"geometry":{"type":"Point","coordinates":[37.340096157955827,-45.77688319697328]}},
{"type":"Feature","properties":{"name":"3091"},"geometry":{"type":"Point","coordinates":[39.18875799087408,-40.646201478585148]}},
{"type":"Feature","properties":{"name":"3092"},"geometry":{"type":"Point","coordinates":[40.99824005093506,-35.403153368428264]}},
{"type":"Feature","properties":{"name":"3093"},"geometry":{"type":"Point","coordinates":[42.77600742798176,-30.133598132124007]}},
{"type":"Feature","properties":{"name":"3094"},"geometry":{"type":"Point","coordinates":[44.528329888381236,-24.927282601494085]}},
{"type":"Feature","properties":{"name":"3095"},"geometry":{"type":"Point","coordinates":[46.26022885280436,-19.870270926477058]}},
{"type":"Feature","properties":{"name":"3096"},"geometry":{"type":"Point","coordinates":[47.975396203357953,-15.038082085795983]}},
{"type":"Feature","properties":{"name":"3097"},"geometry":{"type":"Point","coordinates":[49.154485735232178,-9.002549875614204]}},
{"type":"Feature","properties":{"name":"3098"},"geometry":{"type":"Point","coordinates":[11.25,-68.562621827391212]}},
{"type":"Feature","properties":{"name":"3099"},"geometry":{"type":"Point","coordinates":[24.841547105659632,-65.437350775123519]}},
{"type":"Feature","properties":{"name":"3100"},"geometry":{"type":"Point","coordinates":[31.090807828567645,-59.995718851042696]}},
{"type":"Feature","properties":{"name":"3101"},"geometry":{"type":"Point","coordinates":[35.683669247360811,-54.473078000258994]}},
{"type":"Feature","properties":{"name":"3102"},"geometry":{"type":"Point","coordinates":[39.166152615767757,-48.752923259643161]}},
{"type":"Feature","properties":{"name":"3103"},"geometry":{"type":"Point","coordinates":[40.664341494063947,-43.740786145072938]}},
{"type":"Feature","properties":{"name":"3104"},"geometry":{"type":"Point","coordinates":[42.247953797088577,-38.528489141589006]}},
{"type":"Feature","properties":{"name":"3105"},"geometry":{"type":"Point","coordinates":[43.892990414624478,-33.22491551043683]}},
{"type":"Feature","properties":{"name":"3106"},"geometry":{"type":"Point","coordinates":[45.580131036772727,-27.952813407938379]}},
{"type":"Feature","properties":{"name":"3107"},"geometry":{"type":"Point","coordinates":[47.293593174926848,-22.834802259343654]}},
{"type":"Feature","properties":{"name":"3108"},"geometry":{"type":"Point","coordinates":[49.020177933133425,-17.979329774477055]}},
{"type":"Feature","properties":{"name":"3109"},"geometry":{"type":"Point","coordinates":[50.211103686047743,-11.975064660679813]}},
{"type":"Feature","properties":{"name":"3110"},"geometry":{"type":"Point","coordinates":[21.206322234298042,-68.265094822936788]}},
{"type":"Feature","properties":{"name":"3111"},"geometry":{"type":"Point","coordinates":[30.957561553236797,-63.66611847273203]}},
{"type":"Feature","properties":{"name":"3112"},"geometry":{"type":"Point","coordinates":[36.099536735780845,-58.125859091749561]}},
{"type":"Feature","properties":{"name":"3113"},"geometry":{"type":"Point","coordinates":[39.755268755981362,-52.484110554494812]}},
{"type":"Feature","properties":{"name":"3114"},"geometry":{"type":"Point","coordinates":[42.586280526135191,-46.684415105978431]}},
{"type":"Feature","properties":{"name":"3115"},"geometry":{"type":"Point","coordinates":[43.760806136054647,-41.611702106214061]}},
{"type":"Feature","properties":{"name":"3116"},"geometry":{"type":"Point","coordinates":[45.153160967610127,-36.323505731115738]}},
{"type":"Feature","properties":{"name":"3117"},"geometry":{"type":"Point","coordinates":[46.705977320671636,-30.989642383264432]}},
{"type":"Feature","properties":{"name":"3118"},"geometry":{"type":"Point","coordinates":[48.368108780212417,-25.793567082948424]}},
{"type":"Feature","properties":{"name":"3119"},"geometry":{"type":"Point","coordinates":[50.095531188565118,-20.901942654275043]}},
{"type":"Feature","properties":{"name":"3120"},"geometry":{"type":"Point","coordinates":[51.292347037333748,-14.927431456261992]}},
{"type":"Feature","properties":{"name":"3121"},"geometry":{"type":"Point","coordinates":[52.400376255770951,-9.014798760753743]}},
{"type":"Feature","properties":{"name":"3122"},"geometry":{"type":"Point","coordinates":[16.850332259967534,-71.093671851950162]}},
{"type":"Feature","properties":{"name":"3123"},"geometry":{"type":"Point","coordinates":[30.934251691116632,-67.425229764296787]}},
{"type":"Feature","properties":{"name":"3124"},"geometry":{"type":"Point","coordinates":[36.555487528137206,-61.742765458640179]}},
{"type":"Feature","properties":{"name":"3125"},"geometry":{"type":"Point","coordinates":[40.583351818899359,-56.097999227856185]}},
{"type":"Feature","properties":{"name":"3126"},"geometry":{"type":"Point","coordinates":[43.458276206175121,-50.379685777186822]}},
{"type":"Feature","properties":{"name":"3127"},"geometry":{"type":"Point","coordinates":[45.73761541489467,-44.529621964661608]}},
{"type":"Feature","properties":{"name":"3128"},"geometry":{"type":"Point","coordinates":[46.662059754622959,-39.397169423945932]}},
{"type":"Feature","properties":{"name":"3129"},"geometry":{"type":"Point","coordinates":[47.949688291884826,-34.043048684781873]}},
{"type":"Feature","properties":{"name":"3130"},"geometry":{"type":"Point","coordinates":[49.498796939896827,-28.753053066992408]}},
{"type":"Feature","properties":{"name":"3131"},"geometry":{"type":"Point","coordinates":[51.209456751759511,-23.807007669065268]}},
{"type":"Feature","properties":{"name":"3132"},"geometry":{"type":"Point","coordinates":[52.405826070474383,-17.862226641476941]}},
{"type":"Feature","properties":{"name":"3133"},"geometry":{"type":"Point","coordinates":[53.510860247705565,-11.988167808560188]}},
{"type":"Feature","properties":{"name":"3134"},"geometry":{"type":"Point","coordinates":[11.25,-73.842564678008443]}},
{"type":"Feature","properties":{"name":"3135"},"geometry":{"type":"Point","coordinates":[27.767966658667824,-70.403160557066528]}},
{"type":"Feature","properties":{"name":"3136"},"geometry":{"type":"Point","coordinates":[37.082678715715637,-65.39531140161327]}},
{"type":"Feature","properties":{"name":"3137"},"geometry":{"type":"Point","coordinates":[41.586283807934109,-59.661222614913925]}},
{"type":"Feature","properties":{"name":"3138"},"geometry":{"type":"Point","coordinates":[44.606423221130761,-53.938794503376329]}},
{"type":"Feature","properties":{"name":"3139"},"geometry":{"type":"Point","coordinates":[46.838587603197425,-48.176281187363529]}},
{"type":"Feature","properties":{"name":"3140"},"geometry":{"type":"Point","coordinates":[48.651931404969851,-42.300980330186889]}},
{"type":"Feature","properties":{"name":"3141"},"geometry":{"type":"Point","coordinates":[49.408538261216421,-37.100317470426475]}},
{"type":"Feature","properties":{"name":"3142"},"geometry":{"type":"Point","coordinates":[50.711571520629299,-31.724298801980567]}},
{"type":"Feature","properties":{"name":"3143"},"geometry":{"type":"Point","coordinates":[52.37088653938617,-26.695374136994307]}},
{"type":"Feature","properties":{"name":"3144"},"geometry":{"type":"Point","coordinates":[53.559916780998726,-20.782615569887174]}},
{"type":"Feature","properties":{"name":"3145"},"geometry":{"type":"Point","coordinates":[54.653992998464076,-14.944601661100506]}},
{"type":"Feature","properties":{"name":"3146"},"geometry":{"type":"Point","coordinates":[23.9616782412213,-73.408401420059988]}},
{"type":"Feature","properties":{"name":"3147"},"geometry":{"type":"Point","coordinates":[38.007176726465261,-69.134244072473308]}},
{"type":"Feature","properties":{"name":"3148"},"geometry":{"type":"Point","coordinates":[42.612946886297443,-63.230562107778383]}},
{"type":"Feature","properties":{"name":"3149"},"geometry":{"type":"Point","coordinates":[45.97156636069397,-57.440568456583478]}},
{"type":"Feature","properties":{"name":"3150"},"geometry":{"type":"Point","coordinates":[48.23134101197023,-51.668262120285021]}},
{"type":"Feature","properties":{"name":"3151"},"geometry":{"type":"Point","coordinates":[49.939457719225864,-45.885245253973807]}},
{"type":"Feature","properties":{"name":"3152"},"geometry":{"type":"Point","coordinates":[51.358373876330212,-40.008655864211867]}},
{"type":"Feature","properties":{"name":"3153"},"geometry":{"type":"Point","coordinates":[52.071114537103398,-34.724394300910078]}},
{"type":"Feature","properties":{"name":"3154"},"geometry":{"type":"Point","coordinates":[53.589970597009597,-29.567619477667197]}},
{"type":"Feature","properties":{"name":"3155"},"geometry":{"type":"Point","coordinates":[54.764023760012883,-23.693110795289236]}},
{"type":"Feature","properties":{"name":"3156"},"geometry":{"type":"Point","coordinates":[55.837712950209898,-17.888053720594755]}},
{"type":"Feature","properties":{"name":"3157"},"geometry":{"type":"Point","coordinates":[56.825498957408591,-12.047071515031249]}},
{"type":"Feature","properties":{"name":"3158"},"geometry":{"type":"Point","coordinates":[18.849494035000181,-76.367329918712798]}},
{"type":"Feature","properties":{"name":"3159"},"geometry":{"type":"Point","coordinates":[35.694636302837559,-72.248387663341845]}},
{"type":"Feature","properties":{"name":"3160"},"geometry":{"type":"Point","coordinates":[43.968107362782227,-66.831622519282561]}},
{"type":"Feature","properties":{"name":"3161"},"geometry":{"type":"Point","coordinates":[47.491996707213794,-60.927310705676348]}},
{"type":"Feature","properties":{"name":"3162"},"geometry":{"type":"Point","coordinates":[49.85658806104199,-55.098754495783112]}},
{"type":"Feature","properties":{"name":"3163"},"geometry":{"type":"Point","coordinates":[51.515140358484331,-49.30002861257902]}},
{"type":"Feature","properties":{"name":"3164"},"geometry":{"type":"Point","coordinates":[52.800558770222011,-43.511458835497201]}},
{"type":"Feature","properties":{"name":"3165"},"geometry":{"type":"Point","coordinates":[53.883234638994445,-37.660904419207846]}},
{"type":"Feature","properties":{"name":"3166"},"geometry":{"type":"Point","coordinates":[54.87843007922811,-32.424001078834792]}},
{"type":"Feature","properties":{"name":"3167"},"geometry":{"type":"Point","coordinates":[56.028684062321062,-26.601387955625498]}},
{"type":"Feature","properties":{"name":"3168"},"geometry":{"type":"Point","coordinates":[57.070444546581818,-20.823694832043628]}},
{"type":"Feature","properties":{"name":"3169"},"geometry":{"type":"Point","coordinates":[58.02769372943316,-15.007803277814636]}},
{"type":"Feature","properties":{"name":"3170"},"geometry":{"type":"Point","coordinates":[11.25,-79.189978118835825]}},
{"type":"Feature","properties":{"name":"3171"},"geometry":{"type":"Point","coordinates":[33.068941902266687,-75.413907138064445]}},
{"type":"Feature","properties":{"name":"3172"},"geometry":{"type":"Point","coordinates":[46.105937060504544,-70.500497309865182]}},
{"type":"Feature","properties":{"name":"3173"},"geometry":{"type":"Point","coordinates":[49.250112177806159,-64.420777284654065]}},
{"type":"Feature","properties":{"name":"3174"},"geometry":{"type":"Point","coordinates":[51.754907875801045,-58.497531759252695]}},
{"type":"Feature","properties":{"name":"3175"},"geometry":{"type":"Point","coordinates":[53.320575284293326,-52.654023581582734]}},
{"type":"Feature","properties":{"name":"3176"},"geometry":{"type":"Point","coordinates":[54.507142128079131,-46.841040636751984]}},
{"type":"Feature","properties":{"name":"3177"},"geometry":{"type":"Point","coordinates":[55.456624009941635,-41.048487762970723]}},
{"type":"Feature","properties":{"name":"3178"},"geometry":{"type":"Point","coordinates":[56.25,-35.264389682754661]}},
{"type":"Feature","properties":{"name":"3179"},"geometry":{"type":"Point","coordinates":[57.364177729977818,-29.523258735070602]}},
{"type":"Feature","properties":{"name":"3180"},"geometry":{"type":"Point","coordinates":[58.360691694237815,-23.758944785448886]}},
{"type":"Feature","properties":{"name":"3181"},"geometry":{"type":"Point","coordinates":[59.27696393840727,-17.958619697765588]}},
{"type":"Feature","properties":{"name":"3182"},"geometry":{"type":"Point","coordinates":[29.480869197447792,-78.573516348416234]}},
{"type":"Feature","properties":{"name":"3183"},"geometry":{"type":"Point","coordinates":[45.140995929084085,-73.710408505261185]}},
{"type":"Feature","properties":{"name":"3184"},"geometry":{"type":"Point","coordinates":[51.580452603180532,-67.925173545411468]}},
{"type":"Feature","properties":{"name":"3185"},"geometry":{"type":"Point","coordinates":[53.830125597423603,-61.898876438563839]}},
{"type":"Feature","properties":{"name":"3186"},"geometry":{"type":"Point","coordinates":[55.401165102527564,-55.973948954941761]}},
{"type":"Feature","properties":{"name":"3187"},"geometry":{"type":"Point","coordinates":[56.42998520126654,-50.117603896080944]}},
{"type":"Feature","properties":{"name":"3188"},"geometry":{"type":"Point","coordinates":[57.246520970983489,-44.290072867968263]}},
{"type":"Feature","properties":{"name":"3189"},"geometry":{"type":"Point","coordinates":[57.92417346682852,-38.460685183617251]}},
{"type":"Feature","properties":{"name":"3190"},"geometry":{"type":"Point","coordinates":[58.765419039571356,-32.498442348083444]}},
{"type":"Feature","properties":{"name":"3191"},"geometry":{"type":"Point","coordinates":[59.715198104221351,-26.705448440317475]}},
{"type":"Feature","properties":{"name":"3192"},"geometry":{"type":"Point","coordinates":[60.580762689308024,-20.905416243615726]}},
{"type":"Feature","properties":{"name":"3193"},"geometry":{"type":"Point","coordinates":[61.398958867047476,-15.068268128178708]}},
{"type":"Feature","properties":{"name":"3194"},"geometry":{"type":"Point","coordinates":[23.554716208133978,-81.671312027213077]}},
{"type":"Feature","properties":{"name":"3195"},"geometry":{"type":"Point","coordinates":[44.596267656869109,-76.973811739439753]}},
{"type":"Feature","properties":{"name":"3196"},"geometry":{"type":"Point","coordinates":[55.143980667570801,-71.456407954273658]}},
{"type":"Feature","properties":{"name":"3197"},"geometry":{"type":"Point","coordinates":[56.399778946868558,-65.275961729038428]}},
{"type":"Feature","properties":{"name":"3198"},"geometry":{"type":"Point","coordinates":[57.768516288364005,-59.277608703438098]}},
{"type":"Feature","properties":{"name":"3199"},"geometry":{"type":"Point","coordinates":[58.618547787955755,-53.360804580158039]}},
{"type":"Feature","properties":{"name":"3200"},"geometry":{"type":"Point","coordinates":[59.237251451916798,-47.494016509123696]}},
{"type":"Feature","properties":{"name":"3201"},"geometry":{"type":"Point","coordinates":[59.754833075860809,-41.633841349766278]}},
{"type":"Feature","properties":{"name":"3202"},"geometry":{"type":"Point","coordinates":[59.980964610268551,-35.620470835163019]}},
{"type":"Feature","properties":{"name":"3203"},"geometry":{"type":"Point","coordinates":[61.131535702165884,-29.682864106111442]}},
{"type":"Feature","properties":{"name":"3204"},"geometry":{"type":"Point","coordinates":[61.945223586260617,-23.856183921084575]}},
{"type":"Feature","properties":{"name":"3205"},"geometry":{"type":"Point","coordinates":[62.708628453727464,-18.019567397251379]}},
{"type":"Feature","properties":{"name":"3206"},"geometry":{"type":"Point","coordinates":[11.25,-84.583349219204095]}},
{"type":"Feature","properties":{"name":"3207"},"geometry":{"type":"Point","coordinates":[44.311717062640341,-80.246394277330609]}},
{"type":"Feature","properties":{"name":"3208"},"geometry":{"type":"Point","coordinates":[56.031827759435693,-74.685991298418728]}},
{"type":"Feature","properties":{"name":"3209"},"geometry":{"type":"Point","coordinates":[59.791080418128416,-68.629052479419371]}},
{"type":"Feature","properties":{"name":"3210"},"geometry":{"type":"Point","coordinates":[60.523252547424541,-62.549332473691528]}},
{"type":"Feature","properties":{"name":"3211"},"geometry":{"type":"Point","coordinates":[61.151125569002147,-56.571595699062733]}},
{"type":"Feature","properties":{"name":"3212"},"geometry":{"type":"Point","coordinates":[61.480297135418866,-50.667156820672226]}},
{"type":"Feature","properties":{"name":"3213"},"geometry":{"type":"Point","coordinates":[61.778135207354907,-44.780693410769508]}},
{"type":"Feature","properties":{"name":"3214"},"geometry":{"type":"Point","coordinates":[62.003894932303744,-38.839501391199377]}},
{"type":"Feature","properties":{"name":"3215"},"geometry":{"type":"Point","coordinates":[62.564960249611516,-32.724512560103975]}},
{"type":"Feature","properties":{"name":"3216"},"geometry":{"type":"Point","coordinates":[63.371762117709515,-26.822272958649044]}},
{"type":"Feature","properties":{"name":"3217"},"geometry":{"type":"Point","coordinates":[64.076637956185564,-20.967729706829925]}},
{"type":"Feature","properties":{"name":"3218"},"geometry":{"type":"Point","coordinates":[44.196062078719031,-83.510785983315088]}},
{"type":"Feature","properties":{"name":"3219"},"geometry":{"type":"Point","coordinates":[58.502365845907534,-77.916003318162154]}},
{"type":"Feature","properties":{"name":"3220"},"geometry":{"type":"Point","coordinates":[64.848255729981332,-71.94358535056638]}},
{"type":"Feature","properties":{"name":"3221"},"geometry":{"type":"Point","coordinates":[63.932960355126681,-65.764730187323551]}},
{"type":"Feature","properties":{"name":"3222"},"geometry":{"type":"Point","coordinates":[64.02281664371786,-59.754285026504853]}},
{"type":"Feature","properties":{"name":"3223"},"geometry":{"type":"Point","coordinates":[64.044881557697551,-53.805224324855281]}},
{"type":"Feature","properties":{"name":"3224"},"geometry":{"type":"Point","coordinates":[64.039951919658009,-47.896263602334663]}},
{"type":"Feature","properties":{"name":"3225"},"geometry":{"type":"Point","coordinates":[64.062855274618698,-41.967112722858246]}},
{"type":"Feature","properties":{"name":"3226"},"geometry":{"type":"Point","coordinates":[63.742522470160687,-35.860755842735188]}},
{"type":"Feature","properties":{"name":"3227"},"geometry":{"type":"Point","coordinates":[64.846896532380839,-29.820028193296672]}},
{"type":"Feature","properties":{"name":"3228"},"geometry":{"type":"Point","coordinates":[65.5067348901201,-23.920097065362405]}},
{"type":"Feature","properties":{"name":"3229"},"geometry":{"type":"Point","coordinates":[66.127563961897891,-18.039601133639874]}},
{"type":"Feature","properties":{"name":"3230"},"geometry":{"type":"Point","coordinates":[44.194774305128632,-86.761856405662215]}},
{"type":"Feature","properties":{"name":"3231"},"geometry":{"type":"Point","coordinates":[63.417572198150289,-81.075265551015022]}},
{"type":"Feature","properties":{"name":"3232"},"geometry":{"type":"Point","coordinates":[67.906812015011184,-75.082256718335515]}},
{"type":"Feature","properties":{"name":"3233"},"geometry":{"type":"Point","coordinates":[68.369638419107403,-68.908043938908477]}},
{"type":"Feature","properties":{"name":"3234"},"geometry":{"type":"Point","coordinates":[67.456427841602448,-62.859495468242322]}},
{"type":"Feature","properties":{"name":"3235"},"geometry":{"type":"Point","coordinates":[66.995369803791121,-56.90150563505405]}},
{"type":"Feature","properties":{"name":"3236"},"geometry":{"type":"Point","coordinates":[66.59922614688162,-50.973053875810074]}},
{"type":"Feature","properties":{"name":"3237"},"geometry":{"type":"Point","coordinates":[66.330122481306091,-45.046281702586796]}},
{"type":"Feature","properties":{"name":"3238"},"geometry":{"type":"Point","coordinates":[66.04671163734703,-39.035953973873156]}},
{"type":"Feature","properties":{"name":"3239"},"geometry":{"type":"Point","coordinates":[66.309074050197069,-32.870760853306521]}},
{"type":"Feature","properties":{"name":"3240"},"geometry":{"type":"Point","coordinates":[66.996190406388436,-26.886290765810106]}},
{"type":"Feature","properties":{"name":"3241"},"geometry":{"type":"Point","coordinates":[67.554811971100889,-20.978789929019189]}},
{"type":"Feature","properties":{"name":"3242"},"geometry":{"type":"Point","coordinates":[0.0,-90.0]}},
{"type":"Feature","properties":{"name":"3243"},"geometry":{"type":"Point","coordinates":[73.841316382408195,-84.06264171149536]}},
{"type":"Feature","properties":{"name":"3244"},"geometry":{"type":"Point","coordinates":[73.765598298300773,-78.08590585097383]}},
{"type":"Feature","properties":{"name":"3245"},"geometry":{"type":"Point","coordinates":[74.771242820049665,-71.929396352812105]}},
{"type":"Feature","properties":{"name":"3246"},"geometry":{"type":"Point","coordinates":[71.668548758372268,-65.867662107937718]}},
{"type":"Feature","properties":{"name":"3247"},"geometry":{"type":"Point","coordinates":[70.420924180863778,-59.917709071253519]}},
{"type":"Feature","properties":{"name":"3248"},"geometry":{"type":"Point","coordinates":[69.532525588539045,-54.0]}},
{"type":"Feature","properties":{"name":"3249"},"geometry":{"type":"Point","coordinates":[68.866040845213007,-48.077376518347528]}},
{"type":"Feature","properties":{"name":"3250"},"geometry":{"type":"Point","coordinates":[68.355505106653581,-42.11146729133592]}},
{"type":"Feature","properties":{"name":"3251"},"geometry":{"type":"Point","coordinates":[67.526738608065727,-35.983302905913895]}},
{"type":"Feature","properties":{"name":"3252"},"geometry":{"type":"Point","coordinates":[68.525531666218328,-29.878695340962398]}},
{"type":"Feature","properties":{"name":"3253"},"geometry":{"type":"Point","coordinates":[69.045396117505462,-23.919928892794648]}},
{"type":"Feature","properties":{"name":"3254"},"geometry":{"type":"Point","coordinates":[101.25,-86.486020744925682]}},
{"type":"Feature","properties":{"name":"3255"},"geometry":{"type":"Point","coordinates":[83.841462368860121,-80.810616055623555]}},
{"type":"Feature","properties":{"name":"3256"},"geometry":{"type":"Point","coordinates":[79.943306876590171,-74.849654566718641]}},
{"type":"Feature","properties":{"name":"3257"},"geometry":{"type":"Point","coordinates":[77.018724002622818,-68.746956729886719]}},
{"type":"Feature","properties":{"name":"3258"},"geometry":{"type":"Point","coordinates":[74.489744670532133,-62.821797231365991]}},
{"type":"Feature","properties":{"name":"3259"},"geometry":{"type":"Point","coordinates":[72.919304657464153,-56.944433606977547]}},
{"type":"Feature","properties":{"name":"3260"},"geometry":{"type":"Point","coordinates":[71.736388318675125,-51.052067747745241]}},
{"type":"Feature","properties":{"name":"3261"},"geometry":{"type":"Point","coordinates":[70.874454875316815,-45.117377123174705]}},
{"type":"Feature","properties":{"name":"3262"},"geometry":{"type":"Point","coordinates":[70.071645654725032,-39.086752492381571]}},
{"type":"Feature","properties":{"name":"3263"},"geometry":{"type":"Point","coordinates":[70.030979691115192,-32.911017185630968]}},
{"type":"Feature","properties":{"name":"3264"},"geometry":{"type":"Point","coordinates":[70.594049452282377,-26.870799791993644]}},
{"type":"Feature","properties":{"name":"3265"},"geometry":{"type":"Point","coordinates":[71.015481432528532,-20.920804685616623]}},
{"type":"Feature","properties":{"name":"3266"},"geometry":{"type":"Point","coordinates":[158.305225694871154,-86.761856405662215]}},
{"type":"Feature","properties":{"name":"3267"},"geometry":{"type":"Point","coordinates":[101.25,-82.988451763080477]}},
{"type":"Feature","properties":{"name":"3268"},"geometry":{"type":"Point","coordinates":[88.540570286081447,-77.431932905190649]}},
{"type":"Feature","properties":{"name":"3269"},"geometry":{"type":"Point","coordinates":[84.399842117052202,-71.418697671919489]}},
{"type":"Feature","properties":{"name":"3270"},"geometry":{"type":"Point","coordinates":[79.404442779659831,-65.582719543496779]}},
{"type":"Feature","properties":{"name":"3271"},"geometry":{"type":"Point","coordinates":[76.855473748780554,-59.768885870807111]}},
{"type":"Feature","properties":{"name":"3272"},"geometry":{"type":"Point","coordinates":[75.038393397586816,-53.943447806332998]}},
{"type":"Feature","properties":{"name":"3273"},"geometry":{"type":"Point","coordinates":[73.681844430456565,-48.055643266516668]}},
{"type":"Feature","properties":{"name":"3274"},"geometry":{"type":"Point","coordinates":[72.626530429366539,-42.09127147674625]}},
{"type":"Feature","properties":{"name":"3275"},"geometry":{"type":"Point","coordinates":[71.325169402302222,-35.986663258922661]}},
{"type":"Feature","properties":{"name":"3276"},"geometry":{"type":"Point","coordinates":[72.179127240115037,-29.840751478168912]}},
{"type":"Feature","properties":{"name":"3277"},"geometry":{"type":"Point","coordinates":[72.56343821717735,-23.839940899825102]}},
{"type":"Feature","properties":{"name":"3278"},"geometry":{"type":"Point","coordinates":[-168.75,-84.583349219204095]}},
{"type":"Feature","properties":{"name":"3279"},"geometry":{"type":"Point","coordinates":[128.658683617592686,-84.062641711495303]}},
{"type":"Feature","properties":{"name":"3280"},"geometry":{"type":"Point","coordinates":[101.25,-79.503846692934587]}},
{"type":"Feature","properties":{"name":"3281"},"geometry":{"type":"Point","coordinates":[91.259994644923623,-73.997634366833651]}},
{"type":"Feature","properties":{"name":"3282"},"geometry":{"type":"Point","coordinates":[85.450886391627137,-68.155131022477732]}},
{"type":"Feature","properties":{"name":"3283"},"geometry":{"type":"Point","coordinates":[81.480770753443807,-62.444678547850195]}},
{"type":"Feature","properties":{"name":"3284"},"geometry":{"type":"Point","coordinates":[78.840606355400197,-56.70728524338066]}},
{"type":"Feature","properties":{"name":"3285"},"geometry":{"type":"Point","coordinates":[76.850133593335627,-50.917038018034496]}},
{"type":"Feature","properties":{"name":"3286"},"geometry":{"type":"Point","coordinates":[75.39307382535948,-45.010623533474075]}},
{"type":"Feature","properties":{"name":"3287"},"geometry":{"type":"Point","coordinates":[74.08320864897054,-39.001559216454908]}},
{"type":"Feature","properties":{"name":"3288"},"geometry":{"type":"Point","coordinates":[73.740993518529791,-32.839409759312922]}},
{"type":"Feature","properties":{"name":"3289"},"geometry":{"type":"Point","coordinates":[74.169880450135281,-26.763641053328971]}},
{"type":"Feature","properties":{"name":"3290"},"geometry":{"type":"Point","coordinates":[158.303937921280919,-83.510785983315088]}},
{"type":"Feature","properties":{"name":"3291"},"geometry":{"type":"Point","coordinates":[118.658537631139893,-80.810616055623598]}},
{"type":"Feature","properties":{"name":"3292"},"geometry":{"type":"Point","coordinates":[101.25,-76.028870478183336]}},
{"type":"Feature","properties":{"name":"3293"},"geometry":{"type":"Point","coordinates":[93.30750306545751,-70.452553316318429]}},
{"type":"Feature","properties":{"name":"3294"},"geometry":{"type":"Point","coordinates":[86.964277828125816,-64.93134423211059]}},
{"type":"Feature","properties":{"name":"3295"},"geometry":{"type":"Point","coordinates":[83.223657454307244,-59.32344986028447]}},
{"type":"Feature","properties":{"name":"3296"},"geometry":{"type":"Point","coordinates":[80.518238656427442,-53.635185824781196]}},
{"type":"Feature","properties":{"name":"3297"},"geometry":{"type":"Point","coordinates":[78.4605086173638,-47.843684283034136]}},
{"type":"Feature","properties":{"name":"3298"},"geometry":{"type":"Point","coordinates":[76.869797883453785,-41.917862635964795]}},
{"type":"Feature","properties":{"name":"3299"},"geometry":{"type":"Point","coordinates":[75.129117683938389,-35.869910946227421]}},
{"type":"Feature","properties":{"name":"3300"},"geometry":{"type":"Point","coordinates":[75.813270973151901,-29.699175673430513]}},
{"type":"Feature","properties":{"name":"3301"},"geometry":{"type":"Point","coordinates":[76.062754393628097,-23.671601189482278]}},
{"type":"Feature","properties":{"name":"3302"},"geometry":{"type":"Point","coordinates":[178.945283791865819,-81.671312027213162]}},
{"type":"Feature","properties":{"name":"3303"},"geometry":{"type":"Point","coordinates":[139.082427801849633,-81.075265551014965]}},
{"type":"Feature","properties":{"name":"3304"},"geometry":{"type":"Point","coordinates":[113.959429713918539,-77.431932905190649]}},
{"type":"Feature","properties":{"name":"3305"},"geometry":{"type":"Point","coordinates":[101.25,-72.560269318108084]}},
{"type":"Feature","properties":{"name":"3306"},"geometry":{"type":"Point","coordinates":[93.495171706120416,-67.172921587100461]}},
{"type":"Feature","properties":{"name":"3307"},"geometry":{"type":"Point","coordinates":[88.31117904738781,-61.759800974966275]}},
{"type":"Feature","properties":{"name":"3308"},"geometry":{"type":"Point","coordinates":[84.683771280231397,-56.210070163261975]}},
{"type":"Feature","properties":{"name":"3309"},"geometry":{"type":"Point","coordinates":[81.948640488336096,-50.550595255574621]}},
{"type":"Feature","properties":{"name":"3310"},"geometry":{"type":"Point","coordinates":[79.870825639068215,-44.736425858017959]}},
{"type":"Feature","properties":{"name":"3311"},"geometry":{"type":"Point","coordinates":[78.078273338834236,-38.784004631566013]}},
{"type":"Feature","properties":{"name":"3312"},"geometry":{"type":"Point","coordinates":[77.440381128635153,-32.654090432415245]}},
{"type":"Feature","properties":{"name":"3313"},"geometry":{"type":"Point","coordinates":[77.726156686053528,-26.558837885645236]}},
{"type":"Feature","properties":{"name":"3314"},"geometry":{"type":"Point","coordinates":[-168.75,-79.189978118835796]}},
{"type":"Feature","properties":{"name":"3315"},"geometry":{"type":"Point","coordinates":[158.188282937359986,-80.246394277330523]}},
{"type":"Feature","properties":{"name":"3316"},"geometry":{"type":"Point","coordinates":[128.734401701699227,-78.08590585097383]}},
{"type":"Feature","properties":{"name":"3317"},"geometry":{"type":"Point","coordinates":[111.240005355076619,-73.997634366833651]}},
{"type":"Feature","properties":{"name":"3318"},"geometry":{"type":"Point","coordinates":[101.25,-69.094842552110691]}},
{"type":"Feature","properties":{"name":"3319"},"geometry":{"type":"Point","coordinates":[94.247085621441926,-63.979637778699711]}},
{"type":"Feature","properties":{"name":"3320"},"geometry":{"type":"Point","coordinates":[89.442430364294268,-58.618601020688196]}},
{"type":"Feature","properties":{"name":"3321"},"geometry":{"type":"Point","coordinates":[85.915789184848435,-53.097551440795897]}},
{"type":"Feature","properties":{"name":"3322"},"geometry":{"type":"Point","coordinates":[83.179200625535486,-47.451351800013704]}},
{"type":"Feature","properties":{"name":"3323"},"geometry":{"type":"Point","coordinates":[81.077556135037796,-41.597694736932155]}},
{"type":"Feature","properties":{"name":"3324"},"geometry":{"type":"Point","coordinates":[78.929905401149455,-35.632653542284807]}},
{"type":"Feature","properties":{"name":"3325"},"geometry":{"type":"Point","coordinates":[79.429609027449644,-29.450983089479156]}},
{"type":"Feature","properties":{"name":"3326"},"geometry":{"type":"Point","coordinates":[173.019130802552013,-78.573516348416334]}},
{"type":"Feature","properties":{"name":"3327"},"geometry":{"type":"Point","coordinates":[143.997634154092168,-77.916003318162197]}},
{"type":"Feature","properties":{"name":"3328"},"geometry":{"type":"Point","coordinates":[122.556693123410014,-74.849654566718641]}},
{"type":"Feature","properties":{"name":"3329"},"geometry":{"type":"Point","coordinates":[109.192496934542532,-70.452553316318429]}},
{"type":"Feature","properties":{"name":"3330"},"geometry":{"type":"Point","coordinates":[101.25,-66.034636772369865]}},
{"type":"Feature","properties":{"name":"3331"},"geometry":{"type":"Point","coordinates":[94.909057702792154,-60.844053295404912]}},
{"type":"Feature","properties":{"name":"3332"},"geometry":{"type":"Point","coordinates":[90.388965306185554,-55.49194190238579]}},
{"type":"Feature","properties":{"name":"3333"},"geometry":{"type":"Point","coordinates":[86.965153438517632,-49.980411824119585]}},
{"type":"Feature","properties":{"name":"3334"},"geometry":{"type":"Point","coordinates":[84.293918532614612,-44.302362461139964]}},
{"type":"Feature","properties":{"name":"3335"},"geometry":{"type":"Point","coordinates":[82.050482465006723,-38.436161175716876]}},
{"type":"Feature","properties":{"name":"3336"},"geometry":{"type":"Point","coordinates":[81.126705013704282,-32.354530273188303]}},
{"type":"Feature","properties":{"name":"3337"},"geometry":{"type":"Point","coordinates":[81.263706883482953,-26.253362169258754]}},
{"type":"Feature","properties":{"name":"3338"},"geometry":{"type":"Point","coordinates":[-176.349494035,-76.367329918712684]}},
{"type":"Feature","properties":{"name":"3339"},"geometry":{"type":"Point","coordinates":[157.903732343130997,-76.973811739439753]}},
{"type":"Feature","properties":{"name":"3340"},"geometry":{"type":"Point","coordinates":[134.593187984988674,-75.082256718335572]}},
{"type":"Feature","properties":{"name":"3341"},"geometry":{"type":"Point","coordinates":[118.100157882947855,-71.418697671919517]}},
{"type":"Feature","properties":{"name":"3342"},"geometry":{"type":"Point","coordinates":[109.004828293879626,-67.172921587100461]}},
{"type":"Feature","properties":{"name":"3343"},"geometry":{"type":"Point","coordinates":[101.25,-62.972245802773962]}},
{"type":"Feature","properties":{"name":"3344"},"geometry":{"type":"Point","coordinates":[95.459158619376907,-57.731272628172334]}},
{"type":"Feature","properties":{"name":"3345"},"geometry":{"type":"Point","coordinates":[91.187089727747903,-52.369470220676753]}},
{"type":"Feature","properties":{"name":"3346"},"geometry":{"type":"Point","coordinates":[87.867398842303643,-46.854133874377119]}},
{"type":"Feature","properties":{"name":"3347"},"geometry":{"type":"Point","coordinates":[85.241191101959771,-41.13535144485234]}},
{"type":"Feature","properties":{"name":"3348"},"geometry":{"type":"Point","coordinates":[82.719148923491261,-35.27502278626077]}},
{"type":"Feature","properties":{"name":"3349"},"geometry":{"type":"Point","coordinates":[83.027563389192537,-29.094970144608396]}},
{"type":"Feature","properties":{"name":"3350"},"geometry":{"type":"Point","coordinates":[-168.75,-73.842564678008301]}},
{"type":"Feature","properties":{"name":"3351"},"geometry":{"type":"Point","coordinates":[169.431058097733484,-75.413907138064374]}},
{"type":"Feature","properties":{"name":"3352"},"geometry":{"type":"Point","coordinates":[146.468172240564513,-74.685991298418671]}},
{"type":"Feature","properties":{"name":"3353"},"geometry":{"type":"Point","coordinates":[127.728757179950378,-71.929396352812105]}},
{"type":"Feature","properties":{"name":"3354"},"geometry":{"type":"Point","coordinates":[117.049113608372892,-68.155131022477732]}},
{"type":"Feature","properties":{"name":"3355"},"geometry":{"type":"Point","coordinates":[108.25291437855816,-63.979637778699747]}},
{"type":"Feature","properties":{"name":"3356"},"geometry":{"type":"Point","coordinates":[101.25,-59.905470369890232]}},
{"type":"Feature","properties":{"name":"3357"},"geometry":{"type":"Point","coordinates":[95.917430140320405,-54.62517449104115]}},
{"type":"Feature","properties":{"name":"3358"},"geometry":{"type":"Point","coordinates":[91.866848176810578,-49.244001583754113]}},
{"type":"Feature","properties":{"name":"3359"},"geometry":{"type":"Point","coordinates":[88.649943346633194,-43.714777796815888]}},
{"type":"Feature","properties":{"name":"3360"},"geometry":{"type":"Point","coordinates":[85.992386825752078,-37.959831764346227]}},
{"type":"Feature","properties":{"name":"3361"},"geometry":{"type":"Point","coordinates":[84.796045548195551,-31.94087433724491]}},
{"type":"Feature","properties":{"name":"3362"},"geometry":{"type":"Point","coordinates":[178.538321758778864,-73.408401420059931]}},
{"type":"Feature","properties":{"name":"3363"},"geometry":{"type":"Point","coordinates":[157.359004070915915,-73.710408505261185]}},
{"type":"Feature","properties":{"name":"3364"},"geometry":{"type":"Point","coordinates":[137.651744270018781,-71.94358535056638]}},
{"type":"Feature","properties":{"name":"3365"},"geometry":{"type":"Point","coordinates":[125.481275997377224,-68.746956729886719]}},
{"type":"Feature","properties":{"name":"3366"},"geometry":{"type":"Point","coordinates":[115.535722171874212,-64.931344232110604]}},
{"type":"Feature","properties":{"name":"3367"},"geometry":{"type":"Point","coordinates":[107.590942297207832,-60.844053295404869]}},
{"type":"Feature","properties":{"name":"3368"},"geometry":{"type":"Point","coordinates":[101.25,-56.832082779906408]}},
{"type":"Feature","properties":{"name":"3369"},"geometry":{"type":"Point","coordinates":[96.303378412157116,-51.517003286362673]}},
{"type":"Feature","properties":{"name":"3370"},"geometry":{"type":"Point","coordinates":[92.45151125544966,-46.110110092166565]}},
{"type":"Feature","properties":{"name":"3371"},"geometry":{"type":"Point","coordinates":[89.352159070279541,-40.534771705906095]}},
{"type":"Feature","properties":{"name":"3372"},"geometry":{"type":"Point","coordinates":[86.489021934446995,-34.797645444414329]}},
{"type":"Feature","properties":{"name":"3373"},"geometry":{"type":"Point","coordinates":[86.605432774242402,-28.630872239820171]}},
{"type":"Feature","properties":{"name":"3374"},"geometry":{"type":"Point","coordinates":[-174.350332259967416,-71.093671851950077]}},
{"type":"Feature","properties":{"name":"3375"},"geometry":{"type":"Point","coordinates":[166.805363697162477,-72.248387663341873]}},
{"type":"Feature","properties":{"name":"3376"},"geometry":{"type":"Point","coordinates":[147.356019332429241,-71.456407954273658]}},
{"type":"Feature","properties":{"name":"3377"},"geometry":{"type":"Point","coordinates":[134.130361580892696,-68.908043938908492]}},
{"type":"Feature","properties":{"name":"3378"},"geometry":{"type":"Point","coordinates":[123.095557220340226,-65.582719543496779]}},
{"type":"Feature","properties":{"name":"3379"},"geometry":{"type":"Point","coordinates":[114.188820952612247,-61.759800974966275]}},
{"type":"Feature","properties":{"name":"3380"},"geometry":{"type":"Point","coordinates":[107.040841380623206,-57.731272628172384]}},
{"type":"Feature","properties":{"name":"3381"},"geometry":{"type":"Point","coordinates":[101.25,-53.749812066404509]}},
{"type":"Feature","properties":{"name":"3382"},"geometry":{"type":"Point","coordinates":[96.632160472611346,-48.401062870391762]}},
{"type":"Feature","properties":{"name":"3383"},"geometry":{"type":"Point","coordinates":[92.958900121290696,-42.963339929248733]}},
{"type":"Feature","properties":{"name":"3384"},"geometry":{"type":"Point","coordinates":[89.896584584176153,-37.356971215487086]}},
{"type":"Feature","properties":{"name":"3385"},"geometry":{"type":"Point","coordinates":[88.444074086750689,-31.413731478082507]}},
{"type":"Feature","properties":{"name":"3386"},"geometry":{"type":"Point","coordinates":[-168.75,-68.562621827391098]}},
{"type":"Feature","properties":{"name":"3387"},"geometry":{"type":"Point","coordinates":[174.73203334133234,-70.403160557066428]}},
{"type":"Feature","properties":{"name":"3388"},"geometry":{"type":"Point","coordinates":[156.394062939495541,-70.500497309865196]}},
{"type":"Feature","properties":{"name":"3389"},"geometry":{"type":"Point","coordinates":[142.708919581871783,-68.6290524794194]}},
{"type":"Feature","properties":{"name":"3390"},"geometry":{"type":"Point","coordinates":[130.831451241627548,-65.867662107937662]}},
{"type":"Feature","properties":{"name":"3391"},"geometry":{"type":"Point","coordinates":[121.019229246556222,-62.444678547850195]}},
{"type":"Feature","properties":{"name":"3392"},"geometry":{"type":"Point","coordinates":[113.057569635705875,-58.618601020688232]}},
{"type":"Feature","properties":{"name":"3393"},"geometry":{"type":"Point","coordinates":[106.582569859679495,-54.625174491041044]}},
{"type":"Feature","properties":{"name":"3394"},"geometry":{"type":"Point","coordinates":[101.25,-50.656328342029767]}},
{"type":"Feature","properties":{"name":"3395"},"geometry":{"type":"Point","coordinates":[96.915185277188968,-45.273034103123479]}},
{"type":"Feature","properties":{"name":"3396"},"geometry":{"type":"Point","coordinates":[93.4027265938889,-39.799757231711183]}},
{"type":"Feature","properties":{"name":"3397"},"geometry":{"type":"Point","coordinates":[90.23249245611909,-34.201595993631059]}},
{"type":"Feature","properties":{"name":"3398"},"geometry":{"type":"Point","coordinates":[-178.706322234297915,-68.265094822936717]}},
{"type":"Feature","properties":{"name":"3399"},"geometry":{"type":"Point","coordinates":[164.49282327353481,-69.134244072473322]}},
{"type":"Feature","properties":{"name":"3400"},"geometry":{"type":"Point","coordinates":[150.919547396819326,-67.92517354541144]}},
{"type":"Feature","properties":{"name":"3401"},"geometry":{"type":"Point","coordinates":[138.567039644873375,-65.764730187323565]}},
{"type":"Feature","properties":{"name":"3402"},"geometry":{"type":"Point","coordinates":[128.010255329468066,-62.821797231366055]}},
{"type":"Feature","properties":{"name":"3403"},"geometry":{"type":"Point","coordinates":[119.276342545692899,-59.323449860284519]}},
{"type":"Feature","properties":{"name":"3404"},"geometry":{"type":"Point","coordinates":[112.111034693814588,-55.491941902385861]}},
{"type":"Feature","properties":{"name":"3405"},"geometry":{"type":"Point","coordinates":[106.196621587842841,-51.517003286362609]}},
{"type":"Feature","properties":{"name":"3406"},"geometry":{"type":"Point","coordinates":[101.25,-47.549226044281063]}},
{"type":"Feature","properties":{"name":"3407"},"geometry":{"type":"Point","coordinates":[97.161068029264314,-42.129238727954586]}},
{"type":"Feature","properties":{"name":"3408"},"geometry":{"type":"Point","coordinates":[93.75639074564134,-36.629807935154851]}},
{"type":"Feature","properties":{"name":"3409"},"geometry":{"type":"Point","coordinates":[92.066647882083871,-30.774072357125799]}},
{"type":"Feature","properties":{"name":"3410"},"geometry":{"type":"Point","coordinates":[-173.276480204628683,-65.903916940763665]}},
{"type":"Feature","properties":{"name":"3411"},"geometry":{"type":"Point","coordinates":[171.565748308883457,-67.42522976429683]}},
{"type":"Feature","properties":{"name":"3412"},"geometry":{"type":"Point","coordinates":[158.531892637218078,-66.831622519282632]}},
{"type":"Feature","properties":{"name":"3413"},"geometry":{"type":"Point","coordinates":[146.100221053131492,-65.275961729038457]}},
{"type":"Feature","properties":{"name":"3414"},"geometry":{"type":"Point","coordinates":[135.043572158397609,-62.859495468242336]}},
{"type":"Feature","properties":{"name":"3415"},"geometry":{"type":"Point","coordinates":[125.644526251219503,-59.768885870807097]}},
{"type":"Feature","properties":{"name":"3416"},"geometry":{"type":"Point","coordinates":[117.816228719768674,-56.210070163261982]}},
{"type":"Feature","properties":{"name":"3417"},"geometry":{"type":"Point","coordinates":[111.312910272252054,-52.369470220676689]}},
{"type":"Feature","properties":{"name":"3418"},"geometry":{"type":"Point","coordinates":[105.867839527388497,-48.401062870391627]}},
{"type":"Feature","properties":{"name":"3419"},"geometry":{"type":"Point","coordinates":[101.25,-44.426005724161158]}},
{"type":"Feature","properties":{"name":"3420"},"geometry":{"type":"Point","coordinates":[97.37639083315851,-38.966279286746428]}},
{"type":"Feature","properties":{"name":"3421"},"geometry":{"type":"Point","coordinates":[93.943523609464549,-33.488333780449437]}},
{"type":"Feature","properties":{"name":"3422"},"geometry":{"type":"Point","coordinates":[-168.75,-63.370006326091115]}},
{"type":"Feature","properties":{"name":"3423"},"geometry":{"type":"Point","coordinates":[177.658452894340456,-65.437350775123534]}},
{"type":"Feature","properties":{"name":"3424"},"geometry":{"type":"Point","coordinates":[165.417321284284242,-65.395311401613327]}},
{"type":"Feature","properties":{"name":"3425"},"geometry":{"type":"Point","coordinates":[153.249887822193898,-64.420777284654065]}},
{"type":"Feature","properties":{"name":"3426"},"geometry":{"type":"Point","coordinates":[141.976747452575324,-62.549332473691507]}},
{"type":"Feature","properties":{"name":"3427"},"geometry":{"type":"Point","coordinates":[132.07907581913625,-59.917709071253519]}},
{"type":"Feature","properties":{"name":"3428"},"geometry":{"type":"Point","coordinates":[123.659393644599874,-56.707285243380674]}},
{"type":"Feature","properties":{"name":"3429"},"geometry":{"type":"Point","coordinates":[116.584210815151721,-53.097551440795961]}},
{"type":"Feature","properties":{"name":"3430"},"geometry":{"type":"Point","coordinates":[110.633151823189394,-49.244001583754034]}},
{"type":"Feature","properties":{"name":"3431"},"geometry":{"type":"Point","coordinates":[105.584814722811075,-45.273034103123479]}},
{"type":"Feature","properties":{"name":"3432"},"geometry":{"type":"Point","coordinates":[101.25,-41.284053969914474]}},
{"type":"Feature","properties":{"name":"3433"},"geometry":{"type":"Point","coordinates":[97.566249943977482,-35.780842241720556]}},
{"type":"Feature","properties":{"name":"3434"},"geometry":{"type":"Point","coordinates":[-177.116824546170079,-63.224439140755941]}},
{"type":"Feature","properties":{"name":"3435"},"geometry":{"type":"Point","coordinates":[171.542438446763299,-63.666118472732052]}},
{"type":"Feature","properties":{"name":"3436"},"geometry":{"type":"Point","coordinates":[159.887053113702621,-63.230562107778404]}},
{"type":"Feature","properties":{"name":"3437"},"geometry":{"type":"Point","coordinates":[148.669874402576482,-61.89887643856386]}},
{"type":"Feature","properties":{"name":"3438"},"geometry":{"type":"Point","coordinates":[138.477183356282183,-59.754285026504867]}},
{"type":"Feature","properties":{"name":"3439"},"geometry":{"type":"Point","coordinates":[129.580695342535932,-56.944433606977562]}},
{"type":"Feature","properties":{"name":"3440"},"geometry":{"type":"Point","coordinates":[121.981761343572643,-53.63518582478121]}},
{"type":"Feature","properties":{"name":"3441"},"geometry":{"type":"Point","coordinates":[115.534846561482169,-49.980411824119422]}},
{"type":"Feature","properties":{"name":"3442"},"geometry":{"type":"Point","coordinates":[110.048488744550383,-46.110110092166579]}},
{"type":"Feature","properties":{"name":"3443"},"geometry":{"type":"Point","coordinates":[105.3389319707358,-42.129238727954579]}},
{"type":"Feature","properties":{"name":"3444"},"geometry":{"type":"Point","coordinates":[101.25,-38.120620982824342]}},
{"type":"Feature","properties":{"name":"3445"},"geometry":{"type":"Point","coordinates":[97.617231746770997,-32.659628031367276]}},
{"type":"Feature","properties":{"name":"3446"},"geometry":{"type":"Point","coordinates":[-172.628316551663318,-60.828844771430347]}},
{"type":"Feature","properties":{"name":"3447"},"geometry":{"type":"Point","coordinates":[176.940806904480922,-61.690584177522389]}},
{"type":"Feature","properties":{"name":"3448"},"geometry":{"type":"Point","coordinates":[165.944512471862907,-61.7427654586402]}},
{"type":"Feature","properties":{"name":"3449"},"geometry":{"type":"Point","coordinates":[155.008003292786043,-60.927310705676334]}},
{"type":"Feature","properties":{"name":"3450"},"geometry":{"type":"Point","coordinates":[144.731483711636258,-59.277608703438162]}},
{"type":"Feature","properties":{"name":"3451"},"geometry":{"type":"Point","coordinates":[135.504630196208922,-56.901505635054065]}},
{"type":"Feature","properties":{"name":"3452"},"geometry":{"type":"Point","coordinates":[127.461606602413241,-53.943447806332998]}},
{"type":"Feature","properties":{"name":"3453"},"geometry":{"type":"Point","coordinates":[120.551359511664018,-50.550595255574621]}},
{"type":"Feature","properties":{"name":"3454"},"geometry":{"type":"Point","coordinates":[114.632601157696399,-46.854133874377119]}},
{"type":"Feature","properties":{"name":"3455"},"geometry":{"type":"Point","coordinates":[109.541099878709389,-42.96333992924874]}},
{"type":"Feature","properties":{"name":"3456"},"geometry":{"type":"Point","coordinates":[105.123609166841447,-38.966279286746349]}},
{"type":"Feature","properties":{"name":"3457"},"geometry":{"type":"Point","coordinates":[101.25,-34.932795222842913]}},
{"type":"Feature","properties":{"name":"3458"},"geometry":{"type":"Point","coordinates":[101.25,-31.717474411461005]}},
{"type":"Feature","properties":{"name":"3459"},"geometry":{"type":"Point","coordinates":[101.25,-26.629993673909038]}},
{"type":"Feature","properties":{"name":"3460"},"geometry":{"type":"Point","coordinates":[101.25,-21.437378172609048]}},
{"type":"Feature","properties":{"name":"3461"},"geometry":{"type":"Point","coordinates":[101.25,-16.157435321991674]}},
{"type":"Feature","properties":{"name":"3462"},"geometry":{"type":"Point","coordinates":[101.25,-10.810021881164198]}},
{"type":"Feature","properties":{"name":"3463"},"geometry":{"type":"Point","coordinates":[101.25,-5.416650780795928]}},
{"type":"Feature","properties":{"name":"3464"},"geometry":{"type":"Point","coordinates":[101.25,0.0]}},
{"type":"Feature","properties":{"name":"3465"},"geometry":{"type":"Point","coordinates":[101.25,5.416650780795825]}},
{"type":"Feature","properties":{"name":"3466"},"geometry":{"type":"Point","coordinates":[101.25,10.810021881164355]}},
{"type":"Feature","properties":{"name":"3467"},"geometry":{"type":"Point","coordinates":[101.25,16.157435321991731]}},
{"type":"Feature","properties":{"name":"3468"},"geometry":{"type":"Point","coordinates":[101.25,21.43737817260881]}},
{"type":"Feature","properties":{"name":"3469"},"geometry":{"type":"Point","coordinates":[101.25,26.629993673908935]}},
{"type":"Feature","properties":{"name":"3470"},"geometry":{"type":"Point","coordinates":[103.412276260512186,-29.09793700926673]}},
{"type":"Feature","properties":{"name":"3471"},"geometry":{"type":"Point","coordinates":[103.271476725727823,-24.016182891932107]}},
{"type":"Feature","properties":{"name":"3472"},"geometry":{"type":"Point","coordinates":[103.164347905252058,-18.812686660922669]}},
{"type":"Feature","properties":{"name":"3473"},"geometry":{"type":"Point","coordinates":[103.087069477359009,-13.510649800924364]}},
{"type":"Feature","properties":{"name":"3474"},"geometry":{"type":"Point","coordinates":[103.036962076889992,-8.136049607943525]}},
{"type":"Feature","properties":{"name":"3475"},"geometry":{"type":"Point","coordinates":[103.012322323169727,-2.717006160413608]}},
{"type":"Feature","properties":{"name":"3476"},"geometry":{"type":"Point","coordinates":[103.012322323169712,2.717006160413519]}},
{"type":"Feature","properties":{"name":"3477"},"geometry":{"type":"Point","coordinates":[103.036962076889992,8.136049607943539]}},
{"type":"Feature","properties":{"name":"3478"},"geometry":{"type":"Point","coordinates":[103.08706947735898,13.510649800924384]}},
{"type":"Feature","properties":{"name":"3479"},"geometry":{"type":"Point","coordinates":[103.164347905252058,18.812686660922704]}},
{"type":"Feature","properties":{"name":"3480"},"geometry":{"type":"Point","coordinates":[103.271476725727808,24.016182891932029]}},
{"type":"Feature","properties":{"name":"3481"},"geometry":{"type":"Point","coordinates":[103.412276260512186,29.097937009266758]}},
{"type":"Feature","properties":{"name":"3482"},"geometry":{"type":"Point","coordinates":[104.882768253229017,-32.659628031367269]}},
{"type":"Feature","properties":{"name":"3483"},"geometry":{"type":"Point","coordinates":[105.449384074448474,-26.468262825747953]}},
{"type":"Feature","properties":{"name":"3484"},"geometry":{"type":"Point","coordinates":[105.192948058067742,-21.391321692134341]}},
{"type":"Feature","properties":{"name":"3485"},"geometry":{"type":"Point","coordinates":[105.001122757975708,-16.173622605376298]}},
{"type":"Feature","properties":{"name":"3486"},"geometry":{"type":"Point","coordinates":[104.868078798215734,-10.845773605500938]}},
{"type":"Feature","properties":{"name":"3487"},"geometry":{"type":"Point","coordinates":[104.789811497995231,-5.4421822728733]}},
{"type":"Feature","properties":{"name":"3488"},"geometry":{"type":"Point","coordinates":[104.763979255074375,0.0]}},
{"type":"Feature","properties":{"name":"3489"},"geometry":{"type":"Point","coordinates":[104.789811497995231,5.442182272873344]}},
{"type":"Feature","properties":{"name":"3490"},"geometry":{"type":"Point","coordinates":[104.868078798215734,10.845773605500739]}},
{"type":"Feature","properties":{"name":"3491"},"geometry":{"type":"Point","coordinates":[105.001122757975693,16.17362260537622]}},
{"type":"Feature","properties":{"name":"3492"},"geometry":{"type":"Point","coordinates":[105.192948058067756,21.39132169213439]}},
{"type":"Feature","properties":{"name":"3493"},"geometry":{"type":"Point","coordinates":[105.449384074448446,26.468262825747974]}},
{"type":"Feature","properties":{"name":"3494"},"geometry":{"type":"Point","coordinates":[104.933750056022589,-35.780842241720556]}},
{"type":"Feature","properties":{"name":"3495"},"geometry":{"type":"Point","coordinates":[106.839824594439307,-30.023154364974616]}},
{"type":"Feature","properties":{"name":"3496"},"geometry":{"type":"Point","coordinates":[107.380384203499403,-23.831415987527606]}},
{"type":"Feature","properties":{"name":"3497"},"geometry":{"type":"Point","coordinates":[107.029946642948303,-18.757164570587197]}},
{"type":"Feature","properties":{"name":"3498"},"geometry":{"type":"Point","coordinates":[106.774333121419076,-13.52053199152491]}},
{"type":"Feature","properties":{"name":"3499"},"geometry":{"type":"Point","coordinates":[106.607337219382686,-8.162493880578015]}},
{"type":"Feature","properties":{"name":"3500"},"geometry":{"type":"Point","coordinates":[106.52485877786188,-2.729312921742368]}},
{"type":"Feature","properties":{"name":"3501"},"geometry":{"type":"Point","coordinates":[106.52485877786188,2.729312921742407]}},
{"type":"Feature","properties":{"name":"3502"},"geometry":{"type":"Point","coordinates":[106.607337219382686,8.162493880578136]}},
{"type":"Feature","properties":{"name":"3503"},"geometry":{"type":"Point","coordinates":[106.774333121419076,13.520531991524924]}},
{"type":"Feature","properties":{"name":"3504"},"geometry":{"type":"Point","coordinates":[107.029946642948303,18.75716457058714]}},
{"type":"Feature","properties":{"name":"3505"},"geometry":{"type":"Point","coordinates":[107.380384203499403,23.831415987527635]}},
{"type":"Feature","properties":{"name":"3506"},"geometry":{"type":"Point","coordinates":[108.556476390535508,-33.488333780449452]}},
{"type":"Feature","properties":{"name":"3507"},"geometry":{"type":"Point","coordinates":[108.833273964982766,-27.356160125183631]}},
{"type":"Feature","properties":{"name":"3508"},"geometry":{"type":"Point","coordinates":[109.221717632200878,-21.189610941483743]}},
{"type":"Feature","properties":{"name":"3509"},"geometry":{"type":"Point","coordinates":[108.796355889631556,-16.114699459824532]}},
{"type":"Feature","properties":{"name":"3510"},"geometry":{"type":"Point","coordinates":[108.497535299797548,-10.85288887888056]}},
{"type":"Feature","properties":{"name":"3511"},"geometry":{"type":"Point","coordinates":[108.320286528896389,-5.460174641131804]}},
{"type":"Feature","properties":{"name":"3512"},"geometry":{"type":"Point","coordinates":[108.261548236919523,0.0]}},
{"type":"Feature","properties":{"name":"3513"},"geometry":{"type":"Point","coordinates":[108.320286528896375,5.460174641131845]}},
{"type":"Feature","properties":{"name":"3514"},"geometry":{"type":"Point","coordinates":[108.497535299797562,10.852888878880606]}},
{"type":"Feature","properties":{"name":"3515"},"geometry":{"type":"Point","coordinates":[108.796355889631528,16.114699459824475]}},
{"type":"Feature","properties":{"name":"3516"},"geometry":{"type":"Point","coordinates":[109.221717632200878,21.189610941483785]}},
{"type":"Feature","properties":{"name":"3517"},"geometry":{"type":"Point","coordinates":[108.833273964982766,27.356160125183671]}},
{"type":"Feature","properties":{"name":"3518"},"geometry":{"type":"Point","coordinates":[108.743609254358759,-36.629807935154915]}},
{"type":"Feature","properties":{"name":"3519"},"geometry":{"type":"Point","coordinates":[110.433352117916158,-30.774072357125799]}},
{"type":"Feature","properties":{"name":"3520"},"geometry":{"type":"Point","coordinates":[110.726023681477059,-24.68427830644017]}},
{"type":"Feature","properties":{"name":"3521"},"geometry":{"type":"Point","coordinates":[110.987695926466202,-18.544481401731446]}},
{"type":"Feature","properties":{"name":"3522"},"geometry":{"type":"Point","coordinates":[110.504891784423734,-13.464136298379486]}},
{"type":"Feature","properties":{"name":"3523"},"geometry":{"type":"Point","coordinates":[110.184712733624963,-8.169237728133925]}},
{"type":"Feature","properties":{"name":"3524"},"geometry":{"type":"Point","coordinates":[110.025175666026044,-2.738578152970717]}},
{"type":"Feature","properties":{"name":"3525"},"geometry":{"type":"Point","coordinates":[110.025175666026058,2.738578152970751]}},
{"type":"Feature","properties":{"name":"3526"},"geometry":{"type":"Point","coordinates":[110.184712733624949,8.169237728133877]}},
{"type":"Feature","properties":{"name":"3527"},"geometry":{"type":"Point","coordinates":[110.50489178442372,13.464136298379435]}},
{"type":"Feature","properties":{"name":"3528"},"geometry":{"type":"Point","coordinates":[110.987695926466202,18.544481401731471]}},
{"type":"Feature","properties":{"name":"3529"},"geometry":{"type":"Point","coordinates":[110.726023681476974,24.684278306440273]}},
{"type":"Feature","properties":{"name":"3530"},"geometry":{"type":"Point","coordinates":[109.097273406111142,-39.799757231711183]}},
{"type":"Feature","properties":{"name":"3531"},"geometry":{"type":"Point","coordinates":[112.267507543880939,-34.201595993631059]}},
{"type":"Feature","properties":{"name":"3532"},"geometry":{"type":"Point","coordinates":[112.338904021828739,-28.058998600227046]}},
{"type":"Feature","properties":{"name":"3533"},"geometry":{"type":"Point","coordinates":[112.534728592654787,-22.008799301604402]}},
{"type":"Feature","properties":{"name":"3534"},"geometry":{"type":"Point","coordinates":[112.690907974387798,-15.897211004144721]}},
{"type":"Feature","properties":{"name":"3535"},"geometry":{"type":"Point","coordinates":[112.167678605899084,-10.80476137457438]}},
{"type":"Feature","properties":{"name":"3536"},"geometry":{"type":"Point","coordinates":[111.851771416416426,-5.4671929454857]}},
{"type":"Feature","properties":{"name":"3537"},"geometry":{"type":"Point","coordinates":[111.74615330706537,0.0]}},
{"type":"Feature","properties":{"name":"3538"},"geometry":{"type":"Point","coordinates":[111.851771416416426,5.467192945485804]}},
{"type":"Feature","properties":{"name":"3539"},"geometry":{"type":"Point","coordinates":[112.167678605899084,10.804761374574268]}},
{"type":"Feature","properties":{"name":"3540"},"geometry":{"type":"Point","coordinates":[112.690907974387798,15.897211004144742]}},
{"type":"Feature","properties":{"name":"3541"},"geometry":{"type":"Point","coordinates":[112.534728592654801,22.008799301604448]}},
{"type":"Feature","properties":{"name":"3542"},"geometry":{"type":"Point","coordinates":[112.603415415823974,-37.356971215487157]}},
{"type":"Feature","properties":{"name":"3543"},"geometry":{"type":"Point","coordinates":[114.055925913249339,-31.413731478082493]}},
{"type":"Feature","properties":{"name":"3544"},"geometry":{"type":"Point","coordinates":[114.18881918234726,-25.340779702009822]}},
{"type":"Feature","properties":{"name":"3545"},"geometry":{"type":"Point","coordinates":[114.273934715660673,-19.330225711503019]}},
{"type":"Feature","properties":{"name":"3546"},"geometry":{"type":"Point","coordinates":[114.342558475393659,-13.248635279737917]}},
{"type":"Feature","properties":{"name":"3547"},"geometry":{"type":"Point","coordinates":[113.797140175557502,-8.134550600775896]}},
{"type":"Feature","properties":{"name":"3548"},"geometry":{"type":"Point","coordinates":[113.519568362353496,-2.743987707055699]}},
{"type":"Feature","properties":{"name":"3549"},"geometry":{"type":"Point","coordinates":[113.519568362353496,2.743987707055727]}},
{"type":"Feature","properties":{"name":"3550"},"geometry":{"type":"Point","coordinates":[113.797140175557502,8.134550600775937]}},
{"type":"Feature","properties":{"name":"3551"},"geometry":{"type":"Point","coordinates":[114.342558475393645,13.248635279737943]}},
{"type":"Feature","properties":{"name":"3552"},"geometry":{"type":"Point","coordinates":[114.273934715660559,19.33022571150309]}},
{"type":"Feature","properties":{"name":"3553"},"geometry":{"type":"Point","coordinates":[114.188819182347146,25.340779702009893]}},
{"type":"Feature","properties":{"name":"3554"},"geometry":{"type":"Point","coordinates":[113.147840929720573,-40.534771705906159]}},
{"type":"Feature","properties":{"name":"3555"},"geometry":{"type":"Point","coordinates":[116.010978065553047,-34.797645444414322]}},
{"type":"Feature","properties":{"name":"3556"},"geometry":{"type":"Point","coordinates":[115.894567225757513,-28.630872239820196]}},
{"type":"Feature","properties":{"name":"3557"},"geometry":{"type":"Point","coordinates":[115.961179984631983,-22.618420822329178]}},
{"type":"Feature","properties":{"name":"3558"},"geometry":{"type":"Point","coordinates":[115.956560618095352,-16.648208789943745]}},
{"type":"Feature","properties":{"name":"3559"},"geometry":{"type":"Point","coordinates":[115.952751792934492,-10.599322177078948]}},
{"type":"Feature","properties":{"name":"3560"},"geometry":{"type":"Point","coordinates":[115.40786559895956,-5.449314383091517]}},
{"type":"Feature","properties":{"name":"3561"},"geometry":{"type":"Point","coordinates":[115.22112952181665,0.0]}},
{"type":"Feature","properties":{"name":"3562"},"geometry":{"type":"Point","coordinates":[115.40786559895956,5.449314383091503]}},
{"type":"Feature","properties":{"name":"3563"},"geometry":{"type":"Point","coordinates":[115.952751792934492,10.599322177078973]}},
{"type":"Feature","properties":{"name":"3564"},"geometry":{"type":"Point","coordinates":[115.956560618095281,16.648208789943798]}},
{"type":"Feature","properties":{"name":"3565"},"geometry":{"type":"Point","coordinates":[115.961179984631784,22.618420822329302]}},
{"type":"Feature","properties":{"name":"3566"},"geometry":{"type":"Point","coordinates":[113.850056653366977,-43.71477779681598]}},
{"type":"Feature","properties":{"name":"3567"},"geometry":{"type":"Point","coordinates":[116.50761317424805,-37.959831764346283]}},
{"type":"Feature","properties":{"name":"3568"},"geometry":{"type":"Point","coordinates":[117.703954451804478,-31.940874337244892]}},
{"type":"Feature","properties":{"name":"3569"},"geometry":{"type":"Point","coordinates":[117.717696202484319,-25.845749727808737]}},
{"type":"Feature","properties":{"name":"3570"},"geometry":{"type":"Point","coordinates":[117.670341870009139,-19.890885572874652]}},
{"type":"Feature","properties":{"name":"3571"},"geometry":{"type":"Point","coordinates":[117.594321948123095,-13.961277006988384]}},
{"type":"Feature","properties":{"name":"3572"},"geometry":{"type":"Point","coordinates":[117.530732840152311,-7.949636609838919]}},
{"type":"Feature","properties":{"name":"3573"},"geometry":{"type":"Point","coordinates":[117.021895972237331,-2.741127804682032]}},
{"type":"Feature","properties":{"name":"3574"},"geometry":{"type":"Point","coordinates":[117.021895972237331,2.741127804682042]}},
{"type":"Feature","properties":{"name":"3575"},"geometry":{"type":"Point","coordinates":[117.530732840152311,7.949636609838937]}},
{"type":"Feature","properties":{"name":"3576"},"geometry":{"type":"Point","coordinates":[117.594321948123024,13.961277006988452]}},
{"type":"Feature","properties":{"name":"3577"},"geometry":{"type":"Point","coordinates":[117.670341870009139,19.890885572874673]}},
{"type":"Feature","properties":{"name":"3578"},"geometry":{"type":"Point","coordinates":[117.258808898040257,-41.135351444852326]}},
{"type":"Feature","properties":{"name":"3579"},"geometry":{"type":"Point","coordinates":[119.780851076508768,-35.275022786260777]}},
{"type":"Feature","properties":{"name":"3580"},"geometry":{"type":"Point","coordinates":[119.472436610807506,-29.094970144608389]}},
{"type":"Feature","properties":{"name":"3581"},"geometry":{"type":"Point","coordinates":[119.445023192303367,-23.073195154872455]}},
{"type":"Feature","properties":{"name":"3582"},"geometry":{"type":"Point","coordinates":[119.328873095066911,-17.155858823551135]}},
{"type":"Feature","properties":{"name":"3583"},"geometry":{"type":"Point","coordinates":[119.198109197153286,-11.266125297197879]}},
{"type":"Feature","properties":{"name":"3584"},"geometry":{"type":"Point","coordinates":[119.085094872055024,-5.299793226328918]}},
{"type":"Feature","properties":{"name":"3585"},"geometry":{"type":"Point","coordinates":[118.689730681891916,0.0]}},
{"type":"Feature","properties":{"name":"3586"},"geometry":{"type":"Point","coordinates":[119.085094872055024,5.299793226328944]}},
{"type":"Feature","properties":{"name":"3587"},"geometry":{"type":"Point","coordinates":[119.198109197153286,11.26612529719792]}},
{"type":"Feature","properties":{"name":"3588"},"geometry":{"type":"Point","coordinates":[119.328873095066811,17.155858823551206]}},
{"type":"Feature","properties":{"name":"3589"},"geometry":{"type":"Point","coordinates":[119.445023192303367,23.07319515487249]}},
{"type":"Feature","properties":{"name":"3590"},"geometry":{"type":"Point","coordinates":[118.206081467385417,-44.302362461139936]}},
{"type":"Feature","properties":{"name":"3591"},"geometry":{"type":"Point","coordinates":[120.449517534993305,-38.436161175716876]}},
{"type":"Feature","properties":{"name":"3592"},"geometry":{"type":"Point","coordinates":[121.373294986295818,-32.354530273188239]}},
{"type":"Feature","properties":{"name":"3593"},"geometry":{"type":"Point","coordinates":[121.236293116516961,-26.253362169258793]}},
{"type":"Feature","properties":{"name":"3594"},"geometry":{"type":"Point","coordinates":[121.114727231607134,-20.293776732202247]}},
{"type":"Feature","properties":{"name":"3595"},"geometry":{"type":"Point","coordinates":[120.947750961606317,-14.409229221827912]}},
{"type":"Feature","properties":{"name":"3596"},"geometry":{"type":"Point","coordinates":[120.778211892703098,-8.555795089598233]}},
{"type":"Feature","properties":{"name":"3597"},"geometry":{"type":"Point","coordinates":[120.623962548508331,-2.649900676306455]}},
{"type":"Feature","properties":{"name":"3598"},"geometry":{"type":"Point","coordinates":[120.623962548508331,2.649900676306485]}},
{"type":"Feature","properties":{"name":"3599"},"geometry":{"type":"Point","coordinates":[120.778211892703041,8.555795089598282]}},
{"type":"Feature","properties":{"name":"3600"},"geometry":{"type":"Point","coordinates":[120.947750961606275,14.409229221827973]}},
{"type":"Feature","properties":{"name":"3601"},"geometry":{"type":"Point","coordinates":[121.114727231607034,20.293776732202339]}},
{"type":"Feature","properties":{"name":"3602"},"geometry":{"type":"Point","coordinates":[119.320799374464727,-47.451351800013803]}},
{"type":"Feature","properties":{"name":"3603"},"geometry":{"type":"Point","coordinates":[121.422443864962318,-41.597694736932183]}},
{"type":"Feature","properties":{"name":"3604"},"geometry":{"type":"Point","coordinates":[123.570094598850602,-35.632653542284814]}},
{"type":"Feature","properties":{"name":"3605"},"geometry":{"type":"Point","coordinates":[123.070390972550385,-29.450983089479138]}},
{"type":"Feature","properties":{"name":"3606"},"geometry":{"type":"Point","coordinates":[122.955556714077872,-23.410113762746843]}},
{"type":"Feature","properties":{"name":"3607"},"geometry":{"type":"Point","coordinates":[122.738185070926974,-17.503887910528704]}},
{"type":"Feature","properties":{"name":"3608"},"geometry":{"type":"Point","coordinates":[122.536116435017334,-11.644043428737843]}},
{"type":"Feature","properties":{"name":"3609"},"geometry":{"type":"Point","coordinates":[122.343411174871122,-5.814526604696498]}},
{"type":"Feature","properties":{"name":"3610"},"geometry":{"type":"Point","coordinates":[122.155157447889295,0.0]}},
{"type":"Feature","properties":{"name":"3611"},"geometry":{"type":"Point","coordinates":[122.343411174871093,5.814526604696542]}},
{"type":"Feature","properties":{"name":"3612"},"geometry":{"type":"Point","coordinates":[122.536116435017291,11.644043428737904]}},
{"type":"Feature","properties":{"name":"3613"},"geometry":{"type":"Point","coordinates":[122.738185070926875,17.503887910528782]}},
{"type":"Feature","properties":{"name":"3614"},"geometry":{"type":"Point","coordinates":[122.629174360931657,-44.736425858017896]}},
{"type":"Feature","properties":{"name":"3615"},"geometry":{"type":"Point","coordinates":[124.421726661165849,-38.784004631566042]}},
{"type":"Feature","properties":{"name":"3616"},"geometry":{"type":"Point","coordinates":[125.059618871364805,-32.654090432415266]}},
{"type":"Feature","properties":{"name":"3617"},"geometry":{"type":"Point","coordinates":[124.773843313946529,-26.558837885645215]}},
{"type":"Feature","properties":{"name":"3618"},"geometry":{"type":"Point","coordinates":[124.576259573032246,-20.581908092951771]}},
{"type":"Feature","properties":{"name":"3619"},"geometry":{"type":"Point","coordinates":[124.324478915918888,-14.698056430368645]}},
{"type":"Feature","properties":{"name":"3620"},"geometry":{"type":"Point","coordinates":[124.099748278626649,-8.84841438119631]}},
{"type":"Feature","properties":{"name":"3621"},"geometry":{"type":"Point","coordinates":[123.889456936836439,-3.000689682048381]}},
{"type":"Feature","properties":{"name":"3622"},"geometry":{"type":"Point","coordinates":[123.889456936836439,3.000689682048408]}},
{"type":"Feature","properties":{"name":"3623"},"geometry":{"type":"Point","coordinates":[124.099748278626649,8.848414381196342]}},
{"type":"Feature","properties":{"name":"3624"},"geometry":{"type":"Point","coordinates":[124.324478915918888,14.69805643036868]}},
{"type":"Feature","properties":{"name":"3625"},"geometry":{"type":"Point","coordinates":[124.576259573032118,20.581908092951867]}},
{"type":"Feature","properties":{"name":"3626"},"geometry":{"type":"Point","coordinates":[124.039491382636214,-47.843684283034122]}},
{"type":"Feature","properties":{"name":"3627"},"geometry":{"type":"Point","coordinates":[125.630202116546243,-41.917862635964781]}},
{"type":"Feature","properties":{"name":"3628"},"geometry":{"type":"Point","coordinates":[127.370882316061653,-35.869910946227421]}},
{"type":"Feature","properties":{"name":"3629"},"geometry":{"type":"Point","coordinates":[126.686729026848099,-29.699175673430503]}},
{"type":"Feature","properties":{"name":"3630"},"geometry":{"type":"Point","coordinates":[126.437245606371903,-23.671601189482249]}},
{"type":"Feature","properties":{"name":"3631"},"geometry":{"type":"Point","coordinates":[126.154281909012695,-17.742074802738873]}},
{"type":"Feature","properties":{"name":"3632"},"geometry":{"type":"Point","coordinates":[125.879472292436418,-11.868123182831049]}},
{"type":"Feature","properties":{"name":"3633"},"geometry":{"type":"Point","coordinates":[125.634912690775238,-6.001364210797403]}},
{"type":"Feature","properties":{"name":"3634"},"geometry":{"type":"Point","coordinates":[125.215363227630121,0.0]}},
{"type":"Feature","properties":{"name":"3635"},"geometry":{"type":"Point","coordinates":[125.634912690775238,6.001364210797444]}},
{"type":"Feature","properties":{"name":"3636"},"geometry":{"type":"Point","coordinates":[125.879472292436418,11.868123182831079]}},
{"type":"Feature","properties":{"name":"3637"},"geometry":{"type":"Point","coordinates":[126.154281909012695,17.742074802738916]}},
{"type":"Feature","properties":{"name":"3638"},"geometry":{"type":"Point","coordinates":[125.649866406664216,-50.917038018034425]}},
{"type":"Feature","properties":{"name":"3639"},"geometry":{"type":"Point","coordinates":[127.106926174640662,-45.010623533474117]}},
{"type":"Feature","properties":{"name":"3640"},"geometry":{"type":"Point","coordinates":[128.416791351029559,-39.00155921645495]}},
{"type":"Feature","properties":{"name":"3641"},"geometry":{"type":"Point","coordinates":[128.759006481470294,-32.839409759312879]}},
{"type":"Feature","properties":{"name":"3642"},"geometry":{"type":"Point","coordinates":[128.330119549864662,-26.763641053328996]}},
{"type":"Feature","properties":{"name":"3643"},"geometry":{"type":"Point","coordinates":[128.040367297031423,-20.783388451759912]}},
{"type":"Feature","properties":{"name":"3644"},"geometry":{"type":"Point","coordinates":[127.696506041574224,-14.884806122760358]}},
{"type":"Feature","properties":{"name":"3645"},"geometry":{"type":"Point","coordinates":[127.402958984470246,-9.001946840054202]}},
{"type":"Feature","properties":{"name":"3646"},"geometry":{"type":"Point","coordinates":[127.101617524398804,-3.065932060011677]}},
{"type":"Feature","properties":{"name":"3647"},"geometry":{"type":"Point","coordinates":[127.101617524398776,3.06593206001173]}},
{"type":"Feature","properties":{"name":"3648"},"geometry":{"type":"Point","coordinates":[127.402958984470246,9.001946840054227]}},
{"type":"Feature","properties":{"name":"3649"},"geometry":{"type":"Point","coordinates":[127.696506041574196,14.884806122760381]}},
{"type":"Feature","properties":{"name":"3650"},"geometry":{"type":"Point","coordinates":[128.81815556954345,-48.055643266516668]}},
{"type":"Feature","properties":{"name":"3651"},"geometry":{"type":"Point","coordinates":[129.873469570633489,-42.091271476746229]}},
{"type":"Feature","properties":{"name":"3652"},"geometry":{"type":"Point","coordinates":[131.17483059769782,-35.986663258922661]}},
{"type":"Feature","properties":{"name":"3653"},"geometry":{"type":"Point","coordinates":[130.320872759884907,-29.840751478168929]}},
{"type":"Feature","properties":{"name":"3654"},"geometry":{"type":"Point","coordinates":[129.936561782822707,-23.839940899825095]}},
{"type":"Feature","properties":{"name":"3655"},"geometry":{"type":"Point","coordinates":[129.565186754964884,-17.900984056728817]}},
{"type":"Feature","properties":{"name":"3656"},"geometry":{"type":"Point","coordinates":[129.205599270205113,-12.002233347874604]}},
{"type":"Feature","properties":{"name":"3657"},"geometry":{"type":"Point","coordinates":[128.880342041377389,-6.08175941351996]}},
{"type":"Feature","properties":{"name":"3658"},"geometry":{"type":"Point","coordinates":[128.277754197225988,0.0]}},
{"type":"Feature","properties":{"name":"3659"},"geometry":{"type":"Point","coordinates":[128.880342041377418,6.081759413519988]}},
{"type":"Feature","properties":{"name":"3660"},"geometry":{"type":"Point","coordinates":[129.205599270205113,12.002233347874625]}},
{"type":"Feature","properties":{"name":"3661"},"geometry":{"type":"Point","coordinates":[129.565186754964884,17.900984056728859]}},
{"type":"Feature","properties":{"name":"3662"},"geometry":{"type":"Point","coordinates":[130.763611681324903,-51.05206774774522]}},
{"type":"Feature","properties":{"name":"3663"},"geometry":{"type":"Point","coordinates":[131.625545124683214,-45.117377123174691]}},
{"type":"Feature","properties":{"name":"3664"},"geometry":{"type":"Point","coordinates":[132.428354345274954,-39.086752492381507]}},
{"type":"Feature","properties":{"name":"3665"},"geometry":{"type":"Point","coordinates":[132.469020308884865,-32.911017185630968]}},
{"type":"Feature","properties":{"name":"3666"},"geometry":{"type":"Point","coordinates":[131.905950547717651,-26.870799791993623]}},
{"type":"Feature","properties":{"name":"3667"},"geometry":{"type":"Point","coordinates":[131.484518567471497,-20.920804685616606]}},
{"type":"Feature","properties":{"name":"3668"},"geometry":{"type":"Point","coordinates":[131.055724509856077,-15.001817170048678]}},
{"type":"Feature","properties":{"name":"3669"},"geometry":{"type":"Point","coordinates":[130.676708247381697,-9.083908514058239]}},
{"type":"Feature","properties":{"name":"3670"},"geometry":{"type":"Point","coordinates":[130.256598303585122,-3.084420514746616]}},
{"type":"Feature","properties":{"name":"3671"},"geometry":{"type":"Point","coordinates":[130.256598303585122,3.084420514746648]}},
{"type":"Feature","properties":{"name":"3672"},"geometry":{"type":"Point","coordinates":[130.676708247381782,9.083908514058233]}},
{"type":"Feature","properties":{"name":"3673"},"geometry":{"type":"Point","coordinates":[131.055724509856077,15.001817170048717]}},
{"type":"Feature","properties":{"name":"3674"},"geometry":{"type":"Point","coordinates":[132.967474411461012,-54.0]}},
{"type":"Feature","properties":{"name":"3675"},"geometry":{"type":"Point","coordinates":[133.633959154787163,-48.077376518347577]}},
{"type":"Feature","properties":{"name":"3676"},"geometry":{"type":"Point","coordinates":[134.144494893346462,-42.111467291335906]}},
{"type":"Feature","properties":{"name":"3677"},"geometry":{"type":"Point","coordinates":[134.973261391934301,-35.983302905913895]}},
{"type":"Feature","properties":{"name":"3678"},"geometry":{"type":"Point","coordinates":[133.974468333781573,-29.878695340962455]}},
{"type":"Feature","properties":{"name":"3679"},"geometry":{"type":"Point","coordinates":[133.454603882494553,-23.91992889279463]}},
{"type":"Feature","properties":{"name":"3680"},"geometry":{"type":"Point","coordinates":[132.967474411461012,-18.0]}},
{"type":"Feature","properties":{"name":"3681"},"geometry":{"type":"Point","coordinates":[132.512101878119722,-12.078933280138388]}},
{"type":"Feature","properties":{"name":"3682"},"geometry":{"type":"Point","coordinates":[132.089339433287677,-6.116768897618415]}},
{"type":"Feature","properties":{"name":"3683"},"geometry":{"type":"Point","coordinates":[131.344529630109747,0.0]}},
{"type":"Feature","properties":{"name":"3684"},"geometry":{"type":"Point","coordinates":[132.089339433287648,6.116768897618478]}},
{"type":"Feature","properties":{"name":"3685"},"geometry":{"type":"Point","coordinates":[132.512101878119609,12.078933280138477]}},
{"type":"Feature","properties":{"name":"3686"},"geometry":{"type":"Point","coordinates":[135.900773853118409,-50.973053875810074]}},
{"type":"Feature","properties":{"name":"3687"},"geometry":{"type":"Point","coordinates":[136.169877518693824,-45.046281702586761]}},
{"type":"Feature","properties":{"name":"3688"},"geometry":{"type":"Point","coordinates":[136.453288362653041,-39.03595397387317]}},
{"type":"Feature","properties":{"name":"3689"},"geometry":{"type":"Point","coordinates":[136.190925949802988,-32.870760853306507]}},
{"type":"Feature","properties":{"name":"3690"},"geometry":{"type":"Point","coordinates":[135.503809593611692,-26.886290765810045]}},
{"type":"Feature","properties":{"name":"3691"},"geometry":{"type":"Point","coordinates":[134.945188028899139,-20.978789929019189]}},
{"type":"Feature","properties":{"name":"3692"},"geometry":{"type":"Point","coordinates":[134.401979300761269,-15.068283767616697]}},
{"type":"Feature","properties":{"name":"3693"},"geometry":{"type":"Point","coordinates":[133.926507594556938,-9.123978353396547]}},
{"type":"Feature","properties":{"name":"3694"},"geometry":{"type":"Point","coordinates":[133.386541222021748,-3.087911360234961]}},
{"type":"Feature","properties":{"name":"3695"},"geometry":{"type":"Point","coordinates":[133.386541222021748,3.087911360234984]}},
{"type":"Feature","properties":{"name":"3696"},"geometry":{"type":"Point","coordinates":[133.926507594556938,9.123978353396568]}},
{"type":"Feature","properties":{"name":"3697"},"geometry":{"type":"Point","coordinates":[134.401979300761269,15.06828376761672]}},
{"type":"Feature","properties":{"name":"3698"},"geometry":{"type":"Point","coordinates":[138.455118442302449,-53.805224324855281]}},
{"type":"Feature","properties":{"name":"3699"},"geometry":{"type":"Point","coordinates":[138.460048080342006,-47.896263602334649]}},
{"type":"Feature","properties":{"name":"3700"},"geometry":{"type":"Point","coordinates":[138.437144725381302,-41.967112722858225]}},
{"type":"Feature","properties":{"name":"3701"},"geometry":{"type":"Point","coordinates":[138.757477529839349,-35.860755842735195]}},
{"type":"Feature","properties":{"name":"3702"},"geometry":{"type":"Point","coordinates":[137.653103467619218,-29.820028193296658]}},
{"type":"Feature","properties":{"name":"3703"},"geometry":{"type":"Point","coordinates":[136.9932651098799,-23.920097065362402]}},
{"type":"Feature","properties":{"name":"3704"},"geometry":{"type":"Point","coordinates":[136.372436038102137,-18.03960113363987]}},
{"type":"Feature","properties":{"name":"3705"},"geometry":{"type":"Point","coordinates":[135.802779598210464,-12.115983400197834]}},
{"type":"Feature","properties":{"name":"3706"},"geometry":{"type":"Point","coordinates":[135.276164344008464,-6.127908974337574]}},
{"type":"Feature","properties":{"name":"3707"},"geometry":{"type":"Point","coordinates":[134.417917220093585,0.0]}},
{"type":"Feature","properties":{"name":"3708"},"geometry":{"type":"Point","coordinates":[135.276164344008379,6.127908974337656]}},
{"type":"Feature","properties":{"name":"3709"},"geometry":{"type":"Point","coordinates":[135.802779598210464,12.115983400197875]}},
{"type":"Feature","properties":{"name":"3710"},"geometry":{"type":"Point","coordinates":[141.348874430997881,-56.571595699062748]}},
{"type":"Feature","properties":{"name":"3711"},"geometry":{"type":"Point","coordinates":[141.019702864581291,-50.667156820672261]}},
{"type":"Feature","properties":{"name":"3712"},"geometry":{"type":"Point","coordinates":[140.721864792645135,-44.780693410769501]}},
{"type":"Feature","properties":{"name":"3713"},"geometry":{"type":"Point","coordinates":[140.496105067696305,-38.839501391199391]}},
{"type":"Feature","properties":{"name":"3714"},"geometry":{"type":"Point","coordinates":[139.935039750388484,-32.724512560103975]}},
{"type":"Feature","properties":{"name":"3715"},"geometry":{"type":"Point","coordinates":[139.128237882290506,-26.822272958649034]}},
{"type":"Feature","properties":{"name":"3716"},"geometry":{"type":"Point","coordinates":[138.42336204381445,-20.967729706829914]}},
{"type":"Feature","properties":{"name":"3717"},"geometry":{"type":"Point","coordinates":[137.738250106650469,-15.096070095088477]}},
{"type":"Feature","properties":{"name":"3718"},"geometry":{"type":"Point","coordinates":[137.160410457284712,-9.136642889699436]}},
{"type":"Feature","properties":{"name":"3719"},"geometry":{"type":"Point","coordinates":[136.507600899053614,-3.084181411401175]}},
{"type":"Feature","properties":{"name":"3720"},"geometry":{"type":"Point","coordinates":[136.507600899053585,3.084181411401206]}},
{"type":"Feature","properties":{"name":"3721"},"geometry":{"type":"Point","coordinates":[137.160410457284627,9.136642889699518]}},
{"type":"Feature","properties":{"name":"3722"},"geometry":{"type":"Point","coordinates":[143.881452212044252,-53.360804580158025]}},
{"type":"Feature","properties":{"name":"3723"},"geometry":{"type":"Point","coordinates":[143.262748548083238,-47.494016509123682]}},
{"type":"Feature","properties":{"name":"3724"},"geometry":{"type":"Point","coordinates":[142.745166924139227,-41.633841349766278]}},
{"type":"Feature","properties":{"name":"3725"},"geometry":{"type":"Point","coordinates":[142.519035389731471,-35.620470835163026]}},
{"type":"Feature","properties":{"name":"3726"},"geometry":{"type":"Point","coordinates":[141.368464297834151,-29.682864106111428]}},
{"type":"Feature","properties":{"name":"3727"},"geometry":{"type":"Point","coordinates":[140.554776413739404,-23.856183921084565]}},
{"type":"Feature","properties":{"name":"3728"},"geometry":{"type":"Point","coordinates":[139.791371546272558,-18.019567397251379]}},
{"type":"Feature","properties":{"name":"3729"},"geometry":{"type":"Point","coordinates":[139.083065745967872,-12.1236383494885]}},
{"type":"Feature","properties":{"name":"3730"},"geometry":{"type":"Point","coordinates":[138.451875882237005,-6.12419988907329]}},
{"type":"Feature","properties":{"name":"3731"},"geometry":{"type":"Point","coordinates":[137.500187933595498,0.0]}},
{"type":"Feature","properties":{"name":"3732"},"geometry":{"type":"Point","coordinates":[138.451875882237005,6.124199889073313]}},
{"type":"Feature","properties":{"name":"3733"},"geometry":{"type":"Point","coordinates":[139.083065745967758,12.123638349488587]}},
{"type":"Feature","properties":{"name":"3734"},"geometry":{"type":"Point","coordinates":[147.098834897472472,-55.973948954941754]}},
{"type":"Feature","properties":{"name":"3735"},"geometry":{"type":"Point","coordinates":[146.070014798733496,-50.117603896080944]}},
{"type":"Feature","properties":{"name":"3736"},"geometry":{"type":"Point","coordinates":[145.253479029016518,-44.290072867968249]}},
{"type":"Feature","properties":{"name":"3737"},"geometry":{"type":"Point","coordinates":[144.575826533171494,-38.460685183617244]}},
{"type":"Feature","properties":{"name":"3738"},"geometry":{"type":"Point","coordinates":[143.734580960428673,-32.498442348083437]}},
{"type":"Feature","properties":{"name":"3739"},"geometry":{"type":"Point","coordinates":[142.784801895778685,-26.705448440317465]}},
{"type":"Feature","properties":{"name":"3740"},"geometry":{"type":"Point","coordinates":[141.919237310692012,-20.905416243615711]}},
{"type":"Feature","properties":{"name":"3741"},"geometry":{"type":"Point","coordinates":[141.10104113295256,-15.068268128178698]}},
{"type":"Feature","properties":{"name":"3742"},"geometry":{"type":"Point","coordinates":[140.385947995317508,-9.129577591340823]}},
{"type":"Feature","properties":{"name":"3743"},"geometry":{"type":"Point","coordinates":[139.628895530450478,-3.075849977141135]}},
{"type":"Feature","properties":{"name":"3744"},"geometry":{"type":"Point","coordinates":[139.628895530450421,3.075849977141212]}},
{"type":"Feature","properties":{"name":"3745"},"geometry":{"type":"Point","coordinates":[140.385947995317622,9.129577591340803]}},
{"type":"Feature","properties":{"name":"3746"},"geometry":{"type":"Point","coordinates":[150.745092124199061,-58.497531759252723]}},
{"type":"Feature","properties":{"name":"3747"},"geometry":{"type":"Point","coordinates":[149.179424715706858,-52.65402358158277]}},
{"type":"Feature","properties":{"name":"3748"},"geometry":{"type":"Point","coordinates":[147.99285787192099,-46.841040636751998]}},
{"type":"Feature","properties":{"name":"3749"},"geometry":{"type":"Point","coordinates":[147.043375990058479,-41.048487762970744]}},
{"type":"Feature","properties":{"name":"3750"},"geometry":{"type":"Point","coordinates":[146.25,-35.264389682754654]}},
{"type":"Feature","properties":{"name":"3751"},"geometry":{"type":"Point","coordinates":[145.135822270022231,-29.52325873507057]}},
{"type":"Feature","properties":{"name":"3752"},"geometry":{"type":"Point","coordinates":[144.139308305762285,-23.758944785448843]}},
{"type":"Feature","properties":{"name":"3753"},"geometry":{"type":"Point","coordinates":[143.223036061592865,-17.958619697765521]}},
{"type":"Feature","properties":{"name":"3754"},"geometry":{"type":"Point","coordinates":[142.358545533394931,-12.10809795504858]}},
{"type":"Feature","properties":{"name":"3755"},"geometry":{"type":"Point","coordinates":[141.624723632789113,-6.109916736785189]}},
{"type":"Feature","properties":{"name":"3756"},"geometry":{"type":"Point","coordinates":[140.593671657970219,0.0]}},
{"type":"Feature","properties":{"name":"3757"},"geometry":{"type":"Point","coordinates":[141.624723632789113,6.109916736785215]}},
{"type":"Feature","properties":{"name":"3758"},"geometry":{"type":"Point","coordinates":[152.643411938957826,-55.098754495783083]}},
{"type":"Feature","properties":{"name":"3759"},"geometry":{"type":"Point","coordinates":[150.984859641515698,-49.30002861257902]}},
{"type":"Feature","properties":{"name":"3760"},"geometry":{"type":"Point","coordinates":[149.699441229778017,-43.511458835497187]}},
{"type":"Feature","properties":{"name":"3761"},"geometry":{"type":"Point","coordinates":[148.616765361005605,-37.660904419207846]}},
{"type":"Feature","properties":{"name":"3762"},"geometry":{"type":"Point","coordinates":[147.62156992077189,-32.42400107883477]}},
{"type":"Feature","properties":{"name":"3763"},"geometry":{"type":"Point","coordinates":[146.471315937678867,-26.601387955625544]}},
{"type":"Feature","properties":{"name":"3764"},"geometry":{"type":"Point","coordinates":[145.429555453418203,-20.823694832043618]}},
{"type":"Feature","properties":{"name":"3765"},"geometry":{"type":"Point","coordinates":[144.472306270566691,-15.00780327781478]}},
{"type":"Feature","properties":{"name":"3766"},"geometry":{"type":"Point","coordinates":[143.609660827265742,-9.107113233803272]}},
{"type":"Feature","properties":{"name":"3767"},"geometry":{"type":"Point","coordinates":[142.756464404018573,-3.063982706371139]}},
{"type":"Feature","properties":{"name":"3768"},"geometry":{"type":"Point","coordinates":[142.756464404018573,3.06398270637117]}},
{"type":"Feature","properties":{"name":"3769"},"geometry":{"type":"Point","coordinates":[143.609660827265628,9.107113233803364]}},
{"type":"Feature","properties":{"name":"3770"},"geometry":{"type":"Point","coordinates":[156.528433639306257,-57.44056845658352]}},
{"type":"Feature","properties":{"name":"3771"},"geometry":{"type":"Point","coordinates":[154.268658988029955,-51.668262120285029]}},
{"type":"Feature","properties":{"name":"3772"},"geometry":{"type":"Point","coordinates":[152.560542280774172,-45.8852452539738]}},
{"type":"Feature","properties":{"name":"3773"},"geometry":{"type":"Point","coordinates":[151.141626123669823,-40.00865586421186]}},
{"type":"Feature","properties":{"name":"3774"},"geometry":{"type":"Point","coordinates":[150.428885462896631,-34.724394300910056]}},
{"type":"Feature","properties":{"name":"3775"},"geometry":{"type":"Point","coordinates":[148.910029402990403,-29.56761947766719]}},
{"type":"Feature","properties":{"name":"3776"},"geometry":{"type":"Point","coordinates":[147.735976239987224,-23.693110795289204]}},
{"type":"Feature","properties":{"name":"3777"},"geometry":{"type":"Point","coordinates":[146.662287049789967,-17.888053720594847]}},
{"type":"Feature","properties":{"name":"3778"},"geometry":{"type":"Point","coordinates":[145.67450104259143,-12.047071515031242]}},
{"type":"Feature","properties":{"name":"3779"},"geometry":{"type":"Point","coordinates":[144.801114400614779,-6.087269335984497]}},
{"type":"Feature","properties":{"name":"3780"},"geometry":{"type":"Point","coordinates":[143.700773955718915,0.0]}},
{"type":"Feature","properties":{"name":"3781"},"geometry":{"type":"Point","coordinates":[144.801114400614779,6.087269335984532]}},
{"type":"Feature","properties":{"name":"3782"},"geometry":{"type":"Point","coordinates":[160.91371619206592,-59.661222614913925]}},
{"type":"Feature","properties":{"name":"3783"},"geometry":{"type":"Point","coordinates":[157.89357677886926,-53.938794503376322]}},
{"type":"Feature","properties":{"name":"3784"},"geometry":{"type":"Point","coordinates":[155.661412396802604,-48.176281187363507]}},
{"type":"Feature","properties":{"name":"3785"},"geometry":{"type":"Point","coordinates":[153.848068595030185,-42.300980330186881]}},
{"type":"Feature","properties":{"name":"3786"},"geometry":{"type":"Point","coordinates":[153.091461738783607,-37.100317470426468]}},
{"type":"Feature","properties":{"name":"3787"},"geometry":{"type":"Point","coordinates":[151.788428479370737,-31.724298801980535]}},
{"type":"Feature","properties":{"name":"3788"},"geometry":{"type":"Point","coordinates":[150.129113460613837,-26.695374136994293]}},
{"type":"Feature","properties":{"name":"3789"},"geometry":{"type":"Point","coordinates":[148.940083219001167,-20.782615569887245]}},
{"type":"Feature","properties":{"name":"3790"},"geometry":{"type":"Point","coordinates":[147.846007001535867,-14.944601661100556]}},
{"type":"Feature","properties":{"name":"3791"},"geometry":{"type":"Point","coordinates":[146.837228365945975,-9.071809122964783]}},
{"type":"Feature","properties":{"name":"3792"},"geometry":{"type":"Point","coordinates":[145.89490297856122,-3.049065101171747]}},
{"type":"Feature","properties":{"name":"3793"},"geometry":{"type":"Point","coordinates":[145.89490297856122,3.049065101171775]}},
{"type":"Feature","properties":{"name":"3794"},"geometry":{"type":"Point","coordinates":[161.916648181100811,-56.097999227856199]}},
{"type":"Feature","properties":{"name":"3795"},"geometry":{"type":"Point","coordinates":[159.041723793824929,-50.379685777186822]}},
{"type":"Feature","properties":{"name":"3796"},"geometry":{"type":"Point","coordinates":[156.762384585105366,-44.529621964661608]}},
{"type":"Feature","properties":{"name":"3797"},"geometry":{"type":"Point","coordinates":[155.837940245377069,-39.397169423945876]}},
{"type":"Feature","properties":{"name":"3798"},"geometry":{"type":"Point","coordinates":[154.550311708115203,-34.043048684781873]}},
{"type":"Feature","properties":{"name":"3799"},"geometry":{"type":"Point","coordinates":[153.001203060103222,-28.753053066992404]}},
{"type":"Feature","properties":{"name":"3800"},"geometry":{"type":"Point","coordinates":[151.29054324824051,-23.807007669065261]}},
{"type":"Feature","properties":{"name":"3801"},"geometry":{"type":"Point","coordinates":[150.094173929525596,-17.862226641476973]}},
{"type":"Feature","properties":{"name":"3802"},"geometry":{"type":"Point","coordinates":[148.989139752294392,-11.988167808560238]}},
{"type":"Feature","properties":{"name":"3803"},"geometry":{"type":"Point","coordinates":[147.986316109387104,-6.057468397586842]}},
{"type":"Feature","properties":{"name":"3804"},"geometry":{"type":"Point","coordinates":[146.823994275838828,0.0]}},
{"type":"Feature","properties":{"name":"3805"},"geometry":{"type":"Point","coordinates":[147.986316109386991,6.057468397586943]}},
{"type":"Feature","properties":{"name":"3806"},"geometry":{"type":"Point","coordinates":[166.400463264219411,-58.125859091749561]}},
{"type":"Feature","properties":{"name":"3807"},"geometry":{"type":"Point","coordinates":[162.744731244018823,-52.484110554494812]}},
{"type":"Feature","properties":{"name":"3808"},"geometry":{"type":"Point","coordinates":[159.913719473864859,-46.68441510597841]}},
{"type":"Feature","properties":{"name":"3809"},"geometry":{"type":"Point","coordinates":[158.739193863945388,-41.611702106214075]}},
{"type":"Feature","properties":{"name":"3810"},"geometry":{"type":"Point","coordinates":[157.346839032389909,-36.323505731115723]}},
{"type":"Feature","properties":{"name":"3811"},"geometry":{"type":"Point","coordinates":[155.794022679328407,-30.989642383264425]}},
{"type":"Feature","properties":{"name":"3812"},"geometry":{"type":"Point","coordinates":[154.131891219787633,-25.793567082948421]}},
{"type":"Feature","properties":{"name":"3813"},"geometry":{"type":"Point","coordinates":[152.404468811434896,-20.901942654275036]}},
{"type":"Feature","properties":{"name":"3814"},"geometry":{"type":"Point","coordinates":[151.207652962666202,-14.927431456262038]}},
{"type":"Feature","properties":{"name":"3815"},"geometry":{"type":"Point","coordinates":[150.099623744229092,-9.014798760753727]}},
{"type":"Feature","properties":{"name":"3816"},"geometry":{"type":"Point","coordinates":[149.04810437569293,-3.031329958880067]}},
{"type":"Feature","properties":{"name":"3817"},"geometry":{"type":"Point","coordinates":[149.048104375692958,3.031329958880104]}},
{"type":"Feature","properties":{"name":"3818"},"geometry":{"type":"Point","coordinates":[171.409192171432636,-59.995718851042703]}},
{"type":"Feature","properties":{"name":"3819"},"geometry":{"type":"Point","coordinates":[166.816330752639203,-54.473078000259008]}},
{"type":"Feature","properties":{"name":"3820"},"geometry":{"type":"Point","coordinates":[163.333847384232286,-48.752923259643161]}},
{"type":"Feature","properties":{"name":"3821"},"geometry":{"type":"Point","coordinates":[161.835658505936038,-43.740786145072867]}},
{"type":"Feature","properties":{"name":"3822"},"geometry":{"type":"Point","coordinates":[160.25204620291143,-38.528489141588949]}},
{"type":"Feature","properties":{"name":"3823"},"geometry":{"type":"Point","coordinates":[158.60700958537555,-33.224915510436837]}},
{"type":"Feature","properties":{"name":"3824"},"geometry":{"type":"Point","coordinates":[156.919868963227316,-27.952813407938429]}},
{"type":"Feature","properties":{"name":"3825"},"geometry":{"type":"Point","coordinates":[155.206406825073145,-22.834802259343519]}},
{"type":"Feature","properties":{"name":"3826"},"geometry":{"type":"Point","coordinates":[153.479822066866575,-17.979329774477037]}},
{"type":"Feature","properties":{"name":"3827"},"geometry":{"type":"Point","coordinates":[152.288896313952279,-11.975064660679815]}},
{"type":"Feature","properties":{"name":"3828"},"geometry":{"type":"Point","coordinates":[151.18491339974446,-6.021197802427144]}},
{"type":"Feature","properties":{"name":"3829"},"geometry":{"type":"Point","coordinates":[149.965946030085519,0.0]}},
{"type":"Feature","properties":{"name":"3830"},"geometry":{"type":"Point","coordinates":[171.302934288230233,-56.325209107243346]}},
{"type":"Feature","properties":{"name":"3831"},"geometry":{"type":"Point","coordinates":[167.05648776639751,-50.720049771628759]}},
{"type":"Feature","properties":{"name":"3832"},"geometry":{"type":"Point","coordinates":[165.159903842044173,-45.776883196973202]}},
{"type":"Feature","properties":{"name":"3833"},"geometry":{"type":"Point","coordinates":[163.311242009125948,-40.646201478585148]}},
{"type":"Feature","properties":{"name":"3834"},"geometry":{"type":"Point","coordinates":[161.50175994906499,-35.403153368428327]}},
{"type":"Feature","properties":{"name":"3835"},"geometry":{"type":"Point","coordinates":[159.72399257201829,-30.133598132124007]}},
{"type":"Feature","properties":{"name":"3836"},"geometry":{"type":"Point","coordinates":[157.971670111618778,-24.927282601494078]}},
{"type":"Feature","properties":{"name":"3837"},"geometry":{"type":"Point","coordinates":[156.239771147195626,-19.870270926476984]}},
{"type":"Feature","properties":{"name":"3838"},"geometry":{"type":"Point","coordinates":[154.524603796642054,-15.038082085795979]}},
{"type":"Feature","properties":{"name":"3839"},"geometry":{"type":"Point","coordinates":[153.345514264767786,-9.002549875614291]}},
{"type":"Feature","properties":{"name":"3840"},"geometry":{"type":"Point","coordinates":[152.219632378572072,-3.010885634742098]}},
{"type":"Feature","properties":{"name":"3841"},"geometry":{"type":"Point","coordinates":[152.219632378572015,3.0108856347422]}},
{"type":"Feature","properties":{"name":"3842"},"geometry":{"type":"Point","coordinates":[176.247407592851772,-58.014154843762434]}},
{"type":"Feature","properties":{"name":"3843"},"geometry":{"type":"Point","coordinates":[171.115905405971887,-52.56765501324643]}},
{"type":"Feature","properties":{"name":"3844"},"geometry":{"type":"Point","coordinates":[168.741915054172267,-47.708708955078237]}},
{"type":"Feature","properties":{"name":"3845"},"geometry":{"type":"Point","coordinates":[166.558294767659447,-42.667983413778686]}},
{"type":"Feature","properties":{"name":"3846"},"geometry":{"type":"Point","coordinates":[164.520266850617503,-37.502129221839375]}},
{"type":"Feature","properties":{"name":"3847"},"geometry":{"type":"Point","coordinates":[162.593613055497741,-32.27491987452327]}},
{"type":"Feature","properties":{"name":"3848"},"geometry":{"type":"Point","coordinates":[160.751703114076008,-27.053916531108005]}},
{"type":"Feature","properties":{"name":"3849"},"geometry":{"type":"Point","coordinates":[158.973580665409997,-21.906470581560967]}},
{"type":"Feature","properties":{"name":"3850"},"geometry":{"type":"Point","coordinates":[157.242708442868548,-16.895678907545591]}},
{"type":"Feature","properties":{"name":"3851"},"geometry":{"type":"Point","coordinates":[155.546122862228771,-12.076898721235311]}},
{"type":"Feature","properties":{"name":"3852"},"geometry":{"type":"Point","coordinates":[154.384596953454349,-6.007546990041908]}},
{"type":"Feature","properties":{"name":"3853"},"geometry":{"type":"Point","coordinates":[153.129379017175665,0.0]}},
{"type":"Feature","properties":{"name":"3854"},"geometry":{"type":"Point","coordinates":[-178.317562498683429,-59.508679589293315]}},
{"type":"Feature","properties":{"name":"3855"},"geometry":{"type":"Point","coordinates":[175.54447300058149,-54.274245783636232]}},
{"type":"Feature","properties":{"name":"3856"},"geometry":{"type":"Point","coordinates":[172.609933476488123,-49.521662718245096]}},
{"type":"Feature","properties":{"name":"3857"},"geometry":{"type":"Point","coordinates":[170.021750450834332,-44.583861534277972]}},
{"type":"Feature","properties":{"name":"3858"},"geometry":{"type":"Point","coordinates":[167.694546129152059,-39.508852367265156]}},
{"type":"Feature","properties":{"name":"3859"},"geometry":{"type":"Point","coordinates":[165.565254085538868,-34.348004132704531]}},
{"type":"Feature","properties":{"name":"3860"},"geometry":{"type":"Point","coordinates":[163.586302536588249,-29.154826593076578]}},
{"type":"Feature","properties":{"name":"3861"},"geometry":{"type":"Point","coordinates":[161.721124456716865,-23.98311236794877]}},
{"type":"Feature","properties":{"name":"3862"},"geometry":{"type":"Point","coordinates":[159.9411630386696,-18.884784085727905]}},
{"type":"Feature","properties":{"name":"3863"},"geometry":{"type":"Point","coordinates":[158.223847008287009,-13.907782449303406]}},
{"type":"Feature","properties":{"name":"3864"},"geometry":{"type":"Point","coordinates":[156.551201949572089,-9.094280387858163]}},
{"type":"Feature","properties":{"name":"3865"},"geometry":{"type":"Point","coordinates":[155.412929886836736,-2.987772159891212]}},
{"type":"Feature","properties":{"name":"3866"},"geometry":{"type":"Point","coordinates":[-179.63112948024505,-55.814845400546361]}},
{"type":"Feature","properties":{"name":"3867"},"geometry":{"type":"Point","coordinates":[176.789420380207019,-51.198005606193483]}},
{"type":"Feature","properties":{"name":"3868"},"geometry":{"type":"Point","coordinates":[173.726750645104261,-46.381543027784275]}},
{"type":"Feature","properties":{"name":"3869"},"geometry":{"type":"Point","coordinates":[171.051037915331733,-41.41220698982481]}},
{"type":"Feature","properties":{"name":"3870"},"geometry":{"type":"Point","coordinates":[168.667723378354708,-36.335904320805128]}},
{"type":"Feature","properties":{"name":"3871"},"geometry":{"type":"Point","coordinates":[166.506714747613444,-31.198206034160524]}},
{"type":"Feature","properties":{"name":"3872"},"geometry":{"type":"Point","coordinates":[164.515069423608651,-26.044032197779611]}},
{"type":"Feature","properties":{"name":"3873"},"geometry":{"type":"Point","coordinates":[162.652043136901653,-20.916846977395512]}},
{"type":"Feature","properties":{"name":"3874"},"geometry":{"type":"Point","coordinates":[160.885715667966593,-15.857630596371134]}},
{"type":"Feature","properties":{"name":"3875"},"geometry":{"type":"Point","coordinates":[159.190667391042069,-10.903842693635234]}},
{"type":"Feature","properties":{"name":"3876"},"geometry":{"type":"Point","coordinates":[157.546361557974052,-6.088538378164991]}},
{"type":"Feature","properties":{"name":"3877"},"geometry":{"type":"Point","coordinates":[156.317204777157059,0.0]}},
{"type":"Feature","properties":{"name":"3878"},"geometry":{"type":"Point","coordinates":[-174.395262732817827,-57.161201705029988]}},
{"type":"Feature","properties":{"name":"3879"},"geometry":{"type":"Point","coordinates":[-178.699261406730528,-52.717005183123483]}},
{"type":"Feature","properties":{"name":"3880"},"geometry":{"type":"Point","coordinates":[177.694987944122914,-48.04620330722102]}},
{"type":"Feature","properties":{"name":"3881"},"geometry":{"type":"Point","coordinates":[174.612354656132425,-43.200464156648088]}},
{"type":"Feature","properties":{"name":"3882"},"geometry":{"type":"Point","coordinates":[171.924915573514397,-38.225733540468426]}},
{"type":"Feature","properties":{"name":"3883"},"geometry":{"type":"Point","coordinates":[169.538370731332662,-33.164463474943936]}},
{"type":"Feature","properties":{"name":"3884"},"geometry":{"type":"Point","coordinates":[167.382187542213671,-28.05666604815433]}},
{"type":"Feature","properties":{"name":"3885"},"geometry":{"type":"Point","coordinates":[165.402700939365786,-22.940217902977697]}},
{"type":"Feature","properties":{"name":"3886"},"geometry":{"type":"Point","coordinates":[163.558327217614419,-17.850720256216039]}},
{"type":"Feature","properties":{"name":"3887"},"geometry":{"type":"Point","coordinates":[161.816234673367092,-12.821134206802091]}},
{"type":"Feature","properties":{"name":"3888"},"geometry":{"type":"Point","coordinates":[160.150008040782211,-7.881349723246661]}},
{"type":"Feature","properties":{"name":"3889"},"geometry":{"type":"Point","coordinates":[158.537992384156695,-3.057798370546792]}},
{"type":"Feature","properties":{"name":"3890"},"geometry":{"type":"Point","coordinates":[159.532525588538988,-0.0]}},
{"type":"Feature","properties":{"name":"3891"},"geometry":{"type":"Point","coordinates":[161.108390836648368,4.837872861639227]}},
{"type":"Feature","properties":{"name":"3892"},"geometry":{"type":"Point","coordinates":[162.740427086367504,9.77188512203543]}},
{"type":"Feature","properties":{"name":"3893"},"geometry":{"type":"Point","coordinates":[164.450531091783688,14.780636958787024]}},
{"type":"Feature","properties":{"name":"3894"},"geometry":{"type":"Point","coordinates":[166.265029747833353,19.839930894564837]}},
{"type":"Feature","properties":{"name":"3895"},"geometry":{"type":"Point","coordinates":[168.216274464541584,24.922880543654106]}},
{"type":"Feature","properties":{"name":"3896"},"geometry":{"type":"Point","coordinates":[170.344842552110691,30.0]}},
{"type":"Feature","properties":{"name":"3897"},"geometry":{"type":"Point","coordinates":[172.702613762640738,35.039188356556707]}},
{"type":"Feature","properties":{"name":"3898"},"geometry":{"type":"Point","coordinates":[175.357103247946213,40.005481779570204]}},
{"type":"Feature","properties":{"name":"3899"},"geometry":{"type":"Point","coordinates":[178.397564935416142,44.860387238500159]}},
{"type":"Feature","properties":{"name":"3900"},"geometry":{"type":"Point","coordinates":[-178.056533487206195,49.560529239514693]}},
{"type":"Feature","properties":{"name":"3901"},"geometry":{"type":"Point","coordinates":[-173.84425970684137,54.055229364138548]}},
{"type":"Feature","properties":{"name":"3902"},"geometry":{"type":"Point","coordinates":[162.134718200794964,1.889268691033989]}},
{"type":"Feature","properties":{"name":"3903"},"geometry":{"type":"Point","coordinates":[163.687904453566858,6.731041075483194]}},
{"type":"Feature","properties":{"name":"3904"},"geometry":{"type":"Point","coordinates":[165.334595795902459,11.675315771476255]}},
{"type":"Feature","properties":{"name":"3905"},"geometry":{"type":"Point","coordinates":[167.098351169122338,16.694809789218645]}},
{"type":"Feature","properties":{"name":"3906"},"geometry":{"type":"Point","coordinates":[169.008401386929222,21.758307032445725]}},
{"type":"Feature","properties":{"name":"3907"},"geometry":{"type":"Point","coordinates":[171.101388447299968,26.830925410938548]}},
{"type":"Feature","properties":{"name":"3908"},"geometry":{"type":"Point","coordinates":[173.423694884249272,31.874389660567171]}},
{"type":"Feature","properties":{"name":"3909"},"geometry":{"type":"Point","coordinates":[176.034546473540871,36.847191809044602]}},
{"type":"Feature","properties":{"name":"3910"},"geometry":{"type":"Point","coordinates":[179.010072612528404,41.7044790658652]}},
{"type":"Feature","properties":{"name":"3911"},"geometry":{"type":"Point","coordinates":[-177.551598370006928,46.397469205659043]}},
{"type":"Feature","properties":{"name":"3912"},"geometry":{"type":"Point","coordinates":[-173.524539434094606,50.872169117739112]}},
{"type":"Feature","properties":{"name":"3913"},"geometry":{"type":"Point","coordinates":[-168.75,55.06720477715708]}},
{"type":"Feature","properties":{"name":"3914"},"geometry":{"type":"Point","coordinates":[162.134718200794964,-1.889268691034011]}},
{"type":"Feature","properties":{"name":"3915"},"geometry":{"type":"Point","coordinates":[164.720231529449393,3.758540728437146]}},
{"type":"Feature","properties":{"name":"3916"},"geometry":{"type":"Point","coordinates":[166.265675265375648,8.603224723689392]}},
{"type":"Feature","properties":{"name":"3917"},"geometry":{"type":"Point","coordinates":[167.945647189424449,13.557128698127572]}},
{"type":"Feature","properties":{"name":"3918"},"geometry":{"type":"Point","coordinates":[169.786084526078128,18.584810863127686]}},
{"type":"Feature","properties":{"name":"3919"},"geometry":{"type":"Point","coordinates":[171.819629588518637,23.645402407433942]}},
{"type":"Feature","properties":{"name":"3920"},"geometry":{"type":"Point","coordinates":[174.087349933649847,28.693216619367131]}},
{"type":"Feature","properties":{"name":"3921"},"geometry":{"type":"Point","coordinates":[176.640851646557962,33.678444983302249]}},
{"type":"Feature","properties":{"name":"3922"},"geometry":{"type":"Point","coordinates":[179.544754834158084,38.547778759072848]}},
{"type":"Feature","properties":{"name":"3923"},"geometry":{"type":"Point","coordinates":[-177.120691026334043,43.244770321975366]}},
{"type":"Feature","properties":{"name":"3924"},"geometry":{"type":"Point","coordinates":[-173.257512314041435,47.709769996064153]}},
{"type":"Feature","properties":{"name":"3925"},"geometry":{"type":"Point","coordinates":[-168.75,51.879379017175658]}},
{"type":"Feature","properties":{"name":"3926"},"geometry":{"type":"Point","coordinates":[161.108390836648397,-4.83787286163937]}},
{"type":"Feature","properties":{"name":"3927"},"geometry":{"type":"Point","coordinates":[164.62000632609093,-0.0]}},
{"type":"Feature","properties":{"name":"3928"},"geometry":{"type":"Point","coordinates":[167.296903937430585,5.605943700843618]}},
{"type":"Feature","properties":{"name":"3929"},"geometry":{"type":"Point","coordinates":[168.849841422994217,10.452743741729662]}},
{"type":"Feature","properties":{"name":"3930"},"geometry":{"type":"Point","coordinates":[170.58354356150528,15.415555612631527]}},
{"type":"Feature","properties":{"name":"3931"},"geometry":{"type":"Point","coordinates":[172.526863472201285,20.44743915977838]}},
{"type":"Feature","properties":{"name":"3932"},"geometry":{"type":"Point","coordinates":[174.715850751171018,25.494065081068687]}},
{"type":"Feature","properties":{"name":"3933"},"geometry":{"type":"Point","coordinates":[177.195065698988685,30.495075696109069]}},
{"type":"Feature","properties":{"name":"3934"},"geometry":{"type":"Point","coordinates":[-179.981214441426459,35.385722768978894]}},
{"type":"Feature","properties":{"name":"3935"},"geometry":{"type":"Point","coordinates":[-176.748290980674227,40.098542296225361]}},
{"type":"Feature","properties":{"name":"3936"},"geometry":{"type":"Point","coordinates":[-173.031613808270777,44.564846675595824]}},
{"type":"Feature","properties":{"name":"3937"},"geometry":{"type":"Point","coordinates":[-168.75,48.715946030085519]}},
{"type":"Feature","properties":{"name":"3938"},"geometry":{"type":"Point","coordinates":[164.720231529449393,-3.758540728437172]}},
{"type":"Feature","properties":{"name":"3939"},"geometry":{"type":"Point","coordinates":[167.220554479775558,1.846415098094923]}},
{"type":"Feature","properties":{"name":"3940"},"geometry":{"type":"Point","coordinates":[169.872212755290462,7.429590809585262]}},
{"type":"Feature","properties":{"name":"3941"},"geometry":{"type":"Point","coordinates":[171.448624761116889,12.277919309657763]}},
{"type":"Feature","properties":{"name":"3942"},"geometry":{"type":"Point","coordinates":[173.259312045073813,17.248600446965529]}},
{"type":"Feature","properties":{"name":"3943"},"geometry":{"type":"Point","coordinates":[175.336116545634582,22.278074173978951]}},
{"type":"Feature","properties":{"name":"3944"},"geometry":{"type":"Point","coordinates":[177.717311979781329,27.292889173535062]}},
{"type":"Feature","properties":{"name":"3945"},"geometry":{"type":"Point","coordinates":[-179.552253239288689,32.212727338731327]}},
{"type":"Feature","properties":{"name":"3946"},"geometry":{"type":"Point","coordinates":[-176.422022991706683,36.954067199962267]}},
{"type":"Feature","properties":{"name":"3947"},"geometry":{"type":"Point","coordinates":[-172.83836657000677,41.434023996316554]}},
{"type":"Feature","properties":{"name":"3948"},"geometry":{"type":"Point","coordinates":[-168.75,45.573994275838849]}},
{"type":"Feature","properties":{"name":"3949"},"geometry":{"type":"Point","coordinates":[-163.975460565905394,50.872169117739112]}},
{"type":"Feature","properties":{"name":"3950"},"geometry":{"type":"Point","coordinates":[163.687904453566858,-6.731041075483301]}},
{"type":"Feature","properties":{"name":"3951"},"geometry":{"type":"Point","coordinates":[167.220554479775558,-1.846415098094926]}},
{"type":"Feature","properties":{"name":"3952"},"geometry":{"type":"Point","coordinates":[169.812526368877911,3.670936467955205]}},
{"type":"Feature","properties":{"name":"3953"},"geometry":{"type":"Point","coordinates":[172.45334548748005,9.227543817836683]}},
{"type":"Feature","properties":{"name":"3954"},"geometry":{"type":"Point","coordinates":[174.070599683739118,14.077078808269622]}},
{"type":"Feature","properties":{"name":"3955"},"geometry":{"type":"Point","coordinates":[175.985832045684845,19.053778727890542]}},
{"type":"Feature","properties":{"name":"3956"},"geometry":{"type":"Point","coordinates":[178.23277749790995,24.069208871615743]}},
{"type":"Feature","properties":{"name":"3957"},"geometry":{"type":"Point","coordinates":[-179.151932531073754,29.022162719666838]}},
{"type":"Feature","properties":{"name":"3958"},"geometry":{"type":"Point","coordinates":[-176.131089520102137,33.805409788258132]}},
{"type":"Feature","properties":{"name":"3959"},"geometry":{"type":"Point","coordinates":[-172.671307054808864,38.313552775615996]}},
{"type":"Feature","properties":{"name":"3960"},"geometry":{"type":"Point","coordinates":[-168.75,42.450773955718923]}},
{"type":"Feature","properties":{"name":"3961"},"geometry":{"type":"Point","coordinates":[-164.24248768595865,47.709769996064246]}},
{"type":"Feature","properties":{"name":"3962"},"geometry":{"type":"Point","coordinates":[162.740427086367561,-9.771885122035691]}},
{"type":"Feature","properties":{"name":"3963"},"geometry":{"type":"Point","coordinates":[167.296903937430585,-5.605943700843637]}},
{"type":"Feature","properties":{"name":"3964"},"geometry":{"type":"Point","coordinates":[169.812621827391212,0.0]}},
{"type":"Feature","properties":{"name":"3965"},"geometry":{"type":"Point","coordinates":[172.403737182358924,5.472009966991108]}},
{"type":"Feature","properties":{"name":"3966"},"geometry":{"type":"Point","coordinates":[175.047259575705937,10.997778887404811]}},
{"type":"Feature","properties":{"name":"3967"},"geometry":{"type":"Point","coordinates":[176.725156076615121,15.848579753051396]}},
{"type":"Feature","properties":{"name":"3968"},"geometry":{"type":"Point","coordinates":[178.779234534750202,20.827434436773121]}},
{"type":"Feature","properties":{"name":"3969"},"geometry":{"type":"Point","coordinates":[-178.758948253403275,25.806936627878077]}},
{"type":"Feature","properties":{"name":"3970"},"geometry":{"type":"Point","coordinates":[-175.864449485747372,30.644780596601301]}},
{"type":"Feature","properties":{"name":"3971"},"geometry":{"type":"Point","coordinates":[-172.525198464767726,35.198954527187965]}},
{"type":"Feature","properties":{"name":"3972"},"geometry":{"type":"Point","coordinates":[-168.75,39.343671657970219]}},
{"type":"Feature","properties":{"name":"3973"},"geometry":{"type":"Point","coordinates":[-164.468386191729309,44.564846675595895]}},
{"type":"Feature","properties":{"name":"3974"},"geometry":{"type":"Point","coordinates":[166.265675265375705,-8.603224723689491]}},
{"type":"Feature","properties":{"name":"3975"},"geometry":{"type":"Point","coordinates":[169.812526368877911,-3.670936467955183]}},
{"type":"Feature","properties":{"name":"3976"},"geometry":{"type":"Point","coordinates":[172.427547293636167,1.812044306766448]}},
{"type":"Feature","properties":{"name":"3977"},"geometry":{"type":"Point","coordinates":[175.001908805677317,7.248219178253623]}},
{"type":"Feature","properties":{"name":"3978"},"geometry":{"type":"Point","coordinates":[177.660731532346688,12.738154473288731]}},
{"type":"Feature","properties":{"name":"3979"},"geometry":{"type":"Point","coordinates":[179.423427133560551,17.590838611872574]}},
{"type":"Feature","properties":{"name":"3980"},"geometry":{"type":"Point","coordinates":[-178.33845573195714,22.562712526339318]}},
{"type":"Feature","properties":{"name":"3981"},"geometry":{"type":"Point","coordinates":[-175.607577295203612,27.461667631020727]}},
{"type":"Feature","properties":{"name":"3982"},"geometry":{"type":"Point","coordinates":[-172.395247524857211,32.084297132801993]}},
{"type":"Feature","properties":{"name":"3983"},"geometry":{"type":"Point","coordinates":[-168.75,36.250187933595477]}},
{"type":"Feature","properties":{"name":"3984"},"geometry":{"type":"Point","coordinates":[-164.661633429993259,41.434023996316554]}},
{"type":"Feature","properties":{"name":"3985"},"geometry":{"type":"Point","coordinates":[-159.9484016299931,46.397469205659036]}},
{"type":"Feature","properties":{"name":"3986"},"geometry":{"type":"Point","coordinates":[165.334595795902516,-11.675315771476347]}},
{"type":"Feature","properties":{"name":"3987"},"geometry":{"type":"Point","coordinates":[169.872212755290462,-7.429590809585281]}},
{"type":"Feature","properties":{"name":"3988"},"geometry":{"type":"Point","coordinates":[172.427547293636053,-1.812044306766446]}},
{"type":"Feature","properties":{"name":"3989"},"geometry":{"type":"Point","coordinates":[175.043474242143219,3.602460909155041]}},
{"type":"Feature","properties":{"name":"3990"},"geometry":{"type":"Point","coordinates":[177.614873024441465,8.998386115662175]}},
{"type":"Feature","properties":{"name":"3991"},"geometry":{"type":"Point","coordinates":[-179.699604154882422,14.446380652526136]}},
{"type":"Feature","properties":{"name":"3992"},"geometry":{"type":"Point","coordinates":[-177.819552066465235,19.302223406360728]}},
{"type":"Feature","properties":{"name":"3993"},"geometry":{"type":"Point","coordinates":[-175.334233977376897,24.242648824886295]}},
{"type":"Feature","properties":{"name":"3994"},"geometry":{"type":"Point","coordinates":[-172.275763691174348,28.960587169595712]}},
{"type":"Feature","properties":{"name":"3995"},"geometry":{"type":"Point","coordinates":[-168.75,33.167917220093585]}},
{"type":"Feature","properties":{"name":"3996"},"geometry":{"type":"Point","coordinates":[-164.828692945191193,38.313552775616053]}},
{"type":"Feature","properties":{"name":"3997"},"geometry":{"type":"Point","coordinates":[-160.379308973666127,43.244770321975544]}},
{"type":"Feature","properties":{"name":"3998"},"geometry":{"type":"Point","coordinates":[164.450531091783773,-14.780636958787138]}},
{"type":"Feature","properties":{"name":"3999"},"geometry":{"type":"Point","coordinates":[168.849841422994274,-10.452743741729755]}},
{"type":"Feature","properties":{"name":"4000"},"geometry":{"type":"Point","coordinates":[172.403737182358952,-5.472009966991087]}},
{"type":"Feature","properties":{"name":"4001"},"geometry":{"type":"Point","coordinates":[175.092564678008301,0.0]}},
{"type":"Feature","properties":{"name":"4002"},"geometry":{"type":"Point","coordinates":[177.668709286605292,5.370776393017911]}},
{"type":"Feature","properties":{"name":"4003"},"geometry":{"type":"Point","coordinates":[-179.749113932301128,10.721813555186811]}},
{"type":"Feature","properties":{"name":"4004"},"geometry":{"type":"Point","coordinates":[-177.0272263347386,16.119989447064267]}},
{"type":"Feature","properties":{"name":"4005"},"geometry":{"type":"Point","coordinates":[-174.978935723059493,20.979746004982839]}},
{"type":"Feature","properties":{"name":"4006"},"geometry":{"type":"Point","coordinates":[-172.15610746745142,25.811887643065457]}},
{"type":"Feature","properties":{"name":"4007"},"geometry":{"type":"Point","coordinates":[-168.75,30.094529630109758]}},
{"type":"Feature","properties":{"name":"4008"},"geometry":{"type":"Point","coordinates":[-164.974801535232331,35.198954527188093]}},
{"type":"Feature","properties":{"name":"4009"},"geometry":{"type":"Point","coordinates":[-160.751709019325801,40.098542296225354]}},
{"type":"Feature","properties":{"name":"4010"},"geometry":{"type":"Point","coordinates":[167.945647189424506,-13.557128698127672]}},
{"type":"Feature","properties":{"name":"4011"},"geometry":{"type":"Point","coordinates":[172.45334548748005,-9.227543817836699]}},
{"type":"Feature","properties":{"name":"4012"},"geometry":{"type":"Point","coordinates":[175.043474242143247,-3.602460909155022]}},
{"type":"Feature","properties":{"name":"4013"},"geometry":{"type":"Point","coordinates":[177.732657429187185,1.786214646497645]}},
{"type":"Feature","properties":{"name":"4014"},"geometry":{"type":"Point","coordinates":[-179.688197472610454,7.117227784438862]}},
{"type":"Feature","properties":{"name":"4015"},"geometry":{"type":"Point","coordinates":[-177.080815765179921,12.418871594384688]}},
{"type":"Feature","properties":{"name":"4016"},"geometry":{"type":"Point","coordinates":[-174.315709078901875,17.756305872879093]}},
{"type":"Feature","properties":{"name":"4017"},"geometry":{"type":"Point","coordinates":[-172.000693947158311,22.606696821461313]}},
{"type":"Feature","properties":{"name":"4018"},"geometry":{"type":"Point","coordinates":[-168.75,27.027754197226031]}},
{"type":"Feature","properties":{"name":"4019"},"geometry":{"type":"Point","coordinates":[-165.104752475142789,32.084297132801993]}},
{"type":"Feature","properties":{"name":"4020"},"geometry":{"type":"Point","coordinates":[-161.077977008293317,36.954067199962275]}},
{"type":"Feature","properties":{"name":"4021"},"geometry":{"type":"Point","coordinates":[-156.510072612528433,41.7044790658652]}},
{"type":"Feature","properties":{"name":"4022"},"geometry":{"type":"Point","coordinates":[167.098351169122367,-16.694809789218631]}},
{"type":"Feature","properties":{"name":"4023"},"geometry":{"type":"Point","coordinates":[171.448624761116889,-12.277919309657852]}},
{"type":"Feature","properties":{"name":"4024"},"geometry":{"type":"Point","coordinates":[175.001908805677317,-7.248219178253618]}},
{"type":"Feature","properties":{"name":"4025"},"geometry":{"type":"Point","coordinates":[177.732657429187213,-1.78621464649763]}},
{"type":"Feature","properties":{"name":"4026"},"geometry":{"type":"Point","coordinates":[-179.616918629225154,3.553366174138124]}},
{"type":"Feature","properties":{"name":"4027"},"geometry":{"type":"Point","coordinates":[-177.01820216361952,8.843318524140724]}},
{"type":"Feature","properties":{"name":"4028"},"geometry":{"type":"Point","coordinates":[-174.368943788464804,14.092554970879542]}},
{"type":"Feature","properties":{"name":"4029"},"geometry":{"type":"Point","coordinates":[-171.558714852278314,19.35241961984892]}},
{"type":"Feature","properties":{"name":"4030"},"geometry":{"type":"Point","coordinates":[-168.75,23.965363227630121]}},
{"type":"Feature","properties":{"name":"4031"},"geometry":{"type":"Point","coordinates":[-165.224236308825681,28.960587169595748]}},
{"type":"Feature","properties":{"name":"4032"},"geometry":{"type":"Point","coordinates":[-161.36891047989792,33.805409788258203]}},
{"type":"Feature","properties":{"name":"4033"},"geometry":{"type":"Point","coordinates":[-157.044754834158198,38.547778759073047]}},
{"type":"Feature","properties":{"name":"4034"},"geometry":{"type":"Point","coordinates":[166.265029747833353,-19.839930894564866]}},
{"type":"Feature","properties":{"name":"4035"},"geometry":{"type":"Point","coordinates":[170.583543561505337,-15.415555612631616]}},
{"type":"Feature","properties":{"name":"4036"},"geometry":{"type":"Point","coordinates":[175.047259575705937,-10.997778887404829]}},
{"type":"Feature","properties":{"name":"4037"},"geometry":{"type":"Point","coordinates":[177.668709286605292,-5.370776393017907]}},
{"type":"Feature","properties":{"name":"4038"},"geometry":{"type":"Point","coordinates":[-179.560021881164175,0.0]}},
{"type":"Feature","properties":{"name":"4039"},"geometry":{"type":"Point","coordinates":[-176.947820313733047,5.302907789858988]}},
{"type":"Feature","properties":{"name":"4040"},"geometry":{"type":"Point","coordinates":[-174.311550319402045,10.552988882570956]}},
{"type":"Feature","properties":{"name":"4041"},"geometry":{"type":"Point","coordinates":[-171.598191390738236,15.75338061003081]}},
{"type":"Feature","properties":{"name":"4042"},"geometry":{"type":"Point","coordinates":[-168.75,20.905157447889295]}},
{"type":"Feature","properties":{"name":"4043"},"geometry":{"type":"Point","coordinates":[-165.343892532548637,25.811887643065482]}},
{"type":"Feature","properties":{"name":"4044"},"geometry":{"type":"Point","coordinates":[-161.6355505142526,30.644780596601244]}},
{"type":"Feature","properties":{"name":"4045"},"geometry":{"type":"Point","coordinates":[-157.518785558573512,35.385722768978788]}},
{"type":"Feature","properties":{"name":"4046"},"geometry":{"type":"Point","coordinates":[169.786084526078184,-18.584810863127803]}},
{"type":"Feature","properties":{"name":"4047"},"geometry":{"type":"Point","coordinates":[174.070599683739147,-14.077078808269686]}},
{"type":"Feature","properties":{"name":"4048"},"geometry":{"type":"Point","coordinates":[177.61487302444138,-8.998386115662186]}},
{"type":"Feature","properties":{"name":"4049"},"geometry":{"type":"Point","coordinates":[-179.616918629225125,-3.553366174138105]}},
{"type":"Feature","properties":{"name":"4050"},"geometry":{"type":"Point","coordinates":[-176.889955200152031,1.768970215897034]}},
{"type":"Feature","properties":{"name":"4051"},"geometry":{"type":"Point","coordinates":[-174.251756734086939,7.03804294871276]}},
{"type":"Feature","properties":{"name":"4052"},"geometry":{"type":"Point","coordinates":[-171.558027868424801,12.255281589922859]}},
{"type":"Feature","properties":{"name":"4053"},"geometry":{"type":"Point","coordinates":[-168.75,17.439730681891913]}},
{"type":"Feature","properties":{"name":"4054"},"geometry":{"type":"Point","coordinates":[-165.499306052841661,22.606696821461313]}},
{"type":"Feature","properties":{"name":"4055"},"geometry":{"type":"Point","coordinates":[-161.892422704796388,27.461667631020735]}},
{"type":"Feature","properties":{"name":"4056"},"geometry":{"type":"Point","coordinates":[-157.94774676071134,32.212727338731327]}},
{"type":"Feature","properties":{"name":"4057"},"geometry":{"type":"Point","coordinates":[-153.5345464735409,36.847191809044595]}},
{"type":"Feature","properties":{"name":"4058"},"geometry":{"type":"Point","coordinates":[169.008401386929251,-21.758307032445728]}},
{"type":"Feature","properties":{"name":"4059"},"geometry":{"type":"Point","coordinates":[173.259312045073813,-17.248600446965536]}},
{"type":"Feature","properties":{"name":"4060"},"geometry":{"type":"Point","coordinates":[177.660731532346688,-12.73815447328874]}},
{"type":"Feature","properties":{"name":"4061"},"geometry":{"type":"Point","coordinates":[-179.68819747261054,-7.117227784438857]}},
{"type":"Feature","properties":{"name":"4062"},"geometry":{"type":"Point","coordinates":[-176.889955200152031,-1.768970215897019]}},
{"type":"Feature","properties":{"name":"4063"},"geometry":{"type":"Point","coordinates":[-174.202522416448176,3.523835286078658]}},
{"type":"Feature","properties":{"name":"4064"},"geometry":{"type":"Point","coordinates":[-171.520963799676593,8.765074845443769]}},
{"type":"Feature","properties":{"name":"4065"},"geometry":{"type":"Point","coordinates":[-168.75,13.971129521816653]}},
{"type":"Feature","properties":{"name":"4066"},"geometry":{"type":"Point","coordinates":[-165.941285147721686,19.352419619848924]}},
{"type":"Feature","properties":{"name":"4067"},"geometry":{"type":"Point","coordinates":[-162.165766022623103,24.242648824886288]}},
{"type":"Feature","properties":{"name":"4068"},"geometry":{"type":"Point","coordinates":[-158.348067468926274,29.022162719666902]}},
{"type":"Feature","properties":{"name":"4069"},"geometry":{"type":"Point","coordinates":[-154.140851646557962,33.678444983302242]}},
{"type":"Feature","properties":{"name":"4070"},"geometry":{"type":"Point","coordinates":[168.216274464541584,-24.922880543654106]}},
{"type":"Feature","properties":{"name":"4071"},"geometry":{"type":"Point","coordinates":[172.526863472201313,-20.447439159778479]}},
{"type":"Feature","properties":{"name":"4072"},"geometry":{"type":"Point","coordinates":[176.725156076615178,-15.84857975305153]}},
{"type":"Feature","properties":{"name":"4073"},"geometry":{"type":"Point","coordinates":[-179.749113932301043,-10.72181355518679]}},
{"type":"Feature","properties":{"name":"4074"},"geometry":{"type":"Point","coordinates":[-176.947820313733104,-5.302907789858976]}},
{"type":"Feature","properties":{"name":"4075"},"geometry":{"type":"Point","coordinates":[-174.166650780795948,0.0]}},
{"type":"Feature","properties":{"name":"4076"},"geometry":{"type":"Point","coordinates":[-171.490902688196513,5.268858277949001]}},
{"type":"Feature","properties":{"name":"4077"},"geometry":{"type":"Point","coordinates":[-168.75,10.496153307065375]}},
{"type":"Feature","properties":{"name":"4078"},"geometry":{"type":"Point","coordinates":[-165.901808609261735,15.753380610030813]}},
{"type":"Feature","properties":{"name":"4079"},"geometry":{"type":"Point","coordinates":[-162.521064276940535,20.979746004982864]}},
{"type":"Feature","properties":{"name":"4080"},"geometry":{"type":"Point","coordinates":[-158.741051746596725,25.806936627878066]}},
{"type":"Feature","properties":{"name":"4081"},"geometry":{"type":"Point","coordinates":[-154.695065698988714,30.495075696109062]}},
{"type":"Feature","properties":{"name":"4082"},"geometry":{"type":"Point","coordinates":[171.819629588518637,-23.645402407433942]}},
{"type":"Feature","properties":{"name":"4083"},"geometry":{"type":"Point","coordinates":[175.985832045684845,-19.053778727890531]}},
{"type":"Feature","properties":{"name":"4084"},"geometry":{"type":"Point","coordinates":[-179.699604154882422,-14.446380652526148]}},
{"type":"Feature","properties":{"name":"4085"},"geometry":{"type":"Point","coordinates":[-177.018202163619549,-8.843318524140708]}},
{"type":"Feature","properties":{"name":"4086"},"geometry":{"type":"Point","coordinates":[-174.202522416448147,-3.523835286078649]}},
{"type":"Feature","properties":{"name":"4087"},"geometry":{"type":"Point","coordinates":[-171.46828998458534,1.760340583056386]}},
{"type":"Feature","properties":{"name":"4088"},"geometry":{"type":"Point","coordinates":[-168.75,7.011548236919539]}},
{"type":"Feature","properties":{"name":"4089"},"geometry":{"type":"Point","coordinates":[-165.941972131575227,12.255281589922854]}},
{"type":"Feature","properties":{"name":"4090"},"geometry":{"type":"Point","coordinates":[-163.184290921098153,17.756305872879107]}},
{"type":"Feature","properties":{"name":"4091"},"geometry":{"type":"Point","coordinates":[-159.161544268042888,22.562712526339308]}},
{"type":"Feature","properties":{"name":"4092"},"geometry":{"type":"Point","coordinates":[-155.217311979781357,27.292889173535052]}},
{"type":"Feature","properties":{"name":"4093"},"geometry":{"type":"Point","coordinates":[-150.923694884249301,31.874389660567171]}},
{"type":"Feature","properties":{"name":"4094"},"geometry":{"type":"Point","coordinates":[171.101388447300025,-26.830925410938658]}},
{"type":"Feature","properties":{"name":"4095"},"geometry":{"type":"Point","coordinates":[175.336116545634582,-22.278074173978951]}},
{"type":"Feature","properties":{"name":"4096"},"geometry":{"type":"Point","coordinates":[179.423427133560523,-17.590838611872506]}},
{"type":"Feature","properties":{"name":"4097"},"geometry":{"type":"Point","coordinates":[-177.080815765179921,-12.418871594384681]}},
{"type":"Feature","properties":{"name":"4098"},"geometry":{"type":"Point","coordinates":[-174.251756734086939,-7.038042948712745]}},
{"type":"Feature","properties":{"name":"4099"},"geometry":{"type":"Point","coordinates":[-171.468289984585311,-1.76034058305638]}},
{"type":"Feature","properties":{"name":"4100"},"geometry":{"type":"Point","coordinates":[-168.75,3.513979255074377]}},
{"type":"Feature","properties":{"name":"4101"},"geometry":{"type":"Point","coordinates":[-165.97903620032352,8.765074845443774]}},
{"type":"Feature","properties":{"name":"4102"},"geometry":{"type":"Point","coordinates":[-163.131056211535196,14.092554970879538]}},
{"type":"Feature","properties":{"name":"4103"},"geometry":{"type":"Point","coordinates":[-159.680447933534793,19.302223406360763]}},
{"type":"Feature","properties":{"name":"4104"},"geometry":{"type":"Point","coordinates":[-155.732777497909922,24.069208871615672]}},
{"type":"Feature","properties":{"name":"4105"},"geometry":{"type":"Point","coordinates":[-151.587349933649847,28.693216619367131]}},
{"type":"Feature","properties":{"name":"4106"},"geometry":{"type":"Point","coordinates":[170.34484255211072,-30.0]}},
{"type":"Feature","properties":{"name":"4107"},"geometry":{"type":"Point","coordinates":[174.715850751171047,-25.494065081068687]}},
{"type":"Feature","properties":{"name":"4108"},"geometry":{"type":"Point","coordinates":[178.779234534750231,-20.827434436773114]}},
{"type":"Feature","properties":{"name":"4109"},"geometry":{"type":"Point","coordinates":[-177.0272263347386,-16.119989447064274]}},
{"type":"Feature","properties":{"name":"4110"},"geometry":{"type":"Point","coordinates":[-174.311550319402187,-10.552988882570951]}},
{"type":"Feature","properties":{"name":"4111"},"geometry":{"type":"Point","coordinates":[-171.490902688196513,-5.268858277948996]}},
{"type":"Feature","properties":{"name":"4112"},"geometry":{"type":"Point","coordinates":[-168.75,0.0]}},
{"type":"Feature","properties":{"name":"4113"},"geometry":{"type":"Point","coordinates":[-166.009097311803401,5.26885827794901]}},
{"type":"Feature","properties":{"name":"4114"},"geometry":{"type":"Point","coordinates":[-163.188449680597898,10.552988882570952]}},
{"type":"Feature","properties":{"name":"4115"},"geometry":{"type":"Point","coordinates":[-160.472773665261428,16.119989447064263]}},
{"type":"Feature","properties":{"name":"4116"},"geometry":{"type":"Point","coordinates":[-156.279234534750231,20.827434436773171]}},
{"type":"Feature","properties":{"name":"4117"},"geometry":{"type":"Point","coordinates":[-152.215850751171047,25.49406508106868]}},
{"type":"Feature","properties":{"name":"4118"},"geometry":{"type":"Point","coordinates":[174.087349933649875,-28.693216619367146]}},
{"type":"Feature","properties":{"name":"4119"},"geometry":{"type":"Point","coordinates":[178.232777497909922,-24.069208871615672]}},
{"type":"Feature","properties":{"name":"4120"},"geometry":{"type":"Point","coordinates":[-177.819552066465178,-19.30222340636081]}},
{"type":"Feature","properties":{"name":"4121"},"geometry":{"type":"Point","coordinates":[-174.368943788464804,-14.092554970879528]}},
{"type":"Feature","properties":{"name":"4122"},"geometry":{"type":"Point","coordinates":[-171.52096379967648,-8.765074845443763]}},
{"type":"Feature","properties":{"name":"4123"},"geometry":{"type":"Point","coordinates":[-168.75,-3.513979255074368]}},
{"type":"Feature","properties":{"name":"4124"},"geometry":{"type":"Point","coordinates":[-166.031710015414689,1.760340583056383]}},
{"type":"Feature","properties":{"name":"4125"},"geometry":{"type":"Point","coordinates":[-163.248243265913061,7.038042948712749]}},
{"type":"Feature","properties":{"name":"4126"},"geometry":{"type":"Point","coordinates":[-160.419184234820108,12.418871594384678]}},
{"type":"Feature","properties":{"name":"4127"},"geometry":{"type":"Point","coordinates":[-156.923427133560551,17.590838611872563]}},
{"type":"Feature","properties":{"name":"4128"},"geometry":{"type":"Point","coordinates":[-152.836116545634582,22.278074173978947]}},
{"type":"Feature","properties":{"name":"4129"},"geometry":{"type":"Point","coordinates":[-148.601388447300025,26.830925410938658]}},
{"type":"Feature","properties":{"name":"4130"},"geometry":{"type":"Point","coordinates":[173.423694884249301,-31.874389660567171]}},
{"type":"Feature","properties":{"name":"4131"},"geometry":{"type":"Point","coordinates":[177.717311979781357,-27.292889173535062]}},
{"type":"Feature","properties":{"name":"4132"},"geometry":{"type":"Point","coordinates":[-178.338455731957112,-22.5627125263393]}},
{"type":"Feature","properties":{"name":"4133"},"geometry":{"type":"Point","coordinates":[-174.315709078901875,-17.756305872879096]}},
{"type":"Feature","properties":{"name":"4134"},"geometry":{"type":"Point","coordinates":[-171.558027868424801,-12.255281589922852]}},
{"type":"Feature","properties":{"name":"4135"},"geometry":{"type":"Point","coordinates":[-168.75,-7.01154823691954]}},
{"type":"Feature","properties":{"name":"4136"},"geometry":{"type":"Point","coordinates":[-166.031710015414717,-1.760340583056377]}},
{"type":"Feature","properties":{"name":"4137"},"geometry":{"type":"Point","coordinates":[-163.297477583551853,3.523835286078655]}},
{"type":"Feature","properties":{"name":"4138"},"geometry":{"type":"Point","coordinates":[-160.481797836380451,8.843318524140724]}},
{"type":"Feature","properties":{"name":"4139"},"geometry":{"type":"Point","coordinates":[-157.800395845117578,14.446380652526132]}},
{"type":"Feature","properties":{"name":"4140"},"geometry":{"type":"Point","coordinates":[-153.485832045684901,19.053778727890609]}},
{"type":"Feature","properties":{"name":"4141"},"geometry":{"type":"Point","coordinates":[-149.319629588518637,23.645402407433938]}},
{"type":"Feature","properties":{"name":"4142"},"geometry":{"type":"Point","coordinates":[172.702613762640823,-35.039188356556828]}},
{"type":"Feature","properties":{"name":"4143"},"geometry":{"type":"Point","coordinates":[177.19506569898877,-30.495075696109151]}},
{"type":"Feature","properties":{"name":"4144"},"geometry":{"type":"Point","coordinates":[-178.758948253403247,-25.80693662787807]}},
{"type":"Feature","properties":{"name":"4145"},"geometry":{"type":"Point","coordinates":[-174.978935723059493,-20.979746004982857]}},
{"type":"Feature","properties":{"name":"4146"},"geometry":{"type":"Point","coordinates":[-171.598191390738265,-15.753380610030801]}},
{"type":"Feature","properties":{"name":"4147"},"geometry":{"type":"Point","coordinates":[-168.75,-10.49615330706537]}},
{"type":"Feature","properties":{"name":"4148"},"geometry":{"type":"Point","coordinates":[-166.009097311803515,-5.268858277949]}},
{"type":"Feature","properties":{"name":"4149"},"geometry":{"type":"Point","coordinates":[-163.333349219204251,0.0]}},
{"type":"Feature","properties":{"name":"4150"},"geometry":{"type":"Point","coordinates":[-160.552179686266896,5.30290778985898]}},
{"type":"Feature","properties":{"name":"4151"},"geometry":{"type":"Point","coordinates":[-157.7508860676989,10.721813555186802]}},
{"type":"Feature","properties":{"name":"4152"},"geometry":{"type":"Point","coordinates":[-154.225156076615178,15.848579753051464]}},
{"type":"Feature","properties":{"name":"4153"},"geometry":{"type":"Point","coordinates":[-150.026863472201313,20.447439159778479]}},
{"type":"Feature","properties":{"name":"4154"},"geometry":{"type":"Point","coordinates":[176.640851646557962,-33.678444983302228]}},
{"type":"Feature","properties":{"name":"4155"},"geometry":{"type":"Point","coordinates":[-179.151932531073726,-29.022162719666895]}},
{"type":"Feature","properties":{"name":"4156"},"geometry":{"type":"Point","coordinates":[-175.334233977376897,-24.242648824886281]}},
{"type":"Feature","properties":{"name":"4157"},"geometry":{"type":"Point","coordinates":[-171.558714852278314,-19.352419619848924]}},
{"type":"Feature","properties":{"name":"4158"},"geometry":{"type":"Point","coordinates":[-168.75,-13.971129521816643]}},
{"type":"Feature","properties":{"name":"4159"},"geometry":{"type":"Point","coordinates":[-165.979036200323435,-8.765074845443765]}},
{"type":"Feature","properties":{"name":"4160"},"geometry":{"type":"Point","coordinates":[-163.297477583551881,-3.523835286078649]}},
{"type":"Feature","properties":{"name":"4161"},"geometry":{"type":"Point","coordinates":[-160.610044799847856,1.768970215897024]}},
{"type":"Feature","properties":{"name":"4162"},"geometry":{"type":"Point","coordinates":[-157.81180252738946,7.117227784438852]}},
{"type":"Feature","properties":{"name":"4163"},"geometry":{"type":"Point","coordinates":[-155.160731532346688,12.738154473288722]}},
{"type":"Feature","properties":{"name":"4164"},"geometry":{"type":"Point","coordinates":[-150.759312045073841,17.248600446965526]}},
{"type":"Feature","properties":{"name":"4165"},"geometry":{"type":"Point","coordinates":[-146.508401386929307,21.758307032445842]}},
{"type":"Feature","properties":{"name":"4166"},"geometry":{"type":"Point","coordinates":[176.034546473540843,-36.847191809044482]}},
{"type":"Feature","properties":{"name":"4167"},"geometry":{"type":"Point","coordinates":[-179.55225323928866,-32.21272733873132]}},
{"type":"Feature","properties":{"name":"4168"},"geometry":{"type":"Point","coordinates":[-175.607577295203612,-27.461667631020724]}},
{"type":"Feature","properties":{"name":"4169"},"geometry":{"type":"Point","coordinates":[-172.000693947158311,-22.606696821461313]}},
{"type":"Feature","properties":{"name":"4170"},"geometry":{"type":"Point","coordinates":[-168.75,-17.439730681891906]}},
{"type":"Feature","properties":{"name":"4171"},"geometry":{"type":"Point","coordinates":[-165.941972131575199,-12.255281589922856]}},
{"type":"Feature","properties":{"name":"4172"},"geometry":{"type":"Point","coordinates":[-163.248243265913061,-7.038042948712753]}},
{"type":"Feature","properties":{"name":"4173"},"geometry":{"type":"Point","coordinates":[-160.610044799847856,-1.768970215897021]}},
{"type":"Feature","properties":{"name":"4174"},"geometry":{"type":"Point","coordinates":[-157.88308137077496,3.553366174138127]}},
{"type":"Feature","properties":{"name":"4175"},"geometry":{"type":"Point","coordinates":[-155.114873024441408,8.998386115662184]}},
{"type":"Feature","properties":{"name":"4176"},"geometry":{"type":"Point","coordinates":[-151.570599683739147,14.077078808269698]}},
{"type":"Feature","properties":{"name":"4177"},"geometry":{"type":"Point","coordinates":[-147.286084526078184,18.584810863127796]}},
{"type":"Feature","properties":{"name":"4178"},"geometry":{"type":"Point","coordinates":[175.357103247946185,-40.005481779570083]}},
{"type":"Feature","properties":{"name":"4179"},"geometry":{"type":"Point","coordinates":[-179.981214441426488,-35.385722768978802]}},
{"type":"Feature","properties":{"name":"4180"},"geometry":{"type":"Point","coordinates":[-175.8644494857474,-30.644780596601237]}},
{"type":"Feature","properties":{"name":"4181"},"geometry":{"type":"Point","coordinates":[-172.156107467451363,-25.811887643065511]}},
{"type":"Feature","properties":{"name":"4182"},"geometry":{"type":"Point","coordinates":[-168.75,-20.905157447889298]}},
{"type":"Feature","properties":{"name":"4183"},"geometry":{"type":"Point","coordinates":[-165.901808609261735,-15.753380610030804]}},
{"type":"Feature","properties":{"name":"4184"},"geometry":{"type":"Point","coordinates":[-163.188449680597813,-10.552988882570947]}},
{"type":"Feature","properties":{"name":"4185"},"geometry":{"type":"Point","coordinates":[-160.552179686266754,-5.302907789858979]}},
{"type":"Feature","properties":{"name":"4186"},"geometry":{"type":"Point","coordinates":[-157.939978118835654,0.0]}},
{"type":"Feature","properties":{"name":"4187"},"geometry":{"type":"Point","coordinates":[-155.168709286605292,5.370776393017906]}},
{"type":"Feature","properties":{"name":"4188"},"geometry":{"type":"Point","coordinates":[-152.547259575705937,10.997778887404806]}},
{"type":"Feature","properties":{"name":"4189"},"geometry":{"type":"Point","coordinates":[-148.083543561505309,15.415555612631527]}},
{"type":"Feature","properties":{"name":"4190"},"geometry":{"type":"Point","coordinates":[179.544754834158084,-38.547778759072827]}},
{"type":"Feature","properties":{"name":"4191"},"geometry":{"type":"Point","coordinates":[-176.131089520102137,-33.805409788258132]}},
{"type":"Feature","properties":{"name":"4192"},"geometry":{"type":"Point","coordinates":[-172.275763691174348,-28.960587169595691]}},
{"type":"Feature","properties":{"name":"4193"},"geometry":{"type":"Point","coordinates":[-168.75,-23.965363227630114]}},
{"type":"Feature","properties":{"name":"4194"},"geometry":{"type":"Point","coordinates":[-165.941285147721686,-19.352419619848902]}},
{"type":"Feature","properties":{"name":"4195"},"geometry":{"type":"Point","coordinates":[-163.131056211535252,-14.092554970879529]}},
{"type":"Feature","properties":{"name":"4196"},"geometry":{"type":"Point","coordinates":[-160.481797836380451,-8.843318524140711]}},
{"type":"Feature","properties":{"name":"4197"},"geometry":{"type":"Point","coordinates":[-157.88308137077496,-3.553366174138121]}},
{"type":"Feature","properties":{"name":"4198"},"geometry":{"type":"Point","coordinates":[-155.232657429187242,1.786214646497633]}},
{"type":"Feature","properties":{"name":"4199"},"geometry":{"type":"Point","coordinates":[-152.501908805677232,7.248219178253628]}},
{"type":"Feature","properties":{"name":"4200"},"geometry":{"type":"Point","coordinates":[-148.948624761116918,12.277919309657845]}},
{"type":"Feature","properties":{"name":"4201"},"geometry":{"type":"Point","coordinates":[-144.598351169122395,16.694809789218752]}},
{"type":"Feature","properties":{"name":"4202"},"geometry":{"type":"Point","coordinates":[179.010072612528489,-41.704479065865307]}},
{"type":"Feature","properties":{"name":"4203"},"geometry":{"type":"Point","coordinates":[-176.422022991706655,-36.954067199962267]}},
{"type":"Feature","properties":{"name":"4204"},"geometry":{"type":"Point","coordinates":[-172.395247524857211,-32.084297132801986]}},
{"type":"Feature","properties":{"name":"4205"},"geometry":{"type":"Point","coordinates":[-168.75,-27.027754197226024]}},
{"type":"Feature","properties":{"name":"4206"},"geometry":{"type":"Point","coordinates":[-165.499306052841661,-22.606696821461302]}},
{"type":"Feature","properties":{"name":"4207"},"geometry":{"type":"Point","coordinates":[-163.184290921098153,-17.756305872879082]}},
{"type":"Feature","properties":{"name":"4208"},"geometry":{"type":"Point","coordinates":[-160.419184234820051,-12.418871594384678]}},
{"type":"Feature","properties":{"name":"4209"},"geometry":{"type":"Point","coordinates":[-157.811802527389631,-7.11722778443885]}},
{"type":"Feature","properties":{"name":"4210"},"geometry":{"type":"Point","coordinates":[-155.232657429187213,-1.786214646497624]}},
{"type":"Feature","properties":{"name":"4211"},"geometry":{"type":"Point","coordinates":[-152.543474242143247,3.60246090915502]}},
{"type":"Feature","properties":{"name":"4212"},"geometry":{"type":"Point","coordinates":[-149.953345487480078,9.227543817836679]}},
{"type":"Feature","properties":{"name":"4213"},"geometry":{"type":"Point","coordinates":[-145.445647189424506,13.557128698127674]}},
{"type":"Feature","properties":{"name":"4214"},"geometry":{"type":"Point","coordinates":[178.39756493541617,-44.860387238500138]}},
{"type":"Feature","properties":{"name":"4215"},"geometry":{"type":"Point","coordinates":[-176.748290980674199,-40.098542296225375]}},
{"type":"Feature","properties":{"name":"4216"},"geometry":{"type":"Point","coordinates":[-172.525198464767698,-35.198954527188015]}},
{"type":"Feature","properties":{"name":"4217"},"geometry":{"type":"Point","coordinates":[-168.75,-30.094529630109758]}},
{"type":"Feature","properties":{"name":"4218"},"geometry":{"type":"Point","coordinates":[-165.343892532548608,-25.811887643065475]}},
{"type":"Feature","properties":{"name":"4219"},"geometry":{"type":"Point","coordinates":[-162.521064276940507,-20.979746004982825]}},
{"type":"Feature","properties":{"name":"4220"},"geometry":{"type":"Point","coordinates":[-160.472773665261428,-16.119989447064253]}},
{"type":"Feature","properties":{"name":"4221"},"geometry":{"type":"Point","coordinates":[-157.750886067698985,-10.721813555186786]}},
{"type":"Feature","properties":{"name":"4222"},"geometry":{"type":"Point","coordinates":[-155.168709286605406,-5.370776393017904]}},
{"type":"Feature","properties":{"name":"4223"},"geometry":{"type":"Point","coordinates":[-152.59256467800833,0.0]}},
{"type":"Feature","properties":{"name":"4224"},"geometry":{"type":"Point","coordinates":[-149.903737182358952,5.472009966991085]}},
{"type":"Feature","properties":{"name":"4225"},"geometry":{"type":"Point","coordinates":[-146.349841422994245,10.452743741729661]}},
{"type":"Feature","properties":{"name":"4226"},"geometry":{"type":"Point","coordinates":[-177.12069102633393,-43.244770321975444]}},
{"type":"Feature","properties":{"name":"4227"},"geometry":{"type":"Point","coordinates":[-172.671307054808864,-38.313552775615996]}},
{"type":"Feature","properties":{"name":"4228"},"geometry":{"type":"Point","coordinates":[-168.75,-33.167917220093585]}},
{"type":"Feature","properties":{"name":"4229"},"geometry":{"type":"Point","coordinates":[-165.224236308825652,-28.960587169595698]}},
{"type":"Feature","properties":{"name":"4230"},"geometry":{"type":"Point","coordinates":[-162.165766022623103,-24.24264882488627]}},
{"type":"Feature","properties":{"name":"4231"},"geometry":{"type":"Point","coordinates":[-159.680447933534793,-19.30222340636076]}},
{"type":"Feature","properties":{"name":"4232"},"geometry":{"type":"Point","coordinates":[-157.800395845117578,-14.44638065252612]}},
{"type":"Feature","properties":{"name":"4233"},"geometry":{"type":"Point","coordinates":[-155.114873024441493,-8.998386115662182]}},
{"type":"Feature","properties":{"name":"4234"},"geometry":{"type":"Point","coordinates":[-152.543474242143105,-3.602460909155021]}},
{"type":"Feature","properties":{"name":"4235"},"geometry":{"type":"Point","coordinates":[-149.927547293636081,1.812044306766449]}},
{"type":"Feature","properties":{"name":"4236"},"geometry":{"type":"Point","coordinates":[-147.372212755290491,7.429590809585257]}},
{"type":"Feature","properties":{"name":"4237"},"geometry":{"type":"Point","coordinates":[-142.834595795902544,11.675315771476354]}},
{"type":"Feature","properties":{"name":"4238"},"geometry":{"type":"Point","coordinates":[-177.551598370006872,-46.397469205659036]}},
{"type":"Feature","properties":{"name":"4239"},"geometry":{"type":"Point","coordinates":[-172.838366570006741,-41.43402399631654]}},
{"type":"Feature","properties":{"name":"4240"},"geometry":{"type":"Point","coordinates":[-168.75,-36.250187933595477]}},
{"type":"Feature","properties":{"name":"4241"},"geometry":{"type":"Point","coordinates":[-165.104752475142789,-32.084297132801993]}},
{"type":"Feature","properties":{"name":"4242"},"geometry":{"type":"Point","coordinates":[-161.892422704796388,-27.461667631020717]}},
{"type":"Feature","properties":{"name":"4243"},"geometry":{"type":"Point","coordinates":[-159.161544268042888,-22.562712526339304]}},
{"type":"Feature","properties":{"name":"4244"},"geometry":{"type":"Point","coordinates":[-156.923427133560551,-17.590838611872563]}},
{"type":"Feature","properties":{"name":"4245"},"geometry":{"type":"Point","coordinates":[-155.160731532346716,-12.738154473288709]}},
{"type":"Feature","properties":{"name":"4246"},"geometry":{"type":"Point","coordinates":[-152.501908805677317,-7.248219178253612]}},
{"type":"Feature","properties":{"name":"4247"},"geometry":{"type":"Point","coordinates":[-149.927547293636081,-1.81204430676643]}},
{"type":"Feature","properties":{"name":"4248"},"geometry":{"type":"Point","coordinates":[-147.31252636887794,3.670936467955175]}},
{"type":"Feature","properties":{"name":"4249"},"geometry":{"type":"Point","coordinates":[-143.765675265375677,8.603224723689383]}},
{"type":"Feature","properties":{"name":"4250"},"geometry":{"type":"Point","coordinates":[-178.056533487206053,-49.5605292395148]}},
{"type":"Feature","properties":{"name":"4251"},"geometry":{"type":"Point","coordinates":[-173.031613808270663,-44.564846675595902]}},
{"type":"Feature","properties":{"name":"4252"},"geometry":{"type":"Point","coordinates":[-168.75,-39.343671657970219]}},
{"type":"Feature","properties":{"name":"4253"},"geometry":{"type":"Point","coordinates":[-164.974801535232274,-35.198954527188022]}},
{"type":"Feature","properties":{"name":"4254"},"geometry":{"type":"Point","coordinates":[-161.635550514252543,-30.644780596601173]}},
{"type":"Feature","properties":{"name":"4255"},"geometry":{"type":"Point","coordinates":[-158.741051746596725,-25.806936627878066]}},
{"type":"Feature","properties":{"name":"4256"},"geometry":{"type":"Point","coordinates":[-156.279234534750231,-20.827434436773093]}},
{"type":"Feature","properties":{"name":"4257"},"geometry":{"type":"Point","coordinates":[-154.22515607661515,-15.848579753051391]}},
{"type":"Feature","properties":{"name":"4258"},"geometry":{"type":"Point","coordinates":[-152.547259575705965,-10.997778887404788]}},
{"type":"Feature","properties":{"name":"4259"},"geometry":{"type":"Point","coordinates":[-149.903737182358952,-5.47200996699108]}},
{"type":"Feature","properties":{"name":"4260"},"geometry":{"type":"Point","coordinates":[-147.31262182739124,0.0]}},
{"type":"Feature","properties":{"name":"4261"},"geometry":{"type":"Point","coordinates":[-144.796903937430613,5.605943700843611]}},
{"type":"Feature","properties":{"name":"4262"},"geometry":{"type":"Point","coordinates":[-173.257512314041406,-47.709769996064139]}},
{"type":"Feature","properties":{"name":"4263"},"geometry":{"type":"Point","coordinates":[-168.75,-42.450773955718923]}},
{"type":"Feature","properties":{"name":"4264"},"geometry":{"type":"Point","coordinates":[-164.828692945191136,-38.313552775615989]}},
{"type":"Feature","properties":{"name":"4265"},"geometry":{"type":"Point","coordinates":[-161.36891047989792,-33.805409788258196]}},
{"type":"Feature","properties":{"name":"4266"},"geometry":{"type":"Point","coordinates":[-158.348067468926274,-29.022162719666888]}},
{"type":"Feature","properties":{"name":"4267"},"geometry":{"type":"Point","coordinates":[-155.732777497909979,-24.069208871615732]}},
{"type":"Feature","properties":{"name":"4268"},"geometry":{"type":"Point","coordinates":[-153.485832045684901,-19.053778727890585]}},
{"type":"Feature","properties":{"name":"4269"},"geometry":{"type":"Point","coordinates":[-151.570599683739118,-14.077078808269603]}},
{"type":"Feature","properties":{"name":"4270"},"geometry":{"type":"Point","coordinates":[-149.953345487480107,-9.227543817836661]}},
{"type":"Feature","properties":{"name":"4271"},"geometry":{"type":"Point","coordinates":[-147.312526368877911,-3.670936467955193]}},
{"type":"Feature","properties":{"name":"4272"},"geometry":{"type":"Point","coordinates":[-144.720554479775473,1.846415098094913]}},
{"type":"Feature","properties":{"name":"4273"},"geometry":{"type":"Point","coordinates":[-141.187904453566858,6.731041075483296]}},
{"type":"Feature","properties":{"name":"4274"},"geometry":{"type":"Point","coordinates":[-173.524539434094606,-50.872169117739112]}},
{"type":"Feature","properties":{"name":"4275"},"geometry":{"type":"Point","coordinates":[-168.75,-45.573994275838828]}},
{"type":"Feature","properties":{"name":"4276"},"geometry":{"type":"Point","coordinates":[-164.661633429993259,-41.434023996316554]}},
{"type":"Feature","properties":{"name":"4277"},"geometry":{"type":"Point","coordinates":[-161.077977008293317,-36.95406719996226]}},
{"type":"Feature","properties":{"name":"4278"},"geometry":{"type":"Point","coordinates":[-157.947746760711311,-32.212727338731312]}},
{"type":"Feature","properties":{"name":"4279"},"geometry":{"type":"Point","coordinates":[-155.217311979781357,-27.292889173535048]}},
{"type":"Feature","properties":{"name":"4280"},"geometry":{"type":"Point","coordinates":[-152.836116545634582,-22.278074173978951]}},
{"type":"Feature","properties":{"name":"4281"},"geometry":{"type":"Point","coordinates":[-150.75931204507387,-17.2486004469656]}},
{"type":"Feature","properties":{"name":"4282"},"geometry":{"type":"Point","coordinates":[-148.948624761116889,-12.277919309657738]}},
{"type":"Feature","properties":{"name":"4283"},"geometry":{"type":"Point","coordinates":[-147.372212755290491,-7.429590809585233]}},
{"type":"Feature","properties":{"name":"4284"},"geometry":{"type":"Point","coordinates":[-144.720554479775558,-1.846415098094915]}},
{"type":"Feature","properties":{"name":"4285"},"geometry":{"type":"Point","coordinates":[-142.220231529449364,3.758540728437132]}},
{"type":"Feature","properties":{"name":"4286"},"geometry":{"type":"Point","coordinates":[-173.84425970684137,-54.055229364138533]}},
{"type":"Feature","properties":{"name":"4287"},"geometry":{"type":"Point","coordinates":[-168.75,-48.715946030085512]}},
{"type":"Feature","properties":{"name":"4288"},"geometry":{"type":"Point","coordinates":[-164.468386191729252,-44.56484667559581]}},
{"type":"Feature","properties":{"name":"4289"},"geometry":{"type":"Point","coordinates":[-160.751709019325773,-40.098542296225354]}},
{"type":"Feature","properties":{"name":"4290"},"geometry":{"type":"Point","coordinates":[-157.518785558573455,-35.385722768978695]}},
{"type":"Feature","properties":{"name":"4291"},"geometry":{"type":"Point","coordinates":[-154.695065698988714,-30.495075696109055]}},
{"type":"Feature","properties":{"name":"4292"},"geometry":{"type":"Point","coordinates":[-152.215850751171047,-25.494065081068669]}},
{"type":"Feature","properties":{"name":"4293"},"geometry":{"type":"Point","coordinates":[-150.026863472201285,-20.447439159778369]}},
{"type":"Feature","properties":{"name":"4294"},"geometry":{"type":"Point","coordinates":[-148.083543561505309,-15.41555561263152]}},
{"type":"Feature","properties":{"name":"4295"},"geometry":{"type":"Point","coordinates":[-146.349841422994245,-10.452743741729655]}},
{"type":"Feature","properties":{"name":"4296"},"geometry":{"type":"Point","coordinates":[-144.796903937430613,-5.605943700843588]}},
{"type":"Feature","properties":{"name":"4297"},"geometry":{"type":"Point","coordinates":[-142.120006326091101,-0.0]}},
{"type":"Feature","properties":{"name":"4298"},"geometry":{"type":"Point","coordinates":[-168.75,-51.879379017175644]}},
{"type":"Feature","properties":{"name":"4299"},"geometry":{"type":"Point","coordinates":[-164.242487685958594,-47.709769996064146]}},
{"type":"Feature","properties":{"name":"4300"},"geometry":{"type":"Point","coordinates":[-160.379308973665957,-43.244770321975338]}},
{"type":"Feature","properties":{"name":"4301"},"geometry":{"type":"Point","coordinates":[-157.044754834158141,-38.547778759072941]}},
{"type":"Feature","properties":{"name":"4302"},"geometry":{"type":"Point","coordinates":[-154.140851646557962,-33.678444983302214]}},
{"type":"Feature","properties":{"name":"4303"},"geometry":{"type":"Point","coordinates":[-151.587349933649875,-28.693216619367124]}},
{"type":"Feature","properties":{"name":"4304"},"geometry":{"type":"Point","coordinates":[-149.319629588518637,-23.645402407433924]}},
{"type":"Feature","properties":{"name":"4305"},"geometry":{"type":"Point","coordinates":[-147.286084526078156,-18.584810863127686]}},
{"type":"Feature","properties":{"name":"4306"},"geometry":{"type":"Point","coordinates":[-145.445647189424477,-13.557128698127567]}},
{"type":"Feature","properties":{"name":"4307"},"geometry":{"type":"Point","coordinates":[-143.765675265375648,-8.603224723689378]}},
{"type":"Feature","properties":{"name":"4308"},"geometry":{"type":"Point","coordinates":[-142.220231529449421,-3.758540728437119]}},
{"type":"Feature","properties":{"name":"4309"},"geometry":{"type":"Point","coordinates":[-139.634718200794964,1.889268691033983]}},
{"type":"Feature","properties":{"name":"4310"},"geometry":{"type":"Point","coordinates":[-168.75,-55.067204777157066]}},
{"type":"Feature","properties":{"name":"4311"},"geometry":{"type":"Point","coordinates":[-163.975460565905308,-50.872169117739112]}},
{"type":"Feature","properties":{"name":"4312"},"geometry":{"type":"Point","coordinates":[-159.948401629993072,-46.397469205659036]}},
{"type":"Feature","properties":{"name":"4313"},"geometry":{"type":"Point","coordinates":[-156.510072612528319,-41.704479065865073]}},
{"type":"Feature","properties":{"name":"4314"},"geometry":{"type":"Point","coordinates":[-153.534546473540871,-36.847191809044581]}},
{"type":"Feature","properties":{"name":"4315"},"geometry":{"type":"Point","coordinates":[-150.923694884249301,-31.874389660567147]}},
{"type":"Feature","properties":{"name":"4316"},"geometry":{"type":"Point","coordinates":[-148.601388447300025,-26.830925410938665]}},
{"type":"Feature","properties":{"name":"4317"},"geometry":{"type":"Point","coordinates":[-146.508401386929251,-21.75830703244571]}},
{"type":"Feature","properties":{"name":"4318"},"geometry":{"type":"Point","coordinates":[-144.598351169122367,-16.694809789218628]}},
{"type":"Feature","properties":{"name":"4319"},"geometry":{"type":"Point","coordinates":[-142.834595795902487,-11.675315771476228]}},
{"type":"Feature","properties":{"name":"4320"},"geometry":{"type":"Point","coordinates":[-141.187904453566858,-6.731041075483188]}},
{"type":"Feature","properties":{"name":"4321"},"geometry":{"type":"Point","coordinates":[-139.634718200794993,-1.889268691033955]}},
{"type":"Feature","properties":{"name":"4322"},"geometry":{"type":"Point","coordinates":[-168.75,-58.282525588538995]}}
]
}
