<?xml version="1.0" encoding="UTF-8"?>
<kml xmlns="http://earth.google.com/kml/2.1">
<Folder>
   <name>IGEO7v2 Res 3</name>
   <description>www.discreteglobalgrids.org</description>
   <Style id="lineStyle1">
      <LineStyle id="lineStyle2">
         <color>ffff0000</color>
         <width>3</width>
      </LineStyle>
   </Style>
   <Placemark>
      <name>0007ffffffffffff</name>
      <Point>
         <coordinates>
            11.200000,58.397146
         </coordinates>
      </Point>
   </Placemark>
   <Placemark>
      <name>1007ffffffffffff</name>
      <Point>
         <coordinates>
            -168.800000,58.397146
         </coordinates>
      </Point>
   </Placemark>
   <Placemark>
      <name>10c7ffffffffffff</name>
      <Point>
         <coordinates>
            -168.800000,67.329887
         </coordinates>
      </Point>
   </Placemark>
   <Placemark>
      <name>1787ffffffffffff</name>
      <Point>
         <coordinates>
            -168.800000,76.308897
         </coordinates>
      </Point>
   </Placemark>
   <Placemark>
      <name>1687ffffffffffff</name>
      <Point>
         <coordinates>
            -168.800000,85.395391
         </coordinates>
      </Point>
   </Placemark>
   <Placemark>
      <name>0a47ffffffffffff</name>
      <Point>
         <coordinates>
            11.200000,85.395391
         </coordinates>
      </Point>
   </Placemark>
   <Placemark>
      <name>0ac7ffffffffffff</name>
      <Point>
         <coordinates>
            11.200000,76.308897
         </coordinates>
      </Point>
   </Placemark>
   <Placemark>
      <name>0147ffffffffffff</name>
      <Point>
         <coordinates>
            11.200000,67.329887
         </coordinates>
      </Point>
   </Placemark>
   <Placemark>
      <name>10e7ffffffffffff</name>
      <Point>
         <coordinates>
            -165.745011,64.073164
         </coordinates>
      </Point>
   </Placemark>
   <Placemark>
      <name>17a7ffffffffffff</name>
      <Point>
         <coordinates>
            -164.247142,73.032459
         </coordinates>
      </Point>
   </Placemark>
   <Placemark>
      <name>16a7ffffffffffff</name>
      <Point>
         <coordinates>
            -159.321958,82.022787
         </coordinates>
      </Point>
   </Placemark>
   <Placemark>
      <name>0a6fffffffffffff</name>
      <Point>
         <coordinates>
            -33.156299,88.152603
         </coordinates>
      </Point>
   </Placemark>
   <Placemark>
      <name>0aefffffffffffff</name>
      <Point>
         <coordinates>
            3.995631,79.452011
         </coordinates>
      </Point>
   </Placemark>
   <Placemark>
      <name>016fffffffffffff</name>
      <Point>
         <coordinates>
            7.215811,70.471286
         </coordinates>
      </Point>
   </Placemark>
   <Placemark>
      <name>002fffffffffffff</name>
      <Point>
         <coordinates>
            8.410227,61.498239
         </coordinates>
      </Point>
   </Placemark>
   <Placemark>
      <name>1037ffffffffffff</name>
      <Point>
         <coordinates>
            -163.590092,60.532104
         </coordinates>
      </Point>
   </Placemark>
   <Placemark>
      <name>10d7ffffffffffff</name>
      <Point>
         <coordinates>
            -161.126860,69.663174
         </coordinates>
      </Point>
   </Placemark>
   <Placemark>
      <name>1797ffffffffffff</name>
      <Point>
         <coordinates>
            -155.401437,78.566559
         </coordinates>
      </Point>
   </Placemark>
   <Placemark>
      <name>1697ffffffffffff</name>
      <Point>
         <coordinates>
            -116.243745,86.741554
         </coordinates>
      </Point>
   </Placemark>
   <Placemark>
      <name>0a77ffffffffffff</name>
      <Point>
         <coordinates>
            -8.751965,82.315811
         </coordinates>
      </Point>
   </Placemark>
   <Placemark>
      <name>0af7ffffffffffff</name>
      <Point>
         <coordinates>
            1.833996,73.489092
         </coordinates>
      </Point>
   </Placemark>
   <Placemark>
      <name>0177ffffffffffff</name>
      <Point>
         <coordinates>
            5.008260,64.531289
         </coordinates>
      </Point>
   </Placemark>
   <Placemark>
      <name>1027ffffffffffff</name>
      <Point>
         <coordinates>
            -163.509114,56.534769
         </coordinates>
      </Point>
   </Placemark>
   <Placemark>
      <name>10f7ffffffffffff</name>
      <Point>
         <coordinates>
            -158.913989,66.184328
         </coordinates>
      </Point>
   </Placemark>
   <Placemark>
      <name>17b7ffffffffffff</name>
      <Point>
         <coordinates>
            -153.235440,75.071169
         </coordinates>
      </Point>
   </Placemark>
   <Placemark>
      <name>16b7ffffffffffff</name>
      <Point>
         <coordinates>
            -132.213073,83.436768
         </coordinates>
      </Point>
   </Placemark>
   <Placemark>
      <name>0a67ffffffffffff</name>
      <Point>
         <coordinates>
            -33.370466,84.444227
         </coordinates>
      </Point>
   </Placemark>
   <Placemark>
      <name>0ae7ffffffffffff</name>
      <Point>
         <coordinates>
            -5.766056,76.319021
         </coordinates>
      </Point>
   </Placemark>
   <Placemark>
      <name>0167ffffffffffff</name>
      <Point>
         <coordinates>
            0.764069,67.470581
         </coordinates>
      </Point>
   </Placemark>
   <Placemark>
      <name>119fffffffffffff</name>
      <Point>
         <coordinates>
            -157.683872,62.437643
         </coordinates>
      </Point>
   </Placemark>
   <Placemark>
      <name>1c5fffffffffffff</name>
      <Point>
         <coordinates>
            -151.879760,71.529414
         </coordinates>
      </Point>
   </Placemark>
   <Placemark>
      <name>1cdfffffffffffff</name>
      <Point>
         <coordinates>
            -137.224687,79.960574
         </coordinates>
      </Point>
   </Placemark>
   <Placemark>
      <name>0b5fffffffffffff</name>
      <Point>
         <coordinates>
            -71.470288,84.802950
         </coordinates>
      </Point>
   </Placemark>
   <Placemark>
      <name>0a1fffffffffffff</name>
      <Point>
         <coordinates>
            -16.945648,78.819077
         </coordinates>
      </Point>
   </Placemark>
   <Placemark>
      <name>0a9fffffffffffff</name>
      <Point>
         <coordinates>
            -4.659129,70.274117
         </coordinates>
      </Point>
   </Placemark>
   <Placemark>
      <name>011fffffffffffff</name>
      <Point>
         <coordinates>
            0.815848,61.043508
         </coordinates>
      </Point>
   </Placemark>
   <Placemark>
      <name>118fffffffffffff</name>
      <Point>
         <coordinates>
            -157.609689,58.400387
         </coordinates>
      </Point>
   </Placemark>
   <Placemark>
      <name>1c4fffffffffffff</name>
      <Point>
         <coordinates>
            -151.054863,67.907530
         </coordinates>
      </Point>
   </Placemark>
   <Placemark>
      <name>1ccfffffffffffff</name>
      <Point>
         <coordinates>
            -139.611237,76.429699
         </coordinates>
      </Point>
   </Placemark>
   <Placemark>
      <name>0b4fffffffffffff</name>
      <Point>
         <coordinates>
            -101.079623,83.005962
         </coordinates>
      </Point>
   </Placemark>
   <Placemark>
      <name>0a0fffffffffffff</name>
      <Point>
         <coordinates>
            -33.491377,80.708578
         </coordinates>
      </Point>
   </Placemark>
   <Placemark>
      <name>0a8fffffffffffff</name>
      <Point>
         <coordinates>
            -11.745946,72.872584
         </coordinates>
      </Point>
   </Placemark>
   <Placemark>
      <name>010fffffffffffff</name>
      <Point>
         <coordinates>
            -3.604848,63.967531
         </coordinates>
      </Point>
   </Placemark>
   <Placemark>
      <name>1117ffffffffffff</name>
      <Point>
         <coordinates>
            -158.734155,54.466844
         </coordinates>
      </Point>
   </Placemark>
   <Placemark>
      <name>1197ffffffffffff</name>
      <Point>
         <coordinates>
            -151.027423,64.063399
         </coordinates>
      </Point>
   </Placemark>
   <Placemark>
      <name>1c57ffffffffffff</name>
      <Point>
         <coordinates>
            -141.050745,72.849257
         </coordinates>
      </Point>
   </Placemark>
   <Placemark>
      <name>1cd7ffffffffffff</name>
      <Point>
         <coordinates>
            -116.119837,80.162650
         </coordinates>
      </Point>
   </Placemark>
   <Placemark>
      <name>0b57ffffffffffff</name>
      <Point>
         <coordinates>
            -55.672118,81.546145
         </coordinates>
      </Point>
   </Placemark>
   <Placemark>
      <name>0a17ffffffffffff</name>
      <Point>
         <coordinates>
            -21.138581,75.152054
         </coordinates>
      </Point>
   </Placemark>
   <Placemark>
      <name>0a97ffffffffffff</name>
      <Point>
         <coordinates>
            -8.911074,66.699159
         </coordinates>
      </Point>
   </Placemark>
   <Placemark>
      <name>1107ffffffffffff</name>
      <Point>
         <coordinates>
            -160.489811,50.846210
         </coordinates>
      </Point>
   </Placemark>
   <Placemark>
      <name>1187ffffffffffff</name>
      <Point>
         <coordinates>
            -151.603622,60.059042
         </coordinates>
      </Point>
   </Placemark>
   <Placemark>
      <name>1c47ffffffffffff</name>
      <Point>
         <coordinates>
            -142.153627,69.196875
         </coordinates>
      </Point>
   </Placemark>
   <Placemark>
      <name>1cc7ffffffffffff</name>
      <Point>
         <coordinates>
            -124.120331,76.934219
         </coordinates>
      </Point>
   </Placemark>
   <Placemark>
      <name>0b47ffffffffffff</name>
      <Point>
         <coordinates>
            -78.800000,81.005136
         </coordinates>
      </Point>
   </Placemark>
   <Placemark>
      <name>0a07ffffffffffff</name>
      <Point>
         <coordinates>
            -33.479669,76.934219
         </coordinates>
      </Point>
   </Placemark>
   <Placemark>
      <name>0a87ffffffffffff</name>
      <Point>
         <coordinates>
            -15.446373,69.196875
         </coordinates>
      </Point>
   </Placemark>
   <Placemark>
      <name>11afffffffffffff</name>
      <Point>
         <coordinates>
            -152.685629,56.031310
         </coordinates>
      </Point>
   </Placemark>
   <Placemark>
      <name>1c6fffffffffffff</name>
      <Point>
         <coordinates>
            -143.619418,65.352637
         </coordinates>
      </Point>
   </Placemark>
   <Placemark>
      <name>1cefffffffffffff</name>
      <Point>
         <coordinates>
            -128.983678,73.522083
         </coordinates>
      </Point>
   </Placemark>
   <Placemark>
      <name>0b6fffffffffffff</name>
      <Point>
         <coordinates>
            -96.689650,79.122774
         </coordinates>
      </Point>
   </Placemark>
   <Placemark>
      <name>0a2fffffffffffff</name>
      <Point>
         <coordinates>
            -48.827872,77.980416
         </coordinates>
      </Point>
   </Placemark>
   <Placemark>
      <name>0aafffffffffffff</name>
      <Point>
         <coordinates>
            -23.440635,71.363957
         </coordinates>
      </Point>
   </Placemark>
   <Placemark>
      <name>012fffffffffffff</name>
      <Point>
         <coordinates>
            -11.124676,62.767712
         </coordinates>
      </Point>
   </Placemark>
   <Placemark>
      <name>1137ffffffffffff</name>
      <Point>
         <coordinates>
            -154.427700,52.224403
         </coordinates>
      </Point>
   </Placemark>
   <Placemark>
      <name>11b7ffffffffffff</name>
      <Point>
         <coordinates>
            -145.105195,61.415857
         </coordinates>
      </Point>
   </Placemark>
   <Placemark>
      <name>1c77ffffffffffff</name>
      <Point>
         <coordinates>
            -132.487798,69.967759
         </coordinates>
      </Point>
   </Placemark>
   <Placemark>
      <name>1cf7ffffffffffff</name>
      <Point>
         <coordinates>
            -108.554112,76.503857
         </coordinates>
      </Point>
   </Placemark>
   <Placemark>
      <name>0b77ffffffffffff</name>
      <Point>
         <coordinates>
            -65.791302,78.075374
         </coordinates>
      </Point>
   </Placemark>
   <Placemark>
      <name>0a37ffffffffffff</name>
      <Point>
         <coordinates>
            -33.271744,73.110416
         </coordinates>
      </Point>
   </Placemark>
   <Placemark>
      <name>0ab7ffffffffffff</name>
      <Point>
         <coordinates>
            -17.084058,65.236208
         </coordinates>
      </Point>
   </Placemark>
   <Placemark>
      <name>1127ffffffffffff</name>
      <Point>
         <coordinates>
            -156.373594,48.636725
         </coordinates>
      </Point>
   </Placemark>
   <Placemark>
      <name>11a7ffffffffffff</name>
      <Point>
         <coordinates>
            -146.687461,57.440334
         </coordinates>
      </Point>
   </Placemark>
   <Placemark>
      <name>1c67ffffffffffff</name>
      <Point>
         <coordinates>
            -135.543157,66.247459
         </coordinates>
      </Point>
   </Placemark>
   <Placemark>
      <name>1ce7ffffffffffff</name>
      <Point>
         <coordinates>
            -116.462079,73.478794
         </coordinates>
      </Point>
   </Placemark>
   <Placemark>
      <name>0b67ffffffffffff</name>
      <Point>
         <coordinates>
            -81.806594,77.138579
         </coordinates>
      </Point>
   </Placemark>
   <Placemark>
      <name>0a27ffffffffffff</name>
      <Point>
         <coordinates>
            -44.965950,74.290159
         </coordinates>
      </Point>
   </Placemark>
   <Placemark>
      <name>0aa7ffffffffffff</name>
      <Point>
         <coordinates>
            -24.124051,67.407177
         </coordinates>
      </Point>
   </Placemark>
   <Placemark>
      <name>18dfffffffffffff</name>
      <Point>
         <coordinates>
            -148.423540,53.513752
         </coordinates>
      </Point>
   </Placemark>
   <Placemark>
      <name>1d5fffffffffffff</name>
      <Point>
         <coordinates>
            -138.107086,62.431467
         </coordinates>
      </Point>
   </Placemark>
   <Placemark>
      <name>1c1fffffffffffff</name>
      <Point>
         <coordinates>
            -122.328037,70.190603
         </coordinates>
      </Point>
   </Placemark>
   <Placemark>
      <name>1c9fffffffffffff</name>
      <Point>
         <coordinates>
            -94.743226,75.220518
         </coordinates>
      </Point>
   </Placemark>
   <Placemark>
      <name>0b1fffffffffffff</name>
      <Point>
         <coordinates>
            -58.001142,74.759861
         </coordinates>
      </Point>
   </Placemark>
   <Placemark>
      <name>0b9fffffffffffff</name>
      <Point>
         <coordinates>
            -32.423679,69.200635
         </coordinates>
      </Point>
   </Placemark>
   <Placemark>
      <name>085fffffffffffff</name>
      <Point>
         <coordinates>
            -17.825891,61.200689
         </coordinates>
      </Point>
   </Placemark>
   <Placemark>
      <name>18cfffffffffffff</name>
      <Point>
         <coordinates>
            -150.536403,49.833172
         </coordinates>
      </Point>
   </Placemark>
   <Placemark>
      <name>1d4fffffffffffff</name>
      <Point>
         <coordinates>
            -140.397210,58.559385
         </coordinates>
      </Point>
   </Placemark>
   <Placemark>
      <name>1c0fffffffffffff</name>
      <Point>
         <coordinates>
            -126.987669,66.697508
         </coordinates>
      </Point>
   </Placemark>
   <Placemark>
      <name>1c8fffffffffffff</name>
      <Point>
         <coordinates>
            -104.468221,72.723357
         </coordinates>
      </Point>
   </Placemark>
   <Placemark>
      <name>0b0fffffffffffff</name>
      <Point>
         <coordinates>
            -71.262633,74.439559
         </coordinates>
      </Point>
   </Placemark>
   <Placemark>
      <name>0b8fffffffffffff</name>
      <Point>
         <coordinates>
            -42.015852,70.517052
         </coordinates>
      </Point>
   </Placemark>
   <Placemark>
      <name>084fffffffffffff</name>
      <Point>
         <coordinates>
            -24.110513,63.380360
         </coordinates>
      </Point>
   </Placemark>
   <Placemark>
      <name>1857ffffffffffff</name>
      <Point>
         <coordinates>
            -152.622774,46.294307
         </coordinates>
      </Point>
   </Placemark>
   <Placemark>
      <name>18d7ffffffffffff</name>
      <Point>
         <coordinates>
            -142.551407,54.683564
         </coordinates>
      </Point>
   </Placemark>
   <Placemark>
      <name>1d57ffffffffffff</name>
      <Point>
         <coordinates>
            -130.698473,63.067900
         </coordinates>
      </Point>
   </Placemark>
   <Placemark>
      <name>1c17ffffffffffff</name>
      <Point>
         <coordinates>
            -112.180689,69.841897
         </coordinates>
      </Point>
   </Placemark>
   <Placemark>
      <name>1c97ffffffffffff</name>
      <Point>
         <coordinates>
            -83.490920,73.271408
         </coordinates>
      </Point>
   </Placemark>
   <Placemark>
      <name>0b17ffffffffffff</name>
      <Point>
         <coordinates>
            -52.671482,71.253650
         </coordinates>
      </Point>
   </Placemark>
   <Placemark>
      <name>0b97ffffffffffff</name>
      <Point>
         <coordinates>
            -31.273621,65.227547
         </coordinates>
      </Point>
   </Placemark>
   <Placemark>
      <name>1847ffffffffffff</name>
      <Point>
         <coordinates>
            -154.520207,42.812762
         </coordinates>
      </Point>
   </Placemark>
   <Placemark>
      <name>18c7ffffffffffff</name>
      <Point>
         <coordinates>
            -144.663325,50.873628
         </coordinates>
      </Point>
   </Placemark>
   <Placemark>
      <name>1d47ffffffffffff</name>
      <Point>
         <coordinates>
            -133.801389,59.348660
         </coordinates>
      </Point>
   </Placemark>
   <Placemark>
      <name>1c07ffffffffffff</name>
      <Point>
         <coordinates>
            -118.236926,66.670283
         </coordinates>
      </Point>
   </Placemark>
   <Placemark>
      <name>1c87ffffffffffff</name>
      <Point>
         <coordinates>
            -93.755713,71.333926
         </coordinates>
      </Point>
   </Placemark>
   <Placemark>
      <name>0b07ffffffffffff</name>
      <Point>
         <coordinates>
            -63.844287,71.333926
         </coordinates>
      </Point>
   </Placemark>
   <Placemark>
      <name>0b87ffffffffffff</name>
      <Point>
         <coordinates>
            -39.363074,66.670283
         </coordinates>
      </Point>
   </Placemark>
   <Placemark>
      <name>18efffffffffffff</name>
      <Point>
         <coordinates>
            -147.007044,47.313948
         </coordinates>
      </Point>
   </Placemark>
   <Placemark>
      <name>1d6fffffffffffff</name>
      <Point>
         <coordinates>
            -136.513887,55.584688
         </coordinates>
      </Point>
   </Placemark>
   <Placemark>
      <name>1c2fffffffffffff</name>
      <Point>
         <coordinates>
            -123.038337,63.295125
         </coordinates>
      </Point>
   </Placemark>
   <Placemark>
      <name>1cafffffffffffff</name>
      <Point>
         <coordinates>
            -102.550565,68.940794
         </coordinates>
      </Point>
   </Placemark>
   <Placemark>
      <name>0b2fffffffffffff</name>
      <Point>
         <coordinates>
            -74.675813,70.757097
         </coordinates>
      </Point>
   </Placemark>
   <Placemark>
      <name>0bafffffffffffff</name>
      <Point>
         <coordinates>
            -48.286965,67.632759
         </coordinates>
      </Point>
   </Placemark>
   <Placemark>
      <name>086fffffffffffff</name>
      <Point>
         <coordinates>
            -30.165277,61.240356
         </coordinates>
      </Point>
   </Placemark>
   <Placemark>
      <name>1877ffffffffffff</name>
      <Point>
         <coordinates>
            -149.188083,43.829702
         </coordinates>
      </Point>
   </Placemark>
   <Placemark>
      <name>18f7ffffffffffff</name>
      <Point>
         <coordinates>
            -138.981268,51.825413
         </coordinates>
      </Point>
   </Placemark>
   <Placemark>
      <name>1d77ffffffffffff</name>
      <Point>
         <coordinates>
            -126.971396,59.780400
         </coordinates>
      </Point>
   </Placemark>
   <Placemark>
      <name>1c37ffffffffffff</name>
      <Point>
         <coordinates>
            -109.617884,66.158871
         </coordinates>
      </Point>
   </Placemark>
   <Placemark>
      <name>1cb7ffffffffffff</name>
      <Point>
         <coordinates>
            -84.744387,69.444703
         </coordinates>
      </Point>
   </Placemark>
   <Placemark>
      <name>0b37ffffffffffff</name>
      <Point>
         <coordinates>
            -57.777496,68.049321
         </coordinates>
      </Point>
   </Placemark>
   <Placemark>
      <name>0bb7ffffffffffff</name>
      <Point>
         <coordinates>
            -37.210598,62.783988
         </coordinates>
      </Point>
   </Placemark>
   <Placemark>
      <name>1867ffffffffffff</name>
      <Point>
         <coordinates>
            -151.165755,40.379862
         </coordinates>
      </Point>
   </Placemark>
   <Placemark>
      <name>18e7ffffffffffff</name>
      <Point>
         <coordinates>
            -141.353902,48.156053
         </coordinates>
      </Point>
   </Placemark>
   <Placemark>
      <name>1d67ffffffffffff</name>
      <Point>
         <coordinates>
            -130.302041,56.176625
         </coordinates>
      </Point>
   </Placemark>
   <Placemark>
      <name>1c27ffffffffffff</name>
      <Point>
         <coordinates>
            -115.331330,63.097288
         </coordinates>
      </Point>
   </Placemark>
   <Placemark>
      <name>1ca7ffffffffffff</name>
      <Point>
         <coordinates>
            -93.795287,67.541957
         </coordinates>
      </Point>
   </Placemark>
   <Placemark>
      <name>0b27ffffffffffff</name>
      <Point>
         <coordinates>
            -67.415561,67.882141
         </coordinates>
      </Point>
   </Placemark>
   <Placemark>
      <name>0ba7ffffffffffff</name>
      <Point>
         <coordinates>
            -44.906665,63.919431
         </coordinates>
      </Point>
   </Placemark>
   <Placemark>
      <name>181fffffffffffff</name>
      <Point>
         <coordinates>
            -143.789803,44.683214
         </coordinates>
      </Point>
   </Placemark>
   <Placemark>
      <name>189fffffffffffff</name>
      <Point>
         <coordinates>
            -133.214790,52.529387
         </coordinates>
      </Point>
   </Placemark>
   <Placemark>
      <name>1d1fffffffffffff</name>
      <Point>
         <coordinates>
            -120.027140,59.836207
         </coordinates>
      </Point>
   </Placemark>
   <Placemark>
      <name>1d9fffffffffffff</name>
      <Point>
         <coordinates>
            -101.426622,65.182950
         </coordinates>
      </Point>
   </Placemark>
   <Placemark>
      <name>265fffffffffffff</name>
      <Point>
         <coordinates>
            -76.929401,67.180393
         </coordinates>
      </Point>
   </Placemark>
   <Placemark>
      <name>26dfffffffffffff</name>
      <Point>
         <coordinates>
            -53.120328,64.591449
         </coordinates>
      </Point>
   </Placemark>
   <Placemark>
      <name>095fffffffffffff</name>
      <Point>
         <coordinates>
            -35.411606,58.882367
         </coordinates>
      </Point>
   </Placemark>
   <Placemark>
      <name>180fffffffffffff</name>
      <Point>
         <coordinates>
            -146.027534,41.254614
         </coordinates>
      </Point>
   </Placemark>
   <Placemark>
      <name>188fffffffffffff</name>
      <Point>
         <coordinates>
            -135.840503,48.884505
         </coordinates>
      </Point>
   </Placemark>
   <Placemark>
      <name>1d0fffffffffffff</name>
      <Point>
         <coordinates>
            -123.970286,56.436280
         </coordinates>
      </Point>
   </Placemark>
   <Placemark>
      <name>1d8fffffffffffff</name>
      <Point>
         <coordinates>
            -107.791744,62.475991
         </coordinates>
      </Point>
   </Placemark>
   <Placemark>
      <name>264fffffffffffff</name>
      <Point>
         <coordinates>
            -85.907578,65.769690
         </coordinates>
      </Point>
   </Placemark>
   <Placemark>
      <name>26cfffffffffffff</name>
      <Point>
         <coordinates>
            -61.614097,64.759209
         </coordinates>
      </Point>
   </Placemark>
   <Placemark>
      <name>094fffffffffffff</name>
      <Point>
         <coordinates>
            -42.207487,60.150226
         </coordinates>
      </Point>
   </Placemark>
   <Placemark>
      <name>1957ffffffffffff</name>
      <Point>
         <coordinates>
            -148.056667,37.841341
         </coordinates>
      </Point>
   </Placemark>
   <Placemark>
      <name>1817ffffffffffff</name>
      <Point>
         <coordinates>
            -138.363715,45.348453
         </coordinates>
      </Point>
   </Placemark>
   <Placemark>
      <name>1897ffffffffffff</name>
      <Point>
         <coordinates>
            -127.359955,52.946769
         </coordinates>
      </Point>
   </Placemark>
   <Placemark>
      <name>1d17ffffffffffff</name>
      <Point>
         <coordinates>
            -113.112665,59.508996
         </coordinates>
      </Point>
   </Placemark>
   <Placemark>
      <name>1d97ffffffffffff</name>
      <Point>
         <coordinates>
            -93.811459,63.808465
         </coordinates>
      </Point>
   </Placemark>
   <Placemark>
      <name>2657ffffffffffff</name>
      <Point>
         <coordinates>
            -70.302382,64.484402
         </coordinates>
      </Point>
   </Placemark>
   <Placemark>
      <name>26d7ffffffffffff</name>
      <Point>
         <coordinates>
            -49.446679,61.019090
         </coordinates>
      </Point>
   </Placemark>
   <Placemark>
      <name>1947ffffffffffff</name>
      <Point>
         <coordinates>
            -149.890998,34.425289
         </coordinates>
      </Point>
   </Placemark>
   <Placemark>
      <name>1807ffffffffffff</name>
      <Point>
         <coordinates>
            -140.839701,41.953804
         </coordinates>
      </Point>
   </Placemark>
   <Placemark>
      <name>1887ffffffffffff</name>
      <Point>
         <coordinates>
            -130.344262,49.411361
         </coordinates>
      </Point>
   </Placemark>
   <Placemark>
      <name>1d07ffffffffffff</name>
      <Point>
         <coordinates>
            -117.606397,56.351024
         </coordinates>
      </Point>
   </Placemark>
   <Placemark>
      <name>1d87ffffffffffff</name>
      <Point>
         <coordinates>
            -100.605226,61.449513
         </coordinates>
      </Point>
   </Placemark>
   <Placemark>
      <name>2647ffffffffffff</name>
      <Point>
         <coordinates>
            -78.800000,63.701916
         </coordinates>
      </Point>
   </Placemark>
   <Placemark>
      <name>26c7ffffffffffff</name>
      <Point>
         <coordinates>
            -56.994774,61.449513
         </coordinates>
      </Point>
   </Placemark>
   <Placemark>
      <name>182fffffffffffff</name>
      <Point>
         <coordinates>
            -143.104001,38.579248
         </coordinates>
      </Point>
   </Placemark>
   <Placemark>
      <name>18afffffffffffff</name>
      <Point>
         <coordinates>
            -133.034021,45.872020
         </coordinates>
      </Point>
   </Placemark>
   <Placemark>
      <name>1d2fffffffffffff</name>
      <Point>
         <coordinates>
            -121.457796,53.057114
         </coordinates>
      </Point>
   </Placemark>
   <Placemark>
      <name>1dafffffffffffff</name>
      <Point>
         <coordinates>
            -106.371767,58.803870
         </coordinates>
      </Point>
   </Placemark>
   <Placemark>
      <name>266fffffffffffff</name>
      <Point>
         <coordinates>
            -86.681394,62.165629
         </coordinates>
      </Point>
   </Placemark>
   <Placemark>
      <name>26efffffffffffff</name>
      <Point>
         <coordinates>
            -64.850167,61.517546
         </coordinates>
      </Point>
   </Placemark>
   <Placemark>
      <name>096fffffffffffff</name>
      <Point>
         <coordinates>
            -46.479086,57.371902
         </coordinates>
      </Point>
   </Placemark>
   <Placemark>
      <name>1977ffffffffffff</name>
      <Point>
         <coordinates>
            -145.160820,35.203948
         </coordinates>
      </Point>
   </Placemark>
   <Placemark>
      <name>1837ffffffffffff</name>
      <Point>
         <coordinates>
            -135.636145,42.460013
         </coordinates>
      </Point>
   </Placemark>
   <Placemark>
      <name>18b7ffffffffffff</name>
      <Point>
         <coordinates>
            -124.815480,49.673148
         </coordinates>
      </Point>
   </Placemark>
   <Placemark>
      <name>1d37ffffffffffff</name>
      <Point>
         <coordinates>
            -111.311896,55.917789
         </coordinates>
      </Point>
   </Placemark>
   <Placemark>
      <name>1db7ffffffffffff</name>
      <Point>
         <coordinates>
            -93.707049,60.170256
         </coordinates>
      </Point>
   </Placemark>
   <Placemark>
      <name>2677ffffffffffff</name>
      <Point>
         <coordinates>
            -72.692461,61.122816
         </coordinates>
      </Point>
   </Placemark>
   <Placemark>
      <name>26f7ffffffffffff</name>
      <Point>
         <coordinates>
            -53.275844,58.023236
         </coordinates>
      </Point>
   </Placemark>
   <Placemark>
      <name>1967ffffffffffff</name>
      <Point>
         <coordinates>
            -147.026971,31.814405
         </coordinates>
      </Point>
   </Placemark>
   <Placemark>
      <name>1827ffffffffffff</name>
      <Point>
         <coordinates>
            -138.116944,39.135518
         </coordinates>
      </Point>
   </Placemark>
   <Placemark>
      <name>18a7ffffffffffff</name>
      <Point>
         <coordinates>
            -127.796315,46.239741
         </coordinates>
      </Point>
   </Placemark>
   <Placemark>
      <name>1d27ffffffffffff</name>
      <Point>
         <coordinates>
            -115.572243,52.850579
         </coordinates>
      </Point>
   </Placemark>
   <Placemark>
      <name>1da7ffffffffffff</name>
      <Point>
         <coordinates>
            -99.848734,57.809306
         </coordinates>
      </Point>
   </Placemark>
   <Placemark>
      <name>2667ffffffffffff</name>
      <Point>
         <coordinates>
            -80.285430,60.185982
         </coordinates>
      </Point>
   </Placemark>
   <Placemark>
      <name>26e7ffffffffffff</name>
      <Point>
         <coordinates>
            -60.336079,58.339683
         </coordinates>
      </Point>
   </Placemark>
   <Placemark>
      <name>191fffffffffffff</name>
      <Point>
         <coordinates>
            -140.384454,35.811873
         </coordinates>
      </Point>
   </Placemark>
   <Placemark>
      <name>199fffffffffffff</name>
      <Point>
         <coordinates>
            -130.491825,42.795046
         </coordinates>
      </Point>
   </Placemark>
   <Placemark>
      <name>225fffffffffffff</name>
      <Point>
         <coordinates>
            -119.284992,49.651307
         </coordinates>
      </Point>
   </Placemark>
   <Placemark>
      <name>22dfffffffffffff</name>
      <Point>
         <coordinates>
            -105.173116,55.168714
         </coordinates>
      </Point>
   </Placemark>
   <Placemark>
      <name>275fffffffffffff</name>
      <Point>
         <coordinates>
            -87.335925,58.574444
         </coordinates>
      </Point>
   </Placemark>
   <Placemark>
      <name>261fffffffffffff</name>
      <Point>
         <coordinates>
            -67.503388,58.264087
         </coordinates>
      </Point>
   </Placemark>
   <Placemark>
      <name>269fffffffffffff</name>
      <Point>
         <coordinates>
            -50.191486,54.487617
         </coordinates>
      </Point>
   </Placemark>
   <Placemark>
      <name>190fffffffffffff</name>
      <Point>
         <coordinates>
            -142.449659,32.473810
         </coordinates>
      </Point>
   </Placemark>
   <Placemark>
      <name>198fffffffffffff</name>
      <Point>
         <coordinates>
            -133.125445,39.497609
         </coordinates>
      </Point>
   </Placemark>
   <Placemark>
      <name>224fffffffffffff</name>
      <Point>
         <coordinates>
            -122.562068,46.361777
         </coordinates>
      </Point>
   </Placemark>
   <Placemark>
      <name>22cfffffffffffff</name>
      <Point>
         <coordinates>
            -109.788961,52.320775
         </coordinates>
      </Point>
   </Placemark>
   <Placemark>
      <name>274fffffffffffff</name>
      <Point>
         <coordinates>
            -93.677514,56.536780
         </coordinates>
      </Point>
   </Placemark>
   <Placemark>
      <name>260fffffffffffff</name>
      <Point>
         <coordinates>
            -74.625088,57.753825
         </coordinates>
      </Point>
   </Placemark>
   <Placemark>
      <name>268fffffffffffff</name>
      <Point>
         <coordinates>
            -56.566976,54.995542
         </coordinates>
      </Point>
   </Placemark>
   <Placemark>
      <name>6697ffffffffffff</name>
      <Point>
         <coordinates>
            -144.306352,29.128633
         </coordinates>
      </Point>
   </Placemark>
   <Placemark>
      <name>1917ffffffffffff</name>
      <Point>
         <coordinates>
            -135.586678,36.235652
         </coordinates>
      </Point>
   </Placemark>
   <Placemark>
      <name>1997ffffffffffff</name>
      <Point>
         <coordinates>
            -125.495556,43.019157
         </coordinates>
      </Point>
   </Placemark>
   <Placemark>
      <name>2257ffffffffffff</name>
      <Point>
         <coordinates>
            -113.813267,49.323278
         </coordinates>
      </Point>
   </Placemark>
   <Placemark>
      <name>22d7ffffffffffff</name>
      <Point>
         <coordinates>
            -99.285179,54.158823
         </coordinates>
      </Point>
   </Placemark>
   <Placemark>
      <name>2757ffffffffffff</name>
      <Point>
         <coordinates>
            -81.508815,56.675737
         </coordinates>
      </Point>
   </Placemark>
   <Placemark>
      <name>2617ffffffffffff</name>
      <Point>
         <coordinates>
            -63.097303,55.175961
         </coordinates>
      </Point>
   </Placemark>
   <Placemark>
      <name>6687ffffffffffff</name>
      <Point>
         <coordinates>
            -146.065483,25.767021
         </coordinates>
      </Point>
   </Placemark>
   <Placemark>
      <name>1907ffffffffffff</name>
      <Point>
         <coordinates>
            -137.839499,32.958880
         </coordinates>
      </Point>
   </Placemark>
   <Placemark>
      <name>1987ffffffffffff</name>
      <Point>
         <coordinates>
            -128.160411,39.658006
         </coordinates>
      </Point>
   </Placemark>
   <Placemark>
      <name>2247ffffffffffff</name>
      <Point>
         <coordinates>
            -117.354381,46.221082
         </coordinates>
      </Point>
   </Placemark>
   <Placemark>
      <name>22c7ffffffffffff</name>
      <Point>
         <coordinates>
            -104.205909,51.519881
         </coordinates>
      </Point>
   </Placemark>
   <Placemark>
      <name>2747ffffffffffff</name>
      <Point>
         <coordinates>
            -87.907008,54.988255
         </coordinates>
      </Point>
   </Placemark>
   <Placemark>
      <name>2607ffffffffffff</name>
      <Point>
         <coordinates>
            -69.692992,54.988255
         </coordinates>
      </Point>
   </Placemark>
   <Placemark>
      <name>192fffffffffffff</name>
      <Point>
         <coordinates>
            -139.812326,29.694750
         </coordinates>
      </Point>
   </Placemark>
   <Placemark>
      <name>19afffffffffffff</name>
      <Point>
         <coordinates>
            -130.793814,36.466102
         </coordinates>
      </Point>
   </Placemark>
   <Placemark>
      <name>226fffffffffffff</name>
      <Point>
         <coordinates>
            -120.525666,43.014596
         </coordinates>
      </Point>
   </Placemark>
   <Placemark>
      <name>22efffffffffffff</name>
      <Point>
         <coordinates>
            -108.521493,48.687558
         </coordinates>
      </Point>
   </Placemark>
   <Placemark>
      <name>276fffffffffffff</name>
      <Point>
         <coordinates>
            -93.694282,52.898433
         </coordinates>
      </Point>
   </Placemark>
   <Placemark>
      <name>262fffffffffffff</name>
      <Point>
         <coordinates>
            -76.233672,54.382228
         </coordinates>
      </Point>
   </Placemark>
   <Placemark>
      <name>26afffffffffffff</name>
      <Point>
         <coordinates>
            -59.351115,51.900035
         </coordinates>
      </Point>
   </Placemark>
   <Placemark>
      <name>66b7ffffffffffff</name>
      <Point>
         <coordinates>
            -141.694335,26.414279
         </coordinates>
      </Point>
   </Placemark>
   <Placemark>
      <name>1937ffffffffffff</name>
      <Point>
         <coordinates>
            -133.175814,33.268417
         </coordinates>
      </Point>
   </Placemark>
   <Placemark>
      <name>19b7ffffffffffff</name>
      <Point>
         <coordinates>
            -123.386312,39.751614
         </coordinates>
      </Point>
   </Placemark>
   <Placemark>
      <name>2277ffffffffffff</name>
      <Point>
         <coordinates>
            -112.323380,45.716674
         </coordinates>
      </Point>
   </Placemark>
   <Placemark>
      <name>22f7ffffffffffff</name>
      <Point>
         <coordinates>
            -98.848621,50.489747
         </coordinates>
      </Point>
   </Placemark>
   <Placemark>
      <name>2777ffffffffffff</name>
      <Point>
         <coordinates>
            -82.547046,53.166896
         </coordinates>
      </Point>
   </Placemark>
   <Placemark>
      <name>2637ffffffffffff</name>
      <Point>
         <coordinates>
            -65.422231,51.974562
         </coordinates>
      </Point>
   </Placemark>
   <Placemark>
      <name>66a7ffffffffffff</name>
      <Point>
         <coordinates>
            -143.501793,23.108143
         </coordinates>
      </Point>
   </Placemark>
   <Placemark>
      <name>1927ffffffffffff</name>
      <Point>
         <coordinates>
            -135.275345,30.082914
         </coordinates>
      </Point>
   </Placemark>
   <Placemark>
      <name>19a7ffffffffffff</name>
      <Point>
         <coordinates>
            -126.032665,36.498001
         </coordinates>
      </Point>
   </Placemark>
   <Placemark>
      <name>2267ffffffffffff</name>
      <Point>
         <coordinates>
            -115.699038,42.650297
         </coordinates>
      </Point>
   </Placemark>
   <Placemark>
      <name>22e7ffffffffffff</name>
      <Point>
         <coordinates>
            -103.406638,47.838923
         </coordinates>
      </Point>
   </Placemark>
   <Placemark>
      <name>2767ffffffffffff</name>
      <Point>
         <coordinates>
            -88.414602,51.397290
         </coordinates>
      </Point>
   </Placemark>
   <Placemark>
      <name>2627ffffffffffff</name>
      <Point>
         <coordinates>
            -71.540038,51.698917
         </coordinates>
      </Point>
   </Placemark>
   <Placemark>
      <name>645fffffffffffff</name>
      <Point>
         <coordinates>
            -137.269845,26.884882
         </coordinates>
      </Point>
   </Placemark>
   <Placemark>
      <name>64dfffffffffffff</name>
      <Point>
         <coordinates>
            -128.509294,33.385579
         </coordinates>
      </Point>
   </Placemark>
   <Placemark>
      <name>235fffffffffffff</name>
      <Point>
         <coordinates>
            -118.726102,39.521578
         </coordinates>
      </Point>
   </Placemark>
   <Placemark>
      <name>221fffffffffffff</name>
      <Point>
         <coordinates>
            -107.434546,45.011347
         </coordinates>
      </Point>
   </Placemark>
   <Placemark>
      <name>229fffffffffffff</name>
      <Point>
         <coordinates>
            -93.734222,49.243507
         </coordinates>
      </Point>
   </Placemark>
   <Placemark>
      <name>271fffffffffffff</name>
      <Point>
         <coordinates>
            -77.605545,51.008941
         </coordinates>
      </Point>
   </Placemark>
   <Placemark>
      <name>279fffffffffffff</name>
      <Point>
         <coordinates>
            -61.742066,48.751371
         </coordinates>
      </Point>
   </Placemark>
   <Placemark>
      <name>644fffffffffffff</name>
      <Point>
         <coordinates>
            -139.180309,23.668081
         </coordinates>
      </Point>
   </Placemark>
   <Placemark>
      <name>64cfffffffffffff</name>
      <Point>
         <coordinates>
            -130.726228,30.277459
         </coordinates>
      </Point>
   </Placemark>
   <Placemark>
      <name>234fffffffffffff</name>
      <Point>
         <coordinates>
            -121.470892,36.355651
         </coordinates>
      </Point>
   </Placemark>
   <Placemark>
      <name>220fffffffffffff</name>
      <Point>
         <coordinates>
            -111.008069,42.060051
         </coordinates>
      </Point>
   </Placemark>
   <Placemark>
      <name>228fffffffffffff</name>
      <Point>
         <coordinates>
            -98.487477,46.791325
         </coordinates>
      </Point>
   </Placemark>
   <Placemark>
      <name>270fffffffffffff</name>
      <Point>
         <coordinates>
            -83.448597,49.652205
         </coordinates>
      </Point>
   </Placemark>
   <Placemark>
      <name>278fffffffffffff</name>
      <Point>
         <coordinates>
            -67.413681,48.745127
         </coordinates>
      </Point>
   </Placemark>
   <Placemark>
      <name>6797ffffffffffff</name>
      <Point>
         <coordinates>
            -141.022374,20.422462
         </coordinates>
      </Point>
   </Placemark>
   <Placemark>
      <name>6457ffffffffffff</name>
      <Point>
         <coordinates>
            -132.822616,27.159435
         </coordinates>
      </Point>
   </Placemark>
   <Placemark>
      <name>64d7ffffffffffff</name>
      <Point>
         <coordinates>
            -123.896750,33.259482
         </coordinates>
      </Point>
   </Placemark>
   <Placemark>
      <name>2357ffffffffffff</name>
      <Point>
         <coordinates>
            -114.201048,39.026631
         </coordinates>
      </Point>
   </Placemark>
   <Placemark>
      <name>2217ffffffffffff</name>
      <Point>
         <coordinates>
            -102.706790,44.118178
         </coordinates>
      </Point>
   </Placemark>
   <Placemark>
      <name>2297ffffffffffff</name>
      <Point>
         <coordinates>
            -88.867351,47.788785
         </coordinates>
      </Point>
   </Placemark>
   <Placemark>
      <name>2717ffffffffffff</name>
      <Point>
         <coordinates>
            -73.128232,48.401087
         </coordinates>
      </Point>
   </Placemark>
   <Placemark>
      <name>6787ffffffffffff</name>
      <Point>
         <coordinates>
            -142.805063,17.132288
         </coordinates>
      </Point>
   </Placemark>
   <Placemark>
      <name>6447ffffffffffff</name>
      <Point>
         <coordinates>
            -134.822778,24.028653
         </coordinates>
      </Point>
   </Placemark>
   <Placemark>
      <name>64c7ffffffffffff</name>
      <Point>
         <coordinates>
            -126.202146,30.265653
         </coordinates>
      </Point>
   </Placemark>
   <Placemark>
      <name>2347ffffffffffff</name>
      <Point>
         <coordinates>
            -117.080172,35.942931
         </coordinates>
      </Point>
   </Placemark>
   <Placemark>
      <name>2207ffffffffffff</name>
      <Point>
         <coordinates>
            -106.450384,41.289071
         </coordinates>
      </Point>
   </Placemark>
   <Placemark>
      <name>2287ffffffffffff</name>
      <Point>
         <coordinates>
            -93.772866,45.557286
         </coordinates>
      </Point>
   </Placemark>
   <Placemark>
      <name>2707ffffffffffff</name>
      <Point>
         <coordinates>
            -78.800000,47.631468
         </coordinates>
      </Point>
   </Placemark>
   <Placemark>
      <name>646fffffffffffff</name>
      <Point>
         <coordinates>
            -136.746654,20.879241
         </coordinates>
      </Point>
   </Placemark>
   <Placemark>
      <name>64efffffffffffff</name>
      <Point>
         <coordinates>
            -128.391017,27.221186
         </coordinates>
      </Point>
   </Placemark>
   <Placemark>
      <name>236fffffffffffff</name>
      <Point>
         <coordinates>
            -119.499300,32.847312
         </coordinates>
      </Point>
   </Placemark>
   <Placemark>
      <name>222fffffffffffff</name>
      <Point>
         <coordinates>
            -109.785014,38.355928
         </coordinates>
      </Point>
   </Placemark>
   <Placemark>
      <name>22afffffffffffff</name>
      <Point>
         <coordinates>
            -98.152110,43.050511
         </coordinates>
      </Point>
   </Placemark>
   <Placemark>
      <name>272fffffffffffff</name>
      <Point>
         <coordinates>
            -84.243329,46.120224
         </coordinates>
      </Point>
   </Placemark>
   <Placemark>
      <name>27afffffffffffff</name>
      <Point>
         <coordinates>
            -69.146912,45.492571
         </coordinates>
      </Point>
   </Placemark>
   <Placemark>
      <name>67b7ffffffffffff</name>
      <Point>
         <coordinates>
            -138.609894,17.700879
         </coordinates>
      </Point>
   </Placemark>
   <Placemark>
      <name>6477ffffffffffff</name>
      <Point>
         <coordinates>
            -130.469629,24.167908
         </coordinates>
      </Point>
   </Placemark>
   <Placemark>
      <name>64f7ffffffffffff</name>
      <Point>
         <coordinates>
            -121.837832,29.844419
         </coordinates>
      </Point>
   </Placemark>
   <Placemark>
      <name>2377ffffffffffff</name>
      <Point>
         <coordinates>
            -112.722519,35.359692
         </coordinates>
      </Point>
   </Placemark>
   <Placemark>
      <name>2237ffffffffffff</name>
      <Point>
         <coordinates>
            -102.038656,40.349370
         </coordinates>
      </Point>
   </Placemark>
   <Placemark>
      <name>22b7ffffffffffff</name>
      <Point>
         <coordinates>
            -89.262021,44.145082
         </coordinates>
      </Point>
   </Placemark>
   <Placemark>
      <name>2737ffffffffffff</name>
      <Point>
         <coordinates>
            -74.517069,45.097387
         </coordinates>
      </Point>
   </Placemark>
   <Placemark>
      <name>67a7ffffffffffff</name>
      <Point>
         <coordinates>
            -140.422290,14.475845
         </coordinates>
      </Point>
   </Placemark>
   <Placemark>
      <name>6467ffffffffffff</name>
      <Point>
         <coordinates>
            -132.460263,21.104119
         </coordinates>
      </Point>
   </Placemark>
   <Placemark>
      <name>64e7ffffffffffff</name>
      <Point>
         <coordinates>
            -124.089132,26.900095
         </coordinates>
      </Point>
   </Placemark>
   <Placemark>
      <name>2367ffffffffffff</name>
      <Point>
         <coordinates>
            -115.239082,32.335218
         </coordinates>
      </Point>
   </Placemark>
   <Placemark>
      <name>2227ffffffffffff</name>
      <Point>
         <coordinates>
            -105.488752,37.519527
         </coordinates>
      </Point>
   </Placemark>
   <Placemark>
      <name>22a7ffffffffffff</name>
      <Point>
         <coordinates>
            -93.775617,41.821091
         </coordinates>
      </Point>
   </Placemark>
   <Placemark>
      <name>2727ffffffffffff</name>
      <Point>
         <coordinates>
            -79.857387,44.199941
         </coordinates>
      </Point>
   </Placemark>
   <Placemark>
      <name>655fffffffffffff</name>
      <Point>
         <coordinates>
            -134.382044,18.025283
         </coordinates>
      </Point>
   </Placemark>
   <Placemark>
      <name>641fffffffffffff</name>
      <Point>
         <coordinates>
            -126.219101,23.948415
         </coordinates>
      </Point>
   </Placemark>
   <Placemark>
      <name>649fffffffffffff</name>
      <Point>
         <coordinates>
            -117.583052,29.296319
         </coordinates>
      </Point>
   </Placemark>
   <Placemark>
      <name>231fffffffffffff</name>
      <Point>
         <coordinates>
            -108.461300,34.609565
         </coordinates>
      </Point>
   </Placemark>
   <Placemark>
      <name>239fffffffffffff</name>
      <Point>
         <coordinates>
            -97.780790,39.253198
         </coordinates>
      </Point>
   </Placemark>
   <Placemark>
      <name>205fffffffffffff</name>
      <Point>
         <coordinates>
            -84.944878,42.552145
         </coordinates>
      </Point>
   </Placemark>
   <Placemark>
      <name>20dfffffffffffff</name>
      <Point>
         <coordinates>
            -70.679155,42.217523
         </coordinates>
      </Point>
   </Placemark>
   <Placemark>
      <name>654fffffffffffff</name>
      <Point>
         <coordinates>
            -136.251251,14.922253
         </coordinates>
      </Point>
   </Placemark>
   <Placemark>
      <name>640fffffffffffff</name>
      <Point>
         <coordinates>
            -128.249958,20.991156
         </coordinates>
      </Point>
   </Placemark>
   <Placemark>
      <name>648fffffffffffff</name>
      <Point>
         <coordinates>
            -119.889320,26.365952
         </coordinates>
      </Point>
   </Placemark>
   <Placemark>
      <name>230fffffffffffff</name>
      <Point>
         <coordinates>
            -111.057320,31.660214
         </coordinates>
      </Point>
   </Placemark>
   <Placemark>
      <name>238fffffffffffff</name>
      <Point>
         <coordinates>
            -101.318589,36.527601
         </coordinates>
      </Point>
   </Placemark>
   <Placemark>
      <name>204fffffffffffff</name>
      <Point>
         <coordinates>
            -89.575488,40.440674
         </coordinates>
      </Point>
   </Placemark>
   <Placemark>
      <name>20cfffffffffffff</name>
      <Point>
         <coordinates>
            -75.749919,41.788909
         </coordinates>
      </Point>
   </Placemark>
   <Placemark>
      <name>60d7ffffffffffff</name>
      <Point>
         <coordinates>
            -138.080225,11.777036
         </coordinates>
      </Point>
   </Placemark>
   <Placemark>
      <name>6557ffffffffffff</name>
      <Point>
         <coordinates>
            -130.201041,18.028666
         </coordinates>
      </Point>
   </Placemark>
   <Placemark>
      <name>6417ffffffffffff</name>
      <Point>
         <coordinates>
            -122.087489,23.453936
         </coordinates>
      </Point>
   </Placemark>
   <Placemark>
      <name>6497ffffffffffff</name>
      <Point>
         <coordinates>
            -113.474306,28.691413
         </coordinates>
      </Point>
   </Placemark>
   <Placemark>
      <name>2317ffffffffffff</name>
      <Point>
         <coordinates>
            -104.300772,33.701519
         </coordinates>
      </Point>
   </Placemark>
   <Placemark>
      <name>2397ffffffffffff</name>
      <Point>
         <coordinates>
            -93.680272,38.012700
         </coordinates>
      </Point>
   </Placemark>
   <Placemark>
      <name>2057ffffffffffff</name>
      <Point>
         <coordinates>
            -80.804679,40.743282
         </coordinates>
      </Point>
   </Placemark>
   <Placemark>
      <name>60c7ffffffffffff</name>
      <Point>
         <coordinates>
            -139.870636,8.551969
         </coordinates>
      </Point>
   </Placemark>
   <Placemark>
      <name>6547ffffffffffff</name>
      <Point>
         <coordinates>
            -132.089688,15.059211
         </coordinates>
      </Point>
   </Placemark>
   <Placemark>
      <name>6407ffffffffffff</name>
      <Point>
         <coordinates>
            -124.175548,20.533583
         </coordinates>
      </Point>
   </Placemark>
   <Placemark>
      <name>6487ffffffffffff</name>
      <Point>
         <coordinates>
            -115.770190,25.708916
         </coordinates>
      </Point>
   </Placemark>
   <Placemark>
      <name>2307ffffffffffff</name>
      <Point>
         <coordinates>
            -106.956528,30.830692
         </coordinates>
      </Point>
   </Placemark>
   <Placemark>
      <name>2387ffffffffffff</name>
      <Point>
         <coordinates>
            -97.275581,35.389974
         </coordinates>
      </Point>
   </Placemark>
   <Placemark>
      <name>2047ffffffffffff</name>
      <Point>
         <coordinates>
            -85.541749,38.914503
         </coordinates>
      </Point>
   </Placemark>
   <Placemark>
      <name>656fffffffffffff</name>
      <Point>
         <coordinates>
            -133.945815,12.036419
         </coordinates>
      </Point>
   </Placemark>
   <Placemark>
      <name>642fffffffffffff</name>
      <Point>
         <coordinates>
            -126.172843,17.607373
         </coordinates>
      </Point>
   </Placemark>
   <Placemark>
      <name>64afffffffffffff</name>
      <Point>
         <coordinates>
            -118.038895,22.827774
         </coordinates>
      </Point>
   </Placemark>
   <Placemark>
      <name>232fffffffffffff</name>
      <Point>
         <coordinates>
            -109.432062,27.936195
         </coordinates>
      </Point>
   </Placemark>
   <Placemark>
      <name>23afffffffffffff</name>
      <Point>
         <coordinates>
            -100.239975,32.644611
         </coordinates>
      </Point>
   </Placemark>
   <Placemark>
      <name>206fffffffffffff</name>
      <Point>
         <coordinates>
            -89.736727,36.639621
         </coordinates>
      </Point>
   </Placemark>
   <Placemark>
      <name>20efffffffffffff</name>
      <Point>
         <coordinates>
            -76.859146,38.475733
         </coordinates>
      </Point>
   </Placemark>
   <Placemark>
      <name>60f7ffffffffffff</name>
      <Point>
         <coordinates>
            -135.770172,8.988749
         </coordinates>
      </Point>
   </Placemark>
   <Placemark>
      <name>6577ffffffffffff</name>
      <Point>
         <coordinates>
            -128.096249,14.677119
         </coordinates>
      </Point>
   </Placemark>
   <Placemark>
      <name>6437ffffffffffff</name>
      <Point>
         <coordinates>
            -120.189230,19.931664
         </coordinates>
      </Point>
   </Placemark>
   <Placemark>
      <name>64b7ffffffffffff</name>
      <Point>
         <coordinates>
            -111.784677,25.023820
         </coordinates>
      </Point>
   </Placemark>
   <Placemark>
      <name>2337ffffffffffff</name>
      <Point>
         <coordinates>
            -102.934549,29.855632
         </coordinates>
      </Point>
   </Placemark>
   <Placemark>
      <name>23b7ffffffffffff</name>
      <Point>
         <coordinates>
            -93.302880,34.108087
         </coordinates>
      </Point>
   </Placemark>
   <Placemark>
      <name>2077ffffffffffff</name>
      <Point>
         <coordinates>
            -81.650694,37.226828
         </coordinates>
      </Point>
   </Placemark>
   <Placemark>
      <name>60e7ffffffffffff</name>
      <Point>
         <coordinates>
            -137.575459,5.881522
         </coordinates>
      </Point>
   </Placemark>
   <Placemark>
      <name>6567ffffffffffff</name>
      <Point>
         <coordinates>
            -129.960695,11.744132
         </coordinates>
      </Point>
   </Placemark>
   <Placemark>
      <name>6427ffffffffffff</name>
      <Point>
         <coordinates>
            -122.241331,17.023197
         </coordinates>
      </Point>
   </Placemark>
   <Placemark>
      <name>64a7ffffffffffff</name>
      <Point>
         <coordinates>
            -114.062151,22.109827
         </coordinates>
      </Point>
   </Placemark>
   <Placemark>
      <name>2327ffffffffffff</name>
      <Point>
         <coordinates>
            -105.453747,27.039719
         </coordinates>
      </Point>
   </Placemark>
   <Placemark>
      <name>23a7ffffffffffff</name>
      <Point>
         <coordinates>
            -96.270822,31.448158
         </coordinates>
      </Point>
   </Placemark>
   <Placemark>
      <name>2067ffffffffffff</name>
      <Point>
         <coordinates>
            -85.946571,35.145096
         </coordinates>
      </Point>
   </Placemark>
   <Placemark>
      <name>609fffffffffffff</name>
      <Point>
         <coordinates>
            -131.779613,8.809349
         </coordinates>
      </Point>
   </Placemark>
   <Placemark>
      <name>651fffffffffffff</name>
      <Point>
         <coordinates>
            -124.213150,14.103891
         </coordinates>
      </Point>
   </Placemark>
   <Placemark>
      <name>659fffffffffffff</name>
      <Point>
         <coordinates>
            -116.277675,19.234754
         </coordinates>
      </Point>
   </Placemark>
   <Placemark>
      <name>2a5fffffffffffff</name>
      <Point>
         <coordinates>
            -107.852507,24.201813
         </coordinates>
      </Point>
   </Placemark>
   <Placemark>
      <name>2adfffffffffffff</name>
      <Point>
         <coordinates>
            -98.982946,28.745219
         </coordinates>
      </Point>
   </Placemark>
   <Placemark>
      <name>215fffffffffffff</name>
      <Point>
         <coordinates>
            -89.438044,32.694064
         </coordinates>
      </Point>
   </Placemark>
   <Placemark>
      <name>201fffffffffffff</name>
      <Point>
         <coordinates>
            -77.869433,35.157247
         </coordinates>
      </Point>
   </Placemark>
   <Placemark>
      <name>608fffffffffffff</name>
      <Point>
         <coordinates>
            -133.565308,5.873435
         </coordinates>
      </Point>
   </Placemark>
   <Placemark>
      <name>650fffffffffffff</name>
      <Point>
         <coordinates>
            -126.121303,11.174065
         </coordinates>
      </Point>
   </Placemark>
   <Placemark>
      <name>658fffffffffffff</name>
      <Point>
         <coordinates>
            -118.389781,16.339674
         </coordinates>
      </Point>
   </Placemark>
   <Placemark>
      <name>2a4fffffffffffff</name>
      <Point>
         <coordinates>
            -110.167253,21.343238
         </coordinates>
      </Point>
   </Placemark>
   <Placemark>
      <name>2acfffffffffffff</name>
      <Point>
         <coordinates>
            -101.531650,26.012726
         </coordinates>
      </Point>
   </Placemark>
   <Placemark>
      <name>214fffffffffffff</name>
      <Point>
         <coordinates>
            -92.373754,30.123124
         </coordinates>
      </Point>
   </Placemark>
   <Placemark>
      <name>200fffffffffffff</name>
      <Point>
         <coordinates>
            -82.303677,33.539500
         </coordinates>
      </Point>
   </Placemark>
   <Placemark>
      <name>6017ffffffffffff</name>
      <Point>
         <coordinates>
            -135.329284,2.936867
         </coordinates>
      </Point>
   </Placemark>
   <Placemark>
      <name>6097ffffffffffff</name>
      <Point>
         <coordinates>
            -127.982418,8.232286
         </coordinates>
      </Point>
   </Placemark>
   <Placemark>
      <name>6517ffffffffffff</name>
      <Point>
         <coordinates>
            -120.418107,13.425708
         </coordinates>
      </Point>
   </Placemark>
   <Placemark>
      <name>6597ffffffffffff</name>
      <Point>
         <coordinates>
            -112.425730,18.473646
         </coordinates>
      </Point>
   </Placemark>
   <Placemark>
      <name>2a57ffffffffffff</name>
      <Point>
         <coordinates>
            -103.966876,23.253777
         </coordinates>
      </Point>
   </Placemark>
   <Placemark>
      <name>2ad7ffffffffffff</name>
      <Point>
         <coordinates>
            -95.083956,27.512871
         </coordinates>
      </Point>
   </Placemark>
   <Placemark>
      <name>2157ffffffffffff</name>
      <Point>
         <coordinates>
            -85.638577,31.157002
         </coordinates>
      </Point>
   </Placemark>
   <Placemark>
      <name>2007ffffffffffff</name>
      <Point>
         <coordinates>
            -78.800000,31.832359
         </coordinates>
      </Point>
   </Placemark>
   <Placemark>
      <name>20c7ffffffffffff</name>
      <Point>
         <coordinates>
            -72.058251,38.914503
         </coordinates>
      </Point>
   </Placemark>
   <Placemark>
      <name>2787ffffffffffff</name>
      <Point>
         <coordinates>
            -63.827134,45.557286
         </coordinates>
      </Point>
   </Placemark>
   <Placemark>
      <name>2687ffffffffffff</name>
      <Point>
         <coordinates>
            -53.394091,51.519881
         </coordinates>
      </Point>
   </Placemark>
   <Placemark>
      <name>0947ffffffffffff</name>
      <Point>
         <coordinates>
            -39.993603,56.351024
         </coordinates>
      </Point>
   </Placemark>
   <Placemark>
      <name>0847ffffffffffff</name>
      <Point>
         <coordinates>
            -23.798611,59.348660
         </coordinates>
      </Point>
   </Placemark>
   <Placemark>
      <name>0107ffffffffffff</name>
      <Point>
         <coordinates>
            -5.996378,60.059042
         </coordinates>
      </Point>
   </Placemark>
   <Placemark>
      <name>20e7ffffffffffff</name>
      <Point>
         <coordinates>
            -73.341141,35.562565
         </coordinates>
      </Point>
   </Placemark>
   <Placemark>
      <name>27a7ffffffffffff</name>
      <Point>
         <coordinates>
            -65.676824,42.319141
         </coordinates>
      </Point>
   </Placemark>
   <Placemark>
      <name>26a7ffffffffffff</name>
      <Point>
         <coordinates>
            -56.162163,48.472052
         </coordinates>
      </Point>
   </Placemark>
   <Placemark>
      <name>0967ffffffffffff</name>
      <Point>
         <coordinates>
            -44.033534,53.677581
         </coordinates>
      </Point>
   </Placemark>
   <Placemark>
      <name>0867ffffffffffff</name>
      <Point>
         <coordinates>
            -29.122152,57.263588
         </coordinates>
      </Point>
   </Placemark>
   <Placemark>
      <name>0127ffffffffffff</name>
      <Point>
         <coordinates>
            -12.278401,58.751670
         </coordinates>
      </Point>
   </Placemark>
   <Placemark>
      <name>0027ffffffffffff</name>
      <Point>
         <coordinates>
            4.815217,57.935592
         </coordinates>
      </Point>
   </Placemark>
   <Placemark>
      <name>2037ffffffffffff</name>
      <Point>
         <coordinates>
            -74.797243,32.071955
         </coordinates>
      </Point>
   </Placemark>
   <Placemark>
      <name>20d7ffffffffffff</name>
      <Point>
         <coordinates>
            -67.356445,39.030340
         </coordinates>
      </Point>
   </Placemark>
   <Placemark>
      <name>2797ffffffffffff</name>
      <Point>
         <coordinates>
            -58.588740,45.355925
         </coordinates>
      </Point>
   </Placemark>
   <Placemark>
      <name>2697ffffffffffff</name>
      <Point>
         <coordinates>
            -47.598314,50.867789
         </coordinates>
      </Point>
   </Placemark>
   <Placemark>
      <name>0957ffffffffffff</name>
      <Point>
         <coordinates>
            -33.876531,54.984258
         </coordinates>
      </Point>
   </Placemark>
   <Placemark>
      <name>0857ffffffffffff</name>
      <Point>
         <coordinates>
            -18.052204,57.168927
         </coordinates>
      </Point>
   </Placemark>
   <Placemark>
      <name>0117ffffffffffff</name>
      <Point>
         <coordinates>
            -1.360147,57.162817
         </coordinates>
      </Point>
   </Placemark>
   <Placemark>
      <name>2027ffffffffffff</name>
      <Point>
         <coordinates>
            -77.279326,28.680371
         </coordinates>
      </Point>
   </Placemark>
   <Placemark>
      <name>20f7ffffffffffff</name>
      <Point>
         <coordinates>
            -68.952607,35.670890
         </coordinates>
      </Point>
   </Placemark>
   <Placemark>
      <name>27b7ffffffffffff</name>
      <Point>
         <coordinates>
            -60.752910,42.176104
         </coordinates>
      </Point>
   </Placemark>
   <Placemark>
      <name>26b7ffffffffffff</name>
      <Point>
         <coordinates>
            -50.705986,47.941492
         </coordinates>
      </Point>
   </Placemark>
   <Placemark>
      <name>0977ffffffffffff</name>
      <Point>
         <coordinates>
            -38.139892,52.540651
         </coordinates>
      </Point>
   </Placemark>
   <Placemark>
      <name>0877ffffffffffff</name>
      <Point>
         <coordinates>
            -23.333750,55.346665
         </coordinates>
      </Point>
   </Placemark>
   <Placemark>
      <name>0137ffffffffffff</name>
      <Point>
         <coordinates>
            -7.247888,56.098304
         </coordinates>
      </Point>
   </Placemark>
   <Placemark>
      <name>219fffffffffffff</name>
      <Point>
         <coordinates>
            -70.775557,32.185249
         </coordinates>
      </Point>
   </Placemark>
   <Placemark>
      <name>2c5fffffffffffff</name>
      <Point>
         <coordinates>
            -62.731165,38.929826
         </coordinates>
      </Point>
   </Placemark>
   <Placemark>
      <name>2cdfffffffffffff</name>
      <Point>
         <coordinates>
            -53.449058,44.924551
         </coordinates>
      </Point>
   </Placemark>
   <Placemark>
      <name>090fffffffffffff</name>
      <Point>
         <coordinates>
            -41.984847,49.955899
         </coordinates>
      </Point>
   </Placemark>
   <Placemark>
      <name>080fffffffffffff</name>
      <Point>
         <coordinates>
            -28.152097,53.316059
         </coordinates>
      </Point>
   </Placemark>
   <Placemark>
      <name>08cfffffffffffff</name>
      <Point>
         <coordinates>
            -12.796518,54.765727
         </coordinates>
      </Point>
   </Placemark>
   <Placemark>
      <name>018fffffffffffff</name>
      <Point>
         <coordinates>
            3.587055,54.316934
         </coordinates>
      </Point>
   </Placemark>
   <Placemark>
      <name>218fffffffffffff</name>
      <Point>
         <coordinates>
            -73.079122,28.652889
         </coordinates>
      </Point>
   </Placemark>
   <Placemark>
      <name>2c4fffffffffffff</name>
      <Point>
         <coordinates>
            -64.621699,35.606189
         </coordinates>
      </Point>
   </Placemark>
   <Placemark>
      <name>2ccfffffffffffff</name>
      <Point>
         <coordinates>
            -55.909425,41.825979
         </coordinates>
      </Point>
   </Placemark>
   <Placemark>
      <name>092fffffffffffff</name>
      <Point>
         <coordinates>
            -45.395625,47.184610
         </coordinates>
      </Point>
   </Placemark>
   <Placemark>
      <name>082fffffffffffff</name>
      <Point>
         <coordinates>
            -32.546830,51.103956
         </coordinates>
      </Point>
   </Placemark>
   <Placemark>
      <name>08efffffffffffff</name>
      <Point>
         <coordinates>
            -17.980525,53.190532
         </coordinates>
      </Point>
   </Placemark>
   <Placemark>
      <name>01afffffffffffff</name>
      <Point>
         <coordinates>
            -2.259470,53.408655
         </coordinates>
      </Point>
   </Placemark>
   <Placemark>
      <name>2117ffffffffffff</name>
      <Point>
         <coordinates>
            -75.845989,25.508253
         </coordinates>
      </Point>
   </Placemark>
   <Placemark>
      <name>2197ffffffffffff</name>
      <Point>
         <coordinates>
            -66.742364,32.170974
         </coordinates>
      </Point>
   </Placemark>
   <Placemark>
      <name>2c57ffffffffffff</name>
      <Point>
         <coordinates>
            -58.168108,38.648434
         </coordinates>
      </Point>
   </Placemark>
   <Placemark>
      <name>2cd7ffffffffffff</name>
      <Point>
         <coordinates>
            -48.420506,44.286092
         </coordinates>
      </Point>
   </Placemark>
   <Placemark>
      <name>091fffffffffffff</name>
      <Point>
         <coordinates>
            -36.562759,48.732848
         </coordinates>
      </Point>
   </Placemark>
   <Placemark>
      <name>081fffffffffffff</name>
      <Point>
         <coordinates>
            -22.796152,51.397908
         </coordinates>
      </Point>
   </Placemark>
   <Placemark>
      <name>08dfffffffffffff</name>
      <Point>
         <coordinates>
            -7.762017,52.259838
         </coordinates>
      </Point>
   </Placemark>
   <Placemark>
      <name>2107ffffffffffff</name>
      <Point>
         <coordinates>
            -78.800000,22.853201
         </coordinates>
      </Point>
   </Placemark>
   <Placemark>
      <name>2187ffffffffffff</name>
      <Point>
         <coordinates>
            -69.093467,28.688886
         </coordinates>
      </Point>
   </Placemark>
   <Placemark>
      <name>2c47ffffffffffff</name>
      <Point>
         <coordinates>
            -60.324419,35.389974
         </coordinates>
      </Point>
   </Placemark>
   <Placemark>
      <name>2cc7ffffffffffff</name>
      <Point>
         <coordinates>
            -51.149616,41.289071
         </coordinates>
      </Point>
   </Placemark>
   <Placemark>
      <name>0907ffffffffffff</name>
      <Point>
         <coordinates>
            -40.245619,46.221082
         </coordinates>
      </Point>
   </Placemark>
   <Placemark>
      <name>0807ffffffffffff</name>
      <Point>
         <coordinates>
            -27.255738,49.411361
         </coordinates>
      </Point>
   </Placemark>
   <Placemark>
      <name>08c7ffffffffffff</name>
      <Point>
         <coordinates>
            -12.936675,50.873628
         </coordinates>
      </Point>
   </Placemark>
   <Placemark>
      <name>21afffffffffffff</name>
      <Point>
         <coordinates>
            -71.654196,25.303236
         </coordinates>
      </Point>
   </Placemark>
   <Placemark>
      <name>2c6fffffffffffff</name>
      <Point>
         <coordinates>
            -62.705266,32.028371
         </coordinates>
      </Point>
   </Placemark>
   <Placemark>
      <name>2cefffffffffffff</name>
      <Point>
         <coordinates>
            -53.663280,38.201571
         </coordinates>
      </Point>
   </Placemark>
   <Placemark>
      <name>0927ffffffffffff</name>
      <Point>
         <coordinates>
            -43.512429,43.457001
         </coordinates>
      </Point>
   </Placemark>
   <Placemark>
      <name>0827ffffffffffff</name>
      <Point>
         <coordinates>
            -31.382157,47.251862
         </coordinates>
      </Point>
   </Placemark>
   <Placemark>
      <name>08e7ffffffffffff</name>
      <Point>
         <coordinates>
            -17.737829,49.294823
         </coordinates>
      </Point>
   </Placemark>
   <Placemark>
      <name>01a7ffffffffffff</name>
      <Point>
         <coordinates>
            -2.611702,49.831084
         </coordinates>
      </Point>
   </Placemark>
   <Placemark>
      <name>2137ffffffffffff</name>
      <Point>
         <coordinates>
            -74.483778,22.316011
         </coordinates>
      </Point>
   </Placemark>
   <Placemark>
      <name>21b7ffffffffffff</name>
      <Point>
         <coordinates>
            -65.151262,28.620850
         </coordinates>
      </Point>
   </Placemark>
   <Placemark>
      <name>2c77ffffffffffff</name>
      <Point>
         <coordinates>
            -56.108739,35.024907
         </coordinates>
      </Point>
   </Placemark>
   <Placemark>
      <name>2cf7ffffffffffff</name>
      <Point>
         <coordinates>
            -46.477928,40.578352
         </coordinates>
      </Point>
   </Placemark>
   <Placemark>
      <name>0917ffffffffffff</name>
      <Point>
         <coordinates>
            -35.204226,44.937476
         </coordinates>
      </Point>
   </Placemark>
   <Placemark>
      <name>0817ffffffffffff</name>
      <Point>
         <coordinates>
            -22.231312,47.517252
         </coordinates>
      </Point>
   </Placemark>
   <Placemark>
      <name>08d7ffffffffffff</name>
      <Point>
         <coordinates>
            -7.793724,48.617505
         </coordinates>
      </Point>
   </Placemark>
   <Placemark>
      <name>2127ffffffffffff</name>
      <Point>
         <coordinates>
            -77.381969,19.641460
         </coordinates>
      </Point>
   </Placemark>
   <Placemark>
      <name>21a7ffffffffffff</name>
      <Point>
         <coordinates>
            -67.690373,25.236844
         </coordinates>
      </Point>
   </Placemark>
   <Placemark>
      <name>2c67ffffffffffff</name>
      <Point>
         <coordinates>
            -58.671767,31.757202
         </coordinates>
      </Point>
   </Placemark>
   <Placemark>
      <name>2ce7ffffffffffff</name>
      <Point>
         <coordinates>
            -49.218008,37.597835
         </coordinates>
      </Point>
   </Placemark>
   <Placemark>
      <name>0937ffffffffffff</name>
      <Point>
         <coordinates>
            -38.731181,42.450303
         </coordinates>
      </Point>
   </Placemark>
   <Placemark>
      <name>0837ffffffffffff</name>
      <Point>
         <coordinates>
            -26.430411,45.558547
         </coordinates>
      </Point>
   </Placemark>
   <Placemark>
      <name>08f7ffffffffffff</name>
      <Point>
         <coordinates>
            -12.674684,47.197164
         </coordinates>
      </Point>
   </Placemark>
   <Placemark>
      <name>28dfffffffffffff</name>
      <Point>
         <coordinates>
            -70.339183,21.980146
         </coordinates>
      </Point>
   </Placemark>
   <Placemark>
      <name>2d5fffffffffffff</name>
      <Point>
         <coordinates>
            -61.226655,28.435538
         </coordinates>
      </Point>
   </Placemark>
   <Placemark>
      <name>2c1fffffffffffff</name>
      <Point>
         <coordinates>
            -51.924104,34.521887
         </coordinates>
      </Point>
   </Placemark>
   <Placemark>
      <name>2c9fffffffffffff</name>
      <Point>
         <coordinates>
            -41.898751,39.703443
         </coordinates>
      </Point>
   </Placemark>
   <Placemark>
      <name>098fffffffffffff</name>
      <Point>
         <coordinates>
            -30.353557,43.435088
         </coordinates>
      </Point>
   </Placemark>
   <Placemark>
      <name>088fffffffffffff</name>
      <Point>
         <coordinates>
            -17.266159,45.577958
         </coordinates>
      </Point>
   </Placemark>
   <Placemark>
      <name>0d4fffffffffffff</name>
      <Point>
         <coordinates>
            -2.861657,46.311251
         </coordinates>
      </Point>
   </Placemark>
   <Placemark>
      <name>28cfffffffffffff</name>
      <Point>
         <coordinates>
            -73.178772,19.103177
         </coordinates>
      </Point>
   </Placemark>
   <Placemark>
      <name>2d4fffffffffffff</name>
      <Point>
         <coordinates>
            -63.800865,25.102729
         </coordinates>
      </Point>
   </Placemark>
   <Placemark>
      <name>2c0fffffffffffff</name>
      <Point>
         <coordinates>
            -54.649001,31.357732
         </coordinates>
      </Point>
   </Placemark>
   <Placemark>
      <name>2c8fffffffffffff</name>
      <Point>
         <coordinates>
            -44.835671,36.843275
         </coordinates>
      </Point>
   </Placemark>
   <Placemark>
      <name>09afffffffffffff</name>
      <Point>
         <coordinates>
            -34.022823,41.161343
         </coordinates>
      </Point>
   </Placemark>
   <Placemark>
      <name>08afffffffffffff</name>
      <Point>
         <coordinates>
            -21.580302,43.772633
         </coordinates>
      </Point>
   </Placemark>
   <Placemark>
      <name>0d6fffffffffffff</name>
      <Point>
         <coordinates>
            -7.756651,45.042366
         </coordinates>
      </Point>
   </Placemark>
   <Placemark>
      <name>2857ffffffffffff</name>
      <Point>
         <coordinates>
            -76.025839,16.423119
         </coordinates>
      </Point>
   </Placemark>
   <Placemark>
      <name>28d7ffffffffffff</name>
      <Point>
         <coordinates>
            -66.416416,21.818300
         </coordinates>
      </Point>
   </Placemark>
   <Placemark>
      <name>2d57ffffffffffff</name>
      <Point>
         <coordinates>
            -57.314892,28.130216
         </coordinates>
      </Point>
   </Placemark>
   <Placemark>
      <name>2c17ffffffffffff</name>
      <Point>
         <coordinates>
            -47.774625,33.883345
         </coordinates>
      </Point>
   </Placemark>
   <Placemark>
      <name>2c97ffffffffffff</name>
      <Point>
         <coordinates>
            -37.415374,38.672307
         </coordinates>
      </Point>
   </Placemark>
   <Placemark>
      <name>099fffffffffffff</name>
      <Point>
         <coordinates>
            -25.632138,41.794933
         </coordinates>
      </Point>
   </Placemark>
   <Placemark>
      <name>089fffffffffffff</name>
      <Point>
         <coordinates>
            -12.385896,43.588766
         </coordinates>
      </Point>
   </Placemark>
   <Placemark>
      <name>2847ffffffffffff</name>
      <Point>
         <coordinates>
            -78.800000,13.809588
         </coordinates>
      </Point>
   </Placemark>
   <Placemark>
      <name>28c7ffffffffffff</name>
      <Point>
         <coordinates>
            -69.087640,18.660837
         </coordinates>
      </Point>
   </Placemark>
   <Placemark>
      <name>2d47ffffffffffff</name>
      <Point>
         <coordinates>
            -59.949077,24.869612
         </coordinates>
      </Point>
   </Placemark>
   <Placemark>
      <name>2c07ffffffffffff</name>
      <Point>
         <coordinates>
            -50.643472,30.830692
         </coordinates>
      </Point>
   </Placemark>
   <Placemark>
      <name>2c87ffffffffffff</name>
      <Point>
         <coordinates>
            -40.519828,35.942931
         </coordinates>
      </Point>
   </Placemark>
   <Placemark>
      <name>0987ffffffffffff</name>
      <Point>
         <coordinates>
            -29.439589,39.658006
         </coordinates>
      </Point>
   </Placemark>
   <Placemark>
      <name>0887ffffffffffff</name>
      <Point>
         <coordinates>
            -16.760299,41.953804
         </coordinates>
      </Point>
   </Placemark>
   <Placemark>
      <name>28efffffffffffff</name>
      <Point>
         <coordinates>
            -71.918782,15.868893
         </coordinates>
      </Point>
   </Placemark>
   <Placemark>
      <name>2d6fffffffffffff</name>
      <Point>
         <coordinates>
            -62.575405,21.615100
         </coordinates>
      </Point>
   </Placemark>
   <Placemark>
      <name>2c2fffffffffffff</name>
      <Point>
         <coordinates>
            -53.416813,27.704359
         </coordinates>
      </Point>
   </Placemark>
   <Placemark>
      <name>2cafffffffffffff</name>
      <Point>
         <coordinates>
            -43.664962,33.111638
         </coordinates>
      </Point>
   </Placemark>
   <Placemark>
      <name>09a7ffffffffffff</name>
      <Point>
         <coordinates>
            -32.988128,37.408813
         </coordinates>
      </Point>
   </Placemark>
   <Placemark>
      <name>08a7ffffffffffff</name>
      <Point>
         <coordinates>
            -20.891781,40.145956
         </coordinates>
      </Point>
   </Placemark>
   <Placemark>
      <name>0d67ffffffffffff</name>
      <Point>
         <coordinates>
            -7.719064,41.497783
         </coordinates>
      </Point>
   </Placemark>
   <Placemark>
      <name>2877ffffffffffff</name>
      <Point>
         <coordinates>
            -74.718832,13.187996
         </coordinates>
      </Point>
   </Placemark>
   <Placemark>
      <name>28f7ffffffffffff</name>
      <Point>
         <coordinates>
            -65.213493,18.416363
         </coordinates>
      </Point>
   </Placemark>
   <Placemark>
      <name>2d77ffffffffffff</name>
      <Point>
         <coordinates>
            -56.121470,24.528183
         </coordinates>
      </Point>
   </Placemark>
   <Placemark>
      <name>2c37ffffffffffff</name>
      <Point>
         <coordinates>
            -46.660817,30.177228
         </coordinates>
      </Point>
   </Placemark>
   <Placemark>
      <name>2cb7ffffffffffff</name>
      <Point>
         <coordinates>
            -36.327137,34.906245
         </coordinates>
      </Point>
   </Placemark>
   <Placemark>
      <name>0997ffffffffffff</name>
      <Point>
         <coordinates>
            -24.794213,38.175334
         </coordinates>
      </Point>
   </Placemark>
   <Placemark>
      <name>0897ffffffffffff</name>
      <Point>
         <coordinates>
            -12.126551,40.013819
         </coordinates>
      </Point>
   </Placemark>
   <Placemark>
      <name>2867ffffffffffff</name>
      <Point>
         <coordinates>
            -77.456282,10.555784
         </coordinates>
      </Point>
   </Placemark>
   <Placemark>
      <name>28e7ffffffffffff</name>
      <Point>
         <coordinates>
            -67.900793,15.371086
         </coordinates>
      </Point>
   </Placemark>
   <Placemark>
      <name>2d67ffffffffffff</name>
      <Point>
         <coordinates>
            -58.781746,21.330910
         </coordinates>
      </Point>
   </Placemark>
   <Placemark>
      <name>2c27ffffffffffff</name>
      <Point>
         <coordinates>
            -49.534888,27.158283
         </coordinates>
      </Point>
   </Placemark>
   <Placemark>
      <name>2ca7ffffffffffff</name>
      <Point>
         <coordinates>
            -39.599108,32.209275
         </coordinates>
      </Point>
   </Placemark>
   <Placemark>
      <name>09b7ffffffffffff</name>
      <Point>
         <coordinates>
            -28.483396,36.052066
         </coordinates>
      </Point>
   </Placemark>
   <Placemark>
      <name>08b7ffffffffffff</name>
      <Point>
         <coordinates>
            -16.311161,38.361933
         </coordinates>
      </Point>
   </Placemark>
   <Placemark>
      <name>281fffffffffffff</name>
      <Point>
         <coordinates>
            -70.692892,12.611970
         </coordinates>
      </Point>
   </Placemark>
   <Placemark>
      <name>289fffffffffffff</name>
      <Point>
         <coordinates>
            -61.419143,18.147295
         </coordinates>
      </Point>
   </Placemark>
   <Placemark>
      <name>2d1fffffffffffff</name>
      <Point>
         <coordinates>
            -52.312983,24.075192
         </coordinates>
      </Point>
   </Placemark>
   <Placemark>
      <name>2d9fffffffffffff</name>
      <Point>
         <coordinates>
            -42.705601,29.398832
         </coordinates>
      </Point>
   </Placemark>
   <Placemark>
      <name>365fffffffffffff</name>
      <Point>
         <coordinates>
            -32.082589,33.799517
         </coordinates>
      </Point>
   </Placemark>
   <Placemark>
      <name>36dfffffffffffff</name>
      <Point>
         <coordinates>
            -20.283324,36.547787
         </coordinates>
      </Point>
   </Placemark>
   <Placemark>
      <name>0d0fffffffffffff</name>
      <Point>
         <coordinates>
            -7.701197,37.963123
         </coordinates>
      </Point>
   </Placemark>
   <Placemark>
      <name>280fffffffffffff</name>
      <Point>
         <coordinates>
            -73.449448,9.931151
         </coordinates>
      </Point>
   </Placemark>
   <Placemark>
      <name>288fffffffffffff</name>
      <Point>
         <coordinates>
            -64.051888,15.018914
         </coordinates>
      </Point>
   </Placemark>
   <Placemark>
      <name>2d0fffffffffffff</name>
      <Point>
         <coordinates>
            -55.019041,20.950987
         </coordinates>
      </Point>
   </Placemark>
   <Placemark>
      <name>2d8fffffffffffff</name>
      <Point>
         <coordinates>
            -45.671803,26.492770
         </coordinates>
      </Point>
   </Placemark>
   <Placemark>
      <name>364fffffffffffff</name>
      <Point>
         <coordinates>
            -35.521343,31.248374
         </coordinates>
      </Point>
   </Placemark>
   <Placemark>
      <name>36cfffffffffffff</name>
      <Point>
         <coordinates>
            -24.055203,34.578811
         </coordinates>
      </Point>
   </Placemark>
   <Placemark>
      <name>0d2fffffffffffff</name>
      <Point>
         <coordinates>
            -11.912625,36.451336
         </coordinates>
      </Point>
   </Placemark>
   <Placemark>
      <name>2957ffffffffffff</name>
      <Point>
         <coordinates>
            -76.152123,7.284639
         </coordinates>
      </Point>
   </Placemark>
   <Placemark>
      <name>2817ffffffffffff</name>
      <Point>
         <coordinates>
            -66.739471,12.067563
         </coordinates>
      </Point>
   </Placemark>
   <Placemark>
      <name>2897ffffffffffff</name>
      <Point>
         <coordinates>
            -57.674988,17.812138
         </coordinates>
      </Point>
   </Placemark>
   <Placemark>
      <name>2d17ffffffffffff</name>
      <Point>
         <coordinates>
            -48.521945,23.509600
         </coordinates>
      </Point>
   </Placemark>
   <Placemark>
      <name>2d97ffffffffffff</name>
      <Point>
         <coordinates>
            -38.757700,28.527832
         </coordinates>
      </Point>
   </Placemark>
   <Placemark>
      <name>3657ffffffffffff</name>
      <Point>
         <coordinates>
            -27.782789,32.490826
         </coordinates>
      </Point>
   </Placemark>
   <Placemark>
      <name>36d7ffffffffffff</name>
      <Point>
         <coordinates>
            -15.929421,34.782000
         </coordinates>
      </Point>
   </Placemark>
   <Placemark>
      <name>2947ffffffffffff</name>
      <Point>
         <coordinates>
            -78.800000,4.645856
         </coordinates>
      </Point>
   </Placemark>
   <Placemark>
      <name>2807ffffffffffff</name>
      <Point>
         <coordinates>
            -69.491089,9.330930
         </coordinates>
      </Point>
   </Placemark>
   <Placemark>
      <name>2887ffffffffffff</name>
      <Point>
         <coordinates>
            -60.300527,14.689229
         </coordinates>
      </Point>
   </Placemark>
   <Placemark>
      <name>2d07ffffffffffff</name>
      <Point>
         <coordinates>
            -51.278999,20.469100
         </coordinates>
      </Point>
   </Placemark>
   <Placemark>
      <name>2d87ffffffffffff</name>
      <Point>
         <coordinates>
            -41.829810,25.708916
         </coordinates>
      </Point>
   </Placemark>
   <Placemark>
      <name>3647ffffffffffff</name>
      <Point>
         <coordinates>
            -31.397854,30.265653
         </coordinates>
      </Point>
   </Placemark>
   <Placemark>
      <name>36c7ffffffffffff</name>
      <Point>
         <coordinates>
            -19.760501,32.958880
         </coordinates>
      </Point>
   </Placemark>
   <Placemark>
      <name>282fffffffffffff</name>
      <Point>
         <coordinates>
            -72.207237,6.649319
         </coordinates>
      </Point>
   </Placemark>
   <Placemark>
      <name>28afffffffffffff</name>
      <Point>
         <coordinates>
            -62.912811,11.617434
         </coordinates>
      </Point>
   </Placemark>
   <Placemark>
      <name>2d2fffffffffffff</name>
      <Point>
         <coordinates>
            -53.964500,17.392915
         </coordinates>
      </Point>
   </Placemark>
   <Placemark>
      <name>2dafffffffffffff</name>
      <Point>
         <coordinates>
            -44.747956,22.831365
         </coordinates>
      </Point>
   </Placemark>
   <Placemark>
      <name>366fffffffffffff</name>
      <Point>
         <coordinates>
            -34.748884,27.673115
         </coordinates>
      </Point>
   </Placemark>
   <Placemark>
      <name>36efffffffffffff</name>
      <Point>
         <coordinates>
            -23.567400,31.030889
         </coordinates>
      </Point>
   </Placemark>
   <Placemark>
      <name>0d27ffffffffffff</name>
      <Point>
         <coordinates>
            -11.747077,32.887378
         </coordinates>
      </Point>
   </Placemark>
   <Placemark>
      <name>2977ffffffffffff</name>
      <Point>
         <coordinates>
            -74.877361,3.990190
         </coordinates>
      </Point>
   </Placemark>
   <Placemark>
      <name>2837ffffffffffff</name>
      <Point>
         <coordinates>
            -65.592360,8.745753
         </coordinates>
      </Point>
   </Placemark>
   <Placemark>
      <name>28b7ffffffffffff</name>
      <Point>
         <coordinates>
            -56.598406,14.305107
         </coordinates>
      </Point>
   </Placemark>
   <Placemark>
      <name>2d37ffffffffffff</name>
      <Point>
         <coordinates>
            -47.557123,19.882490
         </coordinates>
      </Point>
   </Placemark>
   <Placemark>
      <name>2db7ffffffffffff</name>
      <Point>
         <coordinates>
            -37.929637,24.946502
         </coordinates>
      </Point>
   </Placemark>
   <Placemark>
      <name>3677ffffffffffff</name>
      <Point>
         <coordinates>
            -27.246787,28.969896
         </coordinates>
      </Point>
   </Placemark>
   <Placemark>
      <name>36f7ffffffffffff</name>
      <Point>
         <coordinates>
            -15.633249,31.206115
         </coordinates>
      </Point>
   </Placemark>
   <Placemark>
      <name>2967ffffffffffff</name>
      <Point>
         <coordinates>
            -77.502428,1.332664
         </coordinates>
      </Point>
   </Placemark>
   <Placemark>
      <name>2827ffffffffffff</name>
      <Point>
         <coordinates>
            -68.303927,6.024036
         </coordinates>
      </Point>
   </Placemark>
   <Placemark>
      <name>28a7ffffffffffff</name>
      <Point>
         <coordinates>
            -59.198930,11.232615
         </coordinates>
      </Point>
   </Placemark>
   <Placemark>
      <name>2d27ffffffffffff</name>
      <Point>
         <coordinates>
            -50.277917,16.881036
         </coordinates>
      </Point>
   </Placemark>
   <Placemark>
      <name>2da7ffffffffffff</name>
      <Point>
         <coordinates>
            -40.955407,22.118145
         </coordinates>
      </Point>
   </Placemark>
   <Placemark>
      <name>3667ffffffffffff</name>
      <Point>
         <coordinates>
            -30.767315,26.706518
         </coordinates>
      </Point>
   </Placemark>
   <Placemark>
      <name>36e7ffffffffffff</name>
      <Point>
         <coordinates>
            -19.447116,29.421327
         </coordinates>
      </Point>
   </Placemark>
   <Placemark>
      <name>291fffffffffffff</name>
      <Point>
         <coordinates>
            -70.982401,3.339793
         </coordinates>
      </Point>
   </Placemark>
   <Placemark>
      <name>299fffffffffffff</name>
      <Point>
         <coordinates>
            -61.782305,8.205564
         </coordinates>
      </Point>
   </Placemark>
   <Placemark>
      <name>325fffffffffffff</name>
      <Point>
         <coordinates>
            -52.929855,13.847060
         </coordinates>
      </Point>
   </Placemark>
   <Placemark>
      <name>32dfffffffffffff</name>
      <Point>
         <coordinates>
            -43.844699,19.216720
         </coordinates>
      </Point>
   </Placemark>
   <Placemark>
      <name>375fffffffffffff</name>
      <Point>
         <coordinates>
            -34.055327,24.103606
         </coordinates>
      </Point>
   </Placemark>
   <Placemark>
      <name>361fffffffffffff</name>
      <Point>
         <coordinates>
            -23.158320,27.517972
         </coordinates>
      </Point>
   </Placemark>
   <Placemark>
      <name>369fffffffffffff</name>
      <Point>
         <coordinates>
            -11.636094,29.318794
         </coordinates>
      </Point>
   </Placemark>
   <Placemark>
      <name>290fffffffffffff</name>
      <Point>
         <coordinates>
            -73.622184,0.668073
         </coordinates>
      </Point>
   </Placemark>
   <Placemark>
      <name>298fffffffffffff</name>
      <Point>
         <coordinates>
            -64.449554,5.402237
         </coordinates>
      </Point>
   </Placemark>
   <Placemark>
      <name>324fffffffffffff</name>
      <Point>
         <coordinates>
            -55.531241,10.802333
         </coordinates>
      </Point>
   </Placemark>
   <Placemark>
      <name>32cfffffffffffff</name>
      <Point>
         <coordinates>
            -46.617528,16.267211
         </coordinates>
      </Point>
   </Placemark>
   <Placemark>
      <name>374fffffffffffff</name>
      <Point>
         <coordinates>
            -37.180976,21.360338
         </coordinates>
      </Point>
   </Placemark>
   <Placemark>
      <name>360fffffffffffff</name>
      <Point>
         <coordinates>
            -26.759909,25.470688
         </coordinates>
      </Point>
   </Placemark>
   <Placemark>
      <name>368fffffffffffff</name>
      <Point>
         <coordinates>
            -15.432578,27.665167
         </coordinates>
      </Point>
   </Placemark>
   <Placemark>
      <name>7697ffffffffffff</name>
      <Point>
         <coordinates>
            -76.200327,-1.998189
         </coordinates>
      </Point>
   </Placemark>
   <Placemark>
      <name>2917ffffffffffff</name>
      <Point>
         <coordinates>
            -67.122229,2.689306
         </coordinates>
      </Point>
   </Placemark>
   <Placemark>
      <name>2997ffffffffffff</name>
      <Point>
         <coordinates>
            -58.099030,7.770679
         </coordinates>
      </Point>
   </Placemark>
   <Placemark>
      <name>3257ffffffffffff</name>
      <Point>
         <coordinates>
            -49.294304,13.291105
         </coordinates>
      </Point>
   </Placemark>
   <Placemark>
      <name>32d7ffffffffffff</name>
      <Point>
         <coordinates>
            -40.156963,18.512958
         </coordinates>
      </Point>
   </Placemark>
   <Placemark>
      <name>3757ffffffffffff</name>
      <Point>
         <coordinates>
            -30.196389,23.158626
         </coordinates>
      </Point>
   </Placemark>
   <Placemark>
      <name>3617ffffffffffff</name>
      <Point>
         <coordinates>
            -19.146351,25.908910
         </coordinates>
      </Point>
   </Placemark>
   <Placemark>
      <name>7687ffffffffffff</name>
      <Point>
         <coordinates>
            -78.800000,-4.645856
         </coordinates>
      </Point>
   </Placemark>
   <Placemark>
      <name>2907ffffffffffff</name>
      <Point>
         <coordinates>
            -69.765440,0.000000
         </coordinates>
      </Point>
   </Placemark>
   <Placemark>
      <name>2987ffffffffffff</name>
      <Point>
         <coordinates>
            -60.648655,4.778206
         </coordinates>
      </Point>
   </Placemark>
   <Placemark>
      <name>3247ffffffffffff</name>
      <Point>
         <coordinates>
            -51.895163,10.306711
         </coordinates>
      </Point>
   </Placemark>
   <Placemark>
      <name>32c7ffffffffffff</name>
      <Point>
         <coordinates>
            -43.000065,15.593313
         </coordinates>
      </Point>
   </Placemark>
   <Placemark>
      <name>3747ffffffffffff</name>
      <Point>
         <coordinates>
            -33.424452,20.533583
         </coordinates>
      </Point>
   </Placemark>
   <Placemark>
      <name>3607ffffffffffff</name>
      <Point>
         <coordinates>
            -22.777222,24.028653
         </coordinates>
      </Point>
   </Placemark>
   <Placemark>
      <name>292fffffffffffff</name>
      <Point>
         <coordinates>
            -72.294681,-2.669609
         </coordinates>
      </Point>
   </Placemark>
   <Placemark>
      <name>29afffffffffffff</name>
      <Point>
         <coordinates>
            -63.301647,2.034005
         </coordinates>
      </Point>
   </Placemark>
   <Placemark>
      <name>326fffffffffffff</name>
      <Point>
         <coordinates>
            -54.457707,7.297266
         </coordinates>
      </Point>
   </Placemark>
   <Placemark>
      <name>32efffffffffffff</name>
      <Point>
         <coordinates>
            -45.729207,12.628796
         </coordinates>
      </Point>
   </Placemark>
   <Placemark>
      <name>376fffffffffffff</name>
      <Point>
         <coordinates>
            -36.493031,17.762256
         </coordinates>
      </Point>
   </Placemark>
   <Placemark>
      <name>362fffffffffffff</name>
      <Point>
         <coordinates>
            -26.313069,21.989151
         </coordinates>
      </Point>
   </Placemark>
   <Placemark>
      <name>36afffffffffffff</name>
      <Point>
         <coordinates>
            -15.225966,24.143588
         </coordinates>
      </Point>
   </Placemark>
   <Placemark>
      <name>76b7ffffffffffff</name>
      <Point>
         <coordinates>
            -74.859434,-5.312859
         </coordinates>
      </Point>
   </Placemark>
   <Placemark>
      <name>2937ffffffffffff</name>
      <Point>
         <coordinates>
            -65.899985,-0.674825
         </coordinates>
      </Point>
   </Placemark>
   <Placemark>
      <name>29b7ffffffffffff</name>
      <Point>
         <coordinates>
            -56.988094,4.297739
         </coordinates>
      </Point>
   </Placemark>
   <Placemark>
      <name>3277ffffffffffff</name>
      <Point>
         <coordinates>
            -48.364158,9.642579
         </coordinates>
      </Point>
   </Placemark>
   <Placemark>
      <name>32f7ffffffffffff</name>
      <Point>
         <coordinates>
            -39.412833,14.886155
         </coordinates>
      </Point>
   </Placemark>
   <Placemark>
      <name>3777ffffffffffff</name>
      <Point>
         <coordinates>
            -29.673137,19.615837
         </coordinates>
      </Point>
   </Placemark>
   <Placemark>
      <name>3637ffffffffffff</name>
      <Point>
         <coordinates>
            -18.854593,22.417384
         </coordinates>
      </Point>
   </Placemark>
   <Placemark>
      <name>76a7ffffffffffff</name>
      <Point>
         <coordinates>
            -77.472146,-7.937489
         </coordinates>
      </Point>
   </Placemark>
   <Placemark>
      <name>2927ffffffffffff</name>
      <Point>
         <coordinates>
            -68.391530,-3.352490
         </coordinates>
      </Point>
   </Placemark>
   <Placemark>
      <name>29a7ffffffffffff</name>
      <Point>
         <coordinates>
            -59.523477,1.369727
         </coordinates>
      </Point>
   </Placemark>
   <Placemark>
      <name>3267ffffffffffff</name>
      <Point>
         <coordinates>
            -50.924712,6.654030
         </coordinates>
      </Point>
   </Placemark>
   <Placemark>
      <name>32e7ffffffffffff</name>
      <Point>
         <coordinates>
            -42.199616,11.941139
         </coordinates>
      </Point>
   </Placemark>
   <Placemark>
      <name>3767ffffffffffff</name>
      <Point>
         <coordinates>
            -32.841171,16.955071
         </coordinates>
      </Point>
   </Placemark>
   <Placemark>
      <name>3627ffffffffffff</name>
      <Point>
         <coordinates>
            -22.418431,20.559577
         </coordinates>
      </Point>
   </Placemark>
   <Placemark>
      <name>745fffffffffffff</name>
      <Point>
         <coordinates>
            -70.913653,-5.998038
         </coordinates>
      </Point>
   </Placemark>
   <Placemark>
      <name>74dfffffffffffff</name>
      <Point>
         <coordinates>
            -62.053680,-1.360472
         </coordinates>
      </Point>
   </Placemark>
   <Placemark>
      <name>335fffffffffffff</name>
      <Point>
         <coordinates>
            -53.430241,3.679210
         </coordinates>
      </Point>
   </Placemark>
   <Placemark>
      <name>321fffffffffffff</name>
      <Point>
         <coordinates>
            -44.871910,8.957398
         </coordinates>
      </Point>
   </Placemark>
   <Placemark>
      <name>329fffffffffffff</name>
      <Point>
         <coordinates>
            -35.846530,14.143305
         </coordinates>
      </Point>
   </Placemark>
   <Placemark>
      <name>371fffffffffffff</name>
      <Point>
         <coordinates>
            -25.898772,18.520662
         </coordinates>
      </Point>
   </Placemark>
   <Placemark>
      <name>379fffffffffffff</name>
      <Point>
         <coordinates>
            -15.013237,20.635210
         </coordinates>
      </Point>
   </Placemark>
   <Placemark>
      <name>744fffffffffffff</name>
      <Point>
         <coordinates>
            -73.480206,-8.616384
         </coordinates>
      </Point>
   </Placemark>
   <Placemark>
      <name>74cfffffffffffff</name>
      <Point>
         <coordinates>
            -64.504224,-4.053053
         </coordinates>
      </Point>
   </Placemark>
   <Placemark>
      <name>334fffffffffffff</name>
      <Point>
         <coordinates>
            -55.899495,0.731399
         </coordinates>
      </Point>
   </Placemark>
   <Placemark>
      <name>320fffffffffffff</name>
      <Point>
         <coordinates>
            -47.449459,5.959826
         </coordinates>
      </Point>
   </Placemark>
   <Placemark>
      <name>328fffffffffffff</name>
      <Point>
         <coordinates>
            -38.698620,11.229135
         </coordinates>
      </Point>
   </Placemark>
   <Placemark>
      <name>370fffffffffffff</name>
      <Point>
         <coordinates>
            -29.186456,16.070241
         </coordinates>
      </Point>
   </Placemark>
   <Placemark>
      <name>378fffffffffffff</name>
      <Point>
         <coordinates>
            -18.568882,18.942300
         </coordinates>
      </Point>
   </Placemark>
   <Placemark>
      <name>7797ffffffffffff</name>
      <Point>
         <coordinates>
            -76.104808,-11.215617
         </coordinates>
      </Point>
   </Placemark>
   <Placemark>
      <name>7457ffffffffffff</name>
      <Point>
         <coordinates>
            -66.978601,-6.709064
         </coordinates>
      </Point>
   </Placemark>
   <Placemark>
      <name>74d7ffffffffffff</name>
      <Point>
         <coordinates>
            -58.261920,-2.101438
         </coordinates>
      </Point>
   </Placemark>
   <Placemark>
      <name>3357ffffffffffff</name>
      <Point>
         <coordinates>
            -49.952235,2.968624
         </coordinates>
      </Point>
   </Placemark>
   <Placemark>
      <name>3217ffffffffffff</name>
      <Point>
         <coordinates>
            -41.413071,8.253394
         </coordinates>
      </Point>
   </Placemark>
   <Placemark>
      <name>3297ffffffffffff</name>
      <Point>
         <coordinates>
            -32.289182,13.357582
         </coordinates>
      </Point>
   </Placemark>
   <Placemark>
      <name>3717ffffffffffff</name>
      <Point>
         <coordinates>
            -22.077315,17.107554
         </coordinates>
      </Point>
   </Placemark>
   <Placemark>
      <name>7787ffffffffffff</name>
      <Point>
         <coordinates>
            -78.800000,-13.809588
         </coordinates>
      </Point>
   </Placemark>
   <Placemark>
      <name>7447ffffffffffff</name>
      <Point>
         <coordinates>
            -69.491089,-9.330930
         </coordinates>
      </Point>
   </Placemark>
   <Placemark>
      <name>74c7ffffffffffff</name>
      <Point>
         <coordinates>
            -60.648655,-4.778206
         </coordinates>
      </Point>
   </Placemark>
   <Placemark>
      <name>3347ffffffffffff</name>
      <Point>
         <coordinates>
            -52.399882,0.000000
         </coordinates>
      </Point>
   </Placemark>
   <Placemark>
      <name>3207ffffffffffff</name>
      <Point>
         <coordinates>
            -44.008931,5.249327
         </coordinates>
      </Point>
   </Placemark>
   <Placemark>
      <name>3287ffffffffffff</name>
      <Point>
         <coordinates>
            -35.217985,10.492299
         </coordinates>
      </Point>
   </Placemark>
   <Placemark>
      <name>3707ffffffffffff</name>
      <Point>
         <coordinates>
            -25.510312,15.059211
         </coordinates>
      </Point>
   </Placemark>
   <Placemark>
      <name>746fffffffffffff</name>
      <Point>
         <coordinates>
            -72.056379,-11.922936
         </coordinates>
      </Point>
   </Placemark>
   <Placemark>
      <name>74efffffffffffff</name>
      <Point>
         <coordinates>
            -63.073630,-7.454471
         </coordinates>
      </Point>
   </Placemark>
   <Placemark>
      <name>336fffffffffffff</name>
      <Point>
         <coordinates>
            -54.639019,-2.934719
         </coordinates>
      </Point>
   </Placemark>
   <Placemark>
      <name>322fffffffffffff</name>
      <Point>
         <coordinates>
            -46.506731,2.243301
         </coordinates>
      </Point>
   </Placemark>
   <Placemark>
      <name>32afffffffffffff</name>
      <Point>
         <coordinates>
            -37.982075,7.532471
         </coordinates>
      </Point>
   </Placemark>
   <Placemark>
      <name>372fffffffffffff</name>
      <Point>
         <coordinates>
            -28.724079,12.510831
         </coordinates>
      </Point>
   </Placemark>
   <Placemark>
      <name>37afffffffffffff</name>
      <Point>
         <coordinates>
            -18.286836,15.478532
         </coordinates>
      </Point>
   </Placemark>
   <Placemark>
      <name>77b7ffffffffffff</name>
      <Point>
         <coordinates>
            -74.689727,-14.492898
         </coordinates>
      </Point>
   </Placemark>
   <Placemark>
      <name>7477ffffffffffff</name>
      <Point>
         <coordinates>
            -65.528583,-10.091849
         </coordinates>
      </Point>
   </Placemark>
   <Placemark>
      <name>74f7ffffffffffff</name>
      <Point>
         <coordinates>
            -56.945677,-5.719580
         </coordinates>
      </Point>
   </Placemark>
   <Placemark>
      <name>3377ffffffffffff</name>
      <Point>
         <coordinates>
            -48.883511,-0.744291
         </coordinates>
      </Point>
   </Placemark>
   <Placemark>
      <name>3237ffffffffffff</name>
      <Point>
         <coordinates>
            -40.598400,4.524802
         </coordinates>
      </Point>
   </Placemark>
   <Placemark>
      <name>32b7ffffffffffff</name>
      <Point>
         <coordinates>
            -31.746783,9.726936
         </coordinates>
      </Point>
   </Placemark>
   <Placemark>
      <name>3737ffffffffffff</name>
      <Point>
         <coordinates>
            -21.749999,13.669534
         </coordinates>
      </Point>
   </Placemark>
   <Placemark>
      <name>77a7ffffffffffff</name>
      <Point>
         <coordinates>
            -77.406381,-17.055711
         </coordinates>
      </Point>
   </Placemark>
   <Placemark>
      <name>7467ffffffffffff</name>
      <Point>
         <coordinates>
            -68.027908,-12.691533
         </coordinates>
      </Point>
   </Placemark>
   <Placemark>
      <name>74e7ffffffffffff</name>
      <Point>
         <coordinates>
            -59.304980,-8.390949
         </coordinates>
      </Point>
   </Placemark>
   <Placemark>
      <name>3367ffffffffffff</name>
      <Point>
         <coordinates>
            -51.084061,-3.700250
         </coordinates>
      </Point>
   </Placemark>
   <Placemark>
      <name>3227ffffffffffff</name>
      <Point>
         <coordinates>
            -43.087929,1.505384
         </coordinates>
      </Point>
   </Placemark>
   <Placemark>
      <name>32a7ffffffffffff</name>
      <Point>
         <coordinates>
            -34.572726,6.795996
         </coordinates>
      </Point>
   </Placemark>
   <Placemark>
      <name>3727ffffffffffff</name>
      <Point>
         <coordinates>
            -25.126719,11.554912
         </coordinates>
      </Point>
   </Placemark>
   <Placemark>
      <name>755fffffffffffff</name>
      <Point>
         <coordinates>
            -70.586963,-15.256262
         </coordinates>
      </Point>
   </Placemark>
   <Placemark>
      <name>741fffffffffffff</name>
      <Point>
         <coordinates>
            -61.685621,-11.021532
         </coordinates>
      </Point>
   </Placemark>
   <Placemark>
      <name>749fffffffffffff</name>
      <Point>
         <coordinates>
            -53.288417,-6.617580
         </coordinates>
      </Point>
   </Placemark>
   <Placemark>
      <name>331fffffffffffff</name>
      <Point>
         <coordinates>
            -45.387310,-1.499124
         </coordinates>
      </Point>
   </Placemark>
   <Placemark>
      <name>339fffffffffffff</name>
      <Point>
         <coordinates>
            -37.213301,3.788424
         </coordinates>
      </Point>
   </Placemark>
   <Placemark>
      <name>305fffffffffffff</name>
      <Point>
         <coordinates>
            -28.268293,8.920935
         </coordinates>
      </Point>
   </Placemark>
   <Placemark>
      <name>30dfffffffffffff</name>
      <Point>
         <coordinates>
            -18.006846,12.019139
         </coordinates>
      </Point>
   </Placemark>
   <Placemark>
      <name>754fffffffffffff</name>
      <Point>
         <coordinates>
            -73.222704,-17.792145
         </coordinates>
      </Point>
   </Placemark>
   <Placemark>
      <name>740fffffffffffff</name>
      <Point>
         <coordinates>
            -64.100498,-13.610401
         </coordinates>
      </Point>
   </Placemark>
   <Placemark>
      <name>748fffffffffffff</name>
      <Point>
         <coordinates>
            -55.592803,-9.368412
         </coordinates>
      </Point>
   </Placemark>
   <Placemark>
      <name>330fffffffffffff</name>
      <Point>
         <coordinates>
            -47.543986,-4.472961
         </coordinates>
      </Point>
   </Placemark>
   <Placemark>
      <name>338fffffffffffff</name>
      <Point>
         <coordinates>
            -39.689501,0.756932
         </coordinates>
      </Point>
   </Placemark>
   <Placemark>
      <name>304fffffffffffff</name>
      <Point>
         <coordinates>
            -31.177230,6.044151
         </coordinates>
      </Point>
   </Placemark>
   <Placemark>
      <name>30cfffffffffffff</name>
      <Point>
         <coordinates>
            -21.433160,10.242582
         </coordinates>
      </Point>
   </Placemark>
   <Placemark>
      <name>70d7ffffffffffff</name>
      <Point>
         <coordinates>
            -75.954124,-20.313095
         </coordinates>
      </Point>
   </Placemark>
   <Placemark>
      <name>7557ffffffffffff</name>
      <Point>
         <coordinates>
            -66.562985,-16.156807
         </coordinates>
      </Point>
   </Placemark>
   <Placemark>
      <name>7417ffffffffffff</name>
      <Point>
         <coordinates>
            -57.932372,-12.048894
         </coordinates>
      </Point>
   </Placemark>
   <Placemark>
      <name>7497ffffffffffff</name>
      <Point>
         <coordinates>
            -49.700400,-7.409593
         </coordinates>
      </Point>
   </Placemark>
   <Placemark>
      <name>3317ffffffffffff</name>
      <Point>
         <coordinates>
            -41.902599,-2.261818
         </coordinates>
      </Point>
   </Placemark>
   <Placemark>
      <name>3397ffffffffffff</name>
      <Point>
         <coordinates>
            -33.849203,3.042285
         </coordinates>
      </Point>
   </Placemark>
   <Placemark>
      <name>3057ffffffffffff</name>
      <Point>
         <coordinates>
            -24.752653,8.033995
         </coordinates>
      </Point>
   </Placemark>
   <Placemark>
      <name>70c7ffffffffffff</name>
      <Point>
         <coordinates>
            -78.800000,-22.853201
         </coordinates>
      </Point>
   </Placemark>
   <Placemark>
      <name>7547ffffffffffff</name>
      <Point>
         <coordinates>
            -69.087640,-18.660837
         </coordinates>
      </Point>
   </Placemark>
   <Placemark>
      <name>7407ffffffffffff</name>
      <Point>
         <coordinates>
            -60.300527,-14.689229
         </coordinates>
      </Point>
   </Placemark>
   <Placemark>
      <name>7487ffffffffffff</name>
      <Point>
         <coordinates>
            -51.895163,-10.306711
         </coordinates>
      </Point>
   </Placemark>
   <Placemark>
      <name>3307ffffffffffff</name>
      <Point>
         <coordinates>
            -44.008931,-5.249327
         </coordinates>
      </Point>
   </Placemark>
   <Placemark>
      <name>3387ffffffffffff</name>
      <Point>
         <coordinates>
            -36.303689,0.000000
         </coordinates>
      </Point>
   </Placemark>
   <Placemark>
      <name>3047ffffffffffff</name>
      <Point>
         <coordinates>
            -27.783408,5.273568
         </coordinates>
      </Point>
   </Placemark>
   <Placemark>
      <name>756fffffffffffff</name>
      <Point>
         <coordinates>
            -71.716270,-21.161089
         </coordinates>
      </Point>
   </Placemark>
   <Placemark>
      <name>742fffffffffffff</name>
      <Point>
         <coordinates>
            -62.709989,-17.287660
         </coordinates>
      </Point>
   </Placemark>
   <Placemark>
      <name>74afffffffffffff</name>
      <Point>
         <coordinates>
            -54.199516,-13.045769
         </coordinates>
      </Point>
   </Placemark>
   <Placemark>
      <name>332fffffffffffff</name>
      <Point>
         <coordinates>
            -46.112840,-8.200656
         </coordinates>
      </Point>
   </Placemark>
   <Placemark>
      <name>33afffffffffffff</name>
      <Point>
         <coordinates>
            -38.418749,-3.029042
         </coordinates>
      </Point>
   </Placemark>
   <Placemark>
      <name>306fffffffffffff</name>
      <Point>
         <coordinates>
            -30.501783,2.288414
         </coordinates>
      </Point>
   </Placemark>
   <Placemark>
      <name>30efffffffffffff</name>
      <Point>
         <coordinates>
            -21.123869,6.823853
         </coordinates>
      </Point>
   </Placemark>
   <Placemark>
      <name>70f7ffffffffffff</name>
      <Point>
         <coordinates>
            -74.447048,-23.628031
         </coordinates>
      </Point>
   </Placemark>
   <Placemark>
      <name>7577ffffffffffff</name>
      <Point>
         <coordinates>
            -65.173737,-19.841983
         </coordinates>
      </Point>
   </Placemark>
   <Placemark>
      <name>7437ffffffffffff</name>
      <Point>
         <coordinates>
            -56.529320,-15.749182
         </coordinates>
      </Point>
   </Placemark>
   <Placemark>
      <name>74b7ffffffffffff</name>
      <Point>
         <coordinates>
            -48.253457,-11.115253
         </coordinates>
      </Point>
   </Placemark>
   <Placemark>
      <name>3337ffffffffffff</name>
      <Point>
         <coordinates>
            -40.467088,-6.024600
         </coordinates>
      </Point>
   </Placemark>
   <Placemark>
      <name>33b7ffffffffffff</name>
      <Point>
         <coordinates>
            -32.876577,-0.763090
         </coordinates>
      </Point>
   </Placemark>
   <Placemark>
      <name>3077ffffffffffff</name>
      <Point>
         <coordinates>
            -24.364372,4.465001
         </coordinates>
      </Point>
   </Placemark>
   <Placemark>
      <name>70e7ffffffffffff</name>
      <Point>
         <coordinates>
            -77.309187,-26.089323
         </coordinates>
      </Point>
   </Placemark>
   <Placemark>
      <name>7567ffffffffffff</name>
      <Point>
         <coordinates>
            -67.705185,-22.349469
         </coordinates>
      </Point>
   </Placemark>
   <Placemark>
      <name>7427ffffffffffff</name>
      <Point>
         <coordinates>
            -58.898350,-18.415832
         </coordinates>
      </Point>
   </Placemark>
   <Placemark>
      <name>74a7ffffffffffff</name>
      <Point>
         <coordinates>
            -50.467822,-13.978028
         </coordinates>
      </Point>
   </Placemark>
   <Placemark>
      <name>3327ffffffffffff</name>
      <Point>
         <coordinates>
            -42.513665,-8.984933
         </coordinates>
      </Point>
   </Placemark>
   <Placemark>
      <name>33a7ffffffffffff</name>
      <Point>
         <coordinates>
            -34.921407,-3.795770
         </coordinates>
      </Point>
   </Placemark>
   <Placemark>
      <name>3067ffffffffffff</name>
      <Point>
         <coordinates>
            -27.166802,1.528788
         </coordinates>
      </Point>
   </Placemark>
   <Placemark>
      <name>709fffffffffffff</name>
      <Point>
         <coordinates>
            -70.318349,-24.806767
         </coordinates>
      </Point>
   </Placemark>
   <Placemark>
      <name>751fffffffffffff</name>
      <Point>
         <coordinates>
            -61.321181,-21.044393
         </coordinates>
      </Point>
   </Placemark>
   <Placemark>
      <name>759fffffffffffff</name>
      <Point>
         <coordinates>
            -52.762470,-16.747870
         </coordinates>
      </Point>
   </Placemark>
   <Placemark>
      <name>3a5fffffffffffff</name>
      <Point>
         <coordinates>
            -44.597021,-11.911770
         </coordinates>
      </Point>
   </Placemark>
   <Placemark>
      <name>3adfffffffffffff</name>
      <Point>
         <coordinates>
            -36.903343,-6.791432
         </coordinates>
      </Point>
   </Placemark>
   <Placemark>
      <name>315fffffffffffff</name>
      <Point>
         <coordinates>
            -29.433769,-1.528418
         </coordinates>
      </Point>
   </Placemark>
   <Placemark>
      <name>301fffffffffffff</name>
      <Point>
         <coordinates>
            -20.819469,3.410571
         </coordinates>
      </Point>
   </Placemark>
   <Placemark>
      <name>708fffffffffffff</name>
      <Point>
         <coordinates>
            -73.027987,-27.209798
         </coordinates>
      </Point>
   </Placemark>
   <Placemark>
      <name>750fffffffffffff</name>
      <Point>
         <coordinates>
            -63.813918,-23.633429
         </coordinates>
      </Point>
   </Placemark>
   <Placemark>
      <name>758fffffffffffff</name>
      <Point>
         <coordinates>
            -55.095652,-19.486713
         </coordinates>
      </Point>
   </Placemark>
   <Placemark>
      <name>3a4fffffffffffff</name>
      <Point>
         <coordinates>
            -46.745019,-14.806309
         </coordinates>
      </Point>
   </Placemark>
   <Placemark>
      <name>3acfffffffffffff</name>
      <Point>
         <coordinates>
            -38.888234,-9.753663
         </coordinates>
      </Point>
   </Placemark>
   <Placemark>
      <name>314fffffffffffff</name>
      <Point>
         <coordinates>
            -31.388785,-4.552255
         </coordinates>
      </Point>
   </Placemark>
   <Placemark>
      <name>300fffffffffffff</name>
      <Point>
         <coordinates>
            -23.840078,0.765345
         </coordinates>
      </Point>
   </Placemark>
   <Placemark>
      <name>7017ffffffffffff</name>
      <Point>
         <coordinates>
            -75.849701,-29.553633
         </coordinates>
      </Point>
   </Placemark>
   <Placemark>
      <name>7097ffffffffffff</name>
      <Point>
         <coordinates>
            -66.395744,-26.181684
         </coordinates>
      </Point>
   </Placemark>
   <Placemark>
      <name>7517ffffffffffff</name>
      <Point>
         <coordinates>
            -57.484446,-22.194105
         </coordinates>
      </Point>
   </Placemark>
   <Placemark>
      <name>7597ffffffffffff</name>
      <Point>
         <coordinates>
            -48.982017,-17.658817
         </coordinates>
      </Point>
   </Placemark>
   <Placemark>
      <name>3a57ffffffffffff</name>
      <Point>
         <coordinates>
            -40.911998,-12.686817
         </coordinates>
      </Point>
   </Placemark>
   <Placemark>
      <name>3ad7ffffffffffff</name>
      <Point>
         <coordinates>
            -33.296943,-7.536603
         </coordinates>
      </Point>
   </Placemark>
   <Placemark>
      <name>3157ffffffffffff</name>
      <Point>
         <coordinates>
            -25.937427,-2.283423
         </coordinates>
      </Point>
   </Placemark>
   <Placemark>
      <name>3007ffffffffffff</name>
      <Point>
         <coordinates>
            -20.517474,0.000000
         </coordinates>
      </Point>
   </Placemark>
   <Placemark>
      <name>30c7ffffffffffff</name>
      <Point>
         <coordinates>
            -17.729364,8.551969
         </coordinates>
      </Point>
   </Placemark>
   <Placemark>
      <name>3787ffffffffffff</name>
      <Point>
         <coordinates>
            -14.794937,17.132288
         </coordinates>
      </Point>
   </Placemark>
   <Placemark>
      <name>3687ffffffffffff</name>
      <Point>
         <coordinates>
            -11.534517,25.767021
         </coordinates>
      </Point>
   </Placemark>
   <Placemark>
      <name>0d07ffffffffffff</name>
      <Point>
         <coordinates>
            -7.709002,34.425289
         </coordinates>
      </Point>
   </Placemark>
   <Placemark>
      <name>0d47ffffffffffff</name>
      <Point>
         <coordinates>
            -3.079793,42.812762
         </coordinates>
      </Point>
   </Placemark>
   <Placemark>
      <name>0187ffffffffffff</name>
      <Point>
         <coordinates>
            2.889811,50.846210
         </coordinates>
      </Point>
   </Placemark>
   <Placemark>
      <name>30e7ffffffffffff</name>
      <Point>
         <coordinates>
            -17.465280,5.045986
         </coordinates>
      </Point>
   </Placemark>
   <Placemark>
      <name>37a7ffffffffffff</name>
      <Point>
         <coordinates>
            -14.573539,13.623640
         </coordinates>
      </Point>
   </Placemark>
   <Placemark>
      <name>36a7ffffffffffff</name>
      <Point>
         <coordinates>
            -11.413596,22.225113
         </coordinates>
      </Point>
   </Placemark>
   <Placemark>
      <name>0d37ffffffffffff</name>
      <Point>
         <coordinates>
            -7.743776,30.874940
         </coordinates>
      </Point>
   </Placemark>
   <Placemark>
      <name>0d77ffffffffffff</name>
      <Point>
         <coordinates>
            -3.287944,39.317480
         </coordinates>
      </Point>
   </Placemark>
   <Placemark>
      <name>01b7ffffffffffff</name>
      <Point>
         <coordinates>
            2.311356,47.405774
         </coordinates>
      </Point>
   </Placemark>
   <Placemark>
      <name>0037ffffffffffff</name>
      <Point>
         <coordinates>
            9.873110,55.073224
         </coordinates>
      </Point>
   </Placemark>
   <Placemark>
      <name>3037ffffffffffff</name>
      <Point>
         <coordinates>
            -17.380923,1.341434
         </coordinates>
      </Point>
   </Placemark>
   <Placemark>
      <name>30d7ffffffffffff</name>
      <Point>
         <coordinates>
            -14.357348,10.090073
         </coordinates>
      </Point>
   </Placemark>
   <Placemark>
      <name>3797ffffffffffff</name>
      <Point>
         <coordinates>
            -11.277702,18.683671
         </coordinates>
      </Point>
   </Placemark>
   <Placemark>
      <name>3697ffffffffffff</name>
      <Point>
         <coordinates>
            -7.774795,27.304214
         </coordinates>
      </Point>
   </Placemark>
   <Placemark>
      <name>0d1fffffffffffff</name>
      <Point>
         <coordinates>
            -3.494899,35.814520
         </coordinates>
      </Point>
   </Placemark>
   <Placemark>
      <name>0d5fffffffffffff</name>
      <Point>
         <coordinates>
            1.799191,43.968350
         </coordinates>
      </Point>
   </Placemark>
   <Placemark>
      <name>019fffffffffffff</name>
      <Point>
         <coordinates>
            8.748893,51.732499
         </coordinates>
      </Point>
   </Placemark>
   <Placemark>
      <name>3027ffffffffffff</name>
      <Point>
         <coordinates>
            -18.276186,-2.580482
         </coordinates>
      </Point>
   </Placemark>
   <Placemark>
      <name>30f7ffffffffffff</name>
      <Point>
         <coordinates>
            -14.176774,6.491208
         </coordinates>
      </Point>
   </Placemark>
   <Placemark>
      <name>37b7ffffffffffff</name>
      <Point>
         <coordinates>
            -11.134008,15.129434
         </coordinates>
      </Point>
   </Placemark>
   <Placemark>
      <name>36b7ffffffffffff</name>
      <Point>
         <coordinates>
            -7.763970,23.733255
         </coordinates>
      </Point>
   </Placemark>
   <Placemark>
      <name>0d17ffffffffffff</name>
      <Point>
         <coordinates>
            -3.705044,32.296202
         </coordinates>
      </Point>
   </Placemark>
   <Placemark>
      <name>0d57ffffffffffff</name>
      <Point>
         <coordinates>
            1.332556,40.522677
         </coordinates>
      </Point>
   </Placemark>
   <Placemark>
      <name>0197ffffffffffff</name>
      <Point>
         <coordinates>
            7.777717,48.374853
         </coordinates>
      </Point>
   </Placemark>
   <Placemark>
      <name>319fffffffffffff</name>
      <Point>
         <coordinates>
            -14.238182,2.680015
         </coordinates>
      </Point>
   </Placemark>
   <Placemark>
      <name>3c5fffffffffffff</name>
      <Point>
         <coordinates>
            -10.997738,11.541340
         </coordinates>
      </Point>
   </Placemark>
   <Placemark>
      <name>3cdfffffffffffff</name>
      <Point>
         <coordinates>
            -7.727206,20.159192
         </coordinates>
      </Point>
   </Placemark>
   <Placemark>
      <name>0dafffffffffffff</name>
      <Point>
         <coordinates>
            -3.921072,28.756356
         </coordinates>
      </Point>
   </Placemark>
   <Placemark>
      <name>0c2fffffffffffff</name>
      <Point>
         <coordinates>
            0.899272,37.062097
         </coordinates>
      </Point>
   </Placemark>
   <Placemark>
      <name>0c6fffffffffffff</name>
      <Point>
         <coordinates>
            6.924392,44.999255
         </coordinates>
      </Point>
   </Placemark>
   <Placemark>
      <name>00e7ffffffffffff</name>
      <Point>
         <coordinates>
            14.961874,52.926557
         </coordinates>
      </Point>
   </Placemark>
   <Placemark>
      <name>318fffffffffffff</name>
      <Point>
         <coordinates>
            -14.795736,-1.346055
         </coordinates>
      </Point>
   </Placemark>
   <Placemark>
      <name>3c4fffffffffffff</name>
      <Point>
         <coordinates>
            -10.908978,7.881531
         </coordinates>
      </Point>
   </Placemark>
   <Placemark>
      <name>3ccfffffffffffff</name>
      <Point>
         <coordinates>
            -7.676116,16.568272
         </coordinates>
      </Point>
   </Placemark>
   <Placemark>
      <name>0da7ffffffffffff</name>
      <Point>
         <coordinates>
            -4.054935,25.170888
         </coordinates>
      </Point>
   </Placemark>
   <Placemark>
      <name>0c27ffffffffffff</name>
      <Point>
         <coordinates>
            0.490864,33.581580
         </coordinates>
      </Point>
   </Placemark>
   <Placemark>
      <name>0c67ffffffffffff</name>
      <Point>
         <coordinates>
            6.163232,41.604042
         </coordinates>
      </Point>
   </Placemark>
   <Placemark>
      <name>00f7ffffffffffff</name>
      <Point>
         <coordinates>
            13.535770,49.469470
         </coordinates>
      </Point>
   </Placemark>
   <Placemark>
      <name>3117ffffffffffff</name>
      <Point>
         <coordinates>
            -16.023865,-5.159192
         </coordinates>
      </Point>
   </Placemark>
   <Placemark>
      <name>3197ffffffffffff</name>
      <Point>
         <coordinates>
            -11.083036,4.012860
         </coordinates>
      </Point>
   </Placemark>
   <Placemark>
      <name>3c57ffffffffffff</name>
      <Point>
         <coordinates>
            -7.630808,12.940122
         </coordinates>
      </Point>
   </Placemark>
   <Placemark>
      <name>3cd7ffffffffffff</name>
      <Point>
         <coordinates>
            -4.132544,21.572145
         </coordinates>
      </Point>
   </Placemark>
   <Placemark>
      <name>0d8fffffffffffff</name>
      <Point>
         <coordinates>
            0.100890,30.076697
         </coordinates>
      </Point>
   </Placemark>
   <Placemark>
      <name>0c0fffffffffffff</name>
      <Point>
         <coordinates>
            5.475000,38.187078
         </coordinates>
      </Point>
   </Placemark>
   <Placemark>
      <name>0c4fffffffffffff</name>
      <Point>
         <coordinates>
            12.292023,46.046443
         </coordinates>
      </Point>
   </Placemark>
   <Placemark>
      <name>3107ffffffffffff</name>
      <Point>
         <coordinates>
            -17.729364,-8.551969
         </coordinates>
      </Point>
   </Placemark>
   <Placemark>
      <name>3187ffffffffffff</name>
      <Point>
         <coordinates>
            -11.561492,0.000000
         </coordinates>
      </Point>
   </Placemark>
   <Placemark>
      <name>3c47ffffffffffff</name>
      <Point>
         <coordinates>
            -7.634464,9.242056
         </coordinates>
      </Point>
   </Placemark>
   <Placemark>
      <name>3cc7ffffffffffff</name>
      <Point>
         <coordinates>
            -4.186511,17.954461
         </coordinates>
      </Point>
   </Placemark>
   <Placemark>
      <name>0d87ffffffffffff</name>
      <Point>
         <coordinates>
            -0.275842,26.543198
         </coordinates>
      </Point>
   </Placemark>
   <Placemark>
      <name>0c07ffffffffffff</name>
      <Point>
         <coordinates>
            4.844930,34.745844
         </coordinates>
      </Point>
   </Placemark>
   <Placemark>
      <name>0c47ffffffffffff</name>
      <Point>
         <coordinates>
            11.200000,42.624147
         </coordinates>
      </Point>
   </Placemark>
   <Placemark>
      <name>31afffffffffffff</name>
      <Point>
         <coordinates>
            -12.394583,-4.008134
         </coordinates>
      </Point>
   </Placemark>
   <Placemark>
      <name>3c6fffffffffffff</name>
      <Point>
         <coordinates>
            -7.909216,5.337020
         </coordinates>
      </Point>
   </Placemark>
   <Placemark>
      <name>3cefffffffffffff</name>
      <Point>
         <coordinates>
            -4.240339,14.299157
         </coordinates>
      </Point>
   </Placemark>
   <Placemark>
      <name>0db7ffffffffffff</name>
      <Point>
         <coordinates>
            -0.482286,22.928591
         </coordinates>
      </Point>
   </Placemark>
   <Placemark>
      <name>0c37ffffffffffff</name>
      <Point>
         <coordinates>
            4.261430,31.277487
         </coordinates>
      </Point>
   </Placemark>
   <Placemark>
      <name>0c77ffffffffffff</name>
      <Point>
         <coordinates>
            10.228882,39.232129
         </coordinates>
      </Point>
   </Placemark>
   <Placemark>
      <name>00d7ffffffffffff</name>
      <Point>
         <coordinates>
            17.880443,47.344569
         </coordinates>
      </Point>
   </Placemark>
   <Placemark>
      <name>3137ffffffffffff</name>
      <Point>
         <coordinates>
            -13.749289,-7.734285
         </coordinates>
      </Point>
   </Placemark>
   <Placemark>
      <name>31b7ffffffffffff</name>
      <Point>
         <coordinates>
            -8.365885,1.342177
         </coordinates>
      </Point>
   </Placemark>
   <Placemark>
      <name>3c77ffffffffffff</name>
      <Point>
         <coordinates>
            -4.373245,10.554274
         </coordinates>
      </Point>
   </Placemark>
   <Placemark>
      <name>3cf7ffffffffffff</name>
      <Point>
         <coordinates>
            -0.652702,19.293985
         </coordinates>
      </Point>
   </Placemark>
   <Placemark>
      <name>0d9fffffffffffff</name>
      <Point>
         <coordinates>
            3.715182,27.778836
         </coordinates>
      </Point>
   </Placemark>
   <Placemark>
      <name>0c1fffffffffffff</name>
      <Point>
         <coordinates>
            9.354490,35.819676
         </coordinates>
      </Point>
   </Placemark>
   <Placemark>
      <name>0c5fffffffffffff</name>
      <Point>
         <coordinates>
            16.435501,43.887118
         </coordinates>
      </Point>
   </Placemark>
   <Placemark>
      <name>3127ffffffffffff</name>
      <Point>
         <coordinates>
            -15.418455,-11.172870
         </coordinates>
      </Point>
   </Placemark>
   <Placemark>
      <name>31a7ffffffffffff</name>
      <Point>
         <coordinates>
            -9.052630,-2.682166
         </coordinates>
      </Point>
   </Placemark>
   <Placemark>
      <name>3c67ffffffffffff</name>
      <Point>
         <coordinates>
            -4.710379,6.649454
         </coordinates>
      </Point>
   </Placemark>
   <Placemark>
      <name>3ce7ffffffffffff</name>
      <Point>
         <coordinates>
            -0.813180,15.622718
         </coordinates>
      </Point>
   </Placemark>
   <Placemark>
      <name>0d97ffffffffffff</name>
      <Point>
         <coordinates>
            3.234820,24.230276
         </coordinates>
      </Point>
   </Placemark>
   <Placemark>
      <name>0c17ffffffffffff</name>
      <Point>
         <coordinates>
            8.558610,32.381726
         </coordinates>
      </Point>
   </Placemark>
   <Placemark>
      <name>0c57ffffffffffff</name>
      <Point>
         <coordinates>
            15.156043,40.440446
         </coordinates>
      </Point>
   </Placemark>
   <Placemark>
      <name>38dfffffffffffff</name>
      <Point>
         <coordinates>
            -10.022552,-6.637126
         </coordinates>
      </Point>
   </Placemark>
   <Placemark>
      <name>3d5fffffffffffff</name>
      <Point>
         <coordinates>
            -5.171805,2.673776
         </coordinates>
      </Point>
   </Placemark>
   <Placemark>
      <name>3c1fffffffffffff</name>
      <Point>
         <coordinates>
            -1.078246,11.843927
         </coordinates>
      </Point>
   </Placemark>
   <Placemark>
      <name>3c9fffffffffffff</name>
      <Point>
         <coordinates>
            2.936826,20.588374
         </coordinates>
      </Point>
   </Placemark>
   <Placemark>
      <name>0cafffffffffffff</name>
      <Point>
         <coordinates>
            7.826821,28.914285
         </coordinates>
      </Point>
   </Placemark>
   <Placemark>
      <name>0cefffffffffffff</name>
      <Point>
         <coordinates>
            14.014846,36.987441
         </coordinates>
      </Point>
   </Placemark>
   <Placemark>
      <name>07a7ffffffffffff</name>
      <Point>
         <coordinates>
            21.843167,45.134247
         </coordinates>
      </Point>
   </Placemark>
   <Placemark>
      <name>38cfffffffffffff</name>
      <Point>
         <coordinates>
            -11.440861,-10.303766
         </coordinates>
      </Point>
   </Placemark>
   <Placemark>
      <name>3d4fffffffffffff</name>
      <Point>
         <coordinates>
            -5.788611,-1.338810
         </coordinates>
      </Point>
   </Placemark>
   <Placemark>
      <name>3c0fffffffffffff</name>
      <Point>
         <coordinates>
            -1.480073,7.946989
         </coordinates>
      </Point>
   </Placemark>
   <Placemark>
      <name>3c8fffffffffffff</name>
      <Point>
         <coordinates>
            2.661932,16.911124
         </coordinates>
      </Point>
   </Placemark>
   <Placemark>
      <name>0ca7ffffffffffff</name>
      <Point>
         <coordinates>
            7.147494,25.413616
         </coordinates>
      </Point>
   </Placemark>
   <Placemark>
      <name>0ce7ffffffffffff</name>
      <Point>
         <coordinates>
            12.987747,33.517911
         </coordinates>
      </Point>
   </Placemark>
   <Placemark>
      <name>07b7ffffffffffff</name>
      <Point>
         <coordinates>
            20.249948,41.667554
         </coordinates>
      </Point>
   </Placemark>
   <Placemark>
      <name>3857ffffffffffff</name>
      <Point>
         <coordinates>
            -13.073778,-13.772706
         </coordinates>
      </Point>
   </Placemark>
   <Placemark>
      <name>38d7ffffffffffff</name>
      <Point>
         <coordinates>
            -6.596573,-5.335687
         </coordinates>
      </Point>
   </Placemark>
   <Placemark>
      <name>3d57ffffffffffff</name>
      <Point>
         <coordinates>
            -1.963317,3.992070
         </coordinates>
      </Point>
   </Placemark>
   <Placemark>
      <name>3c17ffffffffffff</name>
      <Point>
         <coordinates>
            2.259932,13.109297
         </coordinates>
      </Point>
   </Placemark>
   <Placemark>
      <name>3c97ffffffffffff</name>
      <Point>
         <coordinates>
            6.592838,21.836487
         </coordinates>
      </Point>
   </Placemark>
   <Placemark>
      <name>0c8fffffffffffff</name>
      <Point>
         <coordinates>
            12.054857,30.024791
         </coordinates>
      </Point>
   </Placemark>
   <Placemark>
      <name>0ccfffffffffffff</name>
      <Point>
         <coordinates>
            18.828890,38.209991
         </coordinates>
      </Point>
   </Placemark>
   <Placemark>
      <name>3847ffffffffffff</name>
      <Point>
         <coordinates>
            -14.794937,-17.132288
         </coordinates>
      </Point>
   </Placemark>
   <Placemark>
      <name>38c7ffffffffffff</name>
      <Point>
         <coordinates>
            -7.634464,-9.242056
         </coordinates>
      </Point>
   </Placemark>
   <Placemark>
      <name>3d47ffffffffffff</name>
      <Point>
         <coordinates>
            -2.550210,0.000000
         </coordinates>
      </Point>
   </Placemark>
   <Placemark>
      <name>3c07ffffffffffff</name>
      <Point>
         <coordinates>
            1.788276,9.226287
         </coordinates>
      </Point>
   </Placemark>
   <Placemark>
      <name>3c87ffffffffffff</name>
      <Point>
         <coordinates>
            6.195171,18.162537
         </coordinates>
      </Point>
   </Placemark>
   <Placemark>
      <name>0c87ffffffffffff</name>
      <Point>
         <coordinates>
            11.200000,26.502470
         </coordinates>
      </Point>
   </Placemark>
   <Placemark>
      <name>0cc7ffffffffffff</name>
      <Point>
         <coordinates>
            17.555070,34.745844
         </coordinates>
      </Point>
   </Placemark>
   <Placemark>
      <name>38efffffffffffff</name>
      <Point>
         <coordinates>
            -9.086405,-12.865403
         </coordinates>
      </Point>
   </Placemark>
   <Placemark>
      <name>3d6fffffffffffff</name>
      <Point>
         <coordinates>
            -3.266483,-3.998192
         </coordinates>
      </Point>
   </Placemark>
   <Placemark>
      <name>3c2fffffffffffff</name>
      <Point>
         <coordinates>
            1.269951,5.294382
         </coordinates>
      </Point>
   </Placemark>
   <Placemark>
      <name>3cafffffffffffff</name>
      <Point>
         <coordinates>
            5.649616,14.347423
         </coordinates>
      </Point>
   </Placemark>
   <Placemark>
      <name>0cb7ffffffffffff</name>
      <Point>
         <coordinates>
            10.409578,22.990690
         </coordinates>
      </Point>
   </Placemark>
   <Placemark>
      <name>0cf7ffffffffffff</name>
      <Point>
         <coordinates>
            16.405258,31.264825
         </coordinates>
      </Point>
   </Placemark>
   <Placemark>
      <name>0797ffffffffffff</name>
      <Point>
         <coordinates>
            23.776991,39.354203
         </coordinates>
      </Point>
   </Placemark>
   <Placemark>
      <name>3877ffffffffffff</name>
      <Point>
         <coordinates>
            -10.679167,-16.358189
         </coordinates>
      </Point>
   </Placemark>
   <Placemark>
      <name>38f7ffffffffffff</name>
      <Point>
         <coordinates>
            -4.141267,-7.959291
         </coordinates>
      </Point>
   </Placemark>
   <Placemark>
      <name>3d77ffffffffffff</name>
      <Point>
         <coordinates>
            0.687519,1.327102
         </coordinates>
      </Point>
   </Placemark>
   <Placemark>
      <name>3c37ffffffffffff</name>
      <Point>
         <coordinates>
            5.101398,10.483809
         </coordinates>
      </Point>
   </Placemark>
   <Placemark>
      <name>3cb7ffffffffffff</name>
      <Point>
         <coordinates>
            9.755437,19.350950
         </coordinates>
      </Point>
   </Placemark>
   <Placemark>
      <name>0c9fffffffffffff</name>
      <Point>
         <coordinates>
            15.359613,27.759407
         </coordinates>
      </Point>
   </Placemark>
   <Placemark>
      <name>0cdfffffffffffff</name>
      <Point>
         <coordinates>
            22.249588,35.898134
         </coordinates>
      </Point>
   </Placemark>
   <Placemark>
      <name>3867ffffffffffff</name>
      <Point>
         <coordinates>
            -12.355891,-19.762730
         </coordinates>
      </Point>
   </Placemark>
   <Placemark>
      <name>38e7ffffffffffff</name>
      <Point>
         <coordinates>
            -5.242384,-11.802061
         </coordinates>
      </Point>
   </Placemark>
   <Placemark>
      <name>3d67ffffffffffff</name>
      <Point>
         <coordinates>
            0.021197,-2.655984
         </coordinates>
      </Point>
   </Placemark>
   <Placemark>
      <name>3c27ffffffffffff</name>
      <Point>
         <coordinates>
            4.536467,6.577761
         </coordinates>
      </Point>
   </Placemark>
   <Placemark>
      <name>3ca7ffffffffffff</name>
      <Point>
         <coordinates>
            9.098738,15.554611
         </coordinates>
      </Point>
   </Placemark>
   <Placemark>
      <name>0c97ffffffffffff</name>
      <Point>
         <coordinates>
            14.401576,24.223466
         </coordinates>
      </Point>
   </Placemark>
   <Placemark>
      <name>0cd7ffffffffffff</name>
      <Point>
         <coordinates>
            20.874001,32.431349
         </coordinates>
      </Point>
   </Placemark>
   <Placemark>
      <name>381fffffffffffff</name>
      <Point>
         <coordinates>
            -6.672951,-15.416635
         </coordinates>
      </Point>
   </Placemark>
   <Placemark>
      <name>389fffffffffffff</name>
      <Point>
         <coordinates>
            -0.751491,-6.628110
         </coordinates>
      </Point>
   </Placemark>
   <Placemark>
      <name>3d1fffffffffffff</name>
      <Point>
         <coordinates>
            3.939906,2.638456
         </coordinates>
      </Point>
   </Placemark>
   <Placemark>
      <name>3d9fffffffffffff</name>
      <Point>
         <coordinates>
            8.466194,11.715774
         </coordinates>
      </Point>
   </Placemark>
   <Placemark>
      <name>465fffffffffffff</name>
      <Point>
         <coordinates>
            13.433912,20.608188
         </coordinates>
      </Point>
   </Placemark>
   <Placemark>
      <name>46dfffffffffffff</name>
      <Point>
         <coordinates>
            19.628127,28.944549
         </coordinates>
      </Point>
   </Placemark>
   <Placemark>
      <name>06a7ffffffffffff</name>
      <Point>
         <coordinates>
            27.052889,36.939761
         </coordinates>
      </Point>
   </Placemark>
   <Placemark>
      <name>380fffffffffffff</name>
      <Point>
         <coordinates>
            -8.218981,-18.930206
         </coordinates>
      </Point>
   </Placemark>
   <Placemark>
      <name>388fffffffffffff</name>
      <Point>
         <coordinates>
            -1.655834,-10.554280
         </coordinates>
      </Point>
   </Placemark>
   <Placemark>
      <name>3d0fffffffffffff</name>
      <Point>
         <coordinates>
            3.295446,-1.321145
         </coordinates>
      </Point>
   </Placemark>
   <Placemark>
      <name>3d8fffffffffffff</name>
      <Point>
         <coordinates>
            7.843982,7.838964
         </coordinates>
      </Point>
   </Placemark>
   <Placemark>
      <name>464fffffffffffff</name>
      <Point>
         <coordinates>
            12.614353,16.812436
         </coordinates>
      </Point>
   </Placemark>
   <Placemark>
      <name>46cfffffffffffff</name>
      <Point>
         <coordinates>
            18.492731,25.430544
         </coordinates>
      </Point>
   </Placemark>
   <Placemark>
      <name>06b7ffffffffffff</name>
      <Point>
         <coordinates>
            25.447426,33.493686
         </coordinates>
      </Point>
   </Placemark>
   <Placemark>
      <name>3957ffffffffffff</name>
      <Point>
         <coordinates>
            -9.843498,-22.372938
         </coordinates>
      </Point>
   </Placemark>
   <Placemark>
      <name>3817ffffffffffff</name>
      <Point>
         <coordinates>
            -2.792634,-14.342900
         </coordinates>
      </Point>
   </Placemark>
   <Placemark>
      <name>3897ffffffffffff</name>
      <Point>
         <coordinates>
            2.585002,-5.283594
         </coordinates>
      </Point>
   </Placemark>
   <Placemark>
      <name>3d17ffffffffffff</name>
      <Point>
         <coordinates>
            7.218291,3.930715
         </coordinates>
      </Point>
   </Placemark>
   <Placemark>
      <name>3d97ffffffffffff</name>
      <Point>
         <coordinates>
            11.889202,12.955078
         </coordinates>
      </Point>
   </Placemark>
   <Placemark>
      <name>4657ffffffffffff</name>
      <Point>
         <coordinates>
            17.331852,21.829427
         </coordinates>
      </Point>
   </Placemark>
   <Placemark>
      <name>46d7ffffffffffff</name>
      <Point>
         <coordinates>
            23.995374,30.030850
         </coordinates>
      </Point>
   </Placemark>
   <Placemark>
      <name>3947ffffffffffff</name>
      <Point>
         <coordinates>
            -11.534517,-25.767021
         </coordinates>
      </Point>
   </Placemark>
   <Placemark>
      <name>3807ffffffffffff</name>
      <Point>
         <coordinates>
            -4.186511,-17.954461
         </coordinates>
      </Point>
   </Placemark>
   <Placemark>
      <name>3887ffffffffffff</name>
      <Point>
         <coordinates>
            1.788276,-9.226287
         </coordinates>
      </Point>
   </Placemark>
   <Placemark>
      <name>3d07ffffffffffff</name>
      <Point>
         <coordinates>
            6.574820,0.000000
         </coordinates>
      </Point>
   </Placemark>
   <Placemark>
      <name>3d87ffffffffffff</name>
      <Point>
         <coordinates>
            11.200000,9.074451
         </coordinates>
      </Point>
   </Placemark>
   <Placemark>
      <name>4647ffffffffffff</name>
      <Point>
         <coordinates>
            16.204829,18.162537
         </coordinates>
      </Point>
   </Placemark>
   <Placemark>
      <name>46c7ffffffffffff</name>
      <Point>
         <coordinates>
            22.675842,26.543198
         </coordinates>
      </Point>
   </Placemark>
   <Placemark>
      <name>382fffffffffffff</name>
      <Point>
         <coordinates>
            -5.676989,-21.487238
         </coordinates>
      </Point>
   </Placemark>
   <Placemark>
      <name>38afffffffffffff</name>
      <Point>
         <coordinates>
            0.882483,-13.120872
         </coordinates>
      </Point>
   </Placemark>
   <Placemark>
      <name>3d2fffffffffffff</name>
      <Point>
         <coordinates>
            5.898291,-3.941323
         </coordinates>
      </Point>
   </Placemark>
   <Placemark>
      <name>3dafffffffffffff</name>
      <Point>
         <coordinates>
            10.532188,5.200585
         </coordinates>
      </Point>
   </Placemark>
   <Placemark>
      <name>466fffffffffffff</name>
      <Point>
         <coordinates>
            15.363490,14.320984
         </coordinates>
      </Point>
   </Placemark>
   <Placemark>
      <name>46efffffffffffff</name>
      <Point>
         <coordinates>
            21.332080,22.974890
         </coordinates>
      </Point>
   </Placemark>
   <Placemark>
      <name>0697ffffffffffff</name>
      <Point>
         <coordinates>
            28.448755,30.994353
         </coordinates>
      </Point>
   </Placemark>
   <Placemark>
      <name>3977ffffffffffff</name>
      <Point>
         <coordinates>
            -7.239427,-24.963949
         </coordinates>
      </Point>
   </Placemark>
   <Placemark>
      <name>3837ffffffffffff</name>
      <Point>
         <coordinates>
            -0.268708,-16.863198
         </coordinates>
      </Point>
   </Placemark>
   <Placemark>
      <name>38b7ffffffffffff</name>
      <Point>
         <coordinates>
            5.171980,-7.878059
         </coordinates>
      </Point>
   </Placemark>
   <Placemark>
      <name>3d37ffffffffffff</name>
      <Point>
         <coordinates>
            9.872950,1.303047
         </coordinates>
      </Point>
   </Placemark>
   <Placemark>
      <name>3db7ffffffffffff</name>
      <Point>
         <coordinates>
            14.593248,10.436250
         </coordinates>
      </Point>
   </Placemark>
   <Placemark>
      <name>4677ffffffffffff</name>
      <Point>
         <coordinates>
            20.054204,19.360071
         </coordinates>
      </Point>
   </Placemark>
   <Placemark>
      <name>46f7ffffffffffff</name>
      <Point>
         <coordinates>
            26.923643,27.534086
         </coordinates>
      </Point>
   </Placemark>
   <Placemark>
      <name>3967ffffffffffff</name>
      <Point>
         <coordinates>
            -8.866565,-28.402191
         </coordinates>
      </Point>
   </Placemark>
   <Placemark>
      <name>3827ffffffffffff</name>
      <Point>
         <coordinates>
            -1.611822,-20.475312
         </coordinates>
      </Point>
   </Placemark>
   <Placemark>
      <name>38a7ffffffffffff</name>
      <Point>
         <coordinates>
            4.377271,-11.791255
         </coordinates>
      </Point>
   </Placemark>
   <Placemark>
      <name>3d27ffffffffffff</name>
      <Point>
         <coordinates>
            9.208688,-2.609755
         </coordinates>
      </Point>
   </Placemark>
   <Placemark>
      <name>3da7ffffffffffff</name>
      <Point>
         <coordinates>
            13.874891,6.527218
         </coordinates>
      </Point>
   </Placemark>
   <Placemark>
      <name>4667ffffffffffff</name>
      <Point>
         <coordinates>
            18.906730,15.657833
         </coordinates>
      </Point>
   </Placemark>
   <Placemark>
      <name>46e7ffffffffffff</name>
      <Point>
         <coordinates>
            25.435697,24.026307
         </coordinates>
      </Point>
   </Placemark>
   <Placemark>
      <name>391fffffffffffff</name>
      <Point>
         <coordinates>
            -3.035697,-24.026307
         </coordinates>
      </Point>
   </Placemark>
   <Placemark>
      <name>399fffffffffffff</name>
      <Point>
         <coordinates>
            3.493270,-15.657833
         </coordinates>
      </Point>
   </Placemark>
   <Placemark>
      <name>425fffffffffffff</name>
      <Point>
         <coordinates>
            8.525109,-6.527218
         </coordinates>
      </Point>
   </Placemark>
   <Placemark>
      <name>42dfffffffffffff</name>
      <Point>
         <coordinates>
            13.191312,2.609755
         </coordinates>
      </Point>
   </Placemark>
   <Placemark>
      <name>475fffffffffffff</name>
      <Point>
         <coordinates>
            18.022729,11.791255
         </coordinates>
      </Point>
   </Placemark>
   <Placemark>
      <name>461fffffffffffff</name>
      <Point>
         <coordinates>
            24.011822,20.475312
         </coordinates>
      </Point>
   </Placemark>
   <Placemark>
      <name>469fffffffffffff</name>
      <Point>
         <coordinates>
            31.266565,28.402191
         </coordinates>
      </Point>
   </Placemark>
   <Placemark>
      <name>390fffffffffffff</name>
      <Point>
         <coordinates>
            -4.523643,-27.534086
         </coordinates>
      </Point>
   </Placemark>
   <Placemark>
      <name>398fffffffffffff</name>
      <Point>
         <coordinates>
            2.345796,-19.360071
         </coordinates>
      </Point>
   </Placemark>
   <Placemark>
      <name>424fffffffffffff</name>
      <Point>
         <coordinates>
            7.806752,-10.436250
         </coordinates>
      </Point>
   </Placemark>
   <Placemark>
      <name>42cfffffffffffff</name>
      <Point>
         <coordinates>
            12.527050,-1.303047
         </coordinates>
      </Point>
   </Placemark>
   <Placemark>
      <name>474fffffffffffff</name>
      <Point>
         <coordinates>
            17.228020,7.878059
         </coordinates>
      </Point>
   </Placemark>
   <Placemark>
      <name>460fffffffffffff</name>
      <Point>
         <coordinates>
            22.668708,16.863198
         </coordinates>
      </Point>
   </Placemark>
   <Placemark>
      <name>468fffffffffffff</name>
      <Point>
         <coordinates>
            29.639427,24.963949
         </coordinates>
      </Point>
   </Placemark>
   <Placemark>
      <name>8697ffffffffffff</name>
      <Point>
         <coordinates>
            -6.048755,-30.994353
         </coordinates>
      </Point>
   </Placemark>
   <Placemark>
      <name>3917ffffffffffff</name>
      <Point>
         <coordinates>
            1.067920,-22.974890
         </coordinates>
      </Point>
   </Placemark>
   <Placemark>
      <name>3997ffffffffffff</name>
      <Point>
         <coordinates>
            7.036510,-14.320984
         </coordinates>
      </Point>
   </Placemark>
   <Placemark>
      <name>4257ffffffffffff</name>
      <Point>
         <coordinates>
            11.867812,-5.200585
         </coordinates>
      </Point>
   </Placemark>
   <Placemark>
      <name>42d7ffffffffffff</name>
      <Point>
         <coordinates>
            16.501709,3.941323
         </coordinates>
      </Point>
   </Placemark>
   <Placemark>
      <name>4757ffffffffffff</name>
      <Point>
         <coordinates>
            21.517517,13.120872
         </coordinates>
      </Point>
   </Placemark>
   <Placemark>
      <name>4617ffffffffffff</name>
      <Point>
         <coordinates>
            28.076989,21.487238
         </coordinates>
      </Point>
   </Placemark>
   <Placemark>
      <name>8687ffffffffffff</name>
      <Point>
         <coordinates>
            -7.709002,-34.425289
         </coordinates>
      </Point>
   </Placemark>
   <Placemark>
      <name>3907ffffffffffff</name>
      <Point>
         <coordinates>
            -0.275842,-26.543198
         </coordinates>
      </Point>
   </Placemark>
   <Placemark>
      <name>3987ffffffffffff</name>
      <Point>
         <coordinates>
            6.195171,-18.162537
         </coordinates>
      </Point>
   </Placemark>
   <Placemark>
      <name>4247ffffffffffff</name>
      <Point>
         <coordinates>
            11.200000,-9.074451
         </coordinates>
      </Point>
   </Placemark>
   <Placemark>
      <name>42c7ffffffffffff</name>
      <Point>
         <coordinates>
            15.825180,0.000000
         </coordinates>
      </Point>
   </Placemark>
   <Placemark>
      <name>4747ffffffffffff</name>
      <Point>
         <coordinates>
            20.611724,9.226287
         </coordinates>
      </Point>
   </Placemark>
   <Placemark>
      <name>4607ffffffffffff</name>
      <Point>
         <coordinates>
            26.586511,17.954461
         </coordinates>
      </Point>
   </Placemark>
   <Placemark>
      <name>392fffffffffffff</name>
      <Point>
         <coordinates>
            -1.595374,-30.030850
         </coordinates>
      </Point>
   </Placemark>
   <Placemark>
      <name>39afffffffffffff</name>
      <Point>
         <coordinates>
            5.068148,-21.829427
         </coordinates>
      </Point>
   </Placemark>
   <Placemark>
      <name>426fffffffffffff</name>
      <Point>
         <coordinates>
            10.510798,-12.955078
         </coordinates>
      </Point>
   </Placemark>
   <Placemark>
      <name>42efffffffffffff</name>
      <Point>
         <coordinates>
            15.181709,-3.930715
         </coordinates>
      </Point>
   </Placemark>
   <Placemark>
      <name>476fffffffffffff</name>
      <Point>
         <coordinates>
            19.814998,5.283594
         </coordinates>
      </Point>
   </Placemark>
   <Placemark>
      <name>462fffffffffffff</name>
      <Point>
         <coordinates>
            25.192634,14.342900
         </coordinates>
      </Point>
   </Placemark>
   <Placemark>
      <name>46afffffffffffff</name>
      <Point>
         <coordinates>
            32.243498,22.372938
         </coordinates>
      </Point>
   </Placemark>
   <Placemark>
      <name>86b7ffffffffffff</name>
      <Point>
         <coordinates>
            -3.047426,-33.493686
         </coordinates>
      </Point>
   </Placemark>
   <Placemark>
      <name>3937ffffffffffff</name>
      <Point>
         <coordinates>
            3.907269,-25.430544
         </coordinates>
      </Point>
   </Placemark>
   <Placemark>
      <name>39b7ffffffffffff</name>
      <Point>
         <coordinates>
            9.785647,-16.812436
         </coordinates>
      </Point>
   </Placemark>
   <Placemark>
      <name>4277ffffffffffff</name>
      <Point>
         <coordinates>
            14.556018,-7.838964
         </coordinates>
      </Point>
   </Placemark>
   <Placemark>
      <name>42f7ffffffffffff</name>
      <Point>
         <coordinates>
            19.104554,1.321145
         </coordinates>
      </Point>
   </Placemark>
   <Placemark>
      <name>4777ffffffffffff</name>
      <Point>
         <coordinates>
            24.055834,10.554280
         </coordinates>
      </Point>
   </Placemark>
   <Placemark>
      <name>4637ffffffffffff</name>
      <Point>
         <coordinates>
            30.618981,18.930206
         </coordinates>
      </Point>
   </Placemark>
   <Placemark>
      <name>86a7ffffffffffff</name>
      <Point>
         <coordinates>
            -4.652889,-36.939761
         </coordinates>
      </Point>
   </Placemark>
   <Placemark>
      <name>3927ffffffffffff</name>
      <Point>
         <coordinates>
            2.771873,-28.944549
         </coordinates>
      </Point>
   </Placemark>
   <Placemark>
      <name>39a7ffffffffffff</name>
      <Point>
         <coordinates>
            8.966088,-20.608188
         </coordinates>
      </Point>
   </Placemark>
   <Placemark>
      <name>4267ffffffffffff</name>
      <Point>
         <coordinates>
            13.933806,-11.715774
         </coordinates>
      </Point>
   </Placemark>
   <Placemark>
      <name>42e7ffffffffffff</name>
      <Point>
         <coordinates>
            18.460094,-2.638456
         </coordinates>
      </Point>
   </Placemark>
   <Placemark>
      <name>4767ffffffffffff</name>
      <Point>
         <coordinates>
            23.151491,6.628110
         </coordinates>
      </Point>
   </Placemark>
   <Placemark>
      <name>4627ffffffffffff</name>
      <Point>
         <coordinates>
            29.072951,15.416635
         </coordinates>
      </Point>
   </Placemark>
   <Placemark>
      <name>845fffffffffffff</name>
      <Point>
         <coordinates>
            1.525999,-32.431349
         </coordinates>
      </Point>
   </Placemark>
   <Placemark>
      <name>84dfffffffffffff</name>
      <Point>
         <coordinates>
            7.998424,-24.223466
         </coordinates>
      </Point>
   </Placemark>
   <Placemark>
      <name>435fffffffffffff</name>
      <Point>
         <coordinates>
            13.301262,-15.554611
         </coordinates>
      </Point>
   </Placemark>
   <Placemark>
      <name>421fffffffffffff</name>
      <Point>
         <coordinates>
            17.863533,-6.577761
         </coordinates>
      </Point>
   </Placemark>
   <Placemark>
      <name>429fffffffffffff</name>
      <Point>
         <coordinates>
            22.378803,2.655984
         </coordinates>
      </Point>
   </Placemark>
   <Placemark>
      <name>471fffffffffffff</name>
      <Point>
         <coordinates>
            27.642384,11.802061
         </coordinates>
      </Point>
   </Placemark>
   <Placemark>
      <name>479fffffffffffff</name>
      <Point>
         <coordinates>
            34.755891,19.762730
         </coordinates>
      </Point>
   </Placemark>
   <Placemark>
      <name>844fffffffffffff</name>
      <Point>
         <coordinates>
            0.150412,-35.898134
         </coordinates>
      </Point>
   </Placemark>
   <Placemark>
      <name>84cfffffffffffff</name>
      <Point>
         <coordinates>
            7.040387,-27.759407
         </coordinates>
      </Point>
   </Placemark>
   <Placemark>
      <name>434fffffffffffff</name>
      <Point>
         <coordinates>
            12.644563,-19.350950
         </coordinates>
      </Point>
   </Placemark>
   <Placemark>
      <name>420fffffffffffff</name>
      <Point>
         <coordinates>
            17.298602,-10.483809
         </coordinates>
      </Point>
   </Placemark>
   <Placemark>
      <name>428fffffffffffff</name>
      <Point>
         <coordinates>
            21.712481,-1.327102
         </coordinates>
      </Point>
   </Placemark>
   <Placemark>
      <name>470fffffffffffff</name>
      <Point>
         <coordinates>
            26.541267,7.959291
         </coordinates>
      </Point>
   </Placemark>
   <Placemark>
      <name>478fffffffffffff</name>
      <Point>
         <coordinates>
            33.079167,16.358189
         </coordinates>
      </Point>
   </Placemark>
   <Placemark>
      <name>8797ffffffffffff</name>
      <Point>
         <coordinates>
            -1.376991,-39.354203
         </coordinates>
      </Point>
   </Placemark>
   <Placemark>
      <name>8457ffffffffffff</name>
      <Point>
         <coordinates>
            5.994742,-31.264825
         </coordinates>
      </Point>
   </Placemark>
   <Placemark>
      <name>84d7ffffffffffff</name>
      <Point>
         <coordinates>
            11.990422,-22.990690
         </coordinates>
      </Point>
   </Placemark>
   <Placemark>
      <name>4357ffffffffffff</name>
      <Point>
         <coordinates>
            16.750384,-14.347423
         </coordinates>
      </Point>
   </Placemark>
   <Placemark>
      <name>4217ffffffffffff</name>
      <Point>
         <coordinates>
            21.130049,-5.294382
         </coordinates>
      </Point>
   </Placemark>
   <Placemark>
      <name>4297ffffffffffff</name>
      <Point>
         <coordinates>
            25.666483,3.998192
         </coordinates>
      </Point>
   </Placemark>
   <Placemark>
      <name>4717ffffffffffff</name>
      <Point>
         <coordinates>
            31.486405,12.865403
         </coordinates>
      </Point>
   </Placemark>
   <Placemark>
      <name>8787ffffffffffff</name>
      <Point>
         <coordinates>
            -3.079793,-42.812762
         </coordinates>
      </Point>
   </Placemark>
   <Placemark>
      <name>8447ffffffffffff</name>
      <Point>
         <coordinates>
            4.844930,-34.745844
         </coordinates>
      </Point>
   </Placemark>
   <Placemark>
      <name>84c7ffffffffffff</name>
      <Point>
         <coordinates>
            11.200000,-26.502470
         </coordinates>
      </Point>
   </Placemark>
   <Placemark>
      <name>4347ffffffffffff</name>
      <Point>
         <coordinates>
            16.204829,-18.162537
         </coordinates>
      </Point>
   </Placemark>
   <Placemark>
      <name>4207ffffffffffff</name>
      <Point>
         <coordinates>
            20.611724,-9.226287
         </coordinates>
      </Point>
   </Placemark>
   <Placemark>
      <name>4287ffffffffffff</name>
      <Point>
         <coordinates>
            24.950210,0.000000
         </coordinates>
      </Point>
   </Placemark>
   <Placemark>
      <name>4707ffffffffffff</name>
      <Point>
         <coordinates>
            30.034464,9.242056
         </coordinates>
      </Point>
   </Placemark>
   <Placemark>
      <name>846fffffffffffff</name>
      <Point>
         <coordinates>
            3.571110,-38.209991
         </coordinates>
      </Point>
   </Placemark>
   <Placemark>
      <name>84efffffffffffff</name>
      <Point>
         <coordinates>
            10.345143,-30.024791
         </coordinates>
      </Point>
   </Placemark>
   <Placemark>
      <name>436fffffffffffff</name>
      <Point>
         <coordinates>
            15.807162,-21.836487
         </coordinates>
      </Point>
   </Placemark>
   <Placemark>
      <name>422fffffffffffff</name>
      <Point>
         <coordinates>
            20.140068,-13.109297
         </coordinates>
      </Point>
   </Placemark>
   <Placemark>
      <name>42afffffffffffff</name>
      <Point>
         <coordinates>
            24.363317,-3.992070
         </coordinates>
      </Point>
   </Placemark>
   <Placemark>
      <name>472fffffffffffff</name>
      <Point>
         <coordinates>
            28.996573,5.335687
         </coordinates>
      </Point>
   </Placemark>
   <Placemark>
      <name>47afffffffffffff</name>
      <Point>
         <coordinates>
            35.473778,13.772706
         </coordinates>
      </Point>
   </Placemark>
   <Placemark>
      <name>87b7ffffffffffff</name>
      <Point>
         <coordinates>
            2.150052,-41.667554
         </coordinates>
      </Point>
   </Placemark>
   <Placemark>
      <name>8477ffffffffffff</name>
      <Point>
         <coordinates>
            9.412253,-33.517911
         </coordinates>
      </Point>
   </Placemark>
   <Placemark>
      <name>84f7ffffffffffff</name>
      <Point>
         <coordinates>
            15.252506,-25.413616
         </coordinates>
      </Point>
   </Placemark>
   <Placemark>
      <name>4377ffffffffffff</name>
      <Point>
         <coordinates>
            19.738068,-16.911124
         </coordinates>
      </Point>
   </Placemark>
   <Placemark>
      <name>4237ffffffffffff</name>
      <Point>
         <coordinates>
            23.880073,-7.946989
         </coordinates>
      </Point>
   </Placemark>
   <Placemark>
      <name>42b7ffffffffffff</name>
      <Point>
         <coordinates>
            28.188611,1.338810
         </coordinates>
      </Point>
   </Placemark>
   <Placemark>
      <name>4737ffffffffffff</name>
      <Point>
         <coordinates>
            33.840861,10.303766
         </coordinates>
      </Point>
   </Placemark>
   <Placemark>
      <name>87a7ffffffffffff</name>
      <Point>
         <coordinates>
            0.556833,-45.134247
         </coordinates>
      </Point>
   </Placemark>
   <Placemark>
      <name>8467ffffffffffff</name>
      <Point>
         <coordinates>
            8.385154,-36.987441
         </coordinates>
      </Point>
   </Placemark>
   <Placemark>
      <name>84e7ffffffffffff</name>
      <Point>
         <coordinates>
            14.573179,-28.914285
         </coordinates>
      </Point>
   </Placemark>
   <Placemark>
      <name>4367ffffffffffff</name>
      <Point>
         <coordinates>
            19.463174,-20.588374
         </coordinates>
      </Point>
   </Placemark>
   <Placemark>
      <name>4227ffffffffffff</name>
      <Point>
         <coordinates>
            23.478246,-11.843927
         </coordinates>
      </Point>
   </Placemark>
   <Placemark>
      <name>42a7ffffffffffff</name>
      <Point>
         <coordinates>
            27.571805,-2.673776
         </coordinates>
      </Point>
   </Placemark>
   <Placemark>
      <name>4727ffffffffffff</name>
      <Point>
         <coordinates>
            32.422552,6.637126
         </coordinates>
      </Point>
   </Placemark>
   <Placemark>
      <name>855fffffffffffff</name>
      <Point>
         <coordinates>
            7.243957,-40.440446
         </coordinates>
      </Point>
   </Placemark>
   <Placemark>
      <name>841fffffffffffff</name>
      <Point>
         <coordinates>
            13.841390,-32.381726
         </coordinates>
      </Point>
   </Placemark>
   <Placemark>
      <name>849fffffffffffff</name>
      <Point>
         <coordinates>
            19.165180,-24.230276
         </coordinates>
      </Point>
   </Placemark>
   <Placemark>
      <name>431fffffffffffff</name>
      <Point>
         <coordinates>
            23.213180,-15.622718
         </coordinates>
      </Point>
   </Placemark>
   <Placemark>
      <name>439fffffffffffff</name>
      <Point>
         <coordinates>
            27.110379,-6.649454
         </coordinates>
      </Point>
   </Placemark>
   <Placemark>
      <name>405fffffffffffff</name>
      <Point>
         <coordinates>
            31.452630,2.682166
         </coordinates>
      </Point>
   </Placemark>
   <Placemark>
      <name>40dfffffffffffff</name>
      <Point>
         <coordinates>
            37.818455,11.172870
         </coordinates>
      </Point>
   </Placemark>
   <Placemark>
      <name>854fffffffffffff</name>
      <Point>
         <coordinates>
            5.964499,-43.887118
         </coordinates>
      </Point>
   </Placemark>
   <Placemark>
      <name>840fffffffffffff</name>
      <Point>
         <coordinates>
            13.045510,-35.819676
         </coordinates>
      </Point>
   </Placemark>
   <Placemark>
      <name>848fffffffffffff</name>
      <Point>
         <coordinates>
            18.684818,-27.778836
         </coordinates>
      </Point>
   </Placemark>
   <Placemark>
      <name>430fffffffffffff</name>
      <Point>
         <coordinates>
            23.052702,-19.293985
         </coordinates>
      </Point>
   </Placemark>
   <Placemark>
      <name>438fffffffffffff</name>
      <Point>
         <coordinates>
            26.773245,-10.554274
         </coordinates>
      </Point>
   </Placemark>
   <Placemark>
      <name>404fffffffffffff</name>
      <Point>
         <coordinates>
            30.765885,-1.342177
         </coordinates>
      </Point>
   </Placemark>
   <Placemark>
      <name>40cfffffffffffff</name>
      <Point>
         <coordinates>
            36.149289,7.734285
         </coordinates>
      </Point>
   </Placemark>
   <Placemark>
      <name>80d7ffffffffffff</name>
      <Point>
         <coordinates>
            4.519557,-47.344569
         </coordinates>
      </Point>
   </Placemark>
   <Placemark>
      <name>8557ffffffffffff</name>
      <Point>
         <coordinates>
            12.171118,-39.232129
         </coordinates>
      </Point>
   </Placemark>
   <Placemark>
      <name>8417ffffffffffff</name>
      <Point>
         <coordinates>
            18.138570,-31.277487
         </coordinates>
      </Point>
   </Placemark>
   <Placemark>
      <name>8497ffffffffffff</name>
      <Point>
         <coordinates>
            22.882286,-22.928591
         </coordinates>
      </Point>
   </Placemark>
   <Placemark>
      <name>4317ffffffffffff</name>
      <Point>
         <coordinates>
            26.640339,-14.299157
         </coordinates>
      </Point>
   </Placemark>
   <Placemark>
      <name>4397ffffffffffff</name>
      <Point>
         <coordinates>
            30.309216,-5.337020
         </coordinates>
      </Point>
   </Placemark>
   <Placemark>
      <name>4057ffffffffffff</name>
      <Point>
         <coordinates>
            34.794583,4.008134
         </coordinates>
      </Point>
   </Placemark>
   <Placemark>
      <name>80c7ffffffffffff</name>
      <Point>
         <coordinates>
            2.889811,-50.846210
         </coordinates>
      </Point>
   </Placemark>
   <Placemark>
      <name>8547ffffffffffff</name>
      <Point>
         <coordinates>
            11.200000,-42.624147
         </coordinates>
      </Point>
   </Placemark>
   <Placemark>
      <name>8407ffffffffffff</name>
      <Point>
         <coordinates>
            17.555070,-34.745844
         </coordinates>
      </Point>
   </Placemark>
   <Placemark>
      <name>8487ffffffffffff</name>
      <Point>
         <coordinates>
            22.675842,-26.543198
         </coordinates>
      </Point>
   </Placemark>
   <Placemark>
      <name>4307ffffffffffff</name>
      <Point>
         <coordinates>
            26.586511,-17.954461
         </coordinates>
      </Point>
   </Placemark>
   <Placemark>
      <name>4387ffffffffffff</name>
      <Point>
         <coordinates>
            30.034464,-9.242056
         </coordinates>
      </Point>
   </Placemark>
   <Placemark>
      <name>4047ffffffffffff</name>
      <Point>
         <coordinates>
            33.961492,0.000000
         </coordinates>
      </Point>
   </Placemark>
   <Placemark>
      <name>856fffffffffffff</name>
      <Point>
         <coordinates>
            10.107977,-46.046443
         </coordinates>
      </Point>
   </Placemark>
   <Placemark>
      <name>842fffffffffffff</name>
      <Point>
         <coordinates>
            16.925000,-38.187078
         </coordinates>
      </Point>
   </Placemark>
   <Placemark>
      <name>84afffffffffffff</name>
      <Point>
         <coordinates>
            22.299110,-30.076697
         </coordinates>
      </Point>
   </Placemark>
   <Placemark>
      <name>432fffffffffffff</name>
      <Point>
         <coordinates>
            26.532544,-21.572145
         </coordinates>
      </Point>
   </Placemark>
   <Placemark>
      <name>43afffffffffffff</name>
      <Point>
         <coordinates>
            30.030808,-12.940122
         </coordinates>
      </Point>
   </Placemark>
   <Placemark>
      <name>406fffffffffffff</name>
      <Point>
         <coordinates>
            33.483036,-4.012860
         </coordinates>
      </Point>
   </Placemark>
   <Placemark>
      <name>40efffffffffffff</name>
      <Point>
         <coordinates>
            38.423865,5.159192
         </coordinates>
      </Point>
   </Placemark>
   <Placemark>
      <name>80f7ffffffffffff</name>
      <Point>
         <coordinates>
            8.864230,-49.469470
         </coordinates>
      </Point>
   </Placemark>
   <Placemark>
      <name>8577ffffffffffff</name>
      <Point>
         <coordinates>
            16.236768,-41.604042
         </coordinates>
      </Point>
   </Placemark>
   <Placemark>
      <name>8437ffffffffffff</name>
      <Point>
         <coordinates>
            21.909136,-33.581580
         </coordinates>
      </Point>
   </Placemark>
   <Placemark>
      <name>84b7ffffffffffff</name>
      <Point>
         <coordinates>
            26.454935,-25.170888
         </coordinates>
      </Point>
   </Placemark>
   <Placemark>
      <name>4337ffffffffffff</name>
      <Point>
         <coordinates>
            30.076116,-16.568272
         </coordinates>
      </Point>
   </Placemark>
   <Placemark>
      <name>43b7ffffffffffff</name>
      <Point>
         <coordinates>
            33.308978,-7.881531
         </coordinates>
      </Point>
   </Placemark>
   <Placemark>
      <name>4077ffffffffffff</name>
      <Point>
         <coordinates>
            37.195736,1.346055
         </coordinates>
      </Point>
   </Placemark>
   <Placemark>
      <name>80e7ffffffffffff</name>
      <Point>
         <coordinates>
            7.438126,-52.926557
         </coordinates>
      </Point>
   </Placemark>
   <Placemark>
      <name>8567ffffffffffff</name>
      <Point>
         <coordinates>
            15.475608,-44.999255
         </coordinates>
      </Point>
   </Placemark>
   <Placemark>
      <name>8427ffffffffffff</name>
      <Point>
         <coordinates>
            21.500728,-37.062097
         </coordinates>
      </Point>
   </Placemark>
   <Placemark>
      <name>84a7ffffffffffff</name>
      <Point>
         <coordinates>
            26.321072,-28.756356
         </coordinates>
      </Point>
   </Placemark>
   <Placemark>
      <name>4327ffffffffffff</name>
      <Point>
         <coordinates>
            30.127206,-20.159192
         </coordinates>
      </Point>
   </Placemark>
   <Placemark>
      <name>43a7ffffffffffff</name>
      <Point>
         <coordinates>
            33.397738,-11.541340
         </coordinates>
      </Point>
   </Placemark>
   <Placemark>
      <name>4067ffffffffffff</name>
      <Point>
         <coordinates>
            36.638182,-2.680015
         </coordinates>
      </Point>
   </Placemark>
   <Placemark>
      <name>809fffffffffffff</name>
      <Point>
         <coordinates>
            14.622283,-48.374853
         </coordinates>
      </Point>
   </Placemark>
   <Placemark>
      <name>851fffffffffffff</name>
      <Point>
         <coordinates>
            21.067444,-40.522677
         </coordinates>
      </Point>
   </Placemark>
   <Placemark>
      <name>859fffffffffffff</name>
      <Point>
         <coordinates>
            26.105044,-32.296202
         </coordinates>
      </Point>
   </Placemark>
   <Placemark>
      <name>4a5fffffffffffff</name>
      <Point>
         <coordinates>
            30.163970,-23.733255
         </coordinates>
      </Point>
   </Placemark>
   <Placemark>
      <name>4adfffffffffffff</name>
      <Point>
         <coordinates>
            33.534008,-15.129434
         </coordinates>
      </Point>
   </Placemark>
   <Placemark>
      <name>415fffffffffffff</name>
      <Point>
         <coordinates>
            36.576774,-6.491208
         </coordinates>
      </Point>
   </Placemark>
   <Placemark>
      <name>401fffffffffffff</name>
      <Point>
         <coordinates>
            40.676186,2.580482
         </coordinates>
      </Point>
   </Placemark>
   <Placemark>
      <name>808fffffffffffff</name>
      <Point>
         <coordinates>
            13.651107,-51.732499
         </coordinates>
      </Point>
   </Placemark>
   <Placemark>
      <name>850fffffffffffff</name>
      <Point>
         <coordinates>
            20.600809,-43.968350
         </coordinates>
      </Point>
   </Placemark>
   <Placemark>
      <name>858fffffffffffff</name>
      <Point>
         <coordinates>
            25.894899,-35.814520
         </coordinates>
      </Point>
   </Placemark>
   <Placemark>
      <name>4a4fffffffffffff</name>
      <Point>
         <coordinates>
            30.174795,-27.304214
         </coordinates>
      </Point>
   </Placemark>
   <Placemark>
      <name>4acfffffffffffff</name>
      <Point>
         <coordinates>
            33.677702,-18.683671
         </coordinates>
      </Point>
   </Placemark>
   <Placemark>
      <name>414fffffffffffff</name>
      <Point>
         <coordinates>
            36.757348,-10.090073
         </coordinates>
      </Point>
   </Placemark>
   <Placemark>
      <name>400fffffffffffff</name>
      <Point>
         <coordinates>
            39.780923,-1.341434
         </coordinates>
      </Point>
   </Placemark>
   <Placemark>
      <name>8017ffffffffffff</name>
      <Point>
         <coordinates>
            12.526890,-55.073224
         </coordinates>
      </Point>
   </Placemark>
   <Placemark>
      <name>8097ffffffffffff</name>
      <Point>
         <coordinates>
            20.088644,-47.405774
         </coordinates>
      </Point>
   </Placemark>
   <Placemark>
      <name>8517ffffffffffff</name>
      <Point>
         <coordinates>
            25.687944,-39.317480
         </coordinates>
      </Point>
   </Placemark>
   <Placemark>
      <name>8597ffffffffffff</name>
      <Point>
         <coordinates>
            30.143776,-30.874940
         </coordinates>
      </Point>
   </Placemark>
   <Placemark>
      <name>4a57ffffffffffff</name>
      <Point>
         <coordinates>
            33.813596,-22.225113
         </coordinates>
      </Point>
   </Placemark>
   <Placemark>
      <name>4ad7ffffffffffff</name>
      <Point>
         <coordinates>
            36.973539,-13.623640
         </coordinates>
      </Point>
   </Placemark>
   <Placemark>
      <name>4157ffffffffffff</name>
      <Point>
         <coordinates>
            39.865280,-5.045986
         </coordinates>
      </Point>
   </Placemark>
   <Placemark>
      <name>4007ffffffffffff</name>
      <Point>
         <coordinates>
            42.917474,0.000000
         </coordinates>
      </Point>
   </Placemark>
   <Placemark>
      <name>40c7ffffffffffff</name>
      <Point>
         <coordinates>
            40.129364,8.551969
         </coordinates>
      </Point>
   </Placemark>
   <Placemark>
      <name>4787ffffffffffff</name>
      <Point>
         <coordinates>
            37.194937,17.132288
         </coordinates>
      </Point>
   </Placemark>
   <Placemark>
      <name>4687ffffffffffff</name>
      <Point>
         <coordinates>
            33.934517,25.767021
         </coordinates>
      </Point>
   </Placemark>
   <Placemark>
      <name>0687ffffffffffff</name>
      <Point>
         <coordinates>
            30.109002,34.425289
         </coordinates>
      </Point>
   </Placemark>
   <Placemark>
      <name>0787ffffffffffff</name>
      <Point>
         <coordinates>
            25.479793,42.812762
         </coordinates>
      </Point>
   </Placemark>
   <Placemark>
      <name>00c7ffffffffffff</name>
      <Point>
         <coordinates>
            19.510189,50.846210
         </coordinates>
      </Point>
   </Placemark>
   <Placemark>
      <name>40e7ffffffffffff</name>
      <Point>
         <coordinates>
            42.424541,5.881522
         </coordinates>
      </Point>
   </Placemark>
   <Placemark>
      <name>47a7ffffffffffff</name>
      <Point>
         <coordinates>
            39.577710,14.475845
         </coordinates>
      </Point>
   </Placemark>
   <Placemark>
      <name>46a7ffffffffffff</name>
      <Point>
         <coordinates>
            36.498207,23.108143
         </coordinates>
      </Point>
   </Placemark>
   <Placemark>
      <name>069fffffffffffff</name>
      <Point>
         <coordinates>
            32.973029,31.814405
         </coordinates>
      </Point>
   </Placemark>
   <Placemark>
      <name>079fffffffffffff</name>
      <Point>
         <coordinates>
            28.834245,40.379862
         </coordinates>
      </Point>
   </Placemark>
   <Placemark>
      <name>00dfffffffffffff</name>
      <Point>
         <coordinates>
            23.626406,48.636725
         </coordinates>
      </Point>
   </Placemark>
   <Placemark>
      <name>001fffffffffffff</name>
      <Point>
         <coordinates>
            16.490886,56.534769
         </coordinates>
      </Point>
   </Placemark>
   <Placemark>
      <name>4037ffffffffffff</name>
      <Point>
         <coordinates>
            44.670716,2.936867
         </coordinates>
      </Point>
   </Placemark>
   <Placemark>
      <name>40d7ffffffffffff</name>
      <Point>
         <coordinates>
            41.919775,11.777036
         </coordinates>
      </Point>
   </Placemark>
   <Placemark>
      <name>4797ffffffffffff</name>
      <Point>
         <coordinates>
            38.977626,20.422462
         </coordinates>
      </Point>
   </Placemark>
   <Placemark>
      <name>4697ffffffffffff</name>
      <Point>
         <coordinates>
            35.693648,29.128633
         </coordinates>
      </Point>
   </Placemark>
   <Placemark>
      <name>06afffffffffffff</name>
      <Point>
         <coordinates>
            31.943333,37.841341
         </coordinates>
      </Point>
   </Placemark>
   <Placemark>
      <name>07afffffffffffff</name>
      <Point>
         <coordinates>
            27.377226,46.294307
         </coordinates>
      </Point>
   </Placemark>
   <Placemark>
      <name>00efffffffffffff</name>
      <Point>
         <coordinates>
            21.265845,54.466844
         </coordinates>
      </Point>
   </Placemark>
   <Placemark>
      <name>4027ffffffffffff</name>
      <Point>
         <coordinates>
            46.240078,-0.765345
         </coordinates>
      </Point>
   </Placemark>
   <Placemark>
      <name>40f7ffffffffffff</name>
      <Point>
         <coordinates>
            44.229828,8.988749
         </coordinates>
      </Point>
   </Placemark>
   <Placemark>
      <name>47b7ffffffffffff</name>
      <Point>
         <coordinates>
            41.390106,17.700879
         </coordinates>
      </Point>
   </Placemark>
   <Placemark>
      <name>46b7ffffffffffff</name>
      <Point>
         <coordinates>
            38.305665,26.414279
         </coordinates>
      </Point>
   </Placemark>
   <Placemark>
      <name>068fffffffffffff</name>
      <Point>
         <coordinates>
            34.839180,35.203948
         </coordinates>
      </Point>
   </Placemark>
   <Placemark>
      <name>078fffffffffffff</name>
      <Point>
         <coordinates>
            30.811917,43.829702
         </coordinates>
      </Point>
   </Placemark>
   <Placemark>
      <name>00cfffffffffffff</name>
      <Point>
         <coordinates>
            25.572300,52.224403
         </coordinates>
      </Point>
   </Placemark>
   <Placemark>
      <name>419fffffffffffff</name>
      <Point>
         <coordinates>
            46.434692,5.873435
         </coordinates>
      </Point>
   </Placemark>
   <Placemark>
      <name>4c5fffffffffffff</name>
      <Point>
         <coordinates>
            43.748749,14.922253
         </coordinates>
      </Point>
   </Placemark>
   <Placemark>
      <name>4cdfffffffffffff</name>
      <Point>
         <coordinates>
            40.819691,23.668081
         </coordinates>
      </Point>
   </Placemark>
   <Placemark>
      <name>06f7ffffffffffff</name>
      <Point>
         <coordinates>
            37.550341,32.473810
         </coordinates>
      </Point>
   </Placemark>
   <Placemark>
      <name>0637ffffffffffff</name>
      <Point>
         <coordinates>
            33.972466,41.254614
         </coordinates>
      </Point>
   </Placemark>
   <Placemark>
      <name>0737ffffffffffff</name>
      <Point>
         <coordinates>
            29.463597,49.833172
         </coordinates>
      </Point>
   </Placemark>
   <Placemark>
      <name>0077ffffffffffff</name>
      <Point>
         <coordinates>
            22.390311,58.400387
         </coordinates>
      </Point>
   </Placemark>
   <Placemark>
      <name>418fffffffffffff</name>
      <Point>
         <coordinates>
            48.337427,2.283423
         </coordinates>
      </Point>
   </Placemark>
   <Placemark>
      <name>4c4fffffffffffff</name>
      <Point>
         <coordinates>
            46.054185,12.036419
         </coordinates>
      </Point>
   </Placemark>
   <Placemark>
      <name>4ccfffffffffffff</name>
      <Point>
         <coordinates>
            43.253346,20.879241
         </coordinates>
      </Point>
   </Placemark>
   <Placemark>
      <name>06d7ffffffffffff</name>
      <Point>
         <coordinates>
            40.187674,29.694750
         </coordinates>
      </Point>
   </Placemark>
   <Placemark>
      <name>0617ffffffffffff</name>
      <Point>
         <coordinates>
            36.895999,38.579248
         </coordinates>
      </Point>
   </Placemark>
   <Placemark>
      <name>0717ffffffffffff</name>
      <Point>
         <coordinates>
            32.992956,47.313948
         </coordinates>
      </Point>
   </Placemark>
   <Placemark>
      <name>0057ffffffffffff</name>
      <Point>
         <coordinates>
            27.314371,56.031310
         </coordinates>
      </Point>
   </Placemark>
   <Placemark>
      <name>4117ffffffffffff</name>
      <Point>
         <coordinates>
            49.566802,-1.528788
         </coordinates>
      </Point>
   </Placemark>
   <Placemark>
      <name>4197ffffffffffff</name>
      <Point>
         <coordinates>
            48.220387,8.809349
         </coordinates>
      </Point>
   </Placemark>
   <Placemark>
      <name>4c57ffffffffffff</name>
      <Point>
         <coordinates>
            45.617956,18.025283
         </coordinates>
      </Point>
   </Placemark>
   <Placemark>
      <name>4cd7ffffffffffff</name>
      <Point>
         <coordinates>
            42.730155,26.884882
         </coordinates>
      </Point>
   </Placemark>
   <Placemark>
      <name>06e7ffffffffffff</name>
      <Point>
         <coordinates>
            39.615546,35.811873
         </coordinates>
      </Point>
   </Placemark>
   <Placemark>
      <name>0627ffffffffffff</name>
      <Point>
         <coordinates>
            36.210197,44.683214
         </coordinates>
      </Point>
   </Placemark>
   <Placemark>
      <name>0727ffffffffffff</name>
      <Point>
         <coordinates>
            31.576460,53.513752
         </coordinates>
      </Point>
   </Placemark>
   <Placemark>
      <name>4107ffffffffffff</name>
      <Point>
         <coordinates>
            50.183408,-5.273568
         </coordinates>
      </Point>
   </Placemark>
   <Placemark>
      <name>4187ffffffffffff</name>
      <Point>
         <coordinates>
            50.183408,5.273568
         </coordinates>
      </Point>
   </Placemark>
   <Placemark>
      <name>4c47ffffffffffff</name>
      <Point>
         <coordinates>
            47.910312,15.059211
         </coordinates>
      </Point>
   </Placemark>
   <Placemark>
      <name>4cc7ffffffffffff</name>
      <Point>
         <coordinates>
            45.177222,24.028653
         </coordinates>
      </Point>
   </Placemark>
   <Placemark>
      <name>06c7ffffffffffff</name>
      <Point>
         <coordinates>
            42.160501,32.958880
         </coordinates>
      </Point>
   </Placemark>
   <Placemark>
      <name>0607ffffffffffff</name>
      <Point>
         <coordinates>
            39.160299,41.953804
         </coordinates>
      </Point>
   </Placemark>
   <Placemark>
      <name>0707ffffffffffff</name>
      <Point>
         <coordinates>
            35.336675,50.873628
         </coordinates>
      </Point>
   </Placemark>
   <Placemark>
      <name>41afffffffffffff</name>
      <Point>
         <coordinates>
            51.833769,1.528418
         </coordinates>
      </Point>
   </Placemark>
   <Placemark>
      <name>4c6fffffffffffff</name>
      <Point>
         <coordinates>
            50.039305,11.744132
         </coordinates>
      </Point>
   </Placemark>
   <Placemark>
      <name>4cefffffffffffff</name>
      <Point>
         <coordinates>
            47.539737,21.104119
         </coordinates>
      </Point>
   </Placemark>
   <Placemark>
      <name>06dfffffffffffff</name>
      <Point>
         <coordinates>
            44.724655,30.082914
         </coordinates>
      </Point>
   </Placemark>
   <Placemark>
      <name>061fffffffffffff</name>
      <Point>
         <coordinates>
            41.883056,39.135518
         </coordinates>
      </Point>
   </Placemark>
   <Placemark>
      <name>071fffffffffffff</name>
      <Point>
         <coordinates>
            38.646098,48.156053
         </coordinates>
      </Point>
   </Placemark>
   <Placemark>
      <name>005fffffffffffff</name>
      <Point>
         <coordinates>
            33.312539,57.440334
         </coordinates>
      </Point>
   </Placemark>
   <Placemark>
      <name>4137ffffffffffff</name>
      <Point>
         <coordinates>
            52.901783,-2.288414
         </coordinates>
      </Point>
   </Placemark>
   <Placemark>
      <name>41b7ffffffffffff</name>
      <Point>
         <coordinates>
            52.017582,8.232286
         </coordinates>
      </Point>
   </Placemark>
   <Placemark>
      <name>4c77ffffffffffff</name>
      <Point>
         <coordinates>
            49.798959,18.028666
         </coordinates>
      </Point>
   </Placemark>
   <Placemark>
      <name>4cf7ffffffffffff</name>
      <Point>
         <coordinates>
            47.177384,27.159435
         </coordinates>
      </Point>
   </Placemark>
   <Placemark>
      <name>06efffffffffffff</name>
      <Point>
         <coordinates>
            44.413322,36.235652
         </coordinates>
      </Point>
   </Placemark>
   <Placemark>
      <name>062fffffffffffff</name>
      <Point>
         <coordinates>
            41.636285,45.348453
         </coordinates>
      </Point>
   </Placemark>
   <Placemark>
      <name>072fffffffffffff</name>
      <Point>
         <coordinates>
            37.448593,54.683564
         </coordinates>
      </Point>
   </Placemark>
   <Placemark>
      <name>4127ffffffffffff</name>
      <Point>
         <coordinates>
            53.577230,-6.044151
         </coordinates>
      </Point>
   </Placemark>
   <Placemark>
      <name>41a7ffffffffffff</name>
      <Point>
         <coordinates>
            53.788785,4.552255
         </coordinates>
      </Point>
   </Placemark>
   <Placemark>
      <name>4c67ffffffffffff</name>
      <Point>
         <coordinates>
            51.903751,14.677119
         </coordinates>
      </Point>
   </Placemark>
   <Placemark>
      <name>4ce7ffffffffffff</name>
      <Point>
         <coordinates>
            49.530371,24.167908
         </coordinates>
      </Point>
   </Placemark>
   <Placemark>
      <name>06cfffffffffffff</name>
      <Point>
         <coordinates>
            46.824186,33.268417
         </coordinates>
      </Point>
   </Placemark>
   <Placemark>
      <name>060fffffffffffff</name>
      <Point>
         <coordinates>
            44.363855,42.460013
         </coordinates>
      </Point>
   </Placemark>
   <Placemark>
      <name>070fffffffffffff</name>
      <Point>
         <coordinates>
            41.018732,51.825413
         </coordinates>
      </Point>
   </Placemark>
   <Placemark>
      <name>48dfffffffffffff</name>
      <Point>
         <coordinates>
            55.276577,0.763090
         </coordinates>
      </Point>
   </Placemark>
   <Placemark>
      <name>4d5fffffffffffff</name>
      <Point>
         <coordinates>
            53.878697,11.174065
         </coordinates>
      </Point>
   </Placemark>
   <Placemark>
      <name>4c1fffffffffffff</name>
      <Point>
         <coordinates>
            51.750042,20.991156
         </coordinates>
      </Point>
   </Placemark>
   <Placemark>
      <name>4c9fffffffffffff</name>
      <Point>
         <coordinates>
            49.273772,30.277459
         </coordinates>
      </Point>
   </Placemark>
   <Placemark>
      <name>0677ffffffffffff</name>
      <Point>
         <coordinates>
            46.874555,39.497609
         </coordinates>
      </Point>
   </Placemark>
   <Placemark>
      <name>0777ffffffffffff</name>
      <Point>
         <coordinates>
            44.159497,48.884505
         </coordinates>
      </Point>
   </Placemark>
   <Placemark>
      <name>02b7ffffffffffff</name>
      <Point>
         <coordinates>
            39.602790,58.559385
         </coordinates>
      </Point>
   </Placemark>
   <Placemark>
      <name>48cfffffffffffff</name>
      <Point>
         <coordinates>
            56.249203,-3.042285
         </coordinates>
      </Point>
   </Placemark>
   <Placemark>
      <name>4d4fffffffffffff</name>
      <Point>
         <coordinates>
            55.696943,7.536603
         </coordinates>
      </Point>
   </Placemark>
   <Placemark>
      <name>4c0fffffffffffff</name>
      <Point>
         <coordinates>
            53.827157,17.607373
         </coordinates>
      </Point>
   </Placemark>
   <Placemark>
      <name>4c8fffffffffffff</name>
      <Point>
         <coordinates>
            51.608983,27.221186
         </coordinates>
      </Point>
   </Placemark>
   <Placemark>
      <name>0657ffffffffffff</name>
      <Point>
         <coordinates>
            49.206186,36.466102
         </coordinates>
      </Point>
   </Placemark>
   <Placemark>
      <name>0757ffffffffffff</name>
      <Point>
         <coordinates>
            46.965979,45.872020
         </coordinates>
      </Point>
   </Placemark>
   <Placemark>
      <name>0297ffffffffffff</name>
      <Point>
         <coordinates>
            43.486113,55.584688
         </coordinates>
      </Point>
   </Placemark>
   <Placemark>
      <name>4857ffffffffffff</name>
      <Point>
         <coordinates>
            56.972726,-6.795996
         </coordinates>
      </Point>
   </Placemark>
   <Placemark>
      <name>48d7ffffffffffff</name>
      <Point>
         <coordinates>
            57.321407,3.795770
         </coordinates>
      </Point>
   </Placemark>
   <Placemark>
      <name>4d57ffffffffffff</name>
      <Point>
         <coordinates>
            55.786850,14.103891
         </coordinates>
      </Point>
   </Placemark>
   <Placemark>
      <name>4c17ffffffffffff</name>
      <Point>
         <coordinates>
            53.780899,23.948415
         </coordinates>
      </Point>
   </Placemark>
   <Placemark>
      <name>4c97ffffffffffff</name>
      <Point>
         <coordinates>
            51.490706,33.385579
         </coordinates>
      </Point>
   </Placemark>
   <Placemark>
      <name>0667ffffffffffff</name>
      <Point>
         <coordinates>
            49.508175,42.795046
         </coordinates>
      </Point>
   </Placemark>
   <Placemark>
      <name>0767ffffffffffff</name>
      <Point>
         <coordinates>
            46.785210,52.529387
         </coordinates>
      </Point>
   </Placemark>
   <Placemark>
      <name>4847ffffffffffff</name>
      <Point>
         <coordinates>
            57.617985,-10.492299
         </coordinates>
      </Point>
   </Placemark>
   <Placemark>
      <name>48c7ffffffffffff</name>
      <Point>
         <coordinates>
            58.703689,0.000000
         </coordinates>
      </Point>
   </Placemark>
   <Placemark>
      <name>4d47ffffffffffff</name>
      <Point>
         <coordinates>
            57.617985,10.492299
         </coordinates>
      </Point>
   </Placemark>
   <Placemark>
      <name>4c07ffffffffffff</name>
      <Point>
         <coordinates>
            55.824452,20.533583
         </coordinates>
      </Point>
   </Placemark>
   <Placemark>
      <name>4c87ffffffffffff</name>
      <Point>
         <coordinates>
            53.797854,30.265653
         </coordinates>
      </Point>
   </Placemark>
   <Placemark>
      <name>0647ffffffffffff</name>
      <Point>
         <coordinates>
            51.839589,39.658006
         </coordinates>
      </Point>
   </Placemark>
   <Placemark>
      <name>0747ffffffffffff</name>
      <Point>
         <coordinates>
            49.655738,49.411361
         </coordinates>
      </Point>
   </Placemark>
   <Placemark>
      <name>48efffffffffffff</name>
      <Point>
         <coordinates>
            59.613301,-3.788424
         </coordinates>
      </Point>
   </Placemark>
   <Placemark>
      <name>4d6fffffffffffff</name>
      <Point>
         <coordinates>
            59.303343,6.791432
         </coordinates>
      </Point>
   </Placemark>
   <Placemark>
      <name>4c2fffffffffffff</name>
      <Point>
         <coordinates>
            57.758669,17.023197
         </coordinates>
      </Point>
   </Placemark>
   <Placemark>
      <name>4cafffffffffffff</name>
      <Point>
         <coordinates>
            55.910868,26.900095
         </coordinates>
      </Point>
   </Placemark>
   <Placemark>
      <name>065fffffffffffff</name>
      <Point>
         <coordinates>
            53.967335,36.498001
         </coordinates>
      </Point>
   </Placemark>
   <Placemark>
      <name>075fffffffffffff</name>
      <Point>
         <coordinates>
            52.203685,46.239741
         </coordinates>
      </Point>
   </Placemark>
   <Placemark>
      <name>029fffffffffffff</name>
      <Point>
         <coordinates>
            49.697959,56.176625
         </coordinates>
      </Point>
   </Placemark>
   <Placemark>
      <name>4877ffffffffffff</name>
      <Point>
         <coordinates>
            60.382075,-7.532471
         </coordinates>
      </Point>
   </Placemark>
   <Placemark>
      <name>48f7ffffffffffff</name>
      <Point>
         <coordinates>
            60.818749,3.029042
         </coordinates>
      </Point>
   </Placemark>
   <Placemark>
      <name>4d77ffffffffffff</name>
      <Point>
         <coordinates>
            59.581893,13.425708
         </coordinates>
      </Point>
   </Placemark>
   <Placemark>
      <name>4c37ffffffffffff</name>
      <Point>
         <coordinates>
            57.912511,23.453936
         </coordinates>
      </Point>
   </Placemark>
   <Placemark>
      <name>4cb7ffffffffffff</name>
      <Point>
         <coordinates>
            56.103250,33.259482
         </coordinates>
      </Point>
   </Placemark>
   <Placemark>
      <name>066fffffffffffff</name>
      <Point>
         <coordinates>
            54.504444,43.019157
         </coordinates>
      </Point>
   </Placemark>
   <Placemark>
      <name>076fffffffffffff</name>
      <Point>
         <coordinates>
            52.640045,52.946769
         </coordinates>
      </Point>
   </Placemark>
   <Placemark>
      <name>4867ffffffffffff</name>
      <Point>
         <coordinates>
            61.098620,-11.229135
         </coordinates>
      </Point>
   </Placemark>
   <Placemark>
      <name>48e7ffffffffffff</name>
      <Point>
         <coordinates>
            62.089501,-0.756932
         </coordinates>
      </Point>
   </Placemark>
   <Placemark>
      <name>4d67ffffffffffff</name>
      <Point>
         <coordinates>
            61.288234,9.753663
         </coordinates>
      </Point>
   </Placemark>
   <Placemark>
      <name>4c27ffffffffffff</name>
      <Point>
         <coordinates>
            59.810770,19.931664
         </coordinates>
      </Point>
   </Placemark>
   <Placemark>
      <name>4ca7ffffffffffff</name>
      <Point>
         <coordinates>
            58.162168,29.844419
         </coordinates>
      </Point>
   </Placemark>
   <Placemark>
      <name>064fffffffffffff</name>
      <Point>
         <coordinates>
            56.613688,39.751614
         </coordinates>
      </Point>
   </Placemark>
   <Placemark>
      <name>074fffffffffffff</name>
      <Point>
         <coordinates>
            55.184520,49.673148
         </coordinates>
      </Point>
   </Placemark>
   <Placemark>
      <name>481fffffffffffff</name>
      <Point>
         <coordinates>
            62.998400,-4.524802
         </coordinates>
      </Point>
   </Placemark>
   <Placemark>
      <name>489fffffffffffff</name>
      <Point>
         <coordinates>
            62.867088,6.024600
         </coordinates>
      </Point>
   </Placemark>
   <Placemark>
      <name>4d1fffffffffffff</name>
      <Point>
         <coordinates>
            61.610219,16.339674
         </coordinates>
      </Point>
   </Placemark>
   <Placemark>
      <name>4d9fffffffffffff</name>
      <Point>
         <coordinates>
            60.110680,26.365952
         </coordinates>
      </Point>
   </Placemark>
   <Placemark>
      <name>565fffffffffffff</name>
      <Point>
         <coordinates>
            58.529108,36.355651
         </coordinates>
      </Point>
   </Placemark>
   <Placemark>
      <name>56dfffffffffffff</name>
      <Point>
         <coordinates>
            57.437932,46.361777
         </coordinates>
      </Point>
   </Placemark>
   <Placemark>
      <name>02f7ffffffffffff</name>
      <Point>
         <coordinates>
            56.029714,56.436280
         </coordinates>
      </Point>
   </Placemark>
   <Placemark>
      <name>480fffffffffffff</name>
      <Point>
         <coordinates>
            63.813071,-8.253394
         </coordinates>
      </Point>
   </Placemark>
   <Placemark>
      <name>488fffffffffffff</name>
      <Point>
         <coordinates>
            64.302599,2.261818
         </coordinates>
      </Point>
   </Placemark>
   <Placemark>
      <name>4d0fffffffffffff</name>
      <Point>
         <coordinates>
            63.311998,12.686817
         </coordinates>
      </Point>
   </Placemark>
   <Placemark>
      <name>4d8fffffffffffff</name>
      <Point>
         <coordinates>
            61.961105,22.827774
         </coordinates>
      </Point>
   </Placemark>
   <Placemark>
      <name>564fffffffffffff</name>
      <Point>
         <coordinates>
            60.500700,32.847312
         </coordinates>
      </Point>
   </Placemark>
   <Placemark>
      <name>56cfffffffffffff</name>
      <Point>
         <coordinates>
            59.474334,43.014596
         </coordinates>
      </Point>
   </Placemark>
   <Placemark>
      <name>02d7ffffffffffff</name>
      <Point>
         <coordinates>
            58.542204,53.057114
         </coordinates>
      </Point>
   </Placemark>
   <Placemark>
      <name>4957ffffffffffff</name>
      <Point>
         <coordinates>
            64.599616,-11.941139
         </coordinates>
      </Point>
   </Placemark>
   <Placemark>
      <name>4817ffffffffffff</name>
      <Point>
         <coordinates>
            65.487929,-1.505384
         </coordinates>
      </Point>
   </Placemark>
   <Placemark>
      <name>4897ffffffffffff</name>
      <Point>
         <coordinates>
            64.913665,8.984933
         </coordinates>
      </Point>
   </Placemark>
   <Placemark>
      <name>4d17ffffffffffff</name>
      <Point>
         <coordinates>
            63.722325,19.234754
         </coordinates>
      </Point>
   </Placemark>
   <Placemark>
      <name>4d97ffffffffffff</name>
      <Point>
         <coordinates>
            62.416948,29.296319
         </coordinates>
      </Point>
   </Placemark>
   <Placemark>
      <name>5657ffffffffffff</name>
      <Point>
         <coordinates>
            61.273898,39.521578
         </coordinates>
      </Point>
   </Placemark>
   <Placemark>
      <name>56d7ffffffffffff</name>
      <Point>
         <coordinates>
            60.715008,49.651307
         </coordinates>
      </Point>
   </Placemark>
   <Placemark>
      <name>4947ffffffffffff</name>
      <Point>
         <coordinates>
            65.400065,-15.593313
         </coordinates>
      </Point>
   </Placemark>
   <Placemark>
      <name>4807ffffffffffff</name>
      <Point>
         <coordinates>
            66.408931,-5.249327
         </coordinates>
      </Point>
   </Placemark>
   <Placemark>
      <name>4887ffffffffffff</name>
      <Point>
         <coordinates>
            66.408931,5.249327
         </coordinates>
      </Point>
   </Placemark>
   <Placemark>
      <name>4d07ffffffffffff</name>
      <Point>
         <coordinates>
            65.400065,15.593313
         </coordinates>
      </Point>
   </Placemark>
   <Placemark>
      <name>4d87ffffffffffff</name>
      <Point>
         <coordinates>
            64.229810,25.708916
         </coordinates>
      </Point>
   </Placemark>
   <Placemark>
      <name>5647ffffffffffff</name>
      <Point>
         <coordinates>
            62.919828,35.942931
         </coordinates>
      </Point>
   </Placemark>
   <Placemark>
      <name>56c7ffffffffffff</name>
      <Point>
         <coordinates>
            62.645619,46.221082
         </coordinates>
      </Point>
   </Placemark>
   <Placemark>
      <name>482fffffffffffff</name>
      <Point>
         <coordinates>
            67.271910,-8.957398
         </coordinates>
      </Point>
   </Placemark>
   <Placemark>
      <name>48afffffffffffff</name>
      <Point>
         <coordinates>
            67.787310,1.499124
         </coordinates>
      </Point>
   </Placemark>
   <Placemark>
      <name>4d2fffffffffffff</name>
      <Point>
         <coordinates>
            66.997021,11.911770
         </coordinates>
      </Point>
   </Placemark>
   <Placemark>
      <name>4dafffffffffffff</name>
      <Point>
         <coordinates>
            65.937849,22.109827
         </coordinates>
      </Point>
   </Placemark>
   <Placemark>
      <name>566fffffffffffff</name>
      <Point>
         <coordinates>
            64.760918,32.335218
         </coordinates>
      </Point>
   </Placemark>
   <Placemark>
      <name>56efffffffffffff</name>
      <Point>
         <coordinates>
            64.300962,42.650297
         </coordinates>
      </Point>
   </Placemark>
   <Placemark>
      <name>02dfffffffffffff</name>
      <Point>
         <coordinates>
            64.427757,52.850579
         </coordinates>
      </Point>
   </Placemark>
   <Placemark>
      <name>4977ffffffffffff</name>
      <Point>
         <coordinates>
            68.129207,-12.628796
         </coordinates>
      </Point>
   </Placemark>
   <Placemark>
      <name>4837ffffffffffff</name>
      <Point>
         <coordinates>
            68.906731,-2.243301
         </coordinates>
      </Point>
   </Placemark>
   <Placemark>
      <name>48b7ffffffffffff</name>
      <Point>
         <coordinates>
            68.512840,8.200656
         </coordinates>
      </Point>
   </Placemark>
   <Placemark>
      <name>4d37ffffffffffff</name>
      <Point>
         <coordinates>
            67.574270,18.473646
         </coordinates>
      </Point>
   </Placemark>
   <Placemark>
      <name>4db7ffffffffffff</name>
      <Point>
         <coordinates>
            66.525694,28.691413
         </coordinates>
      </Point>
   </Placemark>
   <Placemark>
      <name>5677ffffffffffff</name>
      <Point>
         <coordinates>
            65.798952,39.026631
         </coordinates>
      </Point>
   </Placemark>
   <Placemark>
      <name>56f7ffffffffffff</name>
      <Point>
         <coordinates>
            66.186733,49.323278
         </coordinates>
      </Point>
   </Placemark>
   <Placemark>
      <name>4967ffffffffffff</name>
      <Point>
         <coordinates>
            69.017528,-16.267211
         </coordinates>
      </Point>
   </Placemark>
   <Placemark>
      <name>4827ffffffffffff</name>
      <Point>
         <coordinates>
            69.849459,-5.959826
         </coordinates>
      </Point>
   </Placemark>
   <Placemark>
      <name>48a7ffffffffffff</name>
      <Point>
         <coordinates>
            69.943986,4.472961
         </coordinates>
      </Point>
   </Placemark>
   <Placemark>
      <name>4d27ffffffffffff</name>
      <Point>
         <coordinates>
            69.145019,14.806309
         </coordinates>
      </Point>
   </Placemark>
   <Placemark>
      <name>4da7ffffffffffff</name>
      <Point>
         <coordinates>
            68.215323,25.023820
         </coordinates>
      </Point>
   </Placemark>
   <Placemark>
      <name>5667ffffffffffff</name>
      <Point>
         <coordinates>
            67.277481,35.359692
         </coordinates>
      </Point>
   </Placemark>
   <Placemark>
      <name>56e7ffffffffffff</name>
      <Point>
         <coordinates>
            67.676620,45.716674
         </coordinates>
      </Point>
   </Placemark>
   <Placemark>
      <name>491fffffffffffff</name>
      <Point>
         <coordinates>
            70.764158,-9.642579
         </coordinates>
      </Point>
   </Placemark>
   <Placemark>
      <name>499fffffffffffff</name>
      <Point>
         <coordinates>
            71.283511,0.744291
         </coordinates>
      </Point>
   </Placemark>
   <Placemark>
      <name>525fffffffffffff</name>
      <Point>
         <coordinates>
            70.653457,11.115253
         </coordinates>
      </Point>
   </Placemark>
   <Placemark>
      <name>52dfffffffffffff</name>
      <Point>
         <coordinates>
            69.832747,21.343238
         </coordinates>
      </Point>
   </Placemark>
   <Placemark>
      <name>575fffffffffffff</name>
      <Point>
         <coordinates>
            68.942680,31.660214
         </coordinates>
      </Point>
   </Placemark>
   <Placemark>
      <name>561fffffffffffff</name>
      <Point>
         <coordinates>
            68.991931,42.060051
         </coordinates>
      </Point>
   </Placemark>
   <Placemark>
      <name>569fffffffffffff</name>
      <Point>
         <coordinates>
            70.211039,52.320775
         </coordinates>
      </Point>
   </Placemark>
   <Placemark>
      <name>490fffffffffffff</name>
      <Point>
         <coordinates>
            71.694304,-13.291105
         </coordinates>
      </Point>
   </Placemark>
   <Placemark>
      <name>498fffffffffffff</name>
      <Point>
         <coordinates>
            72.352235,-2.968624
         </coordinates>
      </Point>
   </Placemark>
   <Placemark>
      <name>524fffffffffffff</name>
      <Point>
         <coordinates>
            72.100400,7.409593
         </coordinates>
      </Point>
   </Placemark>
   <Placemark>
      <name>52cfffffffffffff</name>
      <Point>
         <coordinates>
            71.382017,17.658817
         </coordinates>
      </Point>
   </Placemark>
   <Placemark>
      <name>574fffffffffffff</name>
      <Point>
         <coordinates>
            70.567938,27.936195
         </coordinates>
      </Point>
   </Placemark>
   <Placemark>
      <name>560fffffffffffff</name>
      <Point>
         <coordinates>
            70.214986,38.355928
         </coordinates>
      </Point>
   </Placemark>
   <Placemark>
      <name>568fffffffffffff</name>
      <Point>
         <coordinates>
            71.478507,48.687558
         </coordinates>
      </Point>
   </Placemark>
   <Placemark>
      <name>9697ffffffffffff</name>
      <Point>
         <coordinates>
            72.677917,-16.881036
         </coordinates>
      </Point>
   </Placemark>
   <Placemark>
      <name>4917ffffffffffff</name>
      <Point>
         <coordinates>
            73.324712,-6.654030
         </coordinates>
      </Point>
   </Placemark>
   <Placemark>
      <name>4997ffffffffffff</name>
      <Point>
         <coordinates>
            73.484061,3.700250
         </coordinates>
      </Point>
   </Placemark>
   <Placemark>
      <name>5257ffffffffffff</name>
      <Point>
         <coordinates>
            72.867822,13.978028
         </coordinates>
      </Point>
   </Placemark>
   <Placemark>
      <name>52d7ffffffffffff</name>
      <Point>
         <coordinates>
            72.147493,24.201813
         </coordinates>
      </Point>
   </Placemark>
   <Placemark>
      <name>5757ffffffffffff</name>
      <Point>
         <coordinates>
            71.538700,34.609565
         </coordinates>
      </Point>
   </Placemark>
   <Placemark>
      <name>5617ffffffffffff</name>
      <Point>
         <coordinates>
            72.565454,45.011347
         </coordinates>
      </Point>
   </Placemark>
   <Placemark>
      <name>9687ffffffffffff</name>
      <Point>
         <coordinates>
            73.678999,-20.469100
         </coordinates>
      </Point>
   </Placemark>
   <Placemark>
      <name>4907ffffffffffff</name>
      <Point>
         <coordinates>
            74.295163,-10.306711
         </coordinates>
      </Point>
   </Placemark>
   <Placemark>
      <name>4987ffffffffffff</name>
      <Point>
         <coordinates>
            74.799882,0.000000
         </coordinates>
      </Point>
   </Placemark>
   <Placemark>
      <name>5247ffffffffffff</name>
      <Point>
         <coordinates>
            74.295163,10.306711
         </coordinates>
      </Point>
   </Placemark>
   <Placemark>
      <name>52c7ffffffffffff</name>
      <Point>
         <coordinates>
            73.678999,20.469100
         </coordinates>
      </Point>
   </Placemark>
   <Placemark>
      <name>5747ffffffffffff</name>
      <Point>
         <coordinates>
            73.043472,30.830692
         </coordinates>
      </Point>
   </Placemark>
   <Placemark>
      <name>5607ffffffffffff</name>
      <Point>
         <coordinates>
            73.549616,41.289071
         </coordinates>
      </Point>
   </Placemark>
   <Placemark>
      <name>492fffffffffffff</name>
      <Point>
         <coordinates>
            75.329855,-13.847060
         </coordinates>
      </Point>
   </Placemark>
   <Placemark>
      <name>49afffffffffffff</name>
      <Point>
         <coordinates>
            75.830241,-3.679210
         </coordinates>
      </Point>
   </Placemark>
   <Placemark>
      <name>526fffffffffffff</name>
      <Point>
         <coordinates>
            75.688417,6.617580
         </coordinates>
      </Point>
   </Placemark>
   <Placemark>
      <name>52efffffffffffff</name>
      <Point>
         <coordinates>
            75.162470,16.747870
         </coordinates>
      </Point>
   </Placemark>
   <Placemark>
      <name>576fffffffffffff</name>
      <Point>
         <coordinates>
            74.546253,27.039719
         </coordinates>
      </Point>
   </Placemark>
   <Placemark>
      <name>562fffffffffffff</name>
      <Point>
         <coordinates>
            74.511248,37.519527
         </coordinates>
      </Point>
   </Placemark>
   <Placemark>
      <name>56afffffffffffff</name>
      <Point>
         <coordinates>
            76.593362,47.838923
         </coordinates>
      </Point>
   </Placemark>
   <Placemark>
      <name>96b7ffffffffffff</name>
      <Point>
         <coordinates>
            76.364500,-17.392915
         </coordinates>
      </Point>
   </Placemark>
   <Placemark>
      <name>4937ffffffffffff</name>
      <Point>
         <coordinates>
            76.857707,-7.297266
         </coordinates>
      </Point>
   </Placemark>
   <Placemark>
      <name>49b7ffffffffffff</name>
      <Point>
         <coordinates>
            77.039019,2.934719
         </coordinates>
      </Point>
   </Placemark>
   <Placemark>
      <name>5277ffffffffffff</name>
      <Point>
         <coordinates>
            76.599516,13.045769
         </coordinates>
      </Point>
   </Placemark>
   <Placemark>
      <name>52f7ffffffffffff</name>
      <Point>
         <coordinates>
            76.033124,23.253777
         </coordinates>
      </Point>
   </Placemark>
   <Placemark>
      <name>5777ffffffffffff</name>
      <Point>
         <coordinates>
            75.699228,33.701519
         </coordinates>
      </Point>
   </Placemark>
   <Placemark>
      <name>5637ffffffffffff</name>
      <Point>
         <coordinates>
            77.293210,44.118178
         </coordinates>
      </Point>
   </Placemark>
   <Placemark>
      <name>96a7ffffffffffff</name>
      <Point>
         <coordinates>
            77.419041,-20.950987
         </coordinates>
      </Point>
   </Placemark>
   <Placemark>
      <name>4927ffffffffffff</name>
      <Point>
         <coordinates>
            77.931241,-10.802333
         </coordinates>
      </Point>
   </Placemark>
   <Placemark>
      <name>49a7ffffffffffff</name>
      <Point>
         <coordinates>
            78.299495,-0.731399
         </coordinates>
      </Point>
   </Placemark>
   <Placemark>
      <name>5267ffffffffffff</name>
      <Point>
         <coordinates>
            77.992803,9.368412
         </coordinates>
      </Point>
   </Placemark>
   <Placemark>
      <name>52e7ffffffffffff</name>
      <Point>
         <coordinates>
            77.495652,19.486713
         </coordinates>
      </Point>
   </Placemark>
   <Placemark>
      <name>5767ffffffffffff</name>
      <Point>
         <coordinates>
            77.065451,29.855632
         </coordinates>
      </Point>
   </Placemark>
   <Placemark>
      <name>5627ffffffffffff</name>
      <Point>
         <coordinates>
            77.961344,40.349370
         </coordinates>
      </Point>
   </Placemark>
   <Placemark>
      <name>945fffffffffffff</name>
      <Point>
         <coordinates>
            78.998406,-14.305107
         </coordinates>
      </Point>
   </Placemark>
   <Placemark>
      <name>94dfffffffffffff</name>
      <Point>
         <coordinates>
            79.388094,-4.297739
         </coordinates>
      </Point>
   </Placemark>
   <Placemark>
      <name>535fffffffffffff</name>
      <Point>
         <coordinates>
            79.345677,5.719580
         </coordinates>
      </Point>
   </Placemark>
   <Placemark>
      <name>521fffffffffffff</name>
      <Point>
         <coordinates>
            78.929320,15.749182
         </coordinates>
      </Point>
   </Placemark>
   <Placemark>
      <name>529fffffffffffff</name>
      <Point>
         <coordinates>
            78.468350,26.012726
         </coordinates>
      </Point>
   </Placemark>
   <Placemark>
      <name>571fffffffffffff</name>
      <Point>
         <coordinates>
            78.681411,36.527601
         </coordinates>
      </Point>
   </Placemark>
   <Placemark>
      <name>579fffffffffffff</name>
      <Point>
         <coordinates>
            81.512523,46.791325
         </coordinates>
      </Point>
   </Placemark>
   <Placemark>
      <name>944fffffffffffff</name>
      <Point>
         <coordinates>
            80.074988,-17.812138
         </coordinates>
      </Point>
   </Placemark>
   <Placemark>
      <name>94cfffffffffffff</name>
      <Point>
         <coordinates>
            80.499030,-7.770679
         </coordinates>
      </Point>
   </Placemark>
   <Placemark>
      <name>534fffffffffffff</name>
      <Point>
         <coordinates>
            80.661920,2.101438
         </coordinates>
      </Point>
   </Placemark>
   <Placemark>
      <name>520fffffffffffff</name>
      <Point>
         <coordinates>
            80.332372,12.048894
         </coordinates>
      </Point>
   </Placemark>
   <Placemark>
      <name>528fffffffffffff</name>
      <Point>
         <coordinates>
            79.884446,22.194105
         </coordinates>
      </Point>
   </Placemark>
   <Placemark>
      <name>570fffffffffffff</name>
      <Point>
         <coordinates>
            79.760025,32.644611
         </coordinates>
      </Point>
   </Placemark>
   <Placemark>
      <name>578fffffffffffff</name>
      <Point>
         <coordinates>
            81.847890,43.050511
         </coordinates>
      </Point>
   </Placemark>
   <Placemark>
      <name>9797ffffffffffff</name>
      <Point>
         <coordinates>
            81.181746,-21.330910
         </coordinates>
      </Point>
   </Placemark>
   <Placemark>
      <name>9457ffffffffffff</name>
      <Point>
         <coordinates>
            81.598930,-11.232615
         </coordinates>
      </Point>
   </Placemark>
   <Placemark>
      <name>94d7ffffffffffff</name>
      <Point>
         <coordinates>
            81.923477,-1.369727
         </coordinates>
      </Point>
   </Placemark>
   <Placemark>
      <name>5357ffffffffffff</name>
      <Point>
         <coordinates>
            81.704980,8.390949
         </coordinates>
      </Point>
   </Placemark>
   <Placemark>
      <name>5217ffffffffffff</name>
      <Point>
         <coordinates>
            81.298350,18.415832
         </coordinates>
      </Point>
   </Placemark>
   <Placemark>
      <name>5297ffffffffffff</name>
      <Point>
         <coordinates>
            81.017054,28.745219
         </coordinates>
      </Point>
   </Placemark>
   <Placemark>
      <name>5717ffffffffffff</name>
      <Point>
         <coordinates>
            82.219210,39.253198
         </coordinates>
      </Point>
   </Placemark>
   <Placemark>
      <name>9787ffffffffffff</name>
      <Point>
         <coordinates>
            82.349077,-24.869612
         </coordinates>
      </Point>
   </Placemark>
   <Placemark>
      <name>9447ffffffffffff</name>
      <Point>
         <coordinates>
            82.700527,-14.689229
         </coordinates>
      </Point>
   </Placemark>
   <Placemark>
      <name>94c7ffffffffffff</name>
      <Point>
         <coordinates>
            83.048655,-4.778206
         </coordinates>
      </Point>
   </Placemark>
   <Placemark>
      <name>5347ffffffffffff</name>
      <Point>
         <coordinates>
            83.048655,4.778206
         </coordinates>
      </Point>
   </Placemark>
   <Placemark>
      <name>5207ffffffffffff</name>
      <Point>
         <coordinates>
            82.700527,14.689229
         </coordinates>
      </Point>
   </Placemark>
   <Placemark>
      <name>5287ffffffffffff</name>
      <Point>
         <coordinates>
            82.349077,24.869612
         </coordinates>
      </Point>
   </Placemark>
   <Placemark>
      <name>5707ffffffffffff</name>
      <Point>
         <coordinates>
            82.724419,35.389974
         </coordinates>
      </Point>
   </Placemark>
   <Placemark>
      <name>946fffffffffffff</name>
      <Point>
         <coordinates>
            83.819143,-18.147295
         </coordinates>
      </Point>
   </Placemark>
   <Placemark>
      <name>94efffffffffffff</name>
      <Point>
         <coordinates>
            84.182305,-8.205564
         </coordinates>
      </Point>
   </Placemark>
   <Placemark>
      <name>536fffffffffffff</name>
      <Point>
         <coordinates>
            84.453680,1.360472
         </coordinates>
      </Point>
   </Placemark>
   <Placemark>
      <name>522fffffffffffff</name>
      <Point>
         <coordinates>
            84.085621,11.021532
         </coordinates>
      </Point>
   </Placemark>
   <Placemark>
      <name>52afffffffffffff</name>
      <Point>
         <coordinates>
            83.721181,21.044393
         </coordinates>
      </Point>
   </Placemark>
   <Placemark>
      <name>572fffffffffffff</name>
      <Point>
         <coordinates>
            83.729178,31.448158
         </coordinates>
      </Point>
   </Placemark>
   <Placemark>
      <name>57afffffffffffff</name>
      <Point>
         <coordinates>
            86.224383,41.821091
         </coordinates>
      </Point>
   </Placemark>
   <Placemark>
      <name>97b7ffffffffffff</name>
      <Point>
         <coordinates>
            84.975405,-21.615100
         </coordinates>
      </Point>
   </Placemark>
   <Placemark>
      <name>9477ffffffffffff</name>
      <Point>
         <coordinates>
            85.312811,-11.617434
         </coordinates>
      </Point>
   </Placemark>
   <Placemark>
      <name>94f7ffffffffffff</name>
      <Point>
         <coordinates>
            85.701647,-2.034005
         </coordinates>
      </Point>
   </Placemark>
   <Placemark>
      <name>5377ffffffffffff</name>
      <Point>
         <coordinates>
            85.473630,7.454471
         </coordinates>
      </Point>
   </Placemark>
   <Placemark>
      <name>5237ffffffffffff</name>
      <Point>
         <coordinates>
            85.109989,17.287660
         </coordinates>
      </Point>
   </Placemark>
   <Placemark>
      <name>52b7ffffffffffff</name>
      <Point>
         <coordinates>
            84.916044,27.512871
         </coordinates>
      </Point>
   </Placemark>
   <Placemark>
      <name>5737ffffffffffff</name>
      <Point>
         <coordinates>
            86.319728,38.012700
         </coordinates>
      </Point>
   </Placemark>
   <Placemark>
      <name>97a7ffffffffffff</name>
      <Point>
         <coordinates>
            86.200865,-25.102729
         </coordinates>
      </Point>
   </Placemark>
   <Placemark>
      <name>9467ffffffffffff</name>
      <Point>
         <coordinates>
            86.451888,-15.018914
         </coordinates>
      </Point>
   </Placemark>
   <Placemark>
      <name>94e7ffffffffffff</name>
      <Point>
         <coordinates>
            86.849554,-5.402237
         </coordinates>
      </Point>
   </Placemark>
   <Placemark>
      <name>5367ffffffffffff</name>
      <Point>
         <coordinates>
            86.904224,4.053053
         </coordinates>
      </Point>
   </Placemark>
   <Placemark>
      <name>5227ffffffffffff</name>
      <Point>
         <coordinates>
            86.500498,13.610401
         </coordinates>
      </Point>
   </Placemark>
   <Placemark>
      <name>52a7ffffffffffff</name>
      <Point>
         <coordinates>
            86.213918,23.633429
         </coordinates>
      </Point>
   </Placemark>
   <Placemark>
      <name>5727ffffffffffff</name>
      <Point>
         <coordinates>
            86.697120,34.108087
         </coordinates>
      </Point>
   </Placemark>
   <Placemark>
      <name>955fffffffffffff</name>
      <Point>
         <coordinates>
            87.613493,-18.416363
         </coordinates>
      </Point>
   </Placemark>
   <Placemark>
      <name>941fffffffffffff</name>
      <Point>
         <coordinates>
            87.992360,-8.745753
         </coordinates>
      </Point>
   </Placemark>
   <Placemark>
      <name>949fffffffffffff</name>
      <Point>
         <coordinates>
            88.299985,0.674825
         </coordinates>
      </Point>
   </Placemark>
   <Placemark>
      <name>531fffffffffffff</name>
      <Point>
         <coordinates>
            87.928583,10.091849
         </coordinates>
      </Point>
   </Placemark>
   <Placemark>
      <name>539fffffffffffff</name>
      <Point>
         <coordinates>
            87.573737,19.841983
         </coordinates>
      </Point>
   </Placemark>
   <Placemark>
      <name>505fffffffffffff</name>
      <Point>
         <coordinates>
            87.626246,30.123124
         </coordinates>
      </Point>
   </Placemark>
   <Placemark>
      <name>50dfffffffffffff</name>
      <Point>
         <coordinates>
            90.424512,40.440674
         </coordinates>
      </Point>
   </Placemark>
   <Placemark>
      <name>954fffffffffffff</name>
      <Point>
         <coordinates>
            88.816416,-21.818300
         </coordinates>
      </Point>
   </Placemark>
   <Placemark>
      <name>940fffffffffffff</name>
      <Point>
         <coordinates>
            89.139471,-12.067563
         </coordinates>
      </Point>
   </Placemark>
   <Placemark>
      <name>948fffffffffffff</name>
      <Point>
         <coordinates>
            89.522229,-2.689306
         </coordinates>
      </Point>
   </Placemark>
   <Placemark>
      <name>530fffffffffffff</name>
      <Point>
         <coordinates>
            89.378601,6.709064
         </coordinates>
      </Point>
   </Placemark>
   <Placemark>
      <name>538fffffffffffff</name>
      <Point>
         <coordinates>
            88.962985,16.156807
         </coordinates>
      </Point>
   </Placemark>
   <Placemark>
      <name>504fffffffffffff</name>
      <Point>
         <coordinates>
            88.795744,26.181684
         </coordinates>
      </Point>
   </Placemark>
   <Placemark>
      <name>50cfffffffffffff</name>
      <Point>
         <coordinates>
            90.263273,36.639621
         </coordinates>
      </Point>
   </Placemark>
   <Placemark>
      <name>90d7ffffffffffff</name>
      <Point>
         <coordinates>
            90.090373,-25.236844
         </coordinates>
      </Point>
   </Placemark>
   <Placemark>
      <name>9557ffffffffffff</name>
      <Point>
         <coordinates>
            90.300793,-15.371086
         </coordinates>
      </Point>
   </Placemark>
   <Placemark>
      <name>9417ffffffffffff</name>
      <Point>
         <coordinates>
            90.703927,-6.024036
         </coordinates>
      </Point>
   </Placemark>
   <Placemark>
      <name>9497ffffffffffff</name>
      <Point>
         <coordinates>
            90.791530,3.352490
         </coordinates>
      </Point>
   </Placemark>
   <Placemark>
      <name>5317ffffffffffff</name>
      <Point>
         <coordinates>
            90.427908,12.691533
         </coordinates>
      </Point>
   </Placemark>
   <Placemark>
      <name>5397ffffffffffff</name>
      <Point>
         <coordinates>
            90.105185,22.349469
         </coordinates>
      </Point>
   </Placemark>
   <Placemark>
      <name>5057ffffffffffff</name>
      <Point>
         <coordinates>
            90.561956,32.694064
         </coordinates>
      </Point>
   </Placemark>
   <Placemark>
      <name>90c7ffffffffffff</name>
      <Point>
         <coordinates>
            91.493467,-28.688886
         </coordinates>
      </Point>
   </Placemark>
   <Placemark>
      <name>9547ffffffffffff</name>
      <Point>
         <coordinates>
            91.487640,-18.660837
         </coordinates>
      </Point>
   </Placemark>
   <Placemark>
      <name>9407ffffffffffff</name>
      <Point>
         <coordinates>
            91.891089,-9.330930
         </coordinates>
      </Point>
   </Placemark>
   <Placemark>
      <name>9487ffffffffffff</name>
      <Point>
         <coordinates>
            92.165440,0.000000
         </coordinates>
      </Point>
   </Placemark>
   <Placemark>
      <name>5307ffffffffffff</name>
      <Point>
         <coordinates>
            91.891089,9.330930
         </coordinates>
      </Point>
   </Placemark>
   <Placemark>
      <name>5387ffffffffffff</name>
      <Point>
         <coordinates>
            91.487640,18.660837
         </coordinates>
      </Point>
   </Placemark>
   <Placemark>
      <name>5047ffffffffffff</name>
      <Point>
         <coordinates>
            91.493467,28.688886
         </coordinates>
      </Point>
   </Placemark>
   <Placemark>
      <name>956fffffffffffff</name>
      <Point>
         <coordinates>
            92.739183,-21.980146
         </coordinates>
      </Point>
   </Placemark>
   <Placemark>
      <name>942fffffffffffff</name>
      <Point>
         <coordinates>
            93.092892,-12.611970
         </coordinates>
      </Point>
   </Placemark>
   <Placemark>
      <name>94afffffffffffff</name>
      <Point>
         <coordinates>
            93.382401,-3.339793
         </coordinates>
      </Point>
   </Placemark>
   <Placemark>
      <name>532fffffffffffff</name>
      <Point>
         <coordinates>
            93.313653,5.998038
         </coordinates>
      </Point>
   </Placemark>
   <Placemark>
      <name>53afffffffffffff</name>
      <Point>
         <coordinates>
            92.986963,15.256262
         </coordinates>
      </Point>
   </Placemark>
   <Placemark>
      <name>506fffffffffffff</name>
      <Point>
         <coordinates>
            92.718349,24.806767
         </coordinates>
      </Point>
   </Placemark>
   <Placemark>
      <name>50efffffffffffff</name>
      <Point>
         <coordinates>
            94.053429,35.145096
         </coordinates>
      </Point>
   </Placemark>
   <Placemark>
      <name>90f7ffffffffffff</name>
      <Point>
         <coordinates>
            94.054196,-25.303236
         </coordinates>
      </Point>
   </Placemark>
   <Placemark>
      <name>9577ffffffffffff</name>
      <Point>
         <coordinates>
            94.318782,-15.868893
         </coordinates>
      </Point>
   </Placemark>
   <Placemark>
      <name>9437ffffffffffff</name>
      <Point>
         <coordinates>
            94.607237,-6.649319
         </coordinates>
      </Point>
   </Placemark>
   <Placemark>
      <name>94b7ffffffffffff</name>
      <Point>
         <coordinates>
            94.694681,2.669609
         </coordinates>
      </Point>
   </Placemark>
   <Placemark>
      <name>5337ffffffffffff</name>
      <Point>
         <coordinates>
            94.456379,11.922936
         </coordinates>
      </Point>
   </Placemark>
   <Placemark>
      <name>53b7ffffffffffff</name>
      <Point>
         <coordinates>
            94.116270,21.161089
         </coordinates>
      </Point>
   </Placemark>
   <Placemark>
      <name>5077ffffffffffff</name>
      <Point>
         <coordinates>
            94.361423,31.157002
         </coordinates>
      </Point>
   </Placemark>
   <Placemark>
      <name>90e7ffffffffffff</name>
      <Point>
         <coordinates>
            95.479122,-28.652889
         </coordinates>
      </Point>
   </Placemark>
   <Placemark>
      <name>9567ffffffffffff</name>
      <Point>
         <coordinates>
            95.578772,-19.103177
         </coordinates>
      </Point>
   </Placemark>
   <Placemark>
      <name>9427ffffffffffff</name>
      <Point>
         <coordinates>
            95.849448,-9.931151
         </coordinates>
      </Point>
   </Placemark>
   <Placemark>
      <name>94a7ffffffffffff</name>
      <Point>
         <coordinates>
            96.022184,-0.668073
         </coordinates>
      </Point>
   </Placemark>
   <Placemark>
      <name>5327ffffffffffff</name>
      <Point>
         <coordinates>
            95.880206,8.616384
         </coordinates>
      </Point>
   </Placemark>
   <Placemark>
      <name>53a7ffffffffffff</name>
      <Point>
         <coordinates>
            95.622704,17.792145
         </coordinates>
      </Point>
   </Placemark>
   <Placemark>
      <name>5067ffffffffffff</name>
      <Point>
         <coordinates>
            95.427987,27.209798
         </coordinates>
      </Point>
   </Placemark>
   <Placemark>
      <name>909fffffffffffff</name>
      <Point>
         <coordinates>
            96.883778,-22.316011
         </coordinates>
      </Point>
   </Placemark>
   <Placemark>
      <name>951fffffffffffff</name>
      <Point>
         <coordinates>
            97.118832,-13.187996
         </coordinates>
      </Point>
   </Placemark>
   <Placemark>
      <name>959fffffffffffff</name>
      <Point>
         <coordinates>
            97.277361,-3.990190
         </coordinates>
      </Point>
   </Placemark>
   <Placemark>
      <name>5a5fffffffffffff</name>
      <Point>
         <coordinates>
            97.259434,5.312859
         </coordinates>
      </Point>
   </Placemark>
   <Placemark>
      <name>5adfffffffffffff</name>
      <Point>
         <coordinates>
            97.089727,14.492898
         </coordinates>
      </Point>
   </Placemark>
   <Placemark>
      <name>515fffffffffffff</name>
      <Point>
         <coordinates>
            96.847048,23.628031
         </coordinates>
      </Point>
   </Placemark>
   <Placemark>
      <name>501fffffffffffff</name>
      <Point>
         <coordinates>
            97.696323,33.539500
         </coordinates>
      </Point>
   </Placemark>
   <Placemark>
      <name>908fffffffffffff</name>
      <Point>
         <coordinates>
            98.245989,-25.508253
         </coordinates>
      </Point>
   </Placemark>
   <Placemark>
      <name>950fffffffffffff</name>
      <Point>
         <coordinates>
            98.425839,-16.423119
         </coordinates>
      </Point>
   </Placemark>
   <Placemark>
      <name>958fffffffffffff</name>
      <Point>
         <coordinates>
            98.552123,-7.284639
         </coordinates>
      </Point>
   </Placemark>
   <Placemark>
      <name>5a4fffffffffffff</name>
      <Point>
         <coordinates>
            98.600327,1.998189
         </coordinates>
      </Point>
   </Placemark>
   <Placemark>
      <name>5acfffffffffffff</name>
      <Point>
         <coordinates>
            98.504808,11.215617
         </coordinates>
      </Point>
   </Placemark>
   <Placemark>
      <name>514fffffffffffff</name>
      <Point>
         <coordinates>
            98.354124,20.313095
         </coordinates>
      </Point>
   </Placemark>
   <Placemark>
      <name>500fffffffffffff</name>
      <Point>
         <coordinates>
            98.249701,29.553633
         </coordinates>
      </Point>
   </Placemark>
   <Placemark>
      <name>9017ffffffffffff</name>
      <Point>
         <coordinates>
            99.679326,-28.680371
         </coordinates>
      </Point>
   </Placemark>
   <Placemark>
      <name>9097ffffffffffff</name>
      <Point>
         <coordinates>
            99.781969,-19.641460
         </coordinates>
      </Point>
   </Placemark>
   <Placemark>
      <name>9517ffffffffffff</name>
      <Point>
         <coordinates>
            99.856282,-10.555784
         </coordinates>
      </Point>
   </Placemark>
   <Placemark>
      <name>9597ffffffffffff</name>
      <Point>
         <coordinates>
            99.902428,-1.332664
         </coordinates>
      </Point>
   </Placemark>
   <Placemark>
      <name>5a57ffffffffffff</name>
      <Point>
         <coordinates>
            99.872146,7.937489
         </coordinates>
      </Point>
   </Placemark>
   <Placemark>
      <name>5ad7ffffffffffff</name>
      <Point>
         <coordinates>
            99.806381,17.055711
         </coordinates>
      </Point>
   </Placemark>
   <Placemark>
      <name>5157ffffffffffff</name>
      <Point>
         <coordinates>
            99.709187,26.089323
         </coordinates>
      </Point>
   </Placemark>
   <Placemark>
      <name>5007ffffffffffff</name>
      <Point>
         <coordinates>
            101.200000,31.832359
         </coordinates>
      </Point>
   </Placemark>
   <Placemark>
      <name>50c7ffffffffffff</name>
      <Point>
         <coordinates>
            94.458251,38.914503
         </coordinates>
      </Point>
   </Placemark>
   <Placemark>
      <name>5787ffffffffffff</name>
      <Point>
         <coordinates>
            86.227134,45.557286
         </coordinates>
      </Point>
   </Placemark>
   <Placemark>
      <name>5687ffffffffffff</name>
      <Point>
         <coordinates>
            75.794091,51.519881
         </coordinates>
      </Point>
   </Placemark>
   <Placemark>
      <name>02c7ffffffffffff</name>
      <Point>
         <coordinates>
            62.393603,56.351024
         </coordinates>
      </Point>
   </Placemark>
   <Placemark>
      <name>0287ffffffffffff</name>
      <Point>
         <coordinates>
            46.198611,59.348660
         </coordinates>
      </Point>
   </Placemark>
   <Placemark>
      <name>0047ffffffffffff</name>
      <Point>
         <coordinates>
            28.396378,60.059042
         </coordinates>
      </Point>
   </Placemark>
   <Placemark>
      <name>50e7ffffffffffff</name>
      <Point>
         <coordinates>
            98.349306,37.226828
         </coordinates>
      </Point>
   </Placemark>
   <Placemark>
      <name>57a7ffffffffffff</name>
      <Point>
         <coordinates>
            90.737979,44.145082
         </coordinates>
      </Point>
   </Placemark>
   <Placemark>
      <name>56a7ffffffffffff</name>
      <Point>
         <coordinates>
            81.151379,50.489747
         </coordinates>
      </Point>
   </Placemark>
   <Placemark>
      <name>02cfffffffffffff</name>
      <Point>
         <coordinates>
            68.688104,55.917789
         </coordinates>
      </Point>
   </Placemark>
   <Placemark>
      <name>028fffffffffffff</name>
      <Point>
         <coordinates>
            53.028604,59.780400
         </coordinates>
      </Point>
   </Placemark>
   <Placemark>
      <name>004fffffffffffff</name>
      <Point>
         <coordinates>
            34.894805,61.415857
         </coordinates>
      </Point>
   </Placemark>
   <Placemark>
      <name>000fffffffffffff</name>
      <Point>
         <coordinates>
            16.409908,60.532104
         </coordinates>
      </Point>
   </Placemark>
   <Placemark>
      <name>5037ffffffffffff</name>
      <Point>
         <coordinates>
            102.130567,35.157247
         </coordinates>
      </Point>
   </Placemark>
   <Placemark>
      <name>50d7ffffffffffff</name>
      <Point>
         <coordinates>
            95.055122,42.552145
         </coordinates>
      </Point>
   </Placemark>
   <Placemark>
      <name>5797ffffffffffff</name>
      <Point>
         <coordinates>
            86.265778,49.243507
         </coordinates>
      </Point>
   </Placemark>
   <Placemark>
      <name>5697ffffffffffff</name>
      <Point>
         <coordinates>
            74.826884,55.168714
         </coordinates>
      </Point>
   </Placemark>
   <Placemark>
      <name>02e7ffffffffffff</name>
      <Point>
         <coordinates>
            59.972860,59.836207
         </coordinates>
      </Point>
   </Placemark>
   <Placemark>
      <name>02a7ffffffffffff</name>
      <Point>
         <coordinates>
            41.892914,62.431467
         </coordinates>
      </Point>
   </Placemark>
   <Placemark>
      <name>0067ffffffffffff</name>
      <Point>
         <coordinates>
            22.316128,62.437643
         </coordinates>
      </Point>
   </Placemark>
   <Placemark>
      <name>5027ffffffffffff</name>
      <Point>
         <coordinates>
            105.202757,32.071955
         </coordinates>
      </Point>
   </Placemark>
   <Placemark>
      <name>50f7ffffffffffff</name>
      <Point>
         <coordinates>
            99.195321,40.743282
         </coordinates>
      </Point>
   </Placemark>
   <Placemark>
      <name>57b7ffffffffffff</name>
      <Point>
         <coordinates>
            91.132649,47.788785
         </coordinates>
      </Point>
   </Placemark>
   <Placemark>
      <name>56b7ffffffffffff</name>
      <Point>
         <coordinates>
            80.714821,54.158823
         </coordinates>
      </Point>
   </Placemark>
   <Placemark>
      <name>02efffffffffffff</name>
      <Point>
         <coordinates>
            66.887335,59.508996
         </coordinates>
      </Point>
   </Placemark>
   <Placemark>
      <name>02afffffffffffff</name>
      <Point>
         <coordinates>
            49.301527,63.067900
         </coordinates>
      </Point>
   </Placemark>
   <Placemark>
      <name>006fffffffffffff</name>
      <Point>
         <coordinates>
            28.972577,64.063399
         </coordinates>
      </Point>
   </Placemark>
   <Placemark>
      <name>519fffffffffffff</name>
      <Point>
         <coordinates>
            103.140854,38.475733
         </coordinates>
      </Point>
   </Placemark>
   <Placemark>
      <name>5c5fffffffffffff</name>
      <Point>
         <coordinates>
            95.756671,46.120224
         </coordinates>
      </Point>
   </Placemark>
   <Placemark>
      <name>5cdfffffffffffff</name>
      <Point>
         <coordinates>
            86.305718,52.898433
         </coordinates>
      </Point>
   </Placemark>
   <Placemark>
      <name>0257ffffffffffff</name>
      <Point>
         <coordinates>
            73.628233,58.803870
         </coordinates>
      </Point>
   </Placemark>
   <Placemark>
      <name>0217ffffffffffff</name>
      <Point>
         <coordinates>
            56.961663,63.295125
         </coordinates>
      </Point>
   </Placemark>
   <Placemark>
      <name>0397ffffffffffff</name>
      <Point>
         <coordinates>
            36.380582,65.352637
         </coordinates>
      </Point>
   </Placemark>
   <Placemark>
      <name>0157ffffffffffff</name>
      <Point>
         <coordinates>
            14.254989,64.073164
         </coordinates>
      </Point>
   </Placemark>
   <Placemark>
      <name>518fffffffffffff</name>
      <Point>
         <coordinates>
            106.658859,35.562565
         </coordinates>
      </Point>
   </Placemark>
   <Placemark>
      <name>5c4fffffffffffff</name>
      <Point>
         <coordinates>
            100.142613,44.199941
         </coordinates>
      </Point>
   </Placemark>
   <Placemark>
      <name>5ccfffffffffffff</name>
      <Point>
         <coordinates>
            91.585398,51.397290
         </coordinates>
      </Point>
   </Placemark>
   <Placemark>
      <name>025fffffffffffff</name>
      <Point>
         <coordinates>
            80.151266,57.809306
         </coordinates>
      </Point>
   </Placemark>
   <Placemark>
      <name>021fffffffffffff</name>
      <Point>
         <coordinates>
            64.668670,63.097288
         </coordinates>
      </Point>
   </Placemark>
   <Placemark>
      <name>039fffffffffffff</name>
      <Point>
         <coordinates>
            44.456843,66.247459
         </coordinates>
      </Point>
   </Placemark>
   <Placemark>
      <name>015fffffffffffff</name>
      <Point>
         <coordinates>
            21.086011,66.184328
         </coordinates>
      </Point>
   </Placemark>
   <Placemark>
      <name>5117ffffffffffff</name>
      <Point>
         <coordinates>
            109.224443,32.185249
         </coordinates>
      </Point>
   </Placemark>
   <Placemark>
      <name>5197ffffffffffff</name>
      <Point>
         <coordinates>
            104.250081,41.788909
         </coordinates>
      </Point>
   </Placemark>
   <Placemark>
      <name>5c57ffffffffffff</name>
      <Point>
         <coordinates>
            96.551403,49.652205
         </coordinates>
      </Point>
   </Placemark>
   <Placemark>
      <name>5cd7ffffffffffff</name>
      <Point>
         <coordinates>
            86.322486,56.536780
         </coordinates>
      </Point>
   </Placemark>
   <Placemark>
      <name>0277ffffffffffff</name>
      <Point>
         <coordinates>
            72.208256,62.475991
         </coordinates>
      </Point>
   </Placemark>
   <Placemark>
      <name>0237ffffffffffff</name>
      <Point>
         <coordinates>
            53.012331,66.697508
         </coordinates>
      </Point>
   </Placemark>
   <Placemark>
      <name>03b7ffffffffffff</name>
      <Point>
         <coordinates>
            28.945137,67.907530
         </coordinates>
      </Point>
   </Placemark>
   <Placemark>
      <name>5107ffffffffffff</name>
      <Point>
         <coordinates>
            110.906533,28.688886
         </coordinates>
      </Point>
   </Placemark>
   <Placemark>
      <name>5187ffffffffffff</name>
      <Point>
         <coordinates>
            107.941749,38.914503
         </coordinates>
      </Point>
   </Placemark>
   <Placemark>
      <name>5c47ffffffffffff</name>
      <Point>
         <coordinates>
            101.200000,47.631468
         </coordinates>
      </Point>
   </Placemark>
   <Placemark>
      <name>5cc7ffffffffffff</name>
      <Point>
         <coordinates>
            92.092992,54.988255
         </coordinates>
      </Point>
   </Placemark>
   <Placemark>
      <name>0247ffffffffffff</name>
      <Point>
         <coordinates>
            79.394774,61.449513
         </coordinates>
      </Point>
   </Placemark>
   <Placemark>
      <name>0207ffffffffffff</name>
      <Point>
         <coordinates>
            61.763074,66.670283
         </coordinates>
      </Point>
   </Placemark>
   <Placemark>
      <name>0387ffffffffffff</name>
      <Point>
         <coordinates>
            37.846373,69.196875
         </coordinates>
      </Point>
   </Placemark>
   <Placemark>
      <name>51afffffffffffff</name>
      <Point>
         <coordinates>
            111.047393,35.670890
         </coordinates>
      </Point>
   </Placemark>
   <Placemark>
      <name>5c6fffffffffffff</name>
      <Point>
         <coordinates>
            105.482931,45.097387
         </coordinates>
      </Point>
   </Placemark>
   <Placemark>
      <name>5cefffffffffffff</name>
      <Point>
         <coordinates>
            97.452954,53.166896
         </coordinates>
      </Point>
   </Placemark>
   <Placemark>
      <name>024fffffffffffff</name>
      <Point>
         <coordinates>
            86.292951,60.170256
         </coordinates>
      </Point>
   </Placemark>
   <Placemark>
      <name>020fffffffffffff</name>
      <Point>
         <coordinates>
            70.382116,66.158871
         </coordinates>
      </Point>
   </Placemark>
   <Placemark>
      <name>038fffffffffffff</name>
      <Point>
         <coordinates>
            47.512202,69.967759
         </coordinates>
      </Point>
   </Placemark>
   <Placemark>
      <name>014fffffffffffff</name>
      <Point>
         <coordinates>
            18.873140,69.663174
         </coordinates>
      </Point>
   </Placemark>
   <Placemark>
      <name>5137ffffffffffff</name>
      <Point>
         <coordinates>
            113.257636,32.170974
         </coordinates>
      </Point>
   </Placemark>
   <Placemark>
      <name>51b7ffffffffffff</name>
      <Point>
         <coordinates>
            109.320845,42.217523
         </coordinates>
      </Point>
   </Placemark>
   <Placemark>
      <name>5c77ffffffffffff</name>
      <Point>
         <coordinates>
            102.394455,51.008941
         </coordinates>
      </Point>
   </Placemark>
   <Placemark>
      <name>5cf7ffffffffffff</name>
      <Point>
         <coordinates>
            92.664075,58.574444
         </coordinates>
      </Point>
   </Placemark>
   <Placemark>
      <name>0267ffffffffffff</name>
      <Point>
         <coordinates>
            78.573378,65.182950
         </coordinates>
      </Point>
   </Placemark>
   <Placemark>
      <name>0227ffffffffffff</name>
      <Point>
         <coordinates>
            57.671963,70.190603
         </coordinates>
      </Point>
   </Placemark>
   <Placemark>
      <name>03a7ffffffffffff</name>
      <Point>
         <coordinates>
            28.120240,71.529414
         </coordinates>
      </Point>
   </Placemark>
   <Placemark>
      <name>5127ffffffffffff</name>
      <Point>
         <coordinates>
            114.848738,28.620850
         </coordinates>
      </Point>
   </Placemark>
   <Placemark>
      <name>51a7ffffffffffff</name>
      <Point>
         <coordinates>
            112.643555,39.030340
         </coordinates>
      </Point>
   </Placemark>
   <Placemark>
      <name>5c67ffffffffffff</name>
      <Point>
         <coordinates>
            106.871768,48.401087
         </coordinates>
      </Point>
   </Placemark>
   <Placemark>
      <name>5ce7ffffffffffff</name>
      <Point>
         <coordinates>
            98.491185,56.675737
         </coordinates>
      </Point>
   </Placemark>
   <Placemark>
      <name>026fffffffffffff</name>
      <Point>
         <coordinates>
            86.188541,63.808465
         </coordinates>
      </Point>
   </Placemark>
   <Placemark>
      <name>022fffffffffffff</name>
      <Point>
         <coordinates>
            67.819311,69.841897
         </coordinates>
      </Point>
   </Placemark>
   <Placemark>
      <name>03afffffffffffff</name>
      <Point>
         <coordinates>
            38.949255,72.849257
         </coordinates>
      </Point>
   </Placemark>
   <Placemark>
      <name>58dfffffffffffff</name>
      <Point>
         <coordinates>
            115.378301,35.606189
         </coordinates>
      </Point>
   </Placemark>
   <Placemark>
      <name>5d5fffffffffffff</name>
      <Point>
         <coordinates>
            110.853088,45.492571
         </coordinates>
      </Point>
   </Placemark>
   <Placemark>
      <name>5c1fffffffffffff</name>
      <Point>
         <coordinates>
            103.766328,54.382228
         </coordinates>
      </Point>
   </Placemark>
   <Placemark>
      <name>5c9fffffffffffff</name>
      <Point>
         <coordinates>
            93.318606,62.165629
         </coordinates>
      </Point>
   </Placemark>
   <Placemark>
      <name>0357ffffffffffff</name>
      <Point>
         <coordinates>
            77.449435,68.940794
         </coordinates>
      </Point>
   </Placemark>
   <Placemark>
      <name>0317ffffffffffff</name>
      <Point>
         <coordinates>
            51.016322,73.522083
         </coordinates>
      </Point>
   </Placemark>
   <Placemark>
      <name>0ad7ffffffffffff</name>
      <Point>
         <coordinates>
            15.752858,73.032459
         </coordinates>
      </Point>
   </Placemark>
   <Placemark>
      <name>58cfffffffffffff</name>
      <Point>
         <coordinates>
            117.294734,32.028371
         </coordinates>
      </Point>
   </Placemark>
   <Placemark>
      <name>5d4fffffffffffff</name>
      <Point>
         <coordinates>
            114.323176,42.319141
         </coordinates>
      </Point>
   </Placemark>
   <Placemark>
      <name>5c0fffffffffffff</name>
      <Point>
         <coordinates>
            108.459962,51.698917
         </coordinates>
      </Point>
   </Placemark>
   <Placemark>
      <name>5c8fffffffffffff</name>
      <Point>
         <coordinates>
            99.714570,60.185982
         </coordinates>
      </Point>
   </Placemark>
   <Placemark>
      <name>035fffffffffffff</name>
      <Point>
         <coordinates>
            86.204713,67.541957
         </coordinates>
      </Point>
   </Placemark>
   <Placemark>
      <name>031fffffffffffff</name>
      <Point>
         <coordinates>
            63.537921,73.478794
         </coordinates>
      </Point>
   </Placemark>
   <Placemark>
      <name>0adfffffffffffff</name>
      <Point>
         <coordinates>
            26.764560,75.071169
         </coordinates>
      </Point>
   </Placemark>
   <Placemark>
      <name>5857ffffffffffff</name>
      <Point>
         <coordinates>
            118.773345,28.435538
         </coordinates>
      </Point>
   </Placemark>
   <Placemark>
      <name>58d7ffffffffffff</name>
      <Point>
         <coordinates>
            117.268835,38.929826
         </coordinates>
      </Point>
   </Placemark>
   <Placemark>
      <name>5d57ffffffffffff</name>
      <Point>
         <coordinates>
            112.586319,48.745127
         </coordinates>
      </Point>
   </Placemark>
   <Placemark>
      <name>5c17ffffffffffff</name>
      <Point>
         <coordinates>
            105.374912,57.753825
         </coordinates>
      </Point>
   </Placemark>
   <Placemark>
      <name>5c97ffffffffffff</name>
      <Point>
         <coordinates>
            94.092422,65.769690
         </coordinates>
      </Point>
   </Placemark>
   <Placemark>
      <name>0377ffffffffffff</name>
      <Point>
         <coordinates>
            75.531779,72.723357
         </coordinates>
      </Point>
   </Placemark>
   <Placemark>
      <name>0337ffffffffffff</name>
      <Point>
         <coordinates>
            40.388763,76.429699
         </coordinates>
      </Point>
   </Placemark>
   <Placemark>
      <name>5847ffffffffffff</name>
      <Point>
         <coordinates>
            120.050923,24.869612
         </coordinates>
      </Point>
   </Placemark>
   <Placemark>
      <name>58c7ffffffffffff</name>
      <Point>
         <coordinates>
            119.675581,35.389974
         </coordinates>
      </Point>
   </Placemark>
   <Placemark>
      <name>5d47ffffffffffff</name>
      <Point>
         <coordinates>
            116.172866,45.557286
         </coordinates>
      </Point>
   </Placemark>
   <Placemark>
      <name>5c07ffffffffffff</name>
      <Point>
         <coordinates>
            110.307008,54.988255
         </coordinates>
      </Point>
   </Placemark>
   <Placemark>
      <name>5c87ffffffffffff</name>
      <Point>
         <coordinates>
            101.200000,63.701916
         </coordinates>
      </Point>
   </Placemark>
   <Placemark>
      <name>0347ffffffffffff</name>
      <Point>
         <coordinates>
            86.244287,71.333926
         </coordinates>
      </Point>
   </Placemark>
   <Placemark>
      <name>0307ffffffffffff</name>
      <Point>
         <coordinates>
            55.879669,76.934219
         </coordinates>
      </Point>
   </Placemark>
   <Placemark>
      <name>58efffffffffffff</name>
      <Point>
         <coordinates>
            121.328233,31.757202
         </coordinates>
      </Point>
   </Placemark>
   <Placemark>
      <name>5d6fffffffffffff</name>
      <Point>
         <coordinates>
            119.247090,42.176104
         </coordinates>
      </Point>
   </Placemark>
   <Placemark>
      <name>5c2fffffffffffff</name>
      <Point>
         <coordinates>
            114.577769,51.974562
         </coordinates>
      </Point>
   </Placemark>
   <Placemark>
      <name>5cafffffffffffff</name>
      <Point>
         <coordinates>
            107.307539,61.122816
         </coordinates>
      </Point>
   </Placemark>
   <Placemark>
      <name>034fffffffffffff</name>
      <Point>
         <coordinates>
            95.255613,69.444703
         </coordinates>
      </Point>
   </Placemark>
   <Placemark>
      <name>030fffffffffffff</name>
      <Point>
         <coordinates>
            71.445888,76.503857
         </coordinates>
      </Point>
   </Placemark>
   <Placemark>
      <name>0acfffffffffffff</name>
      <Point>
         <coordinates>
            24.598563,78.566559
         </coordinates>
      </Point>
   </Placemark>
   <Placemark>
      <name>5877ffffffffffff</name>
      <Point>
         <coordinates>
            122.685108,28.130216
         </coordinates>
      </Point>
   </Placemark>
   <Placemark>
      <name>58f7ffffffffffff</name>
      <Point>
         <coordinates>
            121.831892,38.648434
         </coordinates>
      </Point>
   </Placemark>
   <Placemark>
      <name>5d77ffffffffffff</name>
      <Point>
         <coordinates>
            118.257934,48.751371
         </coordinates>
      </Point>
   </Placemark>
   <Placemark>
      <name>5c37ffffffffffff</name>
      <Point>
         <coordinates>
            112.496612,58.264087
         </coordinates>
      </Point>
   </Placemark>
   <Placemark>
      <name>5cb7ffffffffffff</name>
      <Point>
         <coordinates>
            103.070599,67.180393
         </coordinates>
      </Point>
   </Placemark>
   <Placemark>
      <name>0367ffffffffffff</name>
      <Point>
         <coordinates>
            85.256774,75.220518
         </coordinates>
      </Point>
   </Placemark>
   <Placemark>
      <name>0327ffffffffffff</name>
      <Point>
         <coordinates>
            42.775313,79.960574
         </coordinates>
      </Point>
   </Placemark>
   <Placemark>
      <name>5867ffffffffffff</name>
      <Point>
         <coordinates>
            123.878530,24.528183
         </coordinates>
      </Point>
   </Placemark>
   <Placemark>
      <name>58e7ffffffffffff</name>
      <Point>
         <coordinates>
            123.891261,35.024907
         </coordinates>
      </Point>
   </Placemark>
   <Placemark>
      <name>5d67ffffffffffff</name>
      <Point>
         <coordinates>
            121.411260,45.355925
         </coordinates>
      </Point>
   </Placemark>
   <Placemark>
      <name>5c27ffffffffffff</name>
      <Point>
         <coordinates>
            116.902697,55.175961
         </coordinates>
      </Point>
   </Placemark>
   <Placemark>
      <name>5ca7ffffffffffff</name>
      <Point>
         <coordinates>
            109.697618,64.484402
         </coordinates>
      </Point>
   </Placemark>
   <Placemark>
      <name>036fffffffffffff</name>
      <Point>
         <coordinates>
            96.509080,73.271408
         </coordinates>
      </Point>
   </Placemark>
   <Placemark>
      <name>032fffffffffffff</name>
      <Point>
         <coordinates>
            63.880163,80.162650
         </coordinates>
      </Point>
   </Placemark>
   <Placemark>
      <name>581fffffffffffff</name>
      <Point>
         <coordinates>
            125.350999,31.357732
         </coordinates>
      </Point>
   </Placemark>
   <Placemark>
      <name>589fffffffffffff</name>
      <Point>
         <coordinates>
            124.090575,41.825979
         </coordinates>
      </Point>
   </Placemark>
   <Placemark>
      <name>5d1fffffffffffff</name>
      <Point>
         <coordinates>
            120.648885,51.900035
         </coordinates>
      </Point>
   </Placemark>
   <Placemark>
      <name>5d9fffffffffffff</name>
      <Point>
         <coordinates>
            115.149833,61.517546
         </coordinates>
      </Point>
   </Placemark>
   <Placemark>
      <name>165fffffffffffff</name>
      <Point>
         <coordinates>
            105.324187,70.757097
         </coordinates>
      </Point>
   </Placemark>
   <Placemark>
      <name>16dfffffffffffff</name>
      <Point>
         <coordinates>
            83.310350,79.122774
         </coordinates>
      </Point>
   </Placemark>
   <Placemark>
      <name>0a57ffffffffffff</name>
      <Point>
         <coordinates>
            20.678042,82.022787
         </coordinates>
      </Point>
   </Placemark>
   <Placemark>
      <name>580fffffffffffff</name>
      <Point>
         <coordinates>
            126.583187,27.704359
         </coordinates>
      </Point>
   </Placemark>
   <Placemark>
      <name>588fffffffffffff</name>
      <Point>
         <coordinates>
            126.336720,38.201571
         </coordinates>
      </Point>
   </Placemark>
   <Placemark>
      <name>5d0fffffffffffff</name>
      <Point>
         <coordinates>
            123.837837,48.472052
         </coordinates>
      </Point>
   </Placemark>
   <Placemark>
      <name>5d8fffffffffffff</name>
      <Point>
         <coordinates>
            119.663921,58.339683
         </coordinates>
      </Point>
   </Placemark>
   <Placemark>
      <name>164fffffffffffff</name>
      <Point>
         <coordinates>
            112.584439,67.882141
         </coordinates>
      </Point>
   </Placemark>
   <Placemark>
      <name>16cfffffffffffff</name>
      <Point>
         <coordinates>
            98.193406,77.138579
         </coordinates>
      </Point>
   </Placemark>
   <Placemark>
      <name>0a5fffffffffffff</name>
      <Point>
         <coordinates>
            47.786927,83.436768
         </coordinates>
      </Point>
   </Placemark>
   <Placemark>
      <name>5957ffffffffffff</name>
      <Point>
         <coordinates>
            127.687017,24.075192
         </coordinates>
      </Point>
   </Placemark>
   <Placemark>
      <name>5817ffffffffffff</name>
      <Point>
         <coordinates>
            128.075896,34.521887
         </coordinates>
      </Point>
   </Placemark>
   <Placemark>
      <name>5897ffffffffffff</name>
      <Point>
         <coordinates>
            126.550942,44.924551
         </coordinates>
      </Point>
   </Placemark>
   <Placemark>
      <name>5d17ffffffffffff</name>
      <Point>
         <coordinates>
            123.433024,54.995542
         </coordinates>
      </Point>
   </Placemark>
   <Placemark>
      <name>5d97ffffffffffff</name>
      <Point>
         <coordinates>
            118.385903,64.759209
         </coordinates>
      </Point>
   </Placemark>
   <Placemark>
      <name>1657ffffffffffff</name>
      <Point>
         <coordinates>
            108.737367,74.439559
         </coordinates>
      </Point>
   </Placemark>
   <Placemark>
      <name>16d7ffffffffffff</name>
      <Point>
         <coordinates>
            78.920377,83.005962
         </coordinates>
      </Point>
   </Placemark>
   <Placemark>
      <name>5947ffffffffffff</name>
      <Point>
         <coordinates>
            128.721001,20.469100
         </coordinates>
      </Point>
   </Placemark>
   <Placemark>
      <name>5807ffffffffffff</name>
      <Point>
         <coordinates>
            129.356528,30.830692
         </coordinates>
      </Point>
   </Placemark>
   <Placemark>
      <name>5887ffffffffffff</name>
      <Point>
         <coordinates>
            128.850384,41.289071
         </coordinates>
      </Point>
   </Placemark>
   <Placemark>
      <name>5d07ffffffffffff</name>
      <Point>
         <coordinates>
            126.605909,51.519881
         </coordinates>
      </Point>
   </Placemark>
   <Placemark>
      <name>5d87ffffffffffff</name>
      <Point>
         <coordinates>
            123.005226,61.449513
         </coordinates>
      </Point>
   </Placemark>
   <Placemark>
      <name>1647ffffffffffff</name>
      <Point>
         <coordinates>
            116.155713,71.333926
         </coordinates>
      </Point>
   </Placemark>
   <Placemark>
      <name>16c7ffffffffffff</name>
      <Point>
         <coordinates>
            101.200000,81.005136
         </coordinates>
      </Point>
   </Placemark>
   <Placemark>
      <name>582fffffffffffff</name>
      <Point>
         <coordinates>
            130.465112,27.158283
         </coordinates>
      </Point>
   </Placemark>
   <Placemark>
      <name>58afffffffffffff</name>
      <Point>
         <coordinates>
            130.781992,37.597835
         </coordinates>
      </Point>
   </Placemark>
   <Placemark>
      <name>5d2fffffffffffff</name>
      <Point>
         <coordinates>
            129.294014,47.941492
         </coordinates>
      </Point>
   </Placemark>
   <Placemark>
      <name>5dafffffffffffff</name>
      <Point>
         <coordinates>
            126.724156,58.023236
         </coordinates>
      </Point>
   </Placemark>
   <Placemark>
      <name>166fffffffffffff</name>
      <Point>
         <coordinates>
            122.222504,68.049321
         </coordinates>
      </Point>
   </Placemark>
   <Placemark>
      <name>16efffffffffffff</name>
      <Point>
         <coordinates>
            114.208698,78.075374
         </coordinates>
      </Point>
   </Placemark>
   <Placemark>
      <name>0a4fffffffffffff</name>
      <Point>
         <coordinates>
            63.756255,86.741554
         </coordinates>
      </Point>
   </Placemark>
   <Placemark>
      <name>5977ffffffffffff</name>
      <Point>
         <coordinates>
            131.478055,23.509600
         </coordinates>
      </Point>
   </Placemark>
   <Placemark>
      <name>5837ffffffffffff</name>
      <Point>
         <coordinates>
            132.225375,33.883345
         </coordinates>
      </Point>
   </Placemark>
   <Placemark>
      <name>58b7ffffffffffff</name>
      <Point>
         <coordinates>
            131.579494,44.286092
         </coordinates>
      </Point>
   </Placemark>
   <Placemark>
      <name>5d37ffffffffffff</name>
      <Point>
         <coordinates>
            129.808514,54.487617
         </coordinates>
      </Point>
   </Placemark>
   <Placemark>
      <name>5db7ffffffffffff</name>
      <Point>
         <coordinates>
            126.879672,64.591449
         </coordinates>
      </Point>
   </Placemark>
   <Placemark>
      <name>1677ffffffffffff</name>
      <Point>
         <coordinates>
            121.998858,74.759861
         </coordinates>
      </Point>
   </Placemark>
   <Placemark>
      <name>16f7ffffffffffff</name>
      <Point>
         <coordinates>
            108.529712,84.802950
         </coordinates>
      </Point>
   </Placemark>
   <Placemark>
      <name>5967ffffffffffff</name>
      <Point>
         <coordinates>
            132.442877,19.882490
         </coordinates>
      </Point>
   </Placemark>
   <Placemark>
      <name>5827ffffffffffff</name>
      <Point>
         <coordinates>
            133.339183,30.177228
         </coordinates>
      </Point>
   </Placemark>
   <Placemark>
      <name>58a7ffffffffffff</name>
      <Point>
         <coordinates>
            133.522072,40.578352
         </coordinates>
      </Point>
   </Placemark>
   <Placemark>
      <name>5d27ffffffffffff</name>
      <Point>
         <coordinates>
            132.401686,50.867789
         </coordinates>
      </Point>
   </Placemark>
   <Placemark>
      <name>5da7ffffffffffff</name>
      <Point>
         <coordinates>
            130.553321,61.019090
         </coordinates>
      </Point>
   </Placemark>
   <Placemark>
      <name>1667ffffffffffff</name>
      <Point>
         <coordinates>
            127.328518,71.253650
         </coordinates>
      </Point>
   </Placemark>
   <Placemark>
      <name>16e7ffffffffffff</name>
      <Point>
         <coordinates>
            124.327882,81.546145
         </coordinates>
      </Point>
   </Placemark>
   <Placemark>
      <name>591fffffffffffff</name>
      <Point>
         <coordinates>
            134.328197,26.492770
         </coordinates>
      </Point>
   </Placemark>
   <Placemark>
      <name>599fffffffffffff</name>
      <Point>
         <coordinates>
            135.164329,36.843275
         </coordinates>
      </Point>
   </Placemark>
   <Placemark>
      <name>125fffffffffffff</name>
      <Point>
         <coordinates>
            134.604375,47.184610
         </coordinates>
      </Point>
   </Placemark>
   <Placemark>
      <name>12dfffffffffffff</name>
      <Point>
         <coordinates>
            133.520914,57.371902
         </coordinates>
      </Point>
   </Placemark>
   <Placemark>
      <name>175fffffffffffff</name>
      <Point>
         <coordinates>
            131.713035,67.632759
         </coordinates>
      </Point>
   </Placemark>
   <Placemark>
      <name>161fffffffffffff</name>
      <Point>
         <coordinates>
            131.172128,77.980416
         </coordinates>
      </Point>
   </Placemark>
   <Placemark>
      <name>169fffffffffffff</name>
      <Point>
         <coordinates>
            146.843701,88.152603
         </coordinates>
      </Point>
   </Placemark>
   <Placemark>
      <name>590fffffffffffff</name>
      <Point>
         <coordinates>
            135.252044,22.831365
         </coordinates>
      </Point>
   </Placemark>
   <Placemark>
      <name>598fffffffffffff</name>
      <Point>
         <coordinates>
            136.335038,33.111638
         </coordinates>
      </Point>
   </Placemark>
   <Placemark>
      <name>124fffffffffffff</name>
      <Point>
         <coordinates>
            136.487571,43.457001
         </coordinates>
      </Point>
   </Placemark>
   <Placemark>
      <name>12cfffffffffffff</name>
      <Point>
         <coordinates>
            135.966466,53.677581
         </coordinates>
      </Point>
   </Placemark>
   <Placemark>
      <name>174fffffffffffff</name>
      <Point>
         <coordinates>
            135.093335,63.919431
         </coordinates>
      </Point>
   </Placemark>
   <Placemark>
      <name>160fffffffffffff</name>
      <Point>
         <coordinates>
            135.034050,74.290159
         </coordinates>
      </Point>
   </Placemark>
   <Placemark>
      <name>168fffffffffffff</name>
      <Point>
         <coordinates>
            146.629534,84.444227
         </coordinates>
      </Point>
   </Placemark>
   <Placemark>
      <name>a697ffffffffffff</name>
      <Point>
         <coordinates>
            136.155301,19.216720
         </coordinates>
      </Point>
   </Placemark>
   <Placemark>
      <name>5917ffffffffffff</name>
      <Point>
         <coordinates>
            137.294399,29.398832
         </coordinates>
      </Point>
   </Placemark>
   <Placemark>
      <name>5997ffffffffffff</name>
      <Point>
         <coordinates>
            138.101249,39.703443
         </coordinates>
      </Point>
   </Placemark>
   <Placemark>
      <name>1257ffffffffffff</name>
      <Point>
         <coordinates>
            138.015153,49.955899
         </coordinates>
      </Point>
   </Placemark>
   <Placemark>
      <name>12d7ffffffffffff</name>
      <Point>
         <coordinates>
            137.792513,60.150226
         </coordinates>
      </Point>
   </Placemark>
   <Placemark>
      <name>1757ffffffffffff</name>
      <Point>
         <coordinates>
            137.984148,70.517052
         </coordinates>
      </Point>
   </Placemark>
   <Placemark>
      <name>1617ffffffffffff</name>
      <Point>
         <coordinates>
            146.508623,80.708578
         </coordinates>
      </Point>
   </Placemark>
   <Placemark>
      <name>a687ffffffffffff</name>
      <Point>
         <coordinates>
            136.999935,15.593313
         </coordinates>
      </Point>
   </Placemark>
   <Placemark>
      <name>5907ffffffffffff</name>
      <Point>
         <coordinates>
            138.170190,25.708916
         </coordinates>
      </Point>
   </Placemark>
   <Placemark>
      <name>5987ffffffffffff</name>
      <Point>
         <coordinates>
            139.480172,35.942931
         </coordinates>
      </Point>
   </Placemark>
   <Placemark>
      <name>1247ffffffffffff</name>
      <Point>
         <coordinates>
            139.754381,46.221082
         </coordinates>
      </Point>
   </Placemark>
   <Placemark>
      <name>12c7ffffffffffff</name>
      <Point>
         <coordinates>
            140.006397,56.351024
         </coordinates>
      </Point>
   </Placemark>
   <Placemark>
      <name>1747ffffffffffff</name>
      <Point>
         <coordinates>
            140.636926,66.670283
         </coordinates>
      </Point>
   </Placemark>
   <Placemark>
      <name>1607ffffffffffff</name>
      <Point>
         <coordinates>
            146.520331,76.934219
         </coordinates>
      </Point>
   </Placemark>
   <Placemark>
      <name>592fffffffffffff</name>
      <Point>
         <coordinates>
            139.044593,22.118145
         </coordinates>
      </Point>
   </Placemark>
   <Placemark>
      <name>59afffffffffffff</name>
      <Point>
         <coordinates>
            140.400892,32.209275
         </coordinates>
      </Point>
   </Placemark>
   <Placemark>
      <name>126fffffffffffff</name>
      <Point>
         <coordinates>
            141.268819,42.450303
         </coordinates>
      </Point>
   </Placemark>
   <Placemark>
      <name>12efffffffffffff</name>
      <Point>
         <coordinates>
            141.860108,52.540651
         </coordinates>
      </Point>
   </Placemark>
   <Placemark>
      <name>176fffffffffffff</name>
      <Point>
         <coordinates>
            142.789402,62.783988
         </coordinates>
      </Point>
   </Placemark>
   <Placemark>
      <name>162fffffffffffff</name>
      <Point>
         <coordinates>
            146.728256,73.110416
         </coordinates>
      </Point>
   </Placemark>
   <Placemark>
      <name>16afffffffffffff</name>
      <Point>
         <coordinates>
            171.248035,82.315811
         </coordinates>
      </Point>
   </Placemark>
   <Placemark>
      <name>a6b7ffffffffffff</name>
      <Point>
         <coordinates>
            139.843037,18.512958
         </coordinates>
      </Point>
   </Placemark>
   <Placemark>
      <name>5937ffffffffffff</name>
      <Point>
         <coordinates>
            141.242300,28.527832
         </coordinates>
      </Point>
   </Placemark>
   <Placemark>
      <name>59b7ffffffffffff</name>
      <Point>
         <coordinates>
            142.584626,38.672307
         </coordinates>
      </Point>
   </Placemark>
   <Placemark>
      <name>1277ffffffffffff</name>
      <Point>
         <coordinates>
            143.437241,48.732848
         </coordinates>
      </Point>
   </Placemark>
   <Placemark>
      <name>12f7ffffffffffff</name>
      <Point>
         <coordinates>
            144.588394,58.882367
         </coordinates>
      </Point>
   </Placemark>
   <Placemark>
      <name>1777ffffffffffff</name>
      <Point>
         <coordinates>
            147.576321,69.200635
         </coordinates>
      </Point>
   </Placemark>
   <Placemark>
      <name>1637ffffffffffff</name>
      <Point>
         <coordinates>
            163.054352,78.819077
         </coordinates>
      </Point>
   </Placemark>
   <Placemark>
      <name>a6a7ffffffffffff</name>
      <Point>
         <coordinates>
            140.587167,14.886155
         </coordinates>
      </Point>
   </Placemark>
   <Placemark>
      <name>5927ffffffffffff</name>
      <Point>
         <coordinates>
            142.070363,24.946502
         </coordinates>
      </Point>
   </Placemark>
   <Placemark>
      <name>59a7ffffffffffff</name>
      <Point>
         <coordinates>
            143.672863,34.906245
         </coordinates>
      </Point>
   </Placemark>
   <Placemark>
      <name>1267ffffffffffff</name>
      <Point>
         <coordinates>
            144.795774,44.937476
         </coordinates>
      </Point>
   </Placemark>
   <Placemark>
      <name>12e7ffffffffffff</name>
      <Point>
         <coordinates>
            146.123469,54.984258
         </coordinates>
      </Point>
   </Placemark>
   <Placemark>
      <name>1767ffffffffffff</name>
      <Point>
         <coordinates>
            148.726379,65.227547
         </coordinates>
      </Point>
   </Placemark>
   <Placemark>
      <name>1627ffffffffffff</name>
      <Point>
         <coordinates>
            158.861419,75.152054
         </coordinates>
      </Point>
   </Placemark>
   <Placemark>
      <name>a45fffffffffffff</name>
      <Point>
         <coordinates>
            142.819024,21.360338
         </coordinates>
      </Point>
   </Placemark>
   <Placemark>
      <name>a4dfffffffffffff</name>
      <Point>
         <coordinates>
            144.478657,31.248374
         </coordinates>
      </Point>
   </Placemark>
   <Placemark>
      <name>135fffffffffffff</name>
      <Point>
         <coordinates>
            145.977177,41.161343
         </coordinates>
      </Point>
   </Placemark>
   <Placemark>
      <name>121fffffffffffff</name>
      <Point>
         <coordinates>
            147.453170,51.103956
         </coordinates>
      </Point>
   </Placemark>
   <Placemark>
      <name>129fffffffffffff</name>
      <Point>
         <coordinates>
            149.834723,61.240356
         </coordinates>
      </Point>
   </Placemark>
   <Placemark>
      <name>171fffffffffffff</name>
      <Point>
         <coordinates>
            156.559365,71.363957
         </coordinates>
      </Point>
   </Placemark>
   <Placemark>
      <name>179fffffffffffff</name>
      <Point>
         <coordinates>
            -176.004369,79.452011
         </coordinates>
      </Point>
   </Placemark>
   <Placemark>
      <name>a44fffffffffffff</name>
      <Point>
         <coordinates>
            143.506969,17.762256
         </coordinates>
      </Point>
   </Placemark>
   <Placemark>
      <name>a4cfffffffffffff</name>
      <Point>
         <coordinates>
            145.251116,27.673115
         </coordinates>
      </Point>
   </Placemark>
   <Placemark>
      <name>134fffffffffffff</name>
      <Point>
         <coordinates>
            147.011872,37.408813
         </coordinates>
      </Point>
   </Placemark>
   <Placemark>
      <name>120fffffffffffff</name>
      <Point>
         <coordinates>
            148.617843,47.251862
         </coordinates>
      </Point>
   </Placemark>
   <Placemark>
      <name>128fffffffffffff</name>
      <Point>
         <coordinates>
            150.877848,57.263588
         </coordinates>
      </Point>
   </Placemark>
   <Placemark>
      <name>170fffffffffffff</name>
      <Point>
         <coordinates>
            155.875949,67.407177
         </coordinates>
      </Point>
   </Placemark>
   <Placemark>
      <name>178fffffffffffff</name>
      <Point>
         <coordinates>
            174.233944,76.319021
         </coordinates>
      </Point>
   </Placemark>
   <Placemark>
      <name>a797ffffffffffff</name>
      <Point>
         <coordinates>
            144.153470,14.143305
         </coordinates>
      </Point>
   </Placemark>
   <Placemark>
      <name>a457ffffffffffff</name>
      <Point>
         <coordinates>
            145.944673,24.103606
         </coordinates>
      </Point>
   </Placemark>
   <Placemark>
      <name>a4d7ffffffffffff</name>
      <Point>
         <coordinates>
            147.917411,33.799517
         </coordinates>
      </Point>
   </Placemark>
   <Placemark>
      <name>1357ffffffffffff</name>
      <Point>
         <coordinates>
            149.646443,43.435088
         </coordinates>
      </Point>
   </Placemark>
   <Placemark>
      <name>1217ffffffffffff</name>
      <Point>
         <coordinates>
            151.847903,53.316059
         </coordinates>
      </Point>
   </Placemark>
   <Placemark>
      <name>1297ffffffffffff</name>
      <Point>
         <coordinates>
            155.889487,63.380360
         </coordinates>
      </Point>
   </Placemark>
   <Placemark>
      <name>1717ffffffffffff</name>
      <Point>
         <coordinates>
            168.254054,72.872584
         </coordinates>
      </Point>
   </Placemark>
   <Placemark>
      <name>a787ffffffffffff</name>
      <Point>
         <coordinates>
            144.782015,10.492299
         </coordinates>
      </Point>
   </Placemark>
   <Placemark>
      <name>a447ffffffffffff</name>
      <Point>
         <coordinates>
            146.575548,20.533583
         </coordinates>
      </Point>
   </Placemark>
   <Placemark>
      <name>a4c7ffffffffffff</name>
      <Point>
         <coordinates>
            148.602146,30.265653
         </coordinates>
      </Point>
   </Placemark>
   <Placemark>
      <name>1347ffffffffffff</name>
      <Point>
         <coordinates>
            150.560411,39.658006
         </coordinates>
      </Point>
   </Placemark>
   <Placemark>
      <name>1207ffffffffffff</name>
      <Point>
         <coordinates>
            152.744262,49.411361
         </coordinates>
      </Point>
   </Placemark>
   <Placemark>
      <name>1287ffffffffffff</name>
      <Point>
         <coordinates>
            156.201389,59.348660
         </coordinates>
      </Point>
   </Placemark>
   <Placemark>
      <name>1707ffffffffffff</name>
      <Point>
         <coordinates>
            164.553627,69.196875
         </coordinates>
      </Point>
   </Placemark>
   <Placemark>
      <name>a46fffffffffffff</name>
      <Point>
         <coordinates>
            147.158829,16.955071
         </coordinates>
      </Point>
   </Placemark>
   <Placemark>
      <name>a4efffffffffffff</name>
      <Point>
         <coordinates>
            149.232685,26.706518
         </coordinates>
      </Point>
   </Placemark>
   <Placemark>
      <name>136fffffffffffff</name>
      <Point>
         <coordinates>
            151.516604,36.052066
         </coordinates>
      </Point>
   </Placemark>
   <Placemark>
      <name>122fffffffffffff</name>
      <Point>
         <coordinates>
            153.569589,45.558547
         </coordinates>
      </Point>
   </Placemark>
   <Placemark>
      <name>12afffffffffffff</name>
      <Point>
         <coordinates>
            156.666250,55.346665
         </coordinates>
      </Point>
   </Placemark>
   <Placemark>
      <name>172fffffffffffff</name>
      <Point>
         <coordinates>
            162.915942,65.236208
         </coordinates>
      </Point>
   </Placemark>
   <Placemark>
      <name>17afffffffffffff</name>
      <Point>
         <coordinates>
            -178.166004,73.489092
         </coordinates>
      </Point>
   </Placemark>
   <Placemark>
      <name>a7b7ffffffffffff</name>
      <Point>
         <coordinates>
            147.710818,13.357582
         </coordinates>
      </Point>
   </Placemark>
   <Placemark>
      <name>a477ffffffffffff</name>
      <Point>
         <coordinates>
            149.803611,23.158626
         </coordinates>
      </Point>
   </Placemark>
   <Placemark>
      <name>a4f7ffffffffffff</name>
      <Point>
         <coordinates>
            152.217211,32.490826
         </coordinates>
      </Point>
   </Placemark>
   <Placemark>
      <name>1377ffffffffffff</name>
      <Point>
         <coordinates>
            154.367862,41.794933
         </coordinates>
      </Point>
   </Placemark>
   <Placemark>
      <name>1237ffffffffffff</name>
      <Point>
         <coordinates>
            157.203848,51.397908
         </coordinates>
      </Point>
   </Placemark>
   <Placemark>
      <name>12b7ffffffffffff</name>
      <Point>
         <coordinates>
            162.174109,61.200689
         </coordinates>
      </Point>
   </Placemark>
   <Placemark>
      <name>1737ffffffffffff</name>
      <Point>
         <coordinates>
            175.340871,70.274117
         </coordinates>
      </Point>
   </Placemark>
   <Placemark>
      <name>a7a7ffffffffffff</name>
      <Point>
         <coordinates>
            148.253217,9.726936
         </coordinates>
      </Point>
   </Placemark>
   <Placemark>
      <name>a467ffffffffffff</name>
      <Point>
         <coordinates>
            150.326863,19.615837
         </coordinates>
      </Point>
   </Placemark>
   <Placemark>
      <name>a4e7ffffffffffff</name>
      <Point>
         <coordinates>
            152.753213,28.969896
         </coordinates>
      </Point>
   </Placemark>
   <Placemark>
      <name>1367ffffffffffff</name>
      <Point>
         <coordinates>
            155.205787,38.175334
         </coordinates>
      </Point>
   </Placemark>
   <Placemark>
      <name>1227ffffffffffff</name>
      <Point>
         <coordinates>
            157.768688,47.517252
         </coordinates>
      </Point>
   </Placemark>
   <Placemark>
      <name>12a7ffffffffffff</name>
      <Point>
         <coordinates>
            161.947796,57.168927
         </coordinates>
      </Point>
   </Placemark>
   <Placemark>
      <name>1727ffffffffffff</name>
      <Point>
         <coordinates>
            171.088926,66.699159
         </coordinates>
      </Point>
   </Placemark>
   <Placemark>
      <name>a55fffffffffffff</name>
      <Point>
         <coordinates>
            150.813544,16.070241
         </coordinates>
      </Point>
   </Placemark>
   <Placemark>
      <name>a41fffffffffffff</name>
      <Point>
         <coordinates>
            153.240091,25.470688
         </coordinates>
      </Point>
   </Placemark>
   <Placemark>
      <name>a49fffffffffffff</name>
      <Point>
         <coordinates>
            155.944797,34.578811
         </coordinates>
      </Point>
   </Placemark>
   <Placemark>
      <name>131fffffffffffff</name>
      <Point>
         <coordinates>
            158.419698,43.772633
         </coordinates>
      </Point>
   </Placemark>
   <Placemark>
      <name>139fffffffffffff</name>
      <Point>
         <coordinates>
            162.019475,53.190532
         </coordinates>
      </Point>
   </Placemark>
   <Placemark>
      <name>105fffffffffffff</name>
      <Point>
         <coordinates>
            168.875324,62.767712
         </coordinates>
      </Point>
   </Placemark>
   <Placemark>
      <name>10dfffffffffffff</name>
      <Point>
         <coordinates>
            -172.784189,70.471286
         </coordinates>
      </Point>
   </Placemark>
   <Placemark>
      <name>a54fffffffffffff</name>
      <Point>
         <coordinates>
            151.275921,12.510831
         </coordinates>
      </Point>
   </Placemark>
   <Placemark>
      <name>a40fffffffffffff</name>
      <Point>
         <coordinates>
            153.686931,21.989151
         </coordinates>
      </Point>
   </Placemark>
   <Placemark>
      <name>a48fffffffffffff</name>
      <Point>
         <coordinates>
            156.432600,31.030889
         </coordinates>
      </Point>
   </Placemark>
   <Placemark>
      <name>130fffffffffffff</name>
      <Point>
         <coordinates>
            159.108219,40.145956
         </coordinates>
      </Point>
   </Placemark>
   <Placemark>
      <name>138fffffffffffff</name>
      <Point>
         <coordinates>
            162.262171,49.294823
         </coordinates>
      </Point>
   </Placemark>
   <Placemark>
      <name>104fffffffffffff</name>
      <Point>
         <coordinates>
            167.721599,58.751670
         </coordinates>
      </Point>
   </Placemark>
   <Placemark>
      <name>10cfffffffffffff</name>
      <Point>
         <coordinates>
            -179.235931,67.470581
         </coordinates>
      </Point>
   </Placemark>
   <Placemark>
      <name>a0d7ffffffffffff</name>
      <Point>
         <coordinates>
            151.731707,8.920935
         </coordinates>
      </Point>
   </Placemark>
   <Placemark>
      <name>a557ffffffffffff</name>
      <Point>
         <coordinates>
            154.101228,18.520662
         </coordinates>
      </Point>
   </Placemark>
   <Placemark>
      <name>a417ffffffffffff</name>
      <Point>
         <coordinates>
            156.841680,27.517972
         </coordinates>
      </Point>
   </Placemark>
   <Placemark>
      <name>a497ffffffffffff</name>
      <Point>
         <coordinates>
            159.716676,36.547787
         </coordinates>
      </Point>
   </Placemark>
   <Placemark>
      <name>1317ffffffffffff</name>
      <Point>
         <coordinates>
            162.733841,45.577958
         </coordinates>
      </Point>
   </Placemark>
   <Placemark>
      <name>1397ffffffffffff</name>
      <Point>
         <coordinates>
            167.203482,54.765727
         </coordinates>
      </Point>
   </Placemark>
   <Placemark>
      <name>1057ffffffffffff</name>
      <Point>
         <coordinates>
            176.395152,63.967531
         </coordinates>
      </Point>
   </Placemark>
   <Placemark>
      <name>a0c7ffffffffffff</name>
      <Point>
         <coordinates>
            152.216592,5.273568
         </coordinates>
      </Point>
   </Placemark>
   <Placemark>
      <name>a547ffffffffffff</name>
      <Point>
         <coordinates>
            154.489688,15.059211
         </coordinates>
      </Point>
   </Placemark>
   <Placemark>
      <name>a407ffffffffffff</name>
      <Point>
         <coordinates>
            157.222778,24.028653
         </coordinates>
      </Point>
   </Placemark>
   <Placemark>
      <name>a487ffffffffffff</name>
      <Point>
         <coordinates>
            160.239499,32.958880
         </coordinates>
      </Point>
   </Placemark>
   <Placemark>
      <name>1307ffffffffffff</name>
      <Point>
         <coordinates>
            163.239701,41.953804
         </coordinates>
      </Point>
   </Placemark>
   <Placemark>
      <name>1387ffffffffffff</name>
      <Point>
         <coordinates>
            167.063325,50.873628
         </coordinates>
      </Point>
   </Placemark>
   <Placemark>
      <name>1047ffffffffffff</name>
      <Point>
         <coordinates>
            174.003622,60.059042
         </coordinates>
      </Point>
   </Placemark>
   <Placemark>
      <name>a56fffffffffffff</name>
      <Point>
         <coordinates>
            154.873281,11.554912
         </coordinates>
      </Point>
   </Placemark>
   <Placemark>
      <name>a42fffffffffffff</name>
      <Point>
         <coordinates>
            157.581569,20.559577
         </coordinates>
      </Point>
   </Placemark>
   <Placemark>
      <name>a4afffffffffffff</name>
      <Point>
         <coordinates>
            160.552884,29.421327
         </coordinates>
      </Point>
   </Placemark>
   <Placemark>
      <name>132fffffffffffff</name>
      <Point>
         <coordinates>
            163.688839,38.361933
         </coordinates>
      </Point>
   </Placemark>
   <Placemark>
      <name>13afffffffffffff</name>
      <Point>
         <coordinates>
            167.325316,47.197164
         </coordinates>
      </Point>
   </Placemark>
   <Placemark>
      <name>106fffffffffffff</name>
      <Point>
         <coordinates>
            172.752112,56.098304
         </coordinates>
      </Point>
   </Placemark>
   <Placemark>
      <name>10efffffffffffff</name>
      <Point>
         <coordinates>
            -174.991740,64.531289
         </coordinates>
      </Point>
   </Placemark>
   <Placemark>
      <name>a0f7ffffffffffff</name>
      <Point>
         <coordinates>
            155.247347,8.033995
         </coordinates>
      </Point>
   </Placemark>
   <Placemark>
      <name>a577ffffffffffff</name>
      <Point>
         <coordinates>
            157.922685,17.107554
         </coordinates>
      </Point>
   </Placemark>
   <Placemark>
      <name>a437ffffffffffff</name>
      <Point>
         <coordinates>
            160.853649,25.908910
         </coordinates>
      </Point>
   </Placemark>
   <Placemark>
      <name>a4b7ffffffffffff</name>
      <Point>
         <coordinates>
            164.070579,34.782000
         </coordinates>
      </Point>
   </Placemark>
   <Placemark>
      <name>1337ffffffffffff</name>
      <Point>
         <coordinates>
            167.614104,43.588766
         </coordinates>
      </Point>
   </Placemark>
   <Placemark>
      <name>13b7ffffffffffff</name>
      <Point>
         <coordinates>
            172.237983,52.259838
         </coordinates>
      </Point>
   </Placemark>
   <Placemark>
      <name>1077ffffffffffff</name>
      <Point>
         <coordinates>
            -179.184152,61.043508
         </coordinates>
      </Point>
   </Placemark>
   <Placemark>
      <name>a0e7ffffffffffff</name>
      <Point>
         <coordinates>
            155.635628,4.465001
         </coordinates>
      </Point>
   </Placemark>
   <Placemark>
      <name>a567ffffffffffff</name>
      <Point>
         <coordinates>
            158.250001,13.669534
         </coordinates>
      </Point>
   </Placemark>
   <Placemark>
      <name>a427ffffffffffff</name>
      <Point>
         <coordinates>
            161.145407,22.417384
         </coordinates>
      </Point>
   </Placemark>
   <Placemark>
      <name>a4a7ffffffffffff</name>
      <Point>
         <coordinates>
            164.366751,31.206115
         </coordinates>
      </Point>
   </Placemark>
   <Placemark>
      <name>1327ffffffffffff</name>
      <Point>
         <coordinates>
            167.873449,40.013819
         </coordinates>
      </Point>
   </Placemark>
   <Placemark>
      <name>13a7ffffffffffff</name>
      <Point>
         <coordinates>
            172.206276,48.617505
         </coordinates>
      </Point>
   </Placemark>
   <Placemark>
      <name>1067ffffffffffff</name>
      <Point>
         <coordinates>
            178.639853,57.162817
         </coordinates>
      </Point>
   </Placemark>
   <Placemark>
      <name>a09fffffffffffff</name>
      <Point>
         <coordinates>
            158.566840,10.242582
         </coordinates>
      </Point>
   </Placemark>
   <Placemark>
      <name>a51fffffffffffff</name>
      <Point>
         <coordinates>
            161.431118,18.942300
         </coordinates>
      </Point>
   </Placemark>
   <Placemark>
      <name>a59fffffffffffff</name>
      <Point>
         <coordinates>
            164.567422,27.665167
         </coordinates>
      </Point>
   </Placemark>
   <Placemark>
      <name>1a5fffffffffffff</name>
      <Point>
         <coordinates>
            168.087375,36.451336
         </coordinates>
      </Point>
   </Placemark>
   <Placemark>
      <name>1adfffffffffffff</name>
      <Point>
         <coordinates>
            172.243349,45.042366
         </coordinates>
      </Point>
   </Placemark>
   <Placemark>
      <name>115fffffffffffff</name>
      <Point>
         <coordinates>
            177.740530,53.408655
         </coordinates>
      </Point>
   </Placemark>
   <Placemark>
      <name>101fffffffffffff</name>
      <Point>
         <coordinates>
            -171.589773,61.498239
         </coordinates>
      </Point>
   </Placemark>
   <Placemark>
      <name>a08fffffffffffff</name>
      <Point>
         <coordinates>
            158.876131,6.823853
         </coordinates>
      </Point>
   </Placemark>
   <Placemark>
      <name>a50fffffffffffff</name>
      <Point>
         <coordinates>
            161.713164,15.478532
         </coordinates>
      </Point>
   </Placemark>
   <Placemark>
      <name>a58fffffffffffff</name>
      <Point>
         <coordinates>
            164.774034,24.143588
         </coordinates>
      </Point>
   </Placemark>
   <Placemark>
      <name>1a4fffffffffffff</name>
      <Point>
         <coordinates>
            168.252923,32.887378
         </coordinates>
      </Point>
   </Placemark>
   <Placemark>
      <name>1acfffffffffffff</name>
      <Point>
         <coordinates>
            172.280936,41.497783
         </coordinates>
      </Point>
   </Placemark>
   <Placemark>
      <name>114fffffffffffff</name>
      <Point>
         <coordinates>
            177.388298,49.831084
         </coordinates>
      </Point>
   </Placemark>
   <Placemark>
      <name>100fffffffffffff</name>
      <Point>
         <coordinates>
            -175.184783,57.935592
         </coordinates>
      </Point>
   </Placemark>
   <Placemark>
      <name>a017ffffffffffff</name>
      <Point>
         <coordinates>
            159.180531,3.410571
         </coordinates>
      </Point>
   </Placemark>
   <Placemark>
      <name>a097ffffffffffff</name>
      <Point>
         <coordinates>
            161.993154,12.019139
         </coordinates>
      </Point>
   </Placemark>
   <Placemark>
      <name>a517ffffffffffff</name>
      <Point>
         <coordinates>
            164.986763,20.635210
         </coordinates>
      </Point>
   </Placemark>
   <Placemark>
      <name>a597ffffffffffff</name>
      <Point>
         <coordinates>
            168.363906,29.318794
         </coordinates>
      </Point>
   </Placemark>
   <Placemark>
      <name>1a57ffffffffffff</name>
      <Point>
         <coordinates>
            172.298803,37.963123
         </coordinates>
      </Point>
   </Placemark>
   <Placemark>
      <name>1ad7ffffffffffff</name>
      <Point>
         <coordinates>
            177.138343,46.311251
         </coordinates>
      </Point>
   </Placemark>
   <Placemark>
      <name>1157ffffffffffff</name>
      <Point>
         <coordinates>
            -176.412945,54.316934
         </coordinates>
      </Point>
   </Placemark>
   <Placemark>
      <name>6007ffffffffffff</name>
      <Point>
         <coordinates>
            -137.082526,0.000000
         </coordinates>
      </Point>
   </Placemark>
   <Placemark>
      <name>6087ffffffffffff</name>
      <Point>
         <coordinates>
            -129.816592,5.273568
         </coordinates>
      </Point>
   </Placemark>
   <Placemark>
      <name>6507ffffffffffff</name>
      <Point>
         <coordinates>
            -122.382015,10.492299
         </coordinates>
      </Point>
   </Placemark>
   <Placemark>
      <name>6587ffffffffffff</name>
      <Point>
         <coordinates>
            -114.599935,15.593313
         </coordinates>
      </Point>
   </Placemark>
   <Placemark>
      <name>2a47ffffffffffff</name>
      <Point>
         <coordinates>
            -106.321001,20.469100
         </coordinates>
      </Point>
   </Placemark>
   <Placemark>
      <name>2ac7ffffffffffff</name>
      <Point>
         <coordinates>
            -97.650923,24.869612
         </coordinates>
      </Point>
   </Placemark>
   <Placemark>
      <name>2147ffffffffffff</name>
      <Point>
         <coordinates>
            -88.506533,28.688886
         </coordinates>
      </Point>
   </Placemark>
   <Placemark>
      <name>60afffffffffffff</name>
      <Point>
         <coordinates>
            -131.662573,2.283423
         </coordinates>
      </Point>
   </Placemark>
   <Placemark>
      <name>652fffffffffffff</name>
      <Point>
         <coordinates>
            -124.303057,7.536603
         </coordinates>
      </Point>
   </Placemark>
   <Placemark>
      <name>65afffffffffffff</name>
      <Point>
         <coordinates>
            -116.688002,12.686817
         </coordinates>
      </Point>
   </Placemark>
   <Placemark>
      <name>2a6fffffffffffff</name>
      <Point>
         <coordinates>
            -108.617983,17.658817
         </coordinates>
      </Point>
   </Placemark>
   <Placemark>
      <name>2aefffffffffffff</name>
      <Point>
         <coordinates>
            -100.115554,22.194105
         </coordinates>
      </Point>
   </Placemark>
   <Placemark>
      <name>216fffffffffffff</name>
      <Point>
         <coordinates>
            -91.204256,26.181684
         </coordinates>
      </Point>
   </Placemark>
   <Placemark>
      <name>202fffffffffffff</name>
      <Point>
         <coordinates>
            -81.750299,29.553633
         </coordinates>
      </Point>
   </Placemark>
   <Placemark>
      <name>6037ffffffffffff</name>
      <Point>
         <coordinates>
            -133.759922,-0.765345
         </coordinates>
      </Point>
   </Placemark>
   <Placemark>
      <name>60b7ffffffffffff</name>
      <Point>
         <coordinates>
            -126.211215,4.552255
         </coordinates>
      </Point>
   </Placemark>
   <Placemark>
      <name>6537ffffffffffff</name>
      <Point>
         <coordinates>
            -118.711766,9.753663
         </coordinates>
      </Point>
   </Placemark>
   <Placemark>
      <name>65b7ffffffffffff</name>
      <Point>
         <coordinates>
            -110.854981,14.806309
         </coordinates>
      </Point>
   </Placemark>
   <Placemark>
      <name>2a77ffffffffffff</name>
      <Point>
         <coordinates>
            -102.504348,19.486713
         </coordinates>
      </Point>
   </Placemark>
   <Placemark>
      <name>2af7ffffffffffff</name>
      <Point>
         <coordinates>
            -93.786082,23.633429
         </coordinates>
      </Point>
   </Placemark>
   <Placemark>
      <name>2177ffffffffffff</name>
      <Point>
         <coordinates>
            -84.572013,27.209798
         </coordinates>
      </Point>
   </Placemark>
   <Placemark>
      <name>6027ffffffffffff</name>
      <Point>
         <coordinates>
            -136.780531,-3.410571
         </coordinates>
      </Point>
   </Placemark>
   <Placemark>
      <name>60a7ffffffffffff</name>
      <Point>
         <coordinates>
            -128.166231,1.528418
         </coordinates>
      </Point>
   </Placemark>
   <Placemark>
      <name>6527ffffffffffff</name>
      <Point>
         <coordinates>
            -120.696657,6.791432
         </coordinates>
      </Point>
   </Placemark>
   <Placemark>
      <name>65a7ffffffffffff</name>
      <Point>
         <coordinates>
            -113.002979,11.911770
         </coordinates>
      </Point>
   </Placemark>
   <Placemark>
      <name>2a67ffffffffffff</name>
      <Point>
         <coordinates>
            -104.837530,16.747870
         </coordinates>
      </Point>
   </Placemark>
   <Placemark>
      <name>2ae7ffffffffffff</name>
      <Point>
         <coordinates>
            -96.278819,21.044393
         </coordinates>
      </Point>
   </Placemark>
   <Placemark>
      <name>2167ffffffffffff</name>
      <Point>
         <coordinates>
            -87.281651,24.806767
         </coordinates>
      </Point>
   </Placemark>
   <Placemark>
      <name>619fffffffffffff</name>
      <Point>
         <coordinates>
            -130.433198,-1.528788
         </coordinates>
      </Point>
   </Placemark>
   <Placemark>
      <name>6c5fffffffffffff</name>
      <Point>
         <coordinates>
            -122.678593,3.795770
         </coordinates>
      </Point>
   </Placemark>
   <Placemark>
      <name>6cdfffffffffffff</name>
      <Point>
         <coordinates>
            -115.086335,8.984933
         </coordinates>
      </Point>
   </Placemark>
   <Placemark>
      <name>2b5fffffffffffff</name>
      <Point>
         <coordinates>
            -107.132178,13.978028
         </coordinates>
      </Point>
   </Placemark>
   <Placemark>
      <name>2a1fffffffffffff</name>
      <Point>
         <coordinates>
            -98.701650,18.415832
         </coordinates>
      </Point>
   </Placemark>
   <Placemark>
      <name>2a9fffffffffffff</name>
      <Point>
         <coordinates>
            -89.894815,22.349469
         </coordinates>
      </Point>
   </Placemark>
   <Placemark>
      <name>211fffffffffffff</name>
      <Point>
         <coordinates>
            -80.290813,26.089323
         </coordinates>
      </Point>
   </Placemark>
   <Placemark>
      <name>618fffffffffffff</name>
      <Point>
         <coordinates>
            -133.235628,-4.465001
         </coordinates>
      </Point>
   </Placemark>
   <Placemark>
      <name>6c4fffffffffffff</name>
      <Point>
         <coordinates>
            -124.723423,0.763090
         </coordinates>
      </Point>
   </Placemark>
   <Placemark>
      <name>6ccfffffffffffff</name>
      <Point>
         <coordinates>
            -117.132912,6.024600
         </coordinates>
      </Point>
   </Placemark>
   <Placemark>
      <name>2b4fffffffffffff</name>
      <Point>
         <coordinates>
            -109.346543,11.115253
         </coordinates>
      </Point>
   </Placemark>
   <Placemark>
      <name>2a0fffffffffffff</name>
      <Point>
         <coordinates>
            -101.070680,15.749182
         </coordinates>
      </Point>
   </Placemark>
   <Placemark>
      <name>2a8fffffffffffff</name>
      <Point>
         <coordinates>
            -92.426263,19.841983
         </coordinates>
      </Point>
   </Placemark>
   <Placemark>
      <name>210fffffffffffff</name>
      <Point>
         <coordinates>
            -83.152952,23.628031
         </coordinates>
      </Point>
   </Placemark>
   <Placemark>
      <name>6117ffffffffffff</name>
      <Point>
         <coordinates>
            -136.476131,-6.823853
         </coordinates>
      </Point>
   </Placemark>
   <Placemark>
      <name>6197ffffffffffff</name>
      <Point>
         <coordinates>
            -127.098217,-2.288414
         </coordinates>
      </Point>
   </Placemark>
   <Placemark>
      <name>6c57ffffffffffff</name>
      <Point>
         <coordinates>
            -119.181251,3.029042
         </coordinates>
      </Point>
   </Placemark>
   <Placemark>
      <name>6cd7ffffffffffff</name>
      <Point>
         <coordinates>
            -111.487160,8.200656
         </coordinates>
      </Point>
   </Placemark>
   <Placemark>
      <name>2b57ffffffffffff</name>
      <Point>
         <coordinates>
            -103.400484,13.045769
         </coordinates>
      </Point>
   </Placemark>
   <Placemark>
      <name>2a17ffffffffffff</name>
      <Point>
         <coordinates>
            -94.890011,17.287660
         </coordinates>
      </Point>
   </Placemark>
   <Placemark>
      <name>2a97ffffffffffff</name>
      <Point>
         <coordinates>
            -85.883730,21.161089
         </coordinates>
      </Point>
   </Placemark>
   <Placemark>
      <name>6107ffffffffffff</name>
      <Point>
         <coordinates>
            -139.870636,-8.551969
         </coordinates>
      </Point>
   </Placemark>
   <Placemark>
      <name>6187ffffffffffff</name>
      <Point>
         <coordinates>
            -129.816592,-5.273568
         </coordinates>
      </Point>
   </Placemark>
   <Placemark>
      <name>6c47ffffffffffff</name>
      <Point>
         <coordinates>
            -121.296311,0.000000
         </coordinates>
      </Point>
   </Placemark>
   <Placemark>
      <name>6cc7ffffffffffff</name>
      <Point>
         <coordinates>
            -113.591069,5.249327
         </coordinates>
      </Point>
   </Placemark>
   <Placemark>
      <name>2b47ffffffffffff</name>
      <Point>
         <coordinates>
            -105.704837,10.306711
         </coordinates>
      </Point>
   </Placemark>
   <Placemark>
      <name>2a07ffffffffffff</name>
      <Point>
         <coordinates>
            -97.299473,14.689229
         </coordinates>
      </Point>
   </Placemark>
   <Placemark>
      <name>2a87ffffffffffff</name>
      <Point>
         <coordinates>
            -88.512360,18.660837
         </coordinates>
      </Point>
   </Placemark>
   <Placemark>
      <name>61afffffffffffff</name>
      <Point>
         <coordinates>
            -132.847347,-8.033995
         </coordinates>
      </Point>
   </Placemark>
   <Placemark>
      <name>6c6fffffffffffff</name>
      <Point>
         <coordinates>
            -123.750797,-3.042285
         </coordinates>
      </Point>
   </Placemark>
   <Placemark>
      <name>6cefffffffffffff</name>
      <Point>
         <coordinates>
            -115.697401,2.261818
         </coordinates>
      </Point>
   </Placemark>
   <Placemark>
      <name>2b6fffffffffffff</name>
      <Point>
         <coordinates>
            -107.899600,7.409593
         </coordinates>
      </Point>
   </Placemark>
   <Placemark>
      <name>2a2fffffffffffff</name>
      <Point>
         <coordinates>
            -99.667628,12.048894
         </coordinates>
      </Point>
   </Placemark>
   <Placemark>
      <name>2aafffffffffffff</name>
      <Point>
         <coordinates>
            -91.037015,16.156807
         </coordinates>
      </Point>
   </Placemark>
   <Placemark>
      <name>212fffffffffffff</name>
      <Point>
         <coordinates>
            -81.645876,20.313095
         </coordinates>
      </Point>
   </Placemark>
   <Placemark>
      <name>6137ffffffffffff</name>
      <Point>
         <coordinates>
            -136.166840,-10.242582
         </coordinates>
      </Point>
   </Placemark>
   <Placemark>
      <name>61b7ffffffffffff</name>
      <Point>
         <coordinates>
            -126.422770,-6.044151
         </coordinates>
      </Point>
   </Placemark>
   <Placemark>
      <name>6c77ffffffffffff</name>
      <Point>
         <coordinates>
            -117.910499,-0.756932
         </coordinates>
      </Point>
   </Placemark>
   <Placemark>
      <name>6cf7ffffffffffff</name>
      <Point>
         <coordinates>
            -110.056014,4.472961
         </coordinates>
      </Point>
   </Placemark>
   <Placemark>
      <name>2b77ffffffffffff</name>
      <Point>
         <coordinates>
            -102.007197,9.368412
         </coordinates>
      </Point>
   </Placemark>
   <Placemark>
      <name>2a37ffffffffffff</name>
      <Point>
         <coordinates>
            -93.499502,13.610401
         </coordinates>
      </Point>
   </Placemark>
   <Placemark>
      <name>2ab7ffffffffffff</name>
      <Point>
         <coordinates>
            -84.377296,17.792145
         </coordinates>
      </Point>
   </Placemark>
   <Placemark>
      <name>6127ffffffffffff</name>
      <Point>
         <coordinates>
            -139.593154,-12.019139
         </coordinates>
      </Point>
   </Placemark>
   <Placemark>
      <name>61a7ffffffffffff</name>
      <Point>
         <coordinates>
            -129.331707,-8.920935
         </coordinates>
      </Point>
   </Placemark>
   <Placemark>
      <name>6c67ffffffffffff</name>
      <Point>
         <coordinates>
            -120.386699,-3.788424
         </coordinates>
      </Point>
   </Placemark>
   <Placemark>
      <name>6ce7ffffffffffff</name>
      <Point>
         <coordinates>
            -112.212690,1.499124
         </coordinates>
      </Point>
   </Placemark>
   <Placemark>
      <name>2b67ffffffffffff</name>
      <Point>
         <coordinates>
            -104.311583,6.617580
         </coordinates>
      </Point>
   </Placemark>
   <Placemark>
      <name>2a27ffffffffffff</name>
      <Point>
         <coordinates>
            -95.914379,11.021532
         </coordinates>
      </Point>
   </Placemark>
   <Placemark>
      <name>2aa7ffffffffffff</name>
      <Point>
         <coordinates>
            -87.013037,15.256262
         </coordinates>
      </Point>
   </Placemark>
   <Placemark>
      <name>68dfffffffffffff</name>
      <Point>
         <coordinates>
            -132.473281,-11.554912
         </coordinates>
      </Point>
   </Placemark>
   <Placemark>
      <name>6d5fffffffffffff</name>
      <Point>
         <coordinates>
            -123.027274,-6.795996
         </coordinates>
      </Point>
   </Placemark>
   <Placemark>
      <name>6c1fffffffffffff</name>
      <Point>
         <coordinates>
            -114.512071,-1.505384
         </coordinates>
      </Point>
   </Placemark>
   <Placemark>
      <name>6c9fffffffffffff</name>
      <Point>
         <coordinates>
            -106.515939,3.700250
         </coordinates>
      </Point>
   </Placemark>
   <Placemark>
      <name>2b1fffffffffffff</name>
      <Point>
         <coordinates>
            -98.295020,8.390949
         </coordinates>
      </Point>
   </Placemark>
   <Placemark>
      <name>2b9fffffffffffff</name>
      <Point>
         <coordinates>
            -89.572092,12.691533
         </coordinates>
      </Point>
   </Placemark>
   <Placemark>
      <name>285fffffffffffff</name>
      <Point>
         <coordinates>
            -80.193619,17.055711
         </coordinates>
      </Point>
   </Placemark>
   <Placemark>
      <name>68cfffffffffffff</name>
      <Point>
         <coordinates>
            -135.850001,-13.669534
         </coordinates>
      </Point>
   </Placemark>
   <Placemark>
      <name>6d4fffffffffffff</name>
      <Point>
         <coordinates>
            -125.853217,-9.726936
         </coordinates>
      </Point>
   </Placemark>
   <Placemark>
      <name>6c0fffffffffffff</name>
      <Point>
         <coordinates>
            -117.001600,-4.524802
         </coordinates>
      </Point>
   </Placemark>
   <Placemark>
      <name>6c8fffffffffffff</name>
      <Point>
         <coordinates>
            -108.716489,0.744291
         </coordinates>
      </Point>
   </Placemark>
   <Placemark>
      <name>2b0fffffffffffff</name>
      <Point>
         <coordinates>
            -100.654323,5.719580
         </coordinates>
      </Point>
   </Placemark>
   <Placemark>
      <name>2b8fffffffffffff</name>
      <Point>
         <coordinates>
            -92.071417,10.091849
         </coordinates>
      </Point>
   </Placemark>
   <Placemark>
      <name>284fffffffffffff</name>
      <Point>
         <coordinates>
            -82.910273,14.492898
         </coordinates>
      </Point>
   </Placemark>
   <Placemark>
      <name>6857ffffffffffff</name>
      <Point>
         <coordinates>
            -139.313164,-15.478532
         </coordinates>
      </Point>
   </Placemark>
   <Placemark>
      <name>68d7ffffffffffff</name>
      <Point>
         <coordinates>
            -128.875921,-12.510831
         </coordinates>
      </Point>
   </Placemark>
   <Placemark>
      <name>6d57ffffffffffff</name>
      <Point>
         <coordinates>
            -119.617925,-7.532471
         </coordinates>
      </Point>
   </Placemark>
   <Placemark>
      <name>6c17ffffffffffff</name>
      <Point>
         <coordinates>
            -111.093269,-2.243301
         </coordinates>
      </Point>
   </Placemark>
   <Placemark>
      <name>6c97ffffffffffff</name>
      <Point>
         <coordinates>
            -102.960981,2.934719
         </coordinates>
      </Point>
   </Placemark>
   <Placemark>
      <name>2b17ffffffffffff</name>
      <Point>
         <coordinates>
            -94.526370,7.454471
         </coordinates>
      </Point>
   </Placemark>
   <Placemark>
      <name>2b97ffffffffffff</name>
      <Point>
         <coordinates>
            -85.543621,11.922936
         </coordinates>
      </Point>
   </Placemark>
   <Placemark>
      <name>6847ffffffffffff</name>
      <Point>
         <coordinates>
            -142.805063,-17.132288
         </coordinates>
      </Point>
   </Placemark>
   <Placemark>
      <name>68c7ffffffffffff</name>
      <Point>
         <coordinates>
            -132.089688,-15.059211
         </coordinates>
      </Point>
   </Placemark>
   <Placemark>
      <name>6d47ffffffffffff</name>
      <Point>
         <coordinates>
            -122.382015,-10.492299
         </coordinates>
      </Point>
   </Placemark>
   <Placemark>
      <name>6c07ffffffffffff</name>
      <Point>
         <coordinates>
            -113.591069,-5.249327
         </coordinates>
      </Point>
   </Placemark>
   <Placemark>
      <name>6c87ffffffffffff</name>
      <Point>
         <coordinates>
            -105.200118,0.000000
         </coordinates>
      </Point>
   </Placemark>
   <Placemark>
      <name>2b07ffffffffffff</name>
      <Point>
         <coordinates>
            -96.951345,4.778206
         </coordinates>
      </Point>
   </Placemark>
   <Placemark>
      <name>2b87ffffffffffff</name>
      <Point>
         <coordinates>
            -88.108911,9.330930
         </coordinates>
      </Point>
   </Placemark>
   <Placemark>
      <name>68efffffffffffff</name>
      <Point>
         <coordinates>
            -135.522685,-17.107554
         </coordinates>
      </Point>
   </Placemark>
   <Placemark>
      <name>6d6fffffffffffff</name>
      <Point>
         <coordinates>
            -125.310818,-13.357582
         </coordinates>
      </Point>
   </Placemark>
   <Placemark>
      <name>6c2fffffffffffff</name>
      <Point>
         <coordinates>
            -116.186929,-8.253394
         </coordinates>
      </Point>
   </Placemark>
   <Placemark>
      <name>6cafffffffffffff</name>
      <Point>
         <coordinates>
            -107.647765,-2.968624
         </coordinates>
      </Point>
   </Placemark>
   <Placemark>
      <name>2b2fffffffffffff</name>
      <Point>
         <coordinates>
            -99.338080,2.101438
         </coordinates>
      </Point>
   </Placemark>
   <Placemark>
      <name>2bafffffffffffff</name>
      <Point>
         <coordinates>
            -90.621399,6.709064
         </coordinates>
      </Point>
   </Placemark>
   <Placemark>
      <name>286fffffffffffff</name>
      <Point>
         <coordinates>
            -81.495192,11.215617
         </coordinates>
      </Point>
   </Placemark>
   <Placemark>
      <name>6877ffffffffffff</name>
      <Point>
         <coordinates>
            -139.031118,-18.942300
         </coordinates>
      </Point>
   </Placemark>
   <Placemark>
      <name>68f7ffffffffffff</name>
      <Point>
         <coordinates>
            -128.413544,-16.070241
         </coordinates>
      </Point>
   </Placemark>
   <Placemark>
      <name>6d77ffffffffffff</name>
      <Point>
         <coordinates>
            -118.901380,-11.229135
         </coordinates>
      </Point>
   </Placemark>
   <Placemark>
      <name>6c37ffffffffffff</name>
      <Point>
         <coordinates>
            -110.150541,-5.959826
         </coordinates>
      </Point>
   </Placemark>
   <Placemark>
      <name>6cb7ffffffffffff</name>
      <Point>
         <coordinates>
            -101.700505,-0.731399
         </coordinates>
      </Point>
   </Placemark>
   <Placemark>
      <name>2b37ffffffffffff</name>
      <Point>
         <coordinates>
            -93.095776,4.053053
         </coordinates>
      </Point>
   </Placemark>
   <Placemark>
      <name>2bb7ffffffffffff</name>
      <Point>
         <coordinates>
            -84.119794,8.616384
         </coordinates>
      </Point>
   </Placemark>
   <Placemark>
      <name>6867ffffffffffff</name>
      <Point>
         <coordinates>
            -142.586763,-20.635210
         </coordinates>
      </Point>
   </Placemark>
   <Placemark>
      <name>68e7ffffffffffff</name>
      <Point>
         <coordinates>
            -131.701228,-18.520662
         </coordinates>
      </Point>
   </Placemark>
   <Placemark>
      <name>6d67ffffffffffff</name>
      <Point>
         <coordinates>
            -121.753470,-14.143305
         </coordinates>
      </Point>
   </Placemark>
   <Placemark>
      <name>6c27ffffffffffff</name>
      <Point>
         <coordinates>
            -112.728090,-8.957398
         </coordinates>
      </Point>
   </Placemark>
   <Placemark>
      <name>6ca7ffffffffffff</name>
      <Point>
         <coordinates>
            -104.169759,-3.679210
         </coordinates>
      </Point>
   </Placemark>
   <Placemark>
      <name>2b27ffffffffffff</name>
      <Point>
         <coordinates>
            -95.546320,1.360472
         </coordinates>
      </Point>
   </Placemark>
   <Placemark>
      <name>2ba7ffffffffffff</name>
      <Point>
         <coordinates>
            -86.686347,5.998038
         </coordinates>
      </Point>
   </Placemark>
   <Placemark>
      <name>681fffffffffffff</name>
      <Point>
         <coordinates>
            -135.181569,-20.559577
         </coordinates>
      </Point>
   </Placemark>
   <Placemark>
      <name>689fffffffffffff</name>
      <Point>
         <coordinates>
            -124.758829,-16.955071
         </coordinates>
      </Point>
   </Placemark>
   <Placemark>
      <name>6d1fffffffffffff</name>
      <Point>
         <coordinates>
            -115.400384,-11.941139
         </coordinates>
      </Point>
   </Placemark>
   <Placemark>
      <name>6d9fffffffffffff</name>
      <Point>
         <coordinates>
            -106.675288,-6.654030
         </coordinates>
      </Point>
   </Placemark>
   <Placemark>
      <name>765fffffffffffff</name>
      <Point>
         <coordinates>
            -98.076523,-1.369727
         </coordinates>
      </Point>
   </Placemark>
   <Placemark>
      <name>76dfffffffffffff</name>
      <Point>
         <coordinates>
            -89.208470,3.352490
         </coordinates>
      </Point>
   </Placemark>
   <Placemark>
      <name>295fffffffffffff</name>
      <Point>
         <coordinates>
            -80.127854,7.937489
         </coordinates>
      </Point>
   </Placemark>
   <Placemark>
      <name>680fffffffffffff</name>
      <Point>
         <coordinates>
            -138.745407,-22.417384
         </coordinates>
      </Point>
   </Placemark>
   <Placemark>
      <name>688fffffffffffff</name>
      <Point>
         <coordinates>
            -127.926863,-19.615837
         </coordinates>
      </Point>
   </Placemark>
   <Placemark>
      <name>6d0fffffffffffff</name>
      <Point>
         <coordinates>
            -118.187167,-14.886155
         </coordinates>
      </Point>
   </Placemark>
   <Placemark>
      <name>6d8fffffffffffff</name>
      <Point>
         <coordinates>
            -109.235842,-9.642579
         </coordinates>
      </Point>
   </Placemark>
   <Placemark>
      <name>764fffffffffffff</name>
      <Point>
         <coordinates>
            -100.611906,-4.297739
         </coordinates>
      </Point>
   </Placemark>
   <Placemark>
      <name>76cfffffffffffff</name>
      <Point>
         <coordinates>
            -91.700015,0.674825
         </coordinates>
      </Point>
   </Placemark>
   <Placemark>
      <name>294fffffffffffff</name>
      <Point>
         <coordinates>
            -82.740566,5.312859
         </coordinates>
      </Point>
   </Placemark>
   <Placemark>
      <name>6957ffffffffffff</name>
      <Point>
         <coordinates>
            -142.374034,-24.143588
         </coordinates>
      </Point>
   </Placemark>
   <Placemark>
      <name>6817ffffffffffff</name>
      <Point>
         <coordinates>
            -131.286931,-21.989151
         </coordinates>
      </Point>
   </Placemark>
   <Placemark>
      <name>6897ffffffffffff</name>
      <Point>
         <coordinates>
            -121.106969,-17.762256
         </coordinates>
      </Point>
   </Placemark>
   <Placemark>
      <name>6d17ffffffffffff</name>
      <Point>
         <coordinates>
            -111.870793,-12.628796
         </coordinates>
      </Point>
   </Placemark>
   <Placemark>
      <name>6d97ffffffffffff</name>
      <Point>
         <coordinates>
            -103.142293,-7.297266
         </coordinates>
      </Point>
   </Placemark>
   <Placemark>
      <name>7657ffffffffffff</name>
      <Point>
         <coordinates>
            -94.298353,-2.034005
         </coordinates>
      </Point>
   </Placemark>
   <Placemark>
      <name>76d7ffffffffffff</name>
      <Point>
         <coordinates>
            -85.305319,2.669609
         </coordinates>
      </Point>
   </Placemark>
   <Placemark>
      <name>6947ffffffffffff</name>
      <Point>
         <coordinates>
            -146.065483,-25.767021
         </coordinates>
      </Point>
   </Placemark>
   <Placemark>
      <name>6807ffffffffffff</name>
      <Point>
         <coordinates>
            -134.822778,-24.028653
         </coordinates>
      </Point>
   </Placemark>
   <Placemark>
      <name>6887ffffffffffff</name>
      <Point>
         <coordinates>
            -124.175548,-20.533583
         </coordinates>
      </Point>
   </Placemark>
   <Placemark>
      <name>6d07ffffffffffff</name>
      <Point>
         <coordinates>
            -114.599935,-15.593313
         </coordinates>
      </Point>
   </Placemark>
   <Placemark>
      <name>6d87ffffffffffff</name>
      <Point>
         <coordinates>
            -105.704837,-10.306711
         </coordinates>
      </Point>
   </Placemark>
   <Placemark>
      <name>7647ffffffffffff</name>
      <Point>
         <coordinates>
            -96.951345,-4.778206
         </coordinates>
      </Point>
   </Placemark>
   <Placemark>
      <name>76c7ffffffffffff</name>
      <Point>
         <coordinates>
            -87.834560,0.000000
         </coordinates>
      </Point>
   </Placemark>
   <Placemark>
      <name>682fffffffffffff</name>
      <Point>
         <coordinates>
            -138.453649,-25.908910
         </coordinates>
      </Point>
   </Placemark>
   <Placemark>
      <name>68afffffffffffff</name>
      <Point>
         <coordinates>
            -127.403611,-23.158626
         </coordinates>
      </Point>
   </Placemark>
   <Placemark>
      <name>6d2fffffffffffff</name>
      <Point>
         <coordinates>
            -117.443037,-18.512958
         </coordinates>
      </Point>
   </Placemark>
   <Placemark>
      <name>6dafffffffffffff</name>
      <Point>
         <coordinates>
            -108.305696,-13.291105
         </coordinates>
      </Point>
   </Placemark>
   <Placemark>
      <name>766fffffffffffff</name>
      <Point>
         <coordinates>
            -99.500970,-7.770679
         </coordinates>
      </Point>
   </Placemark>
   <Placemark>
      <name>76efffffffffffff</name>
      <Point>
         <coordinates>
            -90.477771,-2.689306
         </coordinates>
      </Point>
   </Placemark>
   <Placemark>
      <name>296fffffffffffff</name>
      <Point>
         <coordinates>
            -81.399673,1.998189
         </coordinates>
      </Point>
   </Placemark>
   <Placemark>
      <name>6977ffffffffffff</name>
      <Point>
         <coordinates>
            -142.167422,-27.665167
         </coordinates>
      </Point>
   </Placemark>
   <Placemark>
      <name>6837ffffffffffff</name>
      <Point>
         <coordinates>
            -130.840091,-25.470688
         </coordinates>
      </Point>
   </Placemark>
   <Placemark>
      <name>68b7ffffffffffff</name>
      <Point>
         <coordinates>
            -120.419024,-21.360338
         </coordinates>
      </Point>
   </Placemark>
   <Placemark>
      <name>6d37ffffffffffff</name>
      <Point>
         <coordinates>
            -110.982472,-16.267211
         </coordinates>
      </Point>
   </Placemark>
   <Placemark>
      <name>6db7ffffffffffff</name>
      <Point>
         <coordinates>
            -102.068759,-10.802333
         </coordinates>
      </Point>
   </Placemark>
   <Placemark>
      <name>7677ffffffffffff</name>
      <Point>
         <coordinates>
            -93.150446,-5.402237
         </coordinates>
      </Point>
   </Placemark>
   <Placemark>
      <name>76f7ffffffffffff</name>
      <Point>
         <coordinates>
            -83.977816,-0.668073
         </coordinates>
      </Point>
   </Placemark>
   <Placemark>
      <name>6967ffffffffffff</name>
      <Point>
         <coordinates>
            -145.963906,-29.318794
         </coordinates>
      </Point>
   </Placemark>
   <Placemark>
      <name>6827ffffffffffff</name>
      <Point>
         <coordinates>
            -134.441680,-27.517972
         </coordinates>
      </Point>
   </Placemark>
   <Placemark>
      <name>68a7ffffffffffff</name>
      <Point>
         <coordinates>
            -123.544673,-24.103606
         </coordinates>
      </Point>
   </Placemark>
   <Placemark>
      <name>6d27ffffffffffff</name>
      <Point>
         <coordinates>
            -113.755301,-19.216720
         </coordinates>
      </Point>
   </Placemark>
   <Placemark>
      <name>6da7ffffffffffff</name>
      <Point>
         <coordinates>
            -104.670145,-13.847060
         </coordinates>
      </Point>
   </Placemark>
   <Placemark>
      <name>7667ffffffffffff</name>
      <Point>
         <coordinates>
            -95.817695,-8.205564
         </coordinates>
      </Point>
   </Placemark>
   <Placemark>
      <name>76e7ffffffffffff</name>
      <Point>
         <coordinates>
            -86.617599,-3.339793
         </coordinates>
      </Point>
   </Placemark>
   <Placemark>
      <name>691fffffffffffff</name>
      <Point>
         <coordinates>
            -138.152884,-29.421327
         </coordinates>
      </Point>
   </Placemark>
   <Placemark>
      <name>699fffffffffffff</name>
      <Point>
         <coordinates>
            -126.832685,-26.706518
         </coordinates>
      </Point>
   </Placemark>
   <Placemark>
      <name>725fffffffffffff</name>
      <Point>
         <coordinates>
            -116.644593,-22.118145
         </coordinates>
      </Point>
   </Placemark>
   <Placemark>
      <name>72dfffffffffffff</name>
      <Point>
         <coordinates>
            -107.322083,-16.881036
         </coordinates>
      </Point>
   </Placemark>
   <Placemark>
      <name>775fffffffffffff</name>
      <Point>
         <coordinates>
            -98.401070,-11.232615
         </coordinates>
      </Point>
   </Placemark>
   <Placemark>
      <name>761fffffffffffff</name>
      <Point>
         <coordinates>
            -89.296073,-6.024036
         </coordinates>
      </Point>
   </Placemark>
   <Placemark>
      <name>769fffffffffffff</name>
      <Point>
         <coordinates>
            -80.097572,-1.332664
         </coordinates>
      </Point>
   </Placemark>
   <Placemark>
      <name>690fffffffffffff</name>
      <Point>
         <coordinates>
            -141.966751,-31.206115
         </coordinates>
      </Point>
   </Placemark>
   <Placemark>
      <name>698fffffffffffff</name>
      <Point>
         <coordinates>
            -130.353213,-28.969896
         </coordinates>
      </Point>
   </Placemark>
   <Placemark>
      <name>724fffffffffffff</name>
      <Point>
         <coordinates>
            -119.670363,-24.946502
         </coordinates>
      </Point>
   </Placemark>
   <Placemark>
      <name>72cfffffffffffff</name>
      <Point>
         <coordinates>
            -110.042877,-19.882490
         </coordinates>
      </Point>
   </Placemark>
   <Placemark>
      <name>774fffffffffffff</name>
      <Point>
         <coordinates>
            -101.001594,-14.305107
         </coordinates>
      </Point>
   </Placemark>
   <Placemark>
      <name>760fffffffffffff</name>
      <Point>
         <coordinates>
            -92.007640,-8.745753
         </coordinates>
      </Point>
   </Placemark>
   <Placemark>
      <name>768fffffffffffff</name>
      <Point>
         <coordinates>
            -82.722639,-3.990190
         </coordinates>
      </Point>
   </Placemark>
   <Placemark>
      <name>b5b7ffffffffffff</name>
      <Point>
         <coordinates>
            -145.852923,-32.887378
         </coordinates>
      </Point>
   </Placemark>
   <Placemark>
      <name>6917ffffffffffff</name>
      <Point>
         <coordinates>
            -134.032600,-31.030889
         </coordinates>
      </Point>
   </Placemark>
   <Placemark>
      <name>6997ffffffffffff</name>
      <Point>
         <coordinates>
            -122.851116,-27.673115
         </coordinates>
      </Point>
   </Placemark>
   <Placemark>
      <name>7257ffffffffffff</name>
      <Point>
         <coordinates>
            -112.852044,-22.831365
         </coordinates>
      </Point>
   </Placemark>
   <Placemark>
      <name>72d7ffffffffffff</name>
      <Point>
         <coordinates>
            -103.635500,-17.392915
         </coordinates>
      </Point>
   </Placemark>
   <Placemark>
      <name>7757ffffffffffff</name>
      <Point>
         <coordinates>
            -94.687189,-11.617434
         </coordinates>
      </Point>
   </Placemark>
   <Placemark>
      <name>7617ffffffffffff</name>
      <Point>
         <coordinates>
            -85.392763,-6.649319
         </coordinates>
      </Point>
   </Placemark>
   <Placemark>
      <name>b587ffffffffffff</name>
      <Point>
         <coordinates>
            -149.890998,-34.425289
         </coordinates>
      </Point>
   </Placemark>
   <Placemark>
      <name>6907ffffffffffff</name>
      <Point>
         <coordinates>
            -137.839499,-32.958880
         </coordinates>
      </Point>
   </Placemark>
   <Placemark>
      <name>6987ffffffffffff</name>
      <Point>
         <coordinates>
            -126.202146,-30.265653
         </coordinates>
      </Point>
   </Placemark>
   <Placemark>
      <name>7247ffffffffffff</name>
      <Point>
         <coordinates>
            -115.770190,-25.708916
         </coordinates>
      </Point>
   </Placemark>
   <Placemark>
      <name>72c7ffffffffffff</name>
      <Point>
         <coordinates>
            -106.321001,-20.469100
         </coordinates>
      </Point>
   </Placemark>
   <Placemark>
      <name>7747ffffffffffff</name>
      <Point>
         <coordinates>
            -97.299473,-14.689229
         </coordinates>
      </Point>
   </Placemark>
   <Placemark>
      <name>7607ffffffffffff</name>
      <Point>
         <coordinates>
            -88.108911,-9.330930
         </coordinates>
      </Point>
   </Placemark>
   <Placemark>
      <name>692fffffffffffff</name>
      <Point>
         <coordinates>
            -141.670579,-34.782000
         </coordinates>
      </Point>
   </Placemark>
   <Placemark>
      <name>69afffffffffffff</name>
      <Point>
         <coordinates>
            -129.817211,-32.490826
         </coordinates>
      </Point>
   </Placemark>
   <Placemark>
      <name>726fffffffffffff</name>
      <Point>
         <coordinates>
            -118.842300,-28.527832
         </coordinates>
      </Point>
   </Placemark>
   <Placemark>
      <name>72efffffffffffff</name>
      <Point>
         <coordinates>
            -109.078055,-23.509600
         </coordinates>
      </Point>
   </Placemark>
   <Placemark>
      <name>776fffffffffffff</name>
      <Point>
         <coordinates>
            -99.925012,-17.812138
         </coordinates>
      </Point>
   </Placemark>
   <Placemark>
      <name>762fffffffffffff</name>
      <Point>
         <coordinates>
            -90.860529,-12.067563
         </coordinates>
      </Point>
   </Placemark>
   <Placemark>
      <name>76afffffffffffff</name>
      <Point>
         <coordinates>
            -81.447877,-7.284639
         </coordinates>
      </Point>
   </Placemark>
   <Placemark>
      <name>b5a7ffffffffffff</name>
      <Point>
         <coordinates>
            -145.687375,-36.451336
         </coordinates>
      </Point>
   </Placemark>
   <Placemark>
      <name>6937ffffffffffff</name>
      <Point>
         <coordinates>
            -133.544797,-34.578811
         </coordinates>
      </Point>
   </Placemark>
   <Placemark>
      <name>69b7ffffffffffff</name>
      <Point>
         <coordinates>
            -122.078657,-31.248374
         </coordinates>
      </Point>
   </Placemark>
   <Placemark>
      <name>7277ffffffffffff</name>
      <Point>
         <coordinates>
            -111.928197,-26.492770
         </coordinates>
      </Point>
   </Placemark>
   <Placemark>
      <name>72f7ffffffffffff</name>
      <Point>
         <coordinates>
            -102.580959,-20.950987
         </coordinates>
      </Point>
   </Placemark>
   <Placemark>
      <name>7777ffffffffffff</name>
      <Point>
         <coordinates>
            -93.548112,-15.018914
         </coordinates>
      </Point>
   </Placemark>
   <Placemark>
      <name>7637ffffffffffff</name>
      <Point>
         <coordinates>
            -84.150552,-9.931151
         </coordinates>
      </Point>
   </Placemark>
   <Placemark>
      <name>b5afffffffffffff</name>
      <Point>
         <coordinates>
            -149.898803,-37.963123
         </coordinates>
      </Point>
   </Placemark>
   <Placemark>
      <name>6927ffffffffffff</name>
      <Point>
         <coordinates>
            -137.316676,-36.547787
         </coordinates>
      </Point>
   </Placemark>
   <Placemark>
      <name>69a7ffffffffffff</name>
      <Point>
         <coordinates>
            -125.517411,-33.799517
         </coordinates>
      </Point>
   </Placemark>
   <Placemark>
      <name>7267ffffffffffff</name>
      <Point>
         <coordinates>
            -114.894399,-29.398832
         </coordinates>
      </Point>
   </Placemark>
   <Placemark>
      <name>72e7ffffffffffff</name>
      <Point>
         <coordinates>
            -105.287017,-24.075192
         </coordinates>
      </Point>
   </Placemark>
   <Placemark>
      <name>7767ffffffffffff</name>
      <Point>
         <coordinates>
            -96.180857,-18.147295
         </coordinates>
      </Point>
   </Placemark>
   <Placemark>
      <name>7627ffffffffffff</name>
      <Point>
         <coordinates>
            -86.907108,-12.611970
         </coordinates>
      </Point>
   </Placemark>
   <Placemark>
      <name>bcd7ffffffffffff</name>
      <Point>
         <coordinates>
            -141.288839,-38.361933
         </coordinates>
      </Point>
   </Placemark>
   <Placemark>
      <name>bc97ffffffffffff</name>
      <Point>
         <coordinates>
            -129.116604,-36.052066
         </coordinates>
      </Point>
   </Placemark>
   <Placemark>
      <name>735fffffffffffff</name>
      <Point>
         <coordinates>
            -118.000892,-32.209275
         </coordinates>
      </Point>
   </Placemark>
   <Placemark>
      <name>721fffffffffffff</name>
      <Point>
         <coordinates>
            -108.065112,-27.158283
         </coordinates>
      </Point>
   </Placemark>
   <Placemark>
      <name>729fffffffffffff</name>
      <Point>
         <coordinates>
            -98.818254,-21.330910
         </coordinates>
      </Point>
   </Placemark>
   <Placemark>
      <name>771fffffffffffff</name>
      <Point>
         <coordinates>
            -89.699207,-15.371086
         </coordinates>
      </Point>
   </Placemark>
   <Placemark>
      <name>779fffffffffffff</name>
      <Point>
         <coordinates>
            -80.143718,-10.555784
         </coordinates>
      </Point>
   </Placemark>
   <Placemark>
      <name>bcdfffffffffffff</name>
      <Point>
         <coordinates>
            -145.473449,-40.013819
         </coordinates>
      </Point>
   </Placemark>
   <Placemark>
      <name>bc9fffffffffffff</name>
      <Point>
         <coordinates>
            -132.805787,-38.175334
         </coordinates>
      </Point>
   </Placemark>
   <Placemark>
      <name>734fffffffffffff</name>
      <Point>
         <coordinates>
            -121.272863,-34.906245
         </coordinates>
      </Point>
   </Placemark>
   <Placemark>
      <name>720fffffffffffff</name>
      <Point>
         <coordinates>
            -110.939183,-30.177228
         </coordinates>
      </Point>
   </Placemark>
   <Placemark>
      <name>728fffffffffffff</name>
      <Point>
         <coordinates>
            -101.478530,-24.528183
         </coordinates>
      </Point>
   </Placemark>
   <Placemark>
      <name>770fffffffffffff</name>
      <Point>
         <coordinates>
            -92.386507,-18.416363
         </coordinates>
      </Point>
   </Placemark>
   <Placemark>
      <name>778fffffffffffff</name>
      <Point>
         <coordinates>
            -82.881168,-13.187996
         </coordinates>
      </Point>
   </Placemark>
   <Placemark>
      <name>b537ffffffffffff</name>
      <Point>
         <coordinates>
            -149.880936,-41.497783
         </coordinates>
      </Point>
   </Placemark>
   <Placemark>
      <name>bcf7ffffffffffff</name>
      <Point>
         <coordinates>
            -136.708219,-40.145956
         </coordinates>
      </Point>
   </Placemark>
   <Placemark>
      <name>bcb7ffffffffffff</name>
      <Point>
         <coordinates>
            -124.611872,-37.408813
         </coordinates>
      </Point>
   </Placemark>
   <Placemark>
      <name>7357ffffffffffff</name>
      <Point>
         <coordinates>
            -113.935038,-33.111638
         </coordinates>
      </Point>
   </Placemark>
   <Placemark>
      <name>7217ffffffffffff</name>
      <Point>
         <coordinates>
            -104.183187,-27.704359
         </coordinates>
      </Point>
   </Placemark>
   <Placemark>
      <name>7297ffffffffffff</name>
      <Point>
         <coordinates>
            -95.024595,-21.615100
         </coordinates>
      </Point>
   </Placemark>
   <Placemark>
      <name>7717ffffffffffff</name>
      <Point>
         <coordinates>
            -85.681218,-15.868893
         </coordinates>
      </Point>
   </Placemark>
   <Placemark>
      <name>b507ffffffffffff</name>
      <Point>
         <coordinates>
            -154.520207,-42.812762
         </coordinates>
      </Point>
   </Placemark>
   <Placemark>
      <name>bcc7ffffffffffff</name>
      <Point>
         <coordinates>
            -140.839701,-41.953804
         </coordinates>
      </Point>
   </Placemark>
   <Placemark>
      <name>bc87ffffffffffff</name>
      <Point>
         <coordinates>
            -128.160411,-39.658006
         </coordinates>
      </Point>
   </Placemark>
   <Placemark>
      <name>7347ffffffffffff</name>
      <Point>
         <coordinates>
            -117.080172,-35.942931
         </coordinates>
      </Point>
   </Placemark>
   <Placemark>
      <name>7207ffffffffffff</name>
      <Point>
         <coordinates>
            -106.956528,-30.830692
         </coordinates>
      </Point>
   </Placemark>
   <Placemark>
      <name>7287ffffffffffff</name>
      <Point>
         <coordinates>
            -97.650923,-24.869612
         </coordinates>
      </Point>
   </Placemark>
   <Placemark>
      <name>7707ffffffffffff</name>
      <Point>
         <coordinates>
            -88.512360,-18.660837
         </coordinates>
      </Point>
   </Placemark>
   <Placemark>
      <name>bccfffffffffffff</name>
      <Point>
         <coordinates>
            -145.214104,-43.588766
         </coordinates>
      </Point>
   </Placemark>
   <Placemark>
      <name>bc8fffffffffffff</name>
      <Point>
         <coordinates>
            -131.967862,-41.794933
         </coordinates>
      </Point>
   </Placemark>
   <Placemark>
      <name>736fffffffffffff</name>
      <Point>
         <coordinates>
            -120.184626,-38.672307
         </coordinates>
      </Point>
   </Placemark>
   <Placemark>
      <name>722fffffffffffff</name>
      <Point>
         <coordinates>
            -109.825375,-33.883345
         </coordinates>
      </Point>
   </Placemark>
   <Placemark>
      <name>72afffffffffffff</name>
      <Point>
         <coordinates>
            -100.285108,-28.130216
         </coordinates>
      </Point>
   </Placemark>
   <Placemark>
      <name>772fffffffffffff</name>
      <Point>
         <coordinates>
            -91.183584,-21.818300
         </coordinates>
      </Point>
   </Placemark>
   <Placemark>
      <name>77afffffffffffff</name>
      <Point>
         <coordinates>
            -81.574161,-16.423119
         </coordinates>
      </Point>
   </Placemark>
   <Placemark>
      <name>b527ffffffffffff</name>
      <Point>
         <coordinates>
            -149.843349,-45.042366
         </coordinates>
      </Point>
   </Placemark>
   <Placemark>
      <name>bce7ffffffffffff</name>
      <Point>
         <coordinates>
            -136.019698,-43.772633
         </coordinates>
      </Point>
   </Placemark>
   <Placemark>
      <name>bca7ffffffffffff</name>
      <Point>
         <coordinates>
            -123.577177,-41.161343
         </coordinates>
      </Point>
   </Placemark>
   <Placemark>
      <name>7377ffffffffffff</name>
      <Point>
         <coordinates>
            -112.764329,-36.843275
         </coordinates>
      </Point>
   </Placemark>
   <Placemark>
      <name>7237ffffffffffff</name>
      <Point>
         <coordinates>
            -102.950999,-31.357732
         </coordinates>
      </Point>
   </Placemark>
   <Placemark>
      <name>72b7ffffffffffff</name>
      <Point>
         <coordinates>
            -93.799135,-25.102729
         </coordinates>
      </Point>
   </Placemark>
   <Placemark>
      <name>7737ffffffffffff</name>
      <Point>
         <coordinates>
            -84.421228,-19.103177
         </coordinates>
      </Point>
   </Placemark>
   <Placemark>
      <name>b52fffffffffffff</name>
      <Point>
         <coordinates>
            -154.738343,-46.311251
         </coordinates>
      </Point>
   </Placemark>
   <Placemark>
      <name>bcefffffffffffff</name>
      <Point>
         <coordinates>
            -140.333841,-45.577958
         </coordinates>
      </Point>
   </Placemark>
   <Placemark>
      <name>bcafffffffffffff</name>
      <Point>
         <coordinates>
            -127.246443,-43.435088
         </coordinates>
      </Point>
   </Placemark>
   <Placemark>
      <name>7367ffffffffffff</name>
      <Point>
         <coordinates>
            -115.701249,-39.703443
         </coordinates>
      </Point>
   </Placemark>
   <Placemark>
      <name>7227ffffffffffff</name>
      <Point>
         <coordinates>
            -105.675896,-34.521887
         </coordinates>
      </Point>
   </Placemark>
   <Placemark>
      <name>72a7ffffffffffff</name>
      <Point>
         <coordinates>
            -96.373345,-28.435538
         </coordinates>
      </Point>
   </Placemark>
   <Placemark>
      <name>7727ffffffffffff</name>
      <Point>
         <coordinates>
            -87.260817,-21.980146
         </coordinates>
      </Point>
   </Placemark>
   <Placemark>
      <name>bc57ffffffffffff</name>
      <Point>
         <coordinates>
            -144.925316,-47.197164
         </coordinates>
      </Point>
   </Placemark>
   <Placemark>
      <name>bc17ffffffffffff</name>
      <Point>
         <coordinates>
            -131.169589,-45.558547
         </coordinates>
      </Point>
   </Placemark>
   <Placemark>
      <name>bd97ffffffffffff</name>
      <Point>
         <coordinates>
            -118.868819,-42.450303
         </coordinates>
      </Point>
   </Placemark>
   <Placemark>
      <name>731fffffffffffff</name>
      <Point>
         <coordinates>
            -108.381992,-37.597835
         </coordinates>
      </Point>
   </Placemark>
   <Placemark>
      <name>739fffffffffffff</name>
      <Point>
         <coordinates>
            -98.928233,-31.757202
         </coordinates>
      </Point>
   </Placemark>
   <Placemark>
      <name>705fffffffffffff</name>
      <Point>
         <coordinates>
            -89.909627,-25.236844
         </coordinates>
      </Point>
   </Placemark>
   <Placemark>
      <name>70dfffffffffffff</name>
      <Point>
         <coordinates>
            -80.218031,-19.641460
         </coordinates>
      </Point>
   </Placemark>
   <Placemark>
      <name>bc5fffffffffffff</name>
      <Point>
         <coordinates>
            -149.806276,-48.617505
         </coordinates>
      </Point>
   </Placemark>
   <Placemark>
      <name>bc1fffffffffffff</name>
      <Point>
         <coordinates>
            -135.368688,-47.517252
         </coordinates>
      </Point>
   </Placemark>
   <Placemark>
      <name>bd9fffffffffffff</name>
      <Point>
         <coordinates>
            -122.395774,-44.937476
         </coordinates>
      </Point>
   </Placemark>
   <Placemark>
      <name>730fffffffffffff</name>
      <Point>
         <coordinates>
            -111.122072,-40.578352
         </coordinates>
      </Point>
   </Placemark>
   <Placemark>
      <name>738fffffffffffff</name>
      <Point>
         <coordinates>
            -101.491261,-35.024907
         </coordinates>
      </Point>
   </Placemark>
   <Placemark>
      <name>704fffffffffffff</name>
      <Point>
         <coordinates>
            -92.448738,-28.620850
         </coordinates>
      </Point>
   </Placemark>
   <Placemark>
      <name>70cfffffffffffff</name>
      <Point>
         <coordinates>
            -83.116222,-22.316011
         </coordinates>
      </Point>
   </Placemark>
   <Placemark>
      <name>b0b7ffffffffffff</name>
      <Point>
         <coordinates>
            -154.988298,-49.831084
         </coordinates>
      </Point>
   </Placemark>
   <Placemark>
      <name>bc77ffffffffffff</name>
      <Point>
         <coordinates>
            -139.862171,-49.294823
         </coordinates>
      </Point>
   </Placemark>
   <Placemark>
      <name>bc37ffffffffffff</name>
      <Point>
         <coordinates>
            -126.217843,-47.251862
         </coordinates>
      </Point>
   </Placemark>
   <Placemark>
      <name>bdb7ffffffffffff</name>
      <Point>
         <coordinates>
            -114.087571,-43.457001
         </coordinates>
      </Point>
   </Placemark>
   <Placemark>
      <name>7317ffffffffffff</name>
      <Point>
         <coordinates>
            -103.936720,-38.201571
         </coordinates>
      </Point>
   </Placemark>
   <Placemark>
      <name>7397ffffffffffff</name>
      <Point>
         <coordinates>
            -94.894734,-32.028371
         </coordinates>
      </Point>
   </Placemark>
   <Placemark>
      <name>7057ffffffffffff</name>
      <Point>
         <coordinates>
            -85.945804,-25.303236
         </coordinates>
      </Point>
   </Placemark>
   <Placemark>
      <name>b087ffffffffffff</name>
      <Point>
         <coordinates>
            -160.489811,-50.846210
         </coordinates>
      </Point>
   </Placemark>
   <Placemark>
      <name>bc47ffffffffffff</name>
      <Point>
         <coordinates>
            -144.663325,-50.873628
         </coordinates>
      </Point>
   </Placemark>
   <Placemark>
      <name>bc07ffffffffffff</name>
      <Point>
         <coordinates>
            -130.344262,-49.411361
         </coordinates>
      </Point>
   </Placemark>
   <Placemark>
      <name>bd87ffffffffffff</name>
      <Point>
         <coordinates>
            -117.354381,-46.221082
         </coordinates>
      </Point>
   </Placemark>
   <Placemark>
      <name>7307ffffffffffff</name>
      <Point>
         <coordinates>
            -106.450384,-41.289071
         </coordinates>
      </Point>
   </Placemark>
   <Placemark>
      <name>7387ffffffffffff</name>
      <Point>
         <coordinates>
            -97.275581,-35.389974
         </coordinates>
      </Point>
   </Placemark>
   <Placemark>
      <name>7047ffffffffffff</name>
      <Point>
         <coordinates>
            -88.506533,-28.688886
         </coordinates>
      </Point>
   </Placemark>
   <Placemark>
      <name>bc4fffffffffffff</name>
      <Point>
         <coordinates>
            -149.837983,-52.259838
         </coordinates>
      </Point>
   </Placemark>
   <Placemark>
      <name>bc0fffffffffffff</name>
      <Point>
         <coordinates>
            -134.803848,-51.397908
         </coordinates>
      </Point>
   </Placemark>
   <Placemark>
      <name>bd8fffffffffffff</name>
      <Point>
         <coordinates>
            -121.037241,-48.732848
         </coordinates>
      </Point>
   </Placemark>
   <Placemark>
      <name>732fffffffffffff</name>
      <Point>
         <coordinates>
            -109.179494,-44.286092
         </coordinates>
      </Point>
   </Placemark>
   <Placemark>
      <name>73afffffffffffff</name>
      <Point>
         <coordinates>
            -99.431892,-38.648434
         </coordinates>
      </Point>
   </Placemark>
   <Placemark>
      <name>706fffffffffffff</name>
      <Point>
         <coordinates>
            -90.857636,-32.170974
         </coordinates>
      </Point>
   </Placemark>
   <Placemark>
      <name>70efffffffffffff</name>
      <Point>
         <coordinates>
            -81.754011,-25.508253
         </coordinates>
      </Point>
   </Placemark>
   <Placemark>
      <name>b0a7ffffffffffff</name>
      <Point>
         <coordinates>
            -155.340530,-53.408655
         </coordinates>
      </Point>
   </Placemark>
   <Placemark>
      <name>bc67ffffffffffff</name>
      <Point>
         <coordinates>
            -139.619475,-53.190532
         </coordinates>
      </Point>
   </Placemark>
   <Placemark>
      <name>bc27ffffffffffff</name>
      <Point>
         <coordinates>
            -125.053170,-51.103956
         </coordinates>
      </Point>
   </Placemark>
   <Placemark>
      <name>bda7ffffffffffff</name>
      <Point>
         <coordinates>
            -112.204375,-47.184610
         </coordinates>
      </Point>
   </Placemark>
   <Placemark>
      <name>7337ffffffffffff</name>
      <Point>
         <coordinates>
            -101.690575,-41.825979
         </coordinates>
      </Point>
   </Placemark>
   <Placemark>
      <name>73b7ffffffffffff</name>
      <Point>
         <coordinates>
            -92.978301,-35.606189
         </coordinates>
      </Point>
   </Placemark>
   <Placemark>
      <name>7077ffffffffffff</name>
      <Point>
         <coordinates>
            -84.520878,-28.652889
         </coordinates>
      </Point>
   </Placemark>
   <Placemark>
      <name>b0afffffffffffff</name>
      <Point>
         <coordinates>
            -161.187055,-54.316934
         </coordinates>
      </Point>
   </Placemark>
   <Placemark>
      <name>bc6fffffffffffff</name>
      <Point>
         <coordinates>
            -144.803482,-54.765727
         </coordinates>
      </Point>
   </Placemark>
   <Placemark>
      <name>bc2fffffffffffff</name>
      <Point>
         <coordinates>
            -129.447903,-53.316059
         </coordinates>
      </Point>
   </Placemark>
   <Placemark>
      <name>bdafffffffffffff</name>
      <Point>
         <coordinates>
            -115.615153,-49.955899
         </coordinates>
      </Point>
   </Placemark>
   <Placemark>
      <name>7327ffffffffffff</name>
      <Point>
         <coordinates>
            -104.150942,-44.924551
         </coordinates>
      </Point>
   </Placemark>
   <Placemark>
      <name>73a7ffffffffffff</name>
      <Point>
         <coordinates>
            -94.868835,-38.929826
         </coordinates>
      </Point>
   </Placemark>
   <Placemark>
      <name>7067ffffffffffff</name>
      <Point>
         <coordinates>
            -86.824443,-32.185249
         </coordinates>
      </Point>
   </Placemark>
   <Placemark>
      <name>b197ffffffffffff</name>
      <Point>
         <coordinates>
            -150.352112,-56.098304
         </coordinates>
      </Point>
   </Placemark>
   <Placemark>
      <name>bd57ffffffffffff</name>
      <Point>
         <coordinates>
            -134.266250,-55.346665
         </coordinates>
      </Point>
   </Placemark>
   <Placemark>
      <name>bd17ffffffffffff</name>
      <Point>
         <coordinates>
            -119.460108,-52.540651
         </coordinates>
      </Point>
   </Placemark>
   <Placemark>
      <name>794fffffffffffff</name>
      <Point>
         <coordinates>
            -106.894014,-47.941492
         </coordinates>
      </Point>
   </Placemark>
   <Placemark>
      <name>784fffffffffffff</name>
      <Point>
         <coordinates>
            -96.847090,-42.176104
         </coordinates>
      </Point>
   </Placemark>
   <Placemark>
      <name>710fffffffffffff</name>
      <Point>
         <coordinates>
            -88.647393,-35.670890
         </coordinates>
      </Point>
   </Placemark>
   <Placemark>
      <name>701fffffffffffff</name>
      <Point>
         <coordinates>
            -80.320674,-28.680371
         </coordinates>
      </Point>
   </Placemark>
   <Placemark>
      <name>b19fffffffffffff</name>
      <Point>
         <coordinates>
            -156.239853,-57.162817
         </coordinates>
      </Point>
   </Placemark>
   <Placemark>
      <name>bd5fffffffffffff</name>
      <Point>
         <coordinates>
            -139.547796,-57.168927
         </coordinates>
      </Point>
   </Placemark>
   <Placemark>
      <name>bd1fffffffffffff</name>
      <Point>
         <coordinates>
            -123.723469,-54.984258
         </coordinates>
      </Point>
   </Placemark>
   <Placemark>
      <name>796fffffffffffff</name>
      <Point>
         <coordinates>
            -110.001686,-50.867789
         </coordinates>
      </Point>
   </Placemark>
   <Placemark>
      <name>786fffffffffffff</name>
      <Point>
         <coordinates>
            -99.011260,-45.355925
         </coordinates>
      </Point>
   </Placemark>
   <Placemark>
      <name>712fffffffffffff</name>
      <Point>
         <coordinates>
            -90.243555,-39.030340
         </coordinates>
      </Point>
   </Placemark>
   <Placemark>
      <name>700fffffffffffff</name>
      <Point>
         <coordinates>
            -82.802757,-32.071955
         </coordinates>
      </Point>
   </Placemark>
   <Placemark>
      <name>b037ffffffffffff</name>
      <Point>
         <coordinates>
            -162.415217,-57.935592
         </coordinates>
      </Point>
   </Placemark>
   <Placemark>
      <name>b1b7ffffffffffff</name>
      <Point>
         <coordinates>
            -145.321599,-58.751670
         </coordinates>
      </Point>
   </Placemark>
   <Placemark>
      <name>bd77ffffffffffff</name>
      <Point>
         <coordinates>
            -128.477848,-57.263588
         </coordinates>
      </Point>
   </Placemark>
   <Placemark>
      <name>bd37ffffffffffff</name>
      <Point>
         <coordinates>
            -113.566466,-53.677581
         </coordinates>
      </Point>
   </Placemark>
   <Placemark>
      <name>795fffffffffffff</name>
      <Point>
         <coordinates>
            -101.437837,-48.472052
         </coordinates>
      </Point>
   </Placemark>
   <Placemark>
      <name>785fffffffffffff</name>
      <Point>
         <coordinates>
            -91.923176,-42.319141
         </coordinates>
      </Point>
   </Placemark>
   <Placemark>
      <name>711fffffffffffff</name>
      <Point>
         <coordinates>
            -84.258859,-35.562565
         </coordinates>
      </Point>
   </Placemark>
   <Placemark>
      <name>7007ffffffffffff</name>
      <Point>
         <coordinates>
            -78.800000,-31.832359
         </coordinates>
      </Point>
   </Placemark>
   <Placemark>
      <name>7087ffffffffffff</name>
      <Point>
         <coordinates>
            -69.093467,-28.688886
         </coordinates>
      </Point>
   </Placemark>
   <Placemark>
      <name>7507ffffffffffff</name>
      <Point>
         <coordinates>
            -59.949077,-24.869612
         </coordinates>
      </Point>
   </Placemark>
   <Placemark>
      <name>7587ffffffffffff</name>
      <Point>
         <coordinates>
            -51.278999,-20.469100
         </coordinates>
      </Point>
   </Placemark>
   <Placemark>
      <name>3a47ffffffffffff</name>
      <Point>
         <coordinates>
            -43.000065,-15.593313
         </coordinates>
      </Point>
   </Placemark>
   <Placemark>
      <name>3ac7ffffffffffff</name>
      <Point>
         <coordinates>
            -35.217985,-10.492299
         </coordinates>
      </Point>
   </Placemark>
   <Placemark>
      <name>3147ffffffffffff</name>
      <Point>
         <coordinates>
            -27.783408,-5.273568
         </coordinates>
      </Point>
   </Placemark>
   <Placemark>
      <name>70afffffffffffff</name>
      <Point>
         <coordinates>
            -71.961423,-31.157002
         </coordinates>
      </Point>
   </Placemark>
   <Placemark>
      <name>752fffffffffffff</name>
      <Point>
         <coordinates>
            -62.516044,-27.512871
         </coordinates>
      </Point>
   </Placemark>
   <Placemark>
      <name>75afffffffffffff</name>
      <Point>
         <coordinates>
            -53.633124,-23.253777
         </coordinates>
      </Point>
   </Placemark>
   <Placemark>
      <name>3a6fffffffffffff</name>
      <Point>
         <coordinates>
            -45.174270,-18.473646
         </coordinates>
      </Point>
   </Placemark>
   <Placemark>
      <name>3aefffffffffffff</name>
      <Point>
         <coordinates>
            -37.181893,-13.425708
         </coordinates>
      </Point>
   </Placemark>
   <Placemark>
      <name>316fffffffffffff</name>
      <Point>
         <coordinates>
            -29.617582,-8.232286
         </coordinates>
      </Point>
   </Placemark>
   <Placemark>
      <name>302fffffffffffff</name>
      <Point>
         <coordinates>
            -22.270716,-2.936867
         </coordinates>
      </Point>
   </Placemark>
   <Placemark>
      <name>7037ffffffffffff</name>
      <Point>
         <coordinates>
            -75.296323,-33.539500
         </coordinates>
      </Point>
   </Placemark>
   <Placemark>
      <name>70b7ffffffffffff</name>
      <Point>
         <coordinates>
            -65.226246,-30.123124
         </coordinates>
      </Point>
   </Placemark>
   <Placemark>
      <name>7537ffffffffffff</name>
      <Point>
         <coordinates>
            -56.068350,-26.012726
         </coordinates>
      </Point>
   </Placemark>
   <Placemark>
      <name>75b7ffffffffffff</name>
      <Point>
         <coordinates>
            -47.432747,-21.343238
         </coordinates>
      </Point>
   </Placemark>
   <Placemark>
      <name>3a77ffffffffffff</name>
      <Point>
         <coordinates>
            -39.210219,-16.339674
         </coordinates>
      </Point>
   </Placemark>
   <Placemark>
      <name>3af7ffffffffffff</name>
      <Point>
         <coordinates>
            -31.478697,-11.174065
         </coordinates>
      </Point>
   </Placemark>
   <Placemark>
      <name>3177ffffffffffff</name>
      <Point>
         <coordinates>
            -24.034692,-5.873435
         </coordinates>
      </Point>
   </Placemark>
   <Placemark>
      <name>7027ffffffffffff</name>
      <Point>
         <coordinates>
            -79.730567,-35.157247
         </coordinates>
      </Point>
   </Placemark>
   <Placemark>
      <name>70a7ffffffffffff</name>
      <Point>
         <coordinates>
            -68.161956,-32.694064
         </coordinates>
      </Point>
   </Placemark>
   <Placemark>
      <name>7527ffffffffffff</name>
      <Point>
         <coordinates>
            -58.617054,-28.745219
         </coordinates>
      </Point>
   </Placemark>
   <Placemark>
      <name>75a7ffffffffffff</name>
      <Point>
         <coordinates>
            -49.747493,-24.201813
         </coordinates>
      </Point>
   </Placemark>
   <Placemark>
      <name>3a67ffffffffffff</name>
      <Point>
         <coordinates>
            -41.322325,-19.234754
         </coordinates>
      </Point>
   </Placemark>
   <Placemark>
      <name>3ae7ffffffffffff</name>
      <Point>
         <coordinates>
            -33.386850,-14.103891
         </coordinates>
      </Point>
   </Placemark>
   <Placemark>
      <name>3167ffffffffffff</name>
      <Point>
         <coordinates>
            -25.820387,-8.809349
         </coordinates>
      </Point>
   </Placemark>
   <Placemark>
      <name>719fffffffffffff</name>
      <Point>
         <coordinates>
            -71.653429,-35.145096
         </coordinates>
      </Point>
   </Placemark>
   <Placemark>
      <name>7c5fffffffffffff</name>
      <Point>
         <coordinates>
            -61.329178,-31.448158
         </coordinates>
      </Point>
   </Placemark>
   <Placemark>
      <name>7cdfffffffffffff</name>
      <Point>
         <coordinates>
            -52.146253,-27.039719
         </coordinates>
      </Point>
   </Placemark>
   <Placemark>
      <name>3b5fffffffffffff</name>
      <Point>
         <coordinates>
            -43.537849,-22.109827
         </coordinates>
      </Point>
   </Placemark>
   <Placemark>
      <name>3a1fffffffffffff</name>
      <Point>
         <coordinates>
            -35.358669,-17.023197
         </coordinates>
      </Point>
   </Placemark>
   <Placemark>
      <name>3a9fffffffffffff</name>
      <Point>
         <coordinates>
            -27.639305,-11.744132
         </coordinates>
      </Point>
   </Placemark>
   <Placemark>
      <name>311fffffffffffff</name>
      <Point>
         <coordinates>
            -20.024541,-5.881522
         </coordinates>
      </Point>
   </Placemark>
   <Placemark>
      <name>718fffffffffffff</name>
      <Point>
         <coordinates>
            -75.949306,-37.226828
         </coordinates>
      </Point>
   </Placemark>
   <Placemark>
      <name>7c4fffffffffffff</name>
      <Point>
         <coordinates>
            -64.297120,-34.108087
         </coordinates>
      </Point>
   </Placemark>
   <Placemark>
      <name>7ccfffffffffffff</name>
      <Point>
         <coordinates>
            -54.665451,-29.855632
         </coordinates>
      </Point>
   </Placemark>
   <Placemark>
      <name>3b4fffffffffffff</name>
      <Point>
         <coordinates>
            -45.815323,-25.023820
         </coordinates>
      </Point>
   </Placemark>
   <Placemark>
      <name>3a0fffffffffffff</name>
      <Point>
         <coordinates>
            -37.410770,-19.931664
         </coordinates>
      </Point>
   </Placemark>
   <Placemark>
      <name>3a8fffffffffffff</name>
      <Point>
         <coordinates>
            -29.503751,-14.677119
         </coordinates>
      </Point>
   </Placemark>
   <Placemark>
      <name>310fffffffffffff</name>
      <Point>
         <coordinates>
            -21.829828,-8.988749
         </coordinates>
      </Point>
   </Placemark>
   <Placemark>
      <name>7117ffffffffffff</name>
      <Point>
         <coordinates>
            -80.740854,-38.475733
         </coordinates>
      </Point>
   </Placemark>
   <Placemark>
      <name>7197ffffffffffff</name>
      <Point>
         <coordinates>
            -67.863273,-36.639621
         </coordinates>
      </Point>
   </Placemark>
   <Placemark>
      <name>7c57ffffffffffff</name>
      <Point>
         <coordinates>
            -57.360025,-32.644611
         </coordinates>
      </Point>
   </Placemark>
   <Placemark>
      <name>7cd7ffffffffffff</name>
      <Point>
         <coordinates>
            -48.167938,-27.936195
         </coordinates>
      </Point>
   </Placemark>
   <Placemark>
      <name>3b57ffffffffffff</name>
      <Point>
         <coordinates>
            -39.561105,-22.827774
         </coordinates>
      </Point>
   </Placemark>
   <Placemark>
      <name>3a17ffffffffffff</name>
      <Point>
         <coordinates>
            -31.427157,-17.607373
         </coordinates>
      </Point>
   </Placemark>
   <Placemark>
      <name>3a97ffffffffffff</name>
      <Point>
         <coordinates>
            -23.654185,-12.036419
         </coordinates>
      </Point>
   </Placemark>
   <Placemark>
      <name>7107ffffffffffff</name>
      <Point>
         <coordinates>
            -85.541749,-38.914503
         </coordinates>
      </Point>
   </Placemark>
   <Placemark>
      <name>7187ffffffffffff</name>
      <Point>
         <coordinates>
            -72.058251,-38.914503
         </coordinates>
      </Point>
   </Placemark>
   <Placemark>
      <name>7c47ffffffffffff</name>
      <Point>
         <coordinates>
            -60.324419,-35.389974
         </coordinates>
      </Point>
   </Placemark>
   <Placemark>
      <name>7cc7ffffffffffff</name>
      <Point>
         <coordinates>
            -50.643472,-30.830692
         </coordinates>
      </Point>
   </Placemark>
   <Placemark>
      <name>3b47ffffffffffff</name>
      <Point>
         <coordinates>
            -41.829810,-25.708916
         </coordinates>
      </Point>
   </Placemark>
   <Placemark>
      <name>3a07ffffffffffff</name>
      <Point>
         <coordinates>
            -33.424452,-20.533583
         </coordinates>
      </Point>
   </Placemark>
   <Placemark>
      <name>3a87ffffffffffff</name>
      <Point>
         <coordinates>
            -25.510312,-15.059211
         </coordinates>
      </Point>
   </Placemark>
   <Placemark>
      <name>71afffffffffffff</name>
      <Point>
         <coordinates>
            -76.795321,-40.743282
         </coordinates>
      </Point>
   </Placemark>
   <Placemark>
      <name>7c6fffffffffffff</name>
      <Point>
         <coordinates>
            -63.919728,-38.012700
         </coordinates>
      </Point>
   </Placemark>
   <Placemark>
      <name>7cefffffffffffff</name>
      <Point>
         <coordinates>
            -53.299228,-33.701519
         </coordinates>
      </Point>
   </Placemark>
   <Placemark>
      <name>3b6fffffffffffff</name>
      <Point>
         <coordinates>
            -44.125694,-28.691413
         </coordinates>
      </Point>
   </Placemark>
   <Placemark>
      <name>3a2fffffffffffff</name>
      <Point>
         <coordinates>
            -35.512511,-23.453936
         </coordinates>
      </Point>
   </Placemark>
   <Placemark>
      <name>3aafffffffffffff</name>
      <Point>
         <coordinates>
            -27.398959,-18.028666
         </coordinates>
      </Point>
   </Placemark>
   <Placemark>
      <name>312fffffffffffff</name>
      <Point>
         <coordinates>
            -19.519775,-11.777036
         </coordinates>
      </Point>
   </Placemark>
   <Placemark>
      <name>7137ffffffffffff</name>
      <Point>
         <coordinates>
            -81.850081,-41.788909
         </coordinates>
      </Point>
   </Placemark>
   <Placemark>
      <name>71b7ffffffffffff</name>
      <Point>
         <coordinates>
            -68.024512,-40.440674
         </coordinates>
      </Point>
   </Placemark>
   <Placemark>
      <name>7c77ffffffffffff</name>
      <Point>
         <coordinates>
            -56.281411,-36.527601
         </coordinates>
      </Point>
   </Placemark>
   <Placemark>
      <name>7cf7ffffffffffff</name>
      <Point>
         <coordinates>
            -46.542680,-31.660214
         </coordinates>
      </Point>
   </Placemark>
   <Placemark>
      <name>3b77ffffffffffff</name>
      <Point>
         <coordinates>
            -37.710680,-26.365952
         </coordinates>
      </Point>
   </Placemark>
   <Placemark>
      <name>3a37ffffffffffff</name>
      <Point>
         <coordinates>
            -29.350042,-20.991156
         </coordinates>
      </Point>
   </Placemark>
   <Placemark>
      <name>3ab7ffffffffffff</name>
      <Point>
         <coordinates>
            -21.348749,-14.922253
         </coordinates>
      </Point>
   </Placemark>
   <Placemark>
      <name>7127ffffffffffff</name>
      <Point>
         <coordinates>
            -86.920845,-42.217523
         </coordinates>
      </Point>
   </Placemark>
   <Placemark>
      <name>71a7ffffffffffff</name>
      <Point>
         <coordinates>
            -72.655122,-42.552145
         </coordinates>
      </Point>
   </Placemark>
   <Placemark>
      <name>7c67ffffffffffff</name>
      <Point>
         <coordinates>
            -59.819210,-39.253198
         </coordinates>
      </Point>
   </Placemark>
   <Placemark>
      <name>7ce7ffffffffffff</name>
      <Point>
         <coordinates>
            -49.138700,-34.609565
         </coordinates>
      </Point>
   </Placemark>
   <Placemark>
      <name>3b67ffffffffffff</name>
      <Point>
         <coordinates>
            -40.016948,-29.296319
         </coordinates>
      </Point>
   </Placemark>
   <Placemark>
      <name>3a27ffffffffffff</name>
      <Point>
         <coordinates>
            -31.380899,-23.948415
         </coordinates>
      </Point>
   </Placemark>
   <Placemark>
      <name>3aa7ffffffffffff</name>
      <Point>
         <coordinates>
            -23.217956,-18.025283
         </coordinates>
      </Point>
   </Placemark>
   <Placemark>
      <name>78dfffffffffffff</name>
      <Point>
         <coordinates>
            -77.742613,-44.199941
         </coordinates>
      </Point>
   </Placemark>
   <Placemark>
      <name>7d5fffffffffffff</name>
      <Point>
         <coordinates>
            -63.824383,-41.821091
         </coordinates>
      </Point>
   </Placemark>
   <Placemark>
      <name>7c1fffffffffffff</name>
      <Point>
         <coordinates>
            -52.111248,-37.519527
         </coordinates>
      </Point>
   </Placemark>
   <Placemark>
      <name>7c9fffffffffffff</name>
      <Point>
         <coordinates>
            -42.360918,-32.335218
         </coordinates>
      </Point>
   </Placemark>
   <Placemark>
      <name>3b1fffffffffffff</name>
      <Point>
         <coordinates>
            -33.510868,-26.900095
         </coordinates>
      </Point>
   </Placemark>
   <Placemark>
      <name>3b9fffffffffffff</name>
      <Point>
         <coordinates>
            -25.139737,-21.104119
         </coordinates>
      </Point>
   </Placemark>
   <Placemark>
      <name>385fffffffffffff</name>
      <Point>
         <coordinates>
            -17.177710,-14.475845
         </coordinates>
      </Point>
   </Placemark>
   <Placemark>
      <name>78cfffffffffffff</name>
      <Point>
         <coordinates>
            -83.082931,-45.097387
         </coordinates>
      </Point>
   </Placemark>
   <Placemark>
      <name>7d4fffffffffffff</name>
      <Point>
         <coordinates>
            -68.337979,-44.145082
         </coordinates>
      </Point>
   </Placemark>
   <Placemark>
      <name>7c0fffffffffffff</name>
      <Point>
         <coordinates>
            -55.561344,-40.349370
         </coordinates>
      </Point>
   </Placemark>
   <Placemark>
      <name>7c8fffffffffffff</name>
      <Point>
         <coordinates>
            -44.877481,-35.359692
         </coordinates>
      </Point>
   </Placemark>
   <Placemark>
      <name>3b0fffffffffffff</name>
      <Point>
         <coordinates>
            -35.762168,-29.844419
         </coordinates>
      </Point>
   </Placemark>
   <Placemark>
      <name>3b8fffffffffffff</name>
      <Point>
         <coordinates>
            -27.130371,-24.167908
         </coordinates>
      </Point>
   </Placemark>
   <Placemark>
      <name>384fffffffffffff</name>
      <Point>
         <coordinates>
            -18.990106,-17.700879
         </coordinates>
      </Point>
   </Placemark>
   <Placemark>
      <name>7857ffffffffffff</name>
      <Point>
         <coordinates>
            -88.453088,-45.492571
         </coordinates>
      </Point>
   </Placemark>
   <Placemark>
      <name>78d7ffffffffffff</name>
      <Point>
         <coordinates>
            -73.356671,-46.120224
         </coordinates>
      </Point>
   </Placemark>
   <Placemark>
      <name>7d57ffffffffffff</name>
      <Point>
         <coordinates>
            -59.447890,-43.050511
         </coordinates>
      </Point>
   </Placemark>
   <Placemark>
      <name>7c17ffffffffffff</name>
      <Point>
         <coordinates>
            -47.814986,-38.355928
         </coordinates>
      </Point>
   </Placemark>
   <Placemark>
      <name>7c97ffffffffffff</name>
      <Point>
         <coordinates>
            -38.100700,-32.847312
         </coordinates>
      </Point>
   </Placemark>
   <Placemark>
      <name>3b17ffffffffffff</name>
      <Point>
         <coordinates>
            -29.208983,-27.221186
         </coordinates>
      </Point>
   </Placemark>
   <Placemark>
      <name>3b97ffffffffffff</name>
      <Point>
         <coordinates>
            -20.853346,-20.879241
         </coordinates>
      </Point>
   </Placemark>
   <Placemark>
      <name>7847ffffffffffff</name>
      <Point>
         <coordinates>
            -93.772866,-45.557286
         </coordinates>
      </Point>
   </Placemark>
   <Placemark>
      <name>78c7ffffffffffff</name>
      <Point>
         <coordinates>
            -78.800000,-47.631468
         </coordinates>
      </Point>
   </Placemark>
   <Placemark>
      <name>7d47ffffffffffff</name>
      <Point>
         <coordinates>
            -63.827134,-45.557286
         </coordinates>
      </Point>
   </Placemark>
   <Placemark>
      <name>7c07ffffffffffff</name>
      <Point>
         <coordinates>
            -51.149616,-41.289071
         </coordinates>
      </Point>
   </Placemark>
   <Placemark>
      <name>7c87ffffffffffff</name>
      <Point>
         <coordinates>
            -40.519828,-35.942931
         </coordinates>
      </Point>
   </Placemark>
   <Placemark>
      <name>3b07ffffffffffff</name>
      <Point>
         <coordinates>
            -31.397854,-30.265653
         </coordinates>
      </Point>
   </Placemark>
   <Placemark>
      <name>3b87ffffffffffff</name>
      <Point>
         <coordinates>
            -22.777222,-24.028653
         </coordinates>
      </Point>
   </Placemark>
   <Placemark>
      <name>78efffffffffffff</name>
      <Point>
         <coordinates>
            -84.471768,-48.401087
         </coordinates>
      </Point>
   </Placemark>
   <Placemark>
      <name>7d6fffffffffffff</name>
      <Point>
         <coordinates>
            -68.732649,-47.788785
         </coordinates>
      </Point>
   </Placemark>
   <Placemark>
      <name>7c2fffffffffffff</name>
      <Point>
         <coordinates>
            -54.893210,-44.118178
         </coordinates>
      </Point>
   </Placemark>
   <Placemark>
      <name>7cafffffffffffff</name>
      <Point>
         <coordinates>
            -43.398952,-39.026631
         </coordinates>
      </Point>
   </Placemark>
   <Placemark>
      <name>3b2fffffffffffff</name>
      <Point>
         <coordinates>
            -33.703250,-33.259482
         </coordinates>
      </Point>
   </Placemark>
   <Placemark>
      <name>3bafffffffffffff</name>
      <Point>
         <coordinates>
            -24.777384,-27.159435
         </coordinates>
      </Point>
   </Placemark>
   <Placemark>
      <name>386fffffffffffff</name>
      <Point>
         <coordinates>
            -16.577626,-20.422462
         </coordinates>
      </Point>
   </Placemark>
   <Placemark>
      <name>7877ffffffffffff</name>
      <Point>
         <coordinates>
            -90.186319,-48.745127
         </coordinates>
      </Point>
   </Placemark>
   <Placemark>
      <name>78f7ffffffffffff</name>
      <Point>
         <coordinates>
            -74.151403,-49.652205
         </coordinates>
      </Point>
   </Placemark>
   <Placemark>
      <name>7d77ffffffffffff</name>
      <Point>
         <coordinates>
            -59.112523,-46.791325
         </coordinates>
      </Point>
   </Placemark>
   <Placemark>
      <name>7c37ffffffffffff</name>
      <Point>
         <coordinates>
            -46.591931,-42.060051
         </coordinates>
      </Point>
   </Placemark>
   <Placemark>
      <name>7cb7ffffffffffff</name>
      <Point>
         <coordinates>
            -36.129108,-36.355651
         </coordinates>
      </Point>
   </Placemark>
   <Placemark>
      <name>3b37ffffffffffff</name>
      <Point>
         <coordinates>
            -26.873772,-30.277459
         </coordinates>
      </Point>
   </Placemark>
   <Placemark>
      <name>3bb7ffffffffffff</name>
      <Point>
         <coordinates>
            -18.419691,-23.668081
         </coordinates>
      </Point>
   </Placemark>
   <Placemark>
      <name>7867ffffffffffff</name>
      <Point>
         <coordinates>
            -95.857934,-48.751371
         </coordinates>
      </Point>
   </Placemark>
   <Placemark>
      <name>78e7ffffffffffff</name>
      <Point>
         <coordinates>
            -79.994455,-51.008941
         </coordinates>
      </Point>
   </Placemark>
   <Placemark>
      <name>7d67ffffffffffff</name>
      <Point>
         <coordinates>
            -63.865778,-49.243507
         </coordinates>
      </Point>
   </Placemark>
   <Placemark>
      <name>7c27ffffffffffff</name>
      <Point>
         <coordinates>
            -50.165454,-45.011347
         </coordinates>
      </Point>
   </Placemark>
   <Placemark>
      <name>7ca7ffffffffffff</name>
      <Point>
         <coordinates>
            -38.873898,-39.521578
         </coordinates>
      </Point>
   </Placemark>
   <Placemark>
      <name>3b27ffffffffffff</name>
      <Point>
         <coordinates>
            -29.090706,-33.385579
         </coordinates>
      </Point>
   </Placemark>
   <Placemark>
      <name>3ba7ffffffffffff</name>
      <Point>
         <coordinates>
            -20.330155,-26.884882
         </coordinates>
      </Point>
   </Placemark>
   <Placemark>
      <name>781fffffffffffff</name>
      <Point>
         <coordinates>
            -86.059962,-51.698917
         </coordinates>
      </Point>
   </Placemark>
   <Placemark>
      <name>789fffffffffffff</name>
      <Point>
         <coordinates>
            -69.185398,-51.397290
         </coordinates>
      </Point>
   </Placemark>
   <Placemark>
      <name>7d1fffffffffffff</name>
      <Point>
         <coordinates>
            -54.193362,-47.838923
         </coordinates>
      </Point>
   </Placemark>
   <Placemark>
      <name>7d9fffffffffffff</name>
      <Point>
         <coordinates>
            -41.900962,-42.650297
         </coordinates>
      </Point>
   </Placemark>
   <Placemark>
      <name>865fffffffffffff</name>
      <Point>
         <coordinates>
            -31.567335,-36.498001
         </coordinates>
      </Point>
   </Placemark>
   <Placemark>
      <name>86dfffffffffffff</name>
      <Point>
         <coordinates>
            -22.324655,-30.082914
         </coordinates>
      </Point>
   </Placemark>
   <Placemark>
      <name>395fffffffffffff</name>
      <Point>
         <coordinates>
            -14.098207,-23.108143
         </coordinates>
      </Point>
   </Placemark>
   <Placemark>
      <name>780fffffffffffff</name>
      <Point>
         <coordinates>
            -92.177769,-51.974562
         </coordinates>
      </Point>
   </Placemark>
   <Placemark>
      <name>788fffffffffffff</name>
      <Point>
         <coordinates>
            -75.052954,-53.166896
         </coordinates>
      </Point>
   </Placemark>
   <Placemark>
      <name>7d0fffffffffffff</name>
      <Point>
         <coordinates>
            -58.751379,-50.489747
         </coordinates>
      </Point>
   </Placemark>
   <Placemark>
      <name>7d8fffffffffffff</name>
      <Point>
         <coordinates>
            -45.276620,-45.716674
         </coordinates>
      </Point>
   </Placemark>
   <Placemark>
      <name>864fffffffffffff</name>
      <Point>
         <coordinates>
            -34.213688,-39.751614
         </coordinates>
      </Point>
   </Placemark>
   <Placemark>
      <name>86cfffffffffffff</name>
      <Point>
         <coordinates>
            -24.424186,-33.268417
         </coordinates>
      </Point>
   </Placemark>
   <Placemark>
      <name>394fffffffffffff</name>
      <Point>
         <coordinates>
            -15.905665,-26.414279
         </coordinates>
      </Point>
   </Placemark>
   <Placemark>
      <name>7957ffffffffffff</name>
      <Point>
         <coordinates>
            -98.248885,-51.900035
         </coordinates>
      </Point>
   </Placemark>
   <Placemark>
      <name>7817ffffffffffff</name>
      <Point>
         <coordinates>
            -81.366328,-54.382228
         </coordinates>
      </Point>
   </Placemark>
   <Placemark>
      <name>7897ffffffffffff</name>
      <Point>
         <coordinates>
            -63.905718,-52.898433
         </coordinates>
      </Point>
   </Placemark>
   <Placemark>
      <name>7d17ffffffffffff</name>
      <Point>
         <coordinates>
            -49.078507,-48.687558
         </coordinates>
      </Point>
   </Placemark>
   <Placemark>
      <name>7d97ffffffffffff</name>
      <Point>
         <coordinates>
            -37.074334,-43.014596
         </coordinates>
      </Point>
   </Placemark>
   <Placemark>
      <name>8657ffffffffffff</name>
      <Point>
         <coordinates>
            -26.806186,-36.466102
         </coordinates>
      </Point>
   </Placemark>
   <Placemark>
      <name>86d7ffffffffffff</name>
      <Point>
         <coordinates>
            -17.787674,-29.694750
         </coordinates>
      </Point>
   </Placemark>
   <Placemark>
      <name>7947ffffffffffff</name>
      <Point>
         <coordinates>
            -104.205909,-51.519881
         </coordinates>
      </Point>
   </Placemark>
   <Placemark>
      <name>7807ffffffffffff</name>
      <Point>
         <coordinates>
            -87.907008,-54.988255
         </coordinates>
      </Point>
   </Placemark>
   <Placemark>
      <name>7887ffffffffffff</name>
      <Point>
         <coordinates>
            -69.692992,-54.988255
         </coordinates>
      </Point>
   </Placemark>
   <Placemark>
      <name>7d07ffffffffffff</name>
      <Point>
         <coordinates>
            -53.394091,-51.519881
         </coordinates>
      </Point>
   </Placemark>
   <Placemark>
      <name>7d87ffffffffffff</name>
      <Point>
         <coordinates>
            -40.245619,-46.221082
         </coordinates>
      </Point>
   </Placemark>
   <Placemark>
      <name>8647ffffffffffff</name>
      <Point>
         <coordinates>
            -29.439589,-39.658006
         </coordinates>
      </Point>
   </Placemark>
   <Placemark>
      <name>86c7ffffffffffff</name>
      <Point>
         <coordinates>
            -19.760501,-32.958880
         </coordinates>
      </Point>
   </Placemark>
   <Placemark>
      <name>782fffffffffffff</name>
      <Point>
         <coordinates>
            -94.502697,-55.175961
         </coordinates>
      </Point>
   </Placemark>
   <Placemark>
      <name>78afffffffffffff</name>
      <Point>
         <coordinates>
            -76.091185,-56.675737
         </coordinates>
      </Point>
   </Placemark>
   <Placemark>
      <name>7d2fffffffffffff</name>
      <Point>
         <coordinates>
            -58.314821,-54.158823
         </coordinates>
      </Point>
   </Placemark>
   <Placemark>
      <name>7dafffffffffffff</name>
      <Point>
         <coordinates>
            -43.786733,-49.323278
         </coordinates>
      </Point>
   </Placemark>
   <Placemark>
      <name>866fffffffffffff</name>
      <Point>
         <coordinates>
            -32.104444,-43.019157
         </coordinates>
      </Point>
   </Placemark>
   <Placemark>
      <name>86efffffffffffff</name>
      <Point>
         <coordinates>
            -22.013322,-36.235652
         </coordinates>
      </Point>
   </Placemark>
   <Placemark>
      <name>396fffffffffffff</name>
      <Point>
         <coordinates>
            -13.293648,-29.128633
         </coordinates>
      </Point>
   </Placemark>
   <Placemark>
      <name>7977ffffffffffff</name>
      <Point>
         <coordinates>
            -101.033024,-54.995542
         </coordinates>
      </Point>
   </Placemark>
   <Placemark>
      <name>7837ffffffffffff</name>
      <Point>
         <coordinates>
            -82.974912,-57.753825
         </coordinates>
      </Point>
   </Placemark>
   <Placemark>
      <name>78b7ffffffffffff</name>
      <Point>
         <coordinates>
            -63.922486,-56.536780
         </coordinates>
      </Point>
   </Placemark>
   <Placemark>
      <name>7d37ffffffffffff</name>
      <Point>
         <coordinates>
            -47.811039,-52.320775
         </coordinates>
      </Point>
   </Placemark>
   <Placemark>
      <name>7db7ffffffffffff</name>
      <Point>
         <coordinates>
            -35.037932,-46.361777
         </coordinates>
      </Point>
   </Placemark>
   <Placemark>
      <name>8677ffffffffffff</name>
      <Point>
         <coordinates>
            -24.474555,-39.497609
         </coordinates>
      </Point>
   </Placemark>
   <Placemark>
      <name>86f7ffffffffffff</name>
      <Point>
         <coordinates>
            -15.150341,-32.473810
         </coordinates>
      </Point>
   </Placemark>
   <Placemark>
      <name>7967ffffffffffff</name>
      <Point>
         <coordinates>
            -107.408514,-54.487617
         </coordinates>
      </Point>
   </Placemark>
   <Placemark>
      <name>7827ffffffffffff</name>
      <Point>
         <coordinates>
            -90.096612,-58.264087
         </coordinates>
      </Point>
   </Placemark>
   <Placemark>
      <name>78a7ffffffffffff</name>
      <Point>
         <coordinates>
            -70.264075,-58.574444
         </coordinates>
      </Point>
   </Placemark>
   <Placemark>
      <name>7d27ffffffffffff</name>
      <Point>
         <coordinates>
            -52.426884,-55.168714
         </coordinates>
      </Point>
   </Placemark>
   <Placemark>
      <name>7da7ffffffffffff</name>
      <Point>
         <coordinates>
            -38.315008,-49.651307
         </coordinates>
      </Point>
   </Placemark>
   <Placemark>
      <name>8667ffffffffffff</name>
      <Point>
         <coordinates>
            -27.108175,-42.795046
         </coordinates>
      </Point>
   </Placemark>
   <Placemark>
      <name>86e7ffffffffffff</name>
      <Point>
         <coordinates>
            -17.215546,-35.811873
         </coordinates>
      </Point>
   </Placemark>
   <Placemark>
      <name>791fffffffffffff</name>
      <Point>
         <coordinates>
            -97.263921,-58.339683
         </coordinates>
      </Point>
   </Placemark>
   <Placemark>
      <name>799fffffffffffff</name>
      <Point>
         <coordinates>
            -77.314570,-60.185982
         </coordinates>
      </Point>
   </Placemark>
   <Placemark>
      <name>825fffffffffffff</name>
      <Point>
         <coordinates>
            -57.751266,-57.809306
         </coordinates>
      </Point>
   </Placemark>
   <Placemark>
      <name>82dfffffffffffff</name>
      <Point>
         <coordinates>
            -42.027757,-52.850579
         </coordinates>
      </Point>
   </Placemark>
   <Placemark>
      <name>875fffffffffffff</name>
      <Point>
         <coordinates>
            -29.803685,-46.239741
         </coordinates>
      </Point>
   </Placemark>
   <Placemark>
      <name>861fffffffffffff</name>
      <Point>
         <coordinates>
            -19.483056,-39.135518
         </coordinates>
      </Point>
   </Placemark>
   <Placemark>
      <name>869fffffffffffff</name>
      <Point>
         <coordinates>
            -10.573029,-31.814405
         </coordinates>
      </Point>
   </Placemark>
   <Placemark>
      <name>790fffffffffffff</name>
      <Point>
         <coordinates>
            -104.324156,-58.023236
         </coordinates>
      </Point>
   </Placemark>
   <Placemark>
      <name>798fffffffffffff</name>
      <Point>
         <coordinates>
            -84.907539,-61.122816
         </coordinates>
      </Point>
   </Placemark>
   <Placemark>
      <name>824fffffffffffff</name>
      <Point>
         <coordinates>
            -63.892951,-60.170256
         </coordinates>
      </Point>
   </Placemark>
   <Placemark>
      <name>82cfffffffffffff</name>
      <Point>
         <coordinates>
            -46.288104,-55.917789
         </coordinates>
      </Point>
   </Placemark>
   <Placemark>
      <name>874fffffffffffff</name>
      <Point>
         <coordinates>
            -32.784520,-49.673148
         </coordinates>
      </Point>
   </Placemark>
   <Placemark>
      <name>860fffffffffffff</name>
      <Point>
         <coordinates>
            -21.963855,-42.460013
         </coordinates>
      </Point>
   </Placemark>
   <Placemark>
      <name>868fffffffffffff</name>
      <Point>
         <coordinates>
            -12.439180,-35.203948
         </coordinates>
      </Point>
   </Placemark>
   <Placemark>
      <name>bd27ffffffffffff</name>
      <Point>
         <coordinates>
            -111.120914,-57.371902
         </coordinates>
      </Point>
   </Placemark>
   <Placemark>
      <name>7917ffffffffffff</name>
      <Point>
         <coordinates>
            -92.749833,-61.517546
         </coordinates>
      </Point>
   </Placemark>
   <Placemark>
      <name>7997ffffffffffff</name>
      <Point>
         <coordinates>
            -70.918606,-62.165629
         </coordinates>
      </Point>
   </Placemark>
   <Placemark>
      <name>8257ffffffffffff</name>
      <Point>
         <coordinates>
            -51.228233,-58.803870
         </coordinates>
      </Point>
   </Placemark>
   <Placemark>
      <name>82d7ffffffffffff</name>
      <Point>
         <coordinates>
            -36.142204,-53.057114
         </coordinates>
      </Point>
   </Placemark>
   <Placemark>
      <name>8757ffffffffffff</name>
      <Point>
         <coordinates>
            -24.565979,-45.872020
         </coordinates>
      </Point>
   </Placemark>
   <Placemark>
      <name>8617ffffffffffff</name>
      <Point>
         <coordinates>
            -14.495999,-38.579248
         </coordinates>
      </Point>
   </Placemark>
   <Placemark>
      <name>bd07ffffffffffff</name>
      <Point>
         <coordinates>
            -117.606397,-56.351024
         </coordinates>
      </Point>
   </Placemark>
   <Placemark>
      <name>7907ffffffffffff</name>
      <Point>
         <coordinates>
            -100.605226,-61.449513
         </coordinates>
      </Point>
   </Placemark>
   <Placemark>
      <name>7987ffffffffffff</name>
      <Point>
         <coordinates>
            -78.800000,-63.701916
         </coordinates>
      </Point>
   </Placemark>
   <Placemark>
      <name>8247ffffffffffff</name>
      <Point>
         <coordinates>
            -56.994774,-61.449513
         </coordinates>
      </Point>
   </Placemark>
   <Placemark>
      <name>82c7ffffffffffff</name>
      <Point>
         <coordinates>
            -39.993603,-56.351024
         </coordinates>
      </Point>
   </Placemark>
   <Placemark>
      <name>8747ffffffffffff</name>
      <Point>
         <coordinates>
            -27.255738,-49.411361
         </coordinates>
      </Point>
   </Placemark>
   <Placemark>
      <name>8607ffffffffffff</name>
      <Point>
         <coordinates>
            -16.760299,-41.953804
         </coordinates>
      </Point>
   </Placemark>
   <Placemark>
      <name>792fffffffffffff</name>
      <Point>
         <coordinates>
            -108.153321,-61.019090
         </coordinates>
      </Point>
   </Placemark>
   <Placemark>
      <name>79afffffffffffff</name>
      <Point>
         <coordinates>
            -87.297618,-64.484402
         </coordinates>
      </Point>
   </Placemark>
   <Placemark>
      <name>826fffffffffffff</name>
      <Point>
         <coordinates>
            -63.788541,-63.808465
         </coordinates>
      </Point>
   </Placemark>
   <Placemark>
      <name>82efffffffffffff</name>
      <Point>
         <coordinates>
            -44.487335,-59.508996
         </coordinates>
      </Point>
   </Placemark>
   <Placemark>
      <name>876fffffffffffff</name>
      <Point>
         <coordinates>
            -30.240045,-52.946769
         </coordinates>
      </Point>
   </Placemark>
   <Placemark>
      <name>862fffffffffffff</name>
      <Point>
         <coordinates>
            -19.236285,-45.348453
         </coordinates>
      </Point>
   </Placemark>
   <Placemark>
      <name>86afffffffffffff</name>
      <Point>
         <coordinates>
            -9.543333,-37.841341
         </coordinates>
      </Point>
   </Placemark>
   <Placemark>
      <name>bd2fffffffffffff</name>
      <Point>
         <coordinates>
            -115.392513,-60.150226
         </coordinates>
      </Point>
   </Placemark>
   <Placemark>
      <name>7937ffffffffffff</name>
      <Point>
         <coordinates>
            -95.985903,-64.759209
         </coordinates>
      </Point>
   </Placemark>
   <Placemark>
      <name>79b7ffffffffffff</name>
      <Point>
         <coordinates>
            -71.692422,-65.769690
         </coordinates>
      </Point>
   </Placemark>
   <Placemark>
      <name>8277ffffffffffff</name>
      <Point>
         <coordinates>
            -49.808256,-62.475991
         </coordinates>
      </Point>
   </Placemark>
   <Placemark>
      <name>82f7ffffffffffff</name>
      <Point>
         <coordinates>
            -33.629714,-56.436280
         </coordinates>
      </Point>
   </Placemark>
   <Placemark>
      <name>8777ffffffffffff</name>
      <Point>
         <coordinates>
            -21.759497,-48.884505
         </coordinates>
      </Point>
   </Placemark>
   <Placemark>
      <name>8637ffffffffffff</name>
      <Point>
         <coordinates>
            -11.572466,-41.254614
         </coordinates>
      </Point>
   </Placemark>
   <Placemark>
      <name>bd0fffffffffffff</name>
      <Point>
         <coordinates>
            -122.188394,-58.882367
         </coordinates>
      </Point>
   </Placemark>
   <Placemark>
      <name>7927ffffffffffff</name>
      <Point>
         <coordinates>
            -104.479672,-64.591449
         </coordinates>
      </Point>
   </Placemark>
   <Placemark>
      <name>79a7ffffffffffff</name>
      <Point>
         <coordinates>
            -80.670599,-67.180393
         </coordinates>
      </Point>
   </Placemark>
   <Placemark>
      <name>8267ffffffffffff</name>
      <Point>
         <coordinates>
            -56.173378,-65.182950
         </coordinates>
      </Point>
   </Placemark>
   <Placemark>
      <name>82e7ffffffffffff</name>
      <Point>
         <coordinates>
            -37.572860,-59.836207
         </coordinates>
      </Point>
   </Placemark>
   <Placemark>
      <name>8767ffffffffffff</name>
      <Point>
         <coordinates>
            -24.385210,-52.529387
         </coordinates>
      </Point>
   </Placemark>
   <Placemark>
      <name>8627ffffffffffff</name>
      <Point>
         <coordinates>
            -13.810197,-44.683214
         </coordinates>
      </Point>
   </Placemark>
   <Placemark>
      <name>b8b7ffffffffffff</name>
      <Point>
         <coordinates>
            -112.693335,-63.919431
         </coordinates>
      </Point>
   </Placemark>
   <Placemark>
      <name>b9b7ffffffffffff</name>
      <Point>
         <coordinates>
            -90.184439,-67.882141
         </coordinates>
      </Point>
   </Placemark>
   <Placemark>
      <name>835fffffffffffff</name>
      <Point>
         <coordinates>
            -63.804713,-67.541957
         </coordinates>
      </Point>
   </Placemark>
   <Placemark>
      <name>821fffffffffffff</name>
      <Point>
         <coordinates>
            -42.268670,-63.097288
         </coordinates>
      </Point>
   </Placemark>
   <Placemark>
      <name>829fffffffffffff</name>
      <Point>
         <coordinates>
            -27.297959,-56.176625
         </coordinates>
      </Point>
   </Placemark>
   <Placemark>
      <name>871fffffffffffff</name>
      <Point>
         <coordinates>
            -16.246098,-48.156053
         </coordinates>
      </Point>
   </Placemark>
   <Placemark>
      <name>879fffffffffffff</name>
      <Point>
         <coordinates>
            -6.434245,-40.379862
         </coordinates>
      </Point>
   </Placemark>
   <Placemark>
      <name>b897ffffffffffff</name>
      <Point>
         <coordinates>
            -120.389402,-62.783988
         </coordinates>
      </Point>
   </Placemark>
   <Placemark>
      <name>b997ffffffffffff</name>
      <Point>
         <coordinates>
            -99.822504,-68.049321
         </coordinates>
      </Point>
   </Placemark>
   <Placemark>
      <name>834fffffffffffff</name>
      <Point>
         <coordinates>
            -72.855613,-69.444703
         </coordinates>
      </Point>
   </Placemark>
   <Placemark>
      <name>820fffffffffffff</name>
      <Point>
         <coordinates>
            -47.982116,-66.158871
         </coordinates>
      </Point>
   </Placemark>
   <Placemark>
      <name>828fffffffffffff</name>
      <Point>
         <coordinates>
            -30.628604,-59.780400
         </coordinates>
      </Point>
   </Placemark>
   <Placemark>
      <name>870fffffffffffff</name>
      <Point>
         <coordinates>
            -18.618732,-51.825413
         </coordinates>
      </Point>
   </Placemark>
   <Placemark>
      <name>878fffffffffffff</name>
      <Point>
         <coordinates>
            -8.411917,-43.829702
         </coordinates>
      </Point>
   </Placemark>
   <Placemark>
      <name>bd67ffffffffffff</name>
      <Point>
         <coordinates>
            -127.434723,-61.240356
         </coordinates>
      </Point>
   </Placemark>
   <Placemark>
      <name>b8a7ffffffffffff</name>
      <Point>
         <coordinates>
            -109.313035,-67.632759
         </coordinates>
      </Point>
   </Placemark>
   <Placemark>
      <name>b9a7ffffffffffff</name>
      <Point>
         <coordinates>
            -82.924187,-70.757097
         </coordinates>
      </Point>
   </Placemark>
   <Placemark>
      <name>8357ffffffffffff</name>
      <Point>
         <coordinates>
            -55.049435,-68.940794
         </coordinates>
      </Point>
   </Placemark>
   <Placemark>
      <name>8217ffffffffffff</name>
      <Point>
         <coordinates>
            -34.561663,-63.295125
         </coordinates>
      </Point>
   </Placemark>
   <Placemark>
      <name>8297ffffffffffff</name>
      <Point>
         <coordinates>
            -21.086113,-55.584688
         </coordinates>
      </Point>
   </Placemark>
   <Placemark>
      <name>8717ffffffffffff</name>
      <Point>
         <coordinates>
            -10.592956,-47.313948
         </coordinates>
      </Point>
   </Placemark>
   <Placemark>
      <name>bd47ffffffffffff</name>
      <Point>
         <coordinates>
            -133.801389,-59.348660
         </coordinates>
      </Point>
   </Placemark>
   <Placemark>
      <name>b887ffffffffffff</name>
      <Point>
         <coordinates>
            -118.236926,-66.670283
         </coordinates>
      </Point>
   </Placemark>
   <Placemark>
      <name>b987ffffffffffff</name>
      <Point>
         <coordinates>
            -93.755713,-71.333926
         </coordinates>
      </Point>
   </Placemark>
   <Placemark>
      <name>8347ffffffffffff</name>
      <Point>
         <coordinates>
            -63.844287,-71.333926
         </coordinates>
      </Point>
   </Placemark>
   <Placemark>
      <name>8207ffffffffffff</name>
      <Point>
         <coordinates>
            -39.363074,-66.670283
         </coordinates>
      </Point>
   </Placemark>
   <Placemark>
      <name>8287ffffffffffff</name>
      <Point>
         <coordinates>
            -23.798611,-59.348660
         </coordinates>
      </Point>
   </Placemark>
   <Placemark>
      <name>8707ffffffffffff</name>
      <Point>
         <coordinates>
            -12.936675,-50.873628
         </coordinates>
      </Point>
   </Placemark>
   <Placemark>
      <name>b89fffffffffffff</name>
      <Point>
         <coordinates>
            -126.326379,-65.227547
         </coordinates>
      </Point>
   </Placemark>
   <Placemark>
      <name>b99fffffffffffff</name>
      <Point>
         <coordinates>
            -104.928518,-71.253650
         </coordinates>
      </Point>
   </Placemark>
   <Placemark>
      <name>836fffffffffffff</name>
      <Point>
         <coordinates>
            -74.109080,-73.271408
         </coordinates>
      </Point>
   </Placemark>
   <Placemark>
      <name>822fffffffffffff</name>
      <Point>
         <coordinates>
            -45.419311,-69.841897
         </coordinates>
      </Point>
   </Placemark>
   <Placemark>
      <name>82afffffffffffff</name>
      <Point>
         <coordinates>
            -26.901527,-63.067900
         </coordinates>
      </Point>
   </Placemark>
   <Placemark>
      <name>872fffffffffffff</name>
      <Point>
         <coordinates>
            -15.048593,-54.683564
         </coordinates>
      </Point>
   </Placemark>
   <Placemark>
      <name>87afffffffffffff</name>
      <Point>
         <coordinates>
            -4.977226,-46.294307
         </coordinates>
      </Point>
   </Placemark>
   <Placemark>
      <name>bd6fffffffffffff</name>
      <Point>
         <coordinates>
            -133.489487,-63.380360
         </coordinates>
      </Point>
   </Placemark>
   <Placemark>
      <name>b8afffffffffffff</name>
      <Point>
         <coordinates>
            -115.584148,-70.517052
         </coordinates>
      </Point>
   </Placemark>
   <Placemark>
      <name>b9afffffffffffff</name>
      <Point>
         <coordinates>
            -86.337367,-74.439559
         </coordinates>
      </Point>
   </Placemark>
   <Placemark>
      <name>8377ffffffffffff</name>
      <Point>
         <coordinates>
            -53.131779,-72.723357
         </coordinates>
      </Point>
   </Placemark>
   <Placemark>
      <name>8237ffffffffffff</name>
      <Point>
         <coordinates>
            -30.612331,-66.697508
         </coordinates>
      </Point>
   </Placemark>
   <Placemark>
      <name>82b7ffffffffffff</name>
      <Point>
         <coordinates>
            -17.202790,-58.559385
         </coordinates>
      </Point>
   </Placemark>
   <Placemark>
      <name>8737ffffffffffff</name>
      <Point>
         <coordinates>
            -7.063597,-49.833172
         </coordinates>
      </Point>
   </Placemark>
   <Placemark>
      <name>bd4fffffffffffff</name>
      <Point>
         <coordinates>
            -139.774109,-61.200689
         </coordinates>
      </Point>
   </Placemark>
   <Placemark>
      <name>b88fffffffffffff</name>
      <Point>
         <coordinates>
            -125.176321,-69.200635
         </coordinates>
      </Point>
   </Placemark>
   <Placemark>
      <name>b98fffffffffffff</name>
      <Point>
         <coordinates>
            -99.598858,-74.759861
         </coordinates>
      </Point>
   </Placemark>
   <Placemark>
      <name>8367ffffffffffff</name>
      <Point>
         <coordinates>
            -62.856774,-75.220518
         </coordinates>
      </Point>
   </Placemark>
   <Placemark>
      <name>8227ffffffffffff</name>
      <Point>
         <coordinates>
            -35.271963,-70.190603
         </coordinates>
      </Point>
   </Placemark>
   <Placemark>
      <name>82a7ffffffffffff</name>
      <Point>
         <coordinates>
            -19.492914,-62.431467
         </coordinates>
      </Point>
   </Placemark>
   <Placemark>
      <name>8727ffffffffffff</name>
      <Point>
         <coordinates>
            -9.176460,-53.513752
         </coordinates>
      </Point>
   </Placemark>
   <Placemark>
      <name>b8f7ffffffffffff</name>
      <Point>
         <coordinates>
            -133.475949,-67.407177
         </coordinates>
      </Point>
   </Placemark>
   <Placemark>
      <name>b837ffffffffffff</name>
      <Point>
         <coordinates>
            -112.634050,-74.290159
         </coordinates>
      </Point>
   </Placemark>
   <Placemark>
      <name>b937ffffffffffff</name>
      <Point>
         <coordinates>
            -75.793406,-77.138579
         </coordinates>
      </Point>
   </Placemark>
   <Placemark>
      <name>831fffffffffffff</name>
      <Point>
         <coordinates>
            -41.137921,-73.478794
         </coordinates>
      </Point>
   </Placemark>
   <Placemark>
      <name>839fffffffffffff</name>
      <Point>
         <coordinates>
            -22.056843,-66.247459
         </coordinates>
      </Point>
   </Placemark>
   <Placemark>
      <name>805fffffffffffff</name>
      <Point>
         <coordinates>
            -10.912539,-57.440334
         </coordinates>
      </Point>
   </Placemark>
   <Placemark>
      <name>80dfffffffffffff</name>
      <Point>
         <coordinates>
            -1.226406,-48.636725
         </coordinates>
      </Point>
   </Placemark>
   <Placemark>
      <name>b8d7ffffffffffff</name>
      <Point>
         <coordinates>
            -140.515942,-65.236208
         </coordinates>
      </Point>
   </Placemark>
   <Placemark>
      <name>b817ffffffffffff</name>
      <Point>
         <coordinates>
            -124.328256,-73.110416
         </coordinates>
      </Point>
   </Placemark>
   <Placemark>
      <name>b917ffffffffffff</name>
      <Point>
         <coordinates>
            -91.808698,-78.075374
         </coordinates>
      </Point>
   </Placemark>
   <Placemark>
      <name>830fffffffffffff</name>
      <Point>
         <coordinates>
            -49.045888,-76.503857
         </coordinates>
      </Point>
   </Placemark>
   <Placemark>
      <name>838fffffffffffff</name>
      <Point>
         <coordinates>
            -25.112202,-69.967759
         </coordinates>
      </Point>
   </Placemark>
   <Placemark>
      <name>804fffffffffffff</name>
      <Point>
         <coordinates>
            -12.494805,-61.415857
         </coordinates>
      </Point>
   </Placemark>
   <Placemark>
      <name>80cfffffffffffff</name>
      <Point>
         <coordinates>
            -3.172300,-52.224403
         </coordinates>
      </Point>
   </Placemark>
   <Placemark>
      <name>b1a7ffffffffffff</name>
      <Point>
         <coordinates>
            -146.475324,-62.767712
         </coordinates>
      </Point>
   </Placemark>
   <Placemark>
      <name>b8e7ffffffffffff</name>
      <Point>
         <coordinates>
            -134.159365,-71.363957
         </coordinates>
      </Point>
   </Placemark>
   <Placemark>
      <name>b827ffffffffffff</name>
      <Point>
         <coordinates>
            -108.772128,-77.980416
         </coordinates>
      </Point>
   </Placemark>
   <Placemark>
      <name>b927ffffffffffff</name>
      <Point>
         <coordinates>
            -60.910350,-79.122774
         </coordinates>
      </Point>
   </Placemark>
   <Placemark>
      <name>8317ffffffffffff</name>
      <Point>
         <coordinates>
            -28.616322,-73.522083
         </coordinates>
      </Point>
   </Placemark>
   <Placemark>
      <name>8397ffffffffffff</name>
      <Point>
         <coordinates>
            -13.980582,-65.352637
         </coordinates>
      </Point>
   </Placemark>
   <Placemark>
      <name>8057ffffffffffff</name>
      <Point>
         <coordinates>
            -4.914371,-56.031310
         </coordinates>
      </Point>
   </Placemark>
   <Placemark>
      <name>b187ffffffffffff</name>
      <Point>
         <coordinates>
            -151.603622,-60.059042
         </coordinates>
      </Point>
   </Placemark>
   <Placemark>
      <name>b8c7ffffffffffff</name>
      <Point>
         <coordinates>
            -142.153627,-69.196875
         </coordinates>
      </Point>
   </Placemark>
   <Placemark>
      <name>b807ffffffffffff</name>
      <Point>
         <coordinates>
            -124.120331,-76.934219
         </coordinates>
      </Point>
   </Placemark>
   <Placemark>
      <name>b907ffffffffffff</name>
      <Point>
         <coordinates>
            -78.800000,-81.005136
         </coordinates>
      </Point>
   </Placemark>
   <Placemark>
      <name>8307ffffffffffff</name>
      <Point>
         <coordinates>
            -33.479669,-76.934219
         </coordinates>
      </Point>
   </Placemark>
   <Placemark>
      <name>8387ffffffffffff</name>
      <Point>
         <coordinates>
            -15.446373,-69.196875
         </coordinates>
      </Point>
   </Placemark>
   <Placemark>
      <name>8047ffffffffffff</name>
      <Point>
         <coordinates>
            -5.996378,-60.059042
         </coordinates>
      </Point>
   </Placemark>
   <Placemark>
      <name>b8dfffffffffffff</name>
      <Point>
         <coordinates>
            -148.688926,-66.699159
         </coordinates>
      </Point>
   </Placemark>
   <Placemark>
      <name>b81fffffffffffff</name>
      <Point>
         <coordinates>
            -136.461419,-75.152054
         </coordinates>
      </Point>
   </Placemark>
   <Placemark>
      <name>b91fffffffffffff</name>
      <Point>
         <coordinates>
            -101.927882,-81.546145
         </coordinates>
      </Point>
   </Placemark>
   <Placemark>
      <name>832fffffffffffff</name>
      <Point>
         <coordinates>
            -41.480163,-80.162650
         </coordinates>
      </Point>
   </Placemark>
   <Placemark>
      <name>83afffffffffffff</name>
      <Point>
         <coordinates>
            -16.549255,-72.849257
         </coordinates>
      </Point>
   </Placemark>
   <Placemark>
      <name>806fffffffffffff</name>
      <Point>
         <coordinates>
            -6.572577,-64.063399
         </coordinates>
      </Point>
   </Placemark>
   <Placemark>
      <name>80efffffffffffff</name>
      <Point>
         <coordinates>
            1.134155,-54.466844
         </coordinates>
      </Point>
   </Placemark>
   <Placemark>
      <name>b1afffffffffffff</name>
      <Point>
         <coordinates>
            -153.995152,-63.967531
         </coordinates>
      </Point>
   </Placemark>
   <Placemark>
      <name>b8efffffffffffff</name>
      <Point>
         <coordinates>
            -145.854054,-72.872584
         </coordinates>
      </Point>
   </Placemark>
   <Placemark>
      <name>b82fffffffffffff</name>
      <Point>
         <coordinates>
            -124.108623,-80.708578
         </coordinates>
      </Point>
   </Placemark>
   <Placemark>
      <name>b92fffffffffffff</name>
      <Point>
         <coordinates>
            -56.520377,-83.005962
         </coordinates>
      </Point>
   </Placemark>
   <Placemark>
      <name>8337ffffffffffff</name>
      <Point>
         <coordinates>
            -17.988763,-76.429699
         </coordinates>
      </Point>
   </Placemark>
   <Placemark>
      <name>83b7ffffffffffff</name>
      <Point>
         <coordinates>
            -6.545137,-67.907530
         </coordinates>
      </Point>
   </Placemark>
   <Placemark>
      <name>8077ffffffffffff</name>
      <Point>
         <coordinates>
            0.009689,-58.400387
         </coordinates>
      </Point>
   </Placemark>
   <Placemark>
      <name>b18fffffffffffff</name>
      <Point>
         <coordinates>
            -158.415848,-61.043508
         </coordinates>
      </Point>
   </Placemark>
   <Placemark>
      <name>b8cfffffffffffff</name>
      <Point>
         <coordinates>
            -152.940871,-70.274117
         </coordinates>
      </Point>
   </Placemark>
   <Placemark>
      <name>b80fffffffffffff</name>
      <Point>
         <coordinates>
            -140.654352,-78.819077
         </coordinates>
      </Point>
   </Placemark>
   <Placemark>
      <name>b90fffffffffffff</name>
      <Point>
         <coordinates>
            -86.129712,-84.802950
         </coordinates>
      </Point>
   </Placemark>
   <Placemark>
      <name>8327ffffffffffff</name>
      <Point>
         <coordinates>
            -20.375313,-79.960574
         </coordinates>
      </Point>
   </Placemark>
   <Placemark>
      <name>83a7ffffffffffff</name>
      <Point>
         <coordinates>
            -5.720240,-71.529414
         </coordinates>
      </Point>
   </Placemark>
   <Placemark>
      <name>8067ffffffffffff</name>
      <Point>
         <coordinates>
            0.083872,-62.437643
         </coordinates>
      </Point>
   </Placemark>
   <Placemark>
      <name>b137ffffffffffff</name>
      <Point>
         <coordinates>
            -158.364069,-67.470581
         </coordinates>
      </Point>
   </Placemark>
   <Placemark>
      <name>b877ffffffffffff</name>
      <Point>
         <coordinates>
            -151.833944,-76.319021
         </coordinates>
      </Point>
   </Placemark>
   <Placemark>
      <name>b977ffffffffffff</name>
      <Point>
         <coordinates>
            -124.229534,-84.444227
         </coordinates>
      </Point>
   </Placemark>
   <Placemark>
      <name>894fffffffffffff</name>
      <Point>
         <coordinates>
            -25.386927,-83.436768
         </coordinates>
      </Point>
   </Placemark>
   <Placemark>
      <name>884fffffffffffff</name>
      <Point>
         <coordinates>
            -4.364560,-75.071169
         </coordinates>
      </Point>
   </Placemark>
   <Placemark>
      <name>810fffffffffffff</name>
      <Point>
         <coordinates>
            1.313989,-66.184328
         </coordinates>
      </Point>
   </Placemark>
   <Placemark>
      <name>801fffffffffffff</name>
      <Point>
         <coordinates>
            5.909114,-56.534769
         </coordinates>
      </Point>
   </Placemark>
   <Placemark>
      <name>b117ffffffffffff</name>
      <Point>
         <coordinates>
            -162.608260,-64.531289
         </coordinates>
      </Point>
   </Placemark>
   <Placemark>
      <name>b857ffffffffffff</name>
      <Point>
         <coordinates>
            -159.433996,-73.489092
         </coordinates>
      </Point>
   </Placemark>
   <Placemark>
      <name>b957ffffffffffff</name>
      <Point>
         <coordinates>
            -148.848035,-82.315811
         </coordinates>
      </Point>
   </Placemark>
   <Placemark>
      <name>896fffffffffffff</name>
      <Point>
         <coordinates>
            -41.356255,-86.741554
         </coordinates>
      </Point>
   </Placemark>
   <Placemark>
      <name>886fffffffffffff</name>
      <Point>
         <coordinates>
            -2.198563,-78.566559
         </coordinates>
      </Point>
   </Placemark>
   <Placemark>
      <name>812fffffffffffff</name>
      <Point>
         <coordinates>
            3.526860,-69.663174
         </coordinates>
      </Point>
   </Placemark>
   <Placemark>
      <name>800fffffffffffff</name>
      <Point>
         <coordinates>
            5.990092,-60.532104
         </coordinates>
      </Point>
   </Placemark>
   <Placemark>
      <name>b027ffffffffffff</name>
      <Point>
         <coordinates>
            -166.010227,-61.498239
         </coordinates>
      </Point>
   </Placemark>
   <Placemark>
      <name>b127ffffffffffff</name>
      <Point>
         <coordinates>
            -164.815811,-70.471286
         </coordinates>
      </Point>
   </Placemark>
   <Placemark>
      <name>b867ffffffffffff</name>
      <Point>
         <coordinates>
            -161.595631,-79.452011
         </coordinates>
      </Point>
   </Placemark>
   <Placemark>
      <name>b967ffffffffffff</name>
      <Point>
         <coordinates>
            -124.443701,-88.152603
         </coordinates>
      </Point>
   </Placemark>
   <Placemark>
      <name>895fffffffffffff</name>
      <Point>
         <coordinates>
            1.721958,-82.022787
         </coordinates>
      </Point>
   </Placemark>
   <Placemark>
      <name>885fffffffffffff</name>
      <Point>
         <coordinates>
            6.647142,-73.032459
         </coordinates>
      </Point>
   </Placemark>
   <Placemark>
      <name>811fffffffffffff</name>
      <Point>
         <coordinates>
            8.145011,-64.073164
         </coordinates>
      </Point>
   </Placemark>
   <Placemark>
      <name>8007ffffffffffff</name>
      <Point>
         <coordinates>
            11.200000,-58.397146
         </coordinates>
      </Point>
   </Placemark>
   <Placemark>
      <name>8087ffffffffffff</name>
      <Point>
         <coordinates>
            19.510189,-50.846210
         </coordinates>
      </Point>
   </Placemark>
   <Placemark>
      <name>8507ffffffffffff</name>
      <Point>
         <coordinates>
            25.479793,-42.812762
         </coordinates>
      </Point>
   </Placemark>
   <Placemark>
      <name>8587ffffffffffff</name>
      <Point>
         <coordinates>
            30.109002,-34.425289
         </coordinates>
      </Point>
   </Placemark>
   <Placemark>
      <name>4a47ffffffffffff</name>
      <Point>
         <coordinates>
            33.934517,-25.767021
         </coordinates>
      </Point>
   </Placemark>
   <Placemark>
      <name>4ac7ffffffffffff</name>
      <Point>
         <coordinates>
            37.194937,-17.132288
         </coordinates>
      </Point>
   </Placemark>
   <Placemark>
      <name>4147ffffffffffff</name>
      <Point>
         <coordinates>
            40.129364,-8.551969
         </coordinates>
      </Point>
   </Placemark>
   <Placemark>
      <name>80afffffffffffff</name>
      <Point>
         <coordinates>
            18.812945,-54.316934
         </coordinates>
      </Point>
   </Placemark>
   <Placemark>
      <name>852fffffffffffff</name>
      <Point>
         <coordinates>
            25.261657,-46.311251
         </coordinates>
      </Point>
   </Placemark>
   <Placemark>
      <name>85afffffffffffff</name>
      <Point>
         <coordinates>
            30.101197,-37.963123
         </coordinates>
      </Point>
   </Placemark>
   <Placemark>
      <name>4a6fffffffffffff</name>
      <Point>
         <coordinates>
            34.036094,-29.318794
         </coordinates>
      </Point>
   </Placemark>
   <Placemark>
      <name>4aefffffffffffff</name>
      <Point>
         <coordinates>
            37.413237,-20.635210
         </coordinates>
      </Point>
   </Placemark>
   <Placemark>
      <name>416fffffffffffff</name>
      <Point>
         <coordinates>
            40.406846,-12.019139
         </coordinates>
      </Point>
   </Placemark>
   <Placemark>
      <name>402fffffffffffff</name>
      <Point>
         <coordinates>
            43.219469,-3.410571
         </coordinates>
      </Point>
   </Placemark>
   <Placemark>
      <name>8037ffffffffffff</name>
      <Point>
         <coordinates>
            17.584783,-57.935592
         </coordinates>
      </Point>
   </Placemark>
   <Placemark>
      <name>80b7ffffffffffff</name>
      <Point>
         <coordinates>
            25.011702,-49.831084
         </coordinates>
      </Point>
   </Placemark>
   <Placemark>
      <name>8537ffffffffffff</name>
      <Point>
         <coordinates>
            30.119064,-41.497783
         </coordinates>
      </Point>
   </Placemark>
   <Placemark>
      <name>85b7ffffffffffff</name>
      <Point>
         <coordinates>
            34.147077,-32.887378
         </coordinates>
      </Point>
   </Placemark>
   <Placemark>
      <name>4a77ffffffffffff</name>
      <Point>
         <coordinates>
            37.625966,-24.143588
         </coordinates>
      </Point>
   </Placemark>
   <Placemark>
      <name>4af7ffffffffffff</name>
      <Point>
         <coordinates>
            40.686836,-15.478532
         </coordinates>
      </Point>
   </Placemark>
   <Placemark>
      <name>4177ffffffffffff</name>
      <Point>
         <coordinates>
            43.523869,-6.823853
         </coordinates>
      </Point>
   </Placemark>
   <Placemark>
      <name>8027ffffffffffff</name>
      <Point>
         <coordinates>
            13.989773,-61.498239
         </coordinates>
      </Point>
   </Placemark>
   <Placemark>
      <name>80a7ffffffffffff</name>
      <Point>
         <coordinates>
            24.659470,-53.408655
         </coordinates>
      </Point>
   </Placemark>
   <Placemark>
      <name>8527ffffffffffff</name>
      <Point>
         <coordinates>
            30.156651,-45.042366
         </coordinates>
      </Point>
   </Placemark>
   <Placemark>
      <name>85a7ffffffffffff</name>
      <Point>
         <coordinates>
            34.312625,-36.451336
         </coordinates>
      </Point>
   </Placemark>
   <Placemark>
      <name>4a67ffffffffffff</name>
      <Point>
         <coordinates>
            37.832578,-27.665167
         </coordinates>
      </Point>
   </Placemark>
   <Placemark>
      <name>4ae7ffffffffffff</name>
      <Point>
         <coordinates>
            40.968882,-18.942300
         </coordinates>
      </Point>
   </Placemark>
   <Placemark>
      <name>4167ffffffffffff</name>
      <Point>
         <coordinates>
            43.833160,-10.242582
         </coordinates>
      </Point>
   </Placemark>
   <Placemark>
      <name>819fffffffffffff</name>
      <Point>
         <coordinates>
            23.760147,-57.162817
         </coordinates>
      </Point>
   </Placemark>
   <Placemark>
      <name>8c5fffffffffffff</name>
      <Point>
         <coordinates>
            30.193724,-48.617505
         </coordinates>
      </Point>
   </Placemark>
   <Placemark>
      <name>8cdfffffffffffff</name>
      <Point>
         <coordinates>
            34.526551,-40.013819
         </coordinates>
      </Point>
   </Placemark>
   <Placemark>
      <name>4b5fffffffffffff</name>
      <Point>
         <coordinates>
            38.033249,-31.206115
         </coordinates>
      </Point>
   </Placemark>
   <Placemark>
      <name>4a1fffffffffffff</name>
      <Point>
         <coordinates>
            41.254593,-22.417384
         </coordinates>
      </Point>
   </Placemark>
   <Placemark>
      <name>4a9fffffffffffff</name>
      <Point>
         <coordinates>
            44.149999,-13.669534
         </coordinates>
      </Point>
   </Placemark>
   <Placemark>
      <name>411fffffffffffff</name>
      <Point>
         <coordinates>
            46.764372,-4.465001
         </coordinates>
      </Point>
   </Placemark>
   <Placemark>
      <name>818fffffffffffff</name>
      <Point>
         <coordinates>
            21.584152,-61.043508
         </coordinates>
      </Point>
   </Placemark>
   <Placemark>
      <name>8c4fffffffffffff</name>
      <Point>
         <coordinates>
            30.162017,-52.259838
         </coordinates>
      </Point>
   </Placemark>
   <Placemark>
      <name>8ccfffffffffffff</name>
      <Point>
         <coordinates>
            34.785896,-43.588766
         </coordinates>
      </Point>
   </Placemark>
   <Placemark>
      <name>4b4fffffffffffff</name>
      <Point>
         <coordinates>
            38.329421,-34.782000
         </coordinates>
      </Point>
   </Placemark>
   <Placemark>
      <name>4a0fffffffffffff</name>
      <Point>
         <coordinates>
            41.546351,-25.908910
         </coordinates>
      </Point>
   </Placemark>
   <Placemark>
      <name>4a8fffffffffffff</name>
      <Point>
         <coordinates>
            44.477315,-17.107554
         </coordinates>
      </Point>
   </Placemark>
   <Placemark>
      <name>410fffffffffffff</name>
      <Point>
         <coordinates>
            47.152653,-8.033995
         </coordinates>
      </Point>
   </Placemark>
   <Placemark>
      <name>8117ffffffffffff</name>
      <Point>
         <coordinates>
            17.391740,-64.531289
         </coordinates>
      </Point>
   </Placemark>
   <Placemark>
      <name>8197ffffffffffff</name>
      <Point>
         <coordinates>
            29.647888,-56.098304
         </coordinates>
      </Point>
   </Placemark>
   <Placemark>
      <name>8c57ffffffffffff</name>
      <Point>
         <coordinates>
            35.074684,-47.197164
         </coordinates>
      </Point>
   </Placemark>
   <Placemark>
      <name>8cd7ffffffffffff</name>
      <Point>
         <coordinates>
            38.711161,-38.361933
         </coordinates>
      </Point>
   </Placemark>
   <Placemark>
      <name>4b57ffffffffffff</name>
      <Point>
         <coordinates>
            41.847116,-29.421327
         </coordinates>
      </Point>
   </Placemark>
   <Placemark>
      <name>4a17ffffffffffff</name>
      <Point>
         <coordinates>
            44.818431,-20.559577
         </coordinates>
      </Point>
   </Placemark>
   <Placemark>
      <name>4a97ffffffffffff</name>
      <Point>
         <coordinates>
            47.526719,-11.554912
         </coordinates>
      </Point>
   </Placemark>
   <Placemark>
      <name>8107ffffffffffff</name>
      <Point>
         <coordinates>
            11.200000,-67.329887
         </coordinates>
      </Point>
   </Placemark>
   <Placemark>
      <name>8187ffffffffffff</name>
      <Point>
         <coordinates>
            28.396378,-60.059042
         </coordinates>
      </Point>
   </Placemark>
   <Placemark>
      <name>8c47ffffffffffff</name>
      <Point>
         <coordinates>
            35.336675,-50.873628
         </coordinates>
      </Point>
   </Placemark>
   <Placemark>
      <name>8cc7ffffffffffff</name>
      <Point>
         <coordinates>
            39.160299,-41.953804
         </coordinates>
      </Point>
   </Placemark>
   <Placemark>
      <name>4b47ffffffffffff</name>
      <Point>
         <coordinates>
            42.160501,-32.958880
         </coordinates>
      </Point>
   </Placemark>
   <Placemark>
      <name>4a07ffffffffffff</name>
      <Point>
         <coordinates>
            45.177222,-24.028653
         </coordinates>
      </Point>
   </Placemark>
   <Placemark>
      <name>4a87ffffffffffff</name>
      <Point>
         <coordinates>
            47.910312,-15.059211
         </coordinates>
      </Point>
   </Placemark>
   <Placemark>
      <name>81afffffffffffff</name>
      <Point>
         <coordinates>
            26.004848,-63.967531
         </coordinates>
      </Point>
   </Placemark>
   <Placemark>
      <name>8c6fffffffffffff</name>
      <Point>
         <coordinates>
            35.196518,-54.765727
         </coordinates>
      </Point>
   </Placemark>
   <Placemark>
      <name>8cefffffffffffff</name>
      <Point>
         <coordinates>
            39.666159,-45.577958
         </coordinates>
      </Point>
   </Placemark>
   <Placemark>
      <name>4b6fffffffffffff</name>
      <Point>
         <coordinates>
            42.683324,-36.547787
         </coordinates>
      </Point>
   </Placemark>
   <Placemark>
      <name>4a2fffffffffffff</name>
      <Point>
         <coordinates>
            45.558320,-27.517972
         </coordinates>
      </Point>
   </Placemark>
   <Placemark>
      <name>4aafffffffffffff</name>
      <Point>
         <coordinates>
            48.298772,-18.520662
         </coordinates>
      </Point>
   </Placemark>
   <Placemark>
      <name>412fffffffffffff</name>
      <Point>
         <coordinates>
            50.668293,-8.920935
         </coordinates>
      </Point>
   </Placemark>
   <Placemark>
      <name>8137ffffffffffff</name>
      <Point>
         <coordinates>
            21.635931,-67.470581
         </coordinates>
      </Point>
   </Placemark>
   <Placemark>
      <name>81b7ffffffffffff</name>
      <Point>
         <coordinates>
            34.678401,-58.751670
         </coordinates>
      </Point>
   </Placemark>
   <Placemark>
      <name>8c77ffffffffffff</name>
      <Point>
         <coordinates>
            40.137829,-49.294823
         </coordinates>
      </Point>
   </Placemark>
   <Placemark>
      <name>8cf7ffffffffffff</name>
      <Point>
         <coordinates>
            43.291781,-40.145956
         </coordinates>
      </Point>
   </Placemark>
   <Placemark>
      <name>4b77ffffffffffff</name>
      <Point>
         <coordinates>
            45.967400,-31.030889
         </coordinates>
      </Point>
   </Placemark>
   <Placemark>
      <name>4a37ffffffffffff</name>
      <Point>
         <coordinates>
            48.713069,-21.989151
         </coordinates>
      </Point>
   </Placemark>
   <Placemark>
      <name>4ab7ffffffffffff</name>
      <Point>
         <coordinates>
            51.124079,-12.510831
         </coordinates>
      </Point>
   </Placemark>
   <Placemark>
      <name>8127ffffffffffff</name>
      <Point>
         <coordinates>
            15.184189,-70.471286
         </coordinates>
      </Point>
   </Placemark>
   <Placemark>
      <name>81a7ffffffffffff</name>
      <Point>
         <coordinates>
            33.524676,-62.767712
         </coordinates>
      </Point>
   </Placemark>
   <Placemark>
      <name>8c67ffffffffffff</name>
      <Point>
         <coordinates>
            40.380525,-53.190532
         </coordinates>
      </Point>
   </Placemark>
   <Placemark>
      <name>8ce7ffffffffffff</name>
      <Point>
         <coordinates>
            43.980302,-43.772633
         </coordinates>
      </Point>
   </Placemark>
   <Placemark>
      <name>4b67ffffffffffff</name>
      <Point>
         <coordinates>
            46.455203,-34.578811
         </coordinates>
      </Point>
   </Placemark>
   <Placemark>
      <name>4a27ffffffffffff</name>
      <Point>
         <coordinates>
            49.159909,-25.470688
         </coordinates>
      </Point>
   </Placemark>
   <Placemark>
      <name>4aa7ffffffffffff</name>
      <Point>
         <coordinates>
            51.586456,-16.070241
         </coordinates>
      </Point>
   </Placemark>
   <Placemark>
      <name>88dfffffffffffff</name>
      <Point>
         <coordinates>
            31.311074,-66.699159
         </coordinates>
      </Point>
   </Placemark>
   <Placemark>
      <name>8d5fffffffffffff</name>
      <Point>
         <coordinates>
            40.452204,-57.168927
         </coordinates>
      </Point>
   </Placemark>
   <Placemark>
      <name>8c1fffffffffffff</name>
      <Point>
         <coordinates>
            44.631312,-47.517252
         </coordinates>
      </Point>
   </Placemark>
   <Placemark>
      <name>8c9fffffffffffff</name>
      <Point>
         <coordinates>
            47.194213,-38.175334
         </coordinates>
      </Point>
   </Placemark>
   <Placemark>
      <name>4b1fffffffffffff</name>
      <Point>
         <coordinates>
            49.646787,-28.969896
         </coordinates>
      </Point>
   </Placemark>
   <Placemark>
      <name>4b9fffffffffffff</name>
      <Point>
         <coordinates>
            52.073137,-19.615837
         </coordinates>
      </Point>
   </Placemark>
   <Placemark>
      <name>485fffffffffffff</name>
      <Point>
         <coordinates>
            54.146783,-9.726936
         </coordinates>
      </Point>
   </Placemark>
   <Placemark>
      <name>88cfffffffffffff</name>
      <Point>
         <coordinates>
            27.059129,-70.274117
         </coordinates>
      </Point>
   </Placemark>
   <Placemark>
      <name>8d4fffffffffffff</name>
      <Point>
         <coordinates>
            40.225891,-61.200689
         </coordinates>
      </Point>
   </Placemark>
   <Placemark>
      <name>8c0fffffffffffff</name>
      <Point>
         <coordinates>
            45.196152,-51.397908
         </coordinates>
      </Point>
   </Placemark>
   <Placemark>
      <name>8c8fffffffffffff</name>
      <Point>
         <coordinates>
            48.032138,-41.794933
         </coordinates>
      </Point>
   </Placemark>
   <Placemark>
      <name>4b0fffffffffffff</name>
      <Point>
         <coordinates>
            50.182789,-32.490826
         </coordinates>
      </Point>
   </Placemark>
   <Placemark>
      <name>4b8fffffffffffff</name>
      <Point>
         <coordinates>
            52.596389,-23.158626
         </coordinates>
      </Point>
   </Placemark>
   <Placemark>
      <name>484fffffffffffff</name>
      <Point>
         <coordinates>
            54.689182,-13.357582
         </coordinates>
      </Point>
   </Placemark>
   <Placemark>
      <name>8857ffffffffffff</name>
      <Point>
         <coordinates>
            20.566004,-73.489092
         </coordinates>
      </Point>
   </Placemark>
   <Placemark>
      <name>88d7ffffffffffff</name>
      <Point>
         <coordinates>
            39.484058,-65.236208
         </coordinates>
      </Point>
   </Placemark>
   <Placemark>
      <name>8d57ffffffffffff</name>
      <Point>
         <coordinates>
            45.733750,-55.346665
         </coordinates>
      </Point>
   </Placemark>
   <Placemark>
      <name>8c17ffffffffffff</name>
      <Point>
         <coordinates>
            48.830411,-45.558547
         </coordinates>
      </Point>
   </Placemark>
   <Placemark>
      <name>8c97ffffffffffff</name>
      <Point>
         <coordinates>
            50.883396,-36.052066
         </coordinates>
      </Point>
   </Placemark>
   <Placemark>
      <name>4b17ffffffffffff</name>
      <Point>
         <coordinates>
            53.167315,-26.706518
         </coordinates>
      </Point>
   </Placemark>
   <Placemark>
      <name>4b97ffffffffffff</name>
      <Point>
         <coordinates>
            55.241171,-16.955071
         </coordinates>
      </Point>
   </Placemark>
   <Placemark>
      <name>8847ffffffffffff</name>
      <Point>
         <coordinates>
            11.200000,-76.308897
         </coordinates>
      </Point>
   </Placemark>
   <Placemark>
      <name>88c7ffffffffffff</name>
      <Point>
         <coordinates>
            37.846373,-69.196875
         </coordinates>
      </Point>
   </Placemark>
   <Placemark>
      <name>8d47ffffffffffff</name>
      <Point>
         <coordinates>
            46.198611,-59.348660
         </coordinates>
      </Point>
   </Placemark>
   <Placemark>
      <name>8c07ffffffffffff</name>
      <Point>
         <coordinates>
            49.655738,-49.411361
         </coordinates>
      </Point>
   </Placemark>
   <Placemark>
      <name>8c87ffffffffffff</name>
      <Point>
         <coordinates>
            51.839589,-39.658006
         </coordinates>
      </Point>
   </Placemark>
   <Placemark>
      <name>4b07ffffffffffff</name>
      <Point>
         <coordinates>
            53.797854,-30.265653
         </coordinates>
      </Point>
   </Placemark>
   <Placemark>
      <name>4b87ffffffffffff</name>
      <Point>
         <coordinates>
            55.824452,-20.533583
         </coordinates>
      </Point>
   </Placemark>
   <Placemark>
      <name>88efffffffffffff</name>
      <Point>
         <coordinates>
            34.145946,-72.872584
         </coordinates>
      </Point>
   </Placemark>
   <Placemark>
      <name>8d6fffffffffffff</name>
      <Point>
         <coordinates>
            46.510513,-63.380360
         </coordinates>
      </Point>
   </Placemark>
   <Placemark>
      <name>8c2fffffffffffff</name>
      <Point>
         <coordinates>
            50.552097,-53.316059
         </coordinates>
      </Point>
   </Placemark>
   <Placemark>
      <name>8cafffffffffffff</name>
      <Point>
         <coordinates>
            52.753557,-43.435088
         </coordinates>
      </Point>
   </Placemark>
   <Placemark>
      <name>4b2fffffffffffff</name>
      <Point>
         <coordinates>
            54.482589,-33.799517
         </coordinates>
      </Point>
   </Placemark>
   <Placemark>
      <name>4bafffffffffffff</name>
      <Point>
         <coordinates>
            56.455327,-24.103606
         </coordinates>
      </Point>
   </Placemark>
   <Placemark>
      <name>486fffffffffffff</name>
      <Point>
         <coordinates>
            58.246530,-14.143305
         </coordinates>
      </Point>
   </Placemark>
   <Placemark>
      <name>8877ffffffffffff</name>
      <Point>
         <coordinates>
            28.166056,-76.319021
         </coordinates>
      </Point>
   </Placemark>
   <Placemark>
      <name>88f7ffffffffffff</name>
      <Point>
         <coordinates>
            46.524051,-67.407177
         </coordinates>
      </Point>
   </Placemark>
   <Placemark>
      <name>8d77ffffffffffff</name>
      <Point>
         <coordinates>
            51.522152,-57.263588
         </coordinates>
      </Point>
   </Placemark>
   <Placemark>
      <name>8c37ffffffffffff</name>
      <Point>
         <coordinates>
            53.782157,-47.251862
         </coordinates>
      </Point>
   </Placemark>
   <Placemark>
      <name>8cb7ffffffffffff</name>
      <Point>
         <coordinates>
            55.388128,-37.408813
         </coordinates>
      </Point>
   </Placemark>
   <Placemark>
      <name>4b37ffffffffffff</name>
      <Point>
         <coordinates>
            57.148884,-27.673115
         </coordinates>
      </Point>
   </Placemark>
   <Placemark>
      <name>4bb7ffffffffffff</name>
      <Point>
         <coordinates>
            58.893031,-17.762256
         </coordinates>
      </Point>
   </Placemark>
   <Placemark>
      <name>8867ffffffffffff</name>
      <Point>
         <coordinates>
            18.404369,-79.452011
         </coordinates>
      </Point>
   </Placemark>
   <Placemark>
      <name>88e7ffffffffffff</name>
      <Point>
         <coordinates>
            45.840635,-71.363957
         </coordinates>
      </Point>
   </Placemark>
   <Placemark>
      <name>8d67ffffffffffff</name>
      <Point>
         <coordinates>
            52.565277,-61.240356
         </coordinates>
      </Point>
   </Placemark>
   <Placemark>
      <name>8c27ffffffffffff</name>
      <Point>
         <coordinates>
            54.946830,-51.103956
         </coordinates>
      </Point>
   </Placemark>
   <Placemark>
      <name>8ca7ffffffffffff</name>
      <Point>
         <coordinates>
            56.422823,-41.161343
         </coordinates>
      </Point>
   </Placemark>
   <Placemark>
      <name>4b27ffffffffffff</name>
      <Point>
         <coordinates>
            57.921343,-31.248374
         </coordinates>
      </Point>
   </Placemark>
   <Placemark>
      <name>4ba7ffffffffffff</name>
      <Point>
         <coordinates>
            59.580976,-21.360338
         </coordinates>
      </Point>
   </Placemark>
   <Placemark>
      <name>881fffffffffffff</name>
      <Point>
         <coordinates>
            43.538581,-75.152054
         </coordinates>
      </Point>
   </Placemark>
   <Placemark>
      <name>889fffffffffffff</name>
      <Point>
         <coordinates>
            53.673621,-65.227547
         </coordinates>
      </Point>
   </Placemark>
   <Placemark>
      <name>8d1fffffffffffff</name>
      <Point>
         <coordinates>
            56.276531,-54.984258
         </coordinates>
      </Point>
   </Placemark>
   <Placemark>
      <name>8d9fffffffffffff</name>
      <Point>
         <coordinates>
            57.604226,-44.937476
         </coordinates>
      </Point>
   </Placemark>
   <Placemark>
      <name>965fffffffffffff</name>
      <Point>
         <coordinates>
            58.727137,-34.906245
         </coordinates>
      </Point>
   </Placemark>
   <Placemark>
      <name>96dfffffffffffff</name>
      <Point>
         <coordinates>
            60.329637,-24.946502
         </coordinates>
      </Point>
   </Placemark>
   <Placemark>
      <name>495fffffffffffff</name>
      <Point>
         <coordinates>
            61.812833,-14.886155
         </coordinates>
      </Point>
   </Placemark>
   <Placemark>
      <name>880fffffffffffff</name>
      <Point>
         <coordinates>
            39.345648,-78.819077
         </coordinates>
      </Point>
   </Placemark>
   <Placemark>
      <name>888fffffffffffff</name>
      <Point>
         <coordinates>
            54.823679,-69.200635
         </coordinates>
      </Point>
   </Placemark>
   <Placemark>
      <name>8d0fffffffffffff</name>
      <Point>
         <coordinates>
            57.811606,-58.882367
         </coordinates>
      </Point>
   </Placemark>
   <Placemark>
      <name>8d8fffffffffffff</name>
      <Point>
         <coordinates>
            58.962759,-48.732848
         </coordinates>
      </Point>
   </Placemark>
   <Placemark>
      <name>964fffffffffffff</name>
      <Point>
         <coordinates>
            59.815374,-38.672307
         </coordinates>
      </Point>
   </Placemark>
   <Placemark>
      <name>96cfffffffffffff</name>
      <Point>
         <coordinates>
            61.157700,-28.527832
         </coordinates>
      </Point>
   </Placemark>
   <Placemark>
      <name>494fffffffffffff</name>
      <Point>
         <coordinates>
            62.556963,-18.512958
         </coordinates>
      </Point>
   </Placemark>
   <Placemark>
      <name>8957ffffffffffff</name>
      <Point>
         <coordinates>
            31.151965,-82.315811
         </coordinates>
      </Point>
   </Placemark>
   <Placemark>
      <name>8817ffffffffffff</name>
      <Point>
         <coordinates>
            55.671744,-73.110416
         </coordinates>
      </Point>
   </Placemark>
   <Placemark>
      <name>8897ffffffffffff</name>
      <Point>
         <coordinates>
            59.610598,-62.783988
         </coordinates>
      </Point>
   </Placemark>
   <Placemark>
      <name>8d17ffffffffffff</name>
      <Point>
         <coordinates>
            60.539892,-52.540651
         </coordinates>
      </Point>
   </Placemark>
   <Placemark>
      <name>8d97ffffffffffff</name>
      <Point>
         <coordinates>
            61.131181,-42.450303
         </coordinates>
      </Point>
   </Placemark>
   <Placemark>
      <name>9657ffffffffffff</name>
      <Point>
         <coordinates>
            61.999108,-32.209275
         </coordinates>
      </Point>
   </Placemark>
   <Placemark>
      <name>96d7ffffffffffff</name>
      <Point>
         <coordinates>
            63.355407,-22.118145
         </coordinates>
      </Point>
   </Placemark>
   <Placemark>
      <name>8947ffffffffffff</name>
      <Point>
         <coordinates>
            11.200000,-85.395391
         </coordinates>
      </Point>
   </Placemark>
   <Placemark>
      <name>8807ffffffffffff</name>
      <Point>
         <coordinates>
            55.879669,-76.934219
         </coordinates>
      </Point>
   </Placemark>
   <Placemark>
      <name>8887ffffffffffff</name>
      <Point>
         <coordinates>
            61.763074,-66.670283
         </coordinates>
      </Point>
   </Placemark>
   <Placemark>
      <name>8d07ffffffffffff</name>
      <Point>
         <coordinates>
            62.393603,-56.351024
         </coordinates>
      </Point>
   </Placemark>
   <Placemark>
      <name>8d87ffffffffffff</name>
      <Point>
         <coordinates>
            62.645619,-46.221082
         </coordinates>
      </Point>
   </Placemark>
   <Placemark>
      <name>9647ffffffffffff</name>
      <Point>
         <coordinates>
            62.919828,-35.942931
         </coordinates>
      </Point>
   </Placemark>
   <Placemark>
      <name>96c7ffffffffffff</name>
      <Point>
         <coordinates>
            64.229810,-25.708916
         </coordinates>
      </Point>
   </Placemark>
   <Placemark>
      <name>882fffffffffffff</name>
      <Point>
         <coordinates>
            55.891377,-80.708578
         </coordinates>
      </Point>
   </Placemark>
   <Placemark>
      <name>88afffffffffffff</name>
      <Point>
         <coordinates>
            64.415852,-70.517052
         </coordinates>
      </Point>
   </Placemark>
   <Placemark>
      <name>8d2fffffffffffff</name>
      <Point>
         <coordinates>
            64.607487,-60.150226
         </coordinates>
      </Point>
   </Placemark>
   <Placemark>
      <name>8dafffffffffffff</name>
      <Point>
         <coordinates>
            64.384847,-49.955899
         </coordinates>
      </Point>
   </Placemark>
   <Placemark>
      <name>966fffffffffffff</name>
      <Point>
         <coordinates>
            64.298751,-39.703443
         </coordinates>
      </Point>
   </Placemark>
   <Placemark>
      <name>96efffffffffffff</name>
      <Point>
         <coordinates>
            65.105601,-29.398832
         </coordinates>
      </Point>
   </Placemark>
   <Placemark>
      <name>496fffffffffffff</name>
      <Point>
         <coordinates>
            66.244699,-19.216720
         </coordinates>
      </Point>
   </Placemark>
   <Placemark>
      <name>8977ffffffffffff</name>
      <Point>
         <coordinates>
            55.770466,-84.444227
         </coordinates>
      </Point>
   </Placemark>
   <Placemark>
      <name>8837ffffffffffff</name>
      <Point>
         <coordinates>
            67.365950,-74.290159
         </coordinates>
      </Point>
   </Placemark>
   <Placemark>
      <name>88b7ffffffffffff</name>
      <Point>
         <coordinates>
            67.306665,-63.919431
         </coordinates>
      </Point>
   </Placemark>
   <Placemark>
      <name>8d37ffffffffffff</name>
      <Point>
         <coordinates>
            66.433534,-53.677581
         </coordinates>
      </Point>
   </Placemark>
   <Placemark>
      <name>8db7ffffffffffff</name>
      <Point>
         <coordinates>
            65.912429,-43.457001
         </coordinates>
      </Point>
   </Placemark>
   <Placemark>
      <name>9677ffffffffffff</name>
      <Point>
         <coordinates>
            66.064962,-33.111638
         </coordinates>
      </Point>
   </Placemark>
   <Placemark>
      <name>96f7ffffffffffff</name>
      <Point>
         <coordinates>
            67.147956,-22.831365
         </coordinates>
      </Point>
   </Placemark>
   <Placemark>
      <name>8967ffffffffffff</name>
      <Point>
         <coordinates>
            55.556299,-88.152603
         </coordinates>
      </Point>
   </Placemark>
   <Placemark>
      <name>8827ffffffffffff</name>
      <Point>
         <coordinates>
            71.227872,-77.980416
         </coordinates>
      </Point>
   </Placemark>
   <Placemark>
      <name>88a7ffffffffffff</name>
      <Point>
         <coordinates>
            70.686965,-67.632759
         </coordinates>
      </Point>
   </Placemark>
   <Placemark>
      <name>8d27ffffffffffff</name>
      <Point>
         <coordinates>
            68.879086,-57.371902
         </coordinates>
      </Point>
   </Placemark>
   <Placemark>
      <name>8da7ffffffffffff</name>
      <Point>
         <coordinates>
            67.795625,-47.184610
         </coordinates>
      </Point>
   </Placemark>
   <Placemark>
      <name>9667ffffffffffff</name>
      <Point>
         <coordinates>
            67.235671,-36.843275
         </coordinates>
      </Point>
   </Placemark>
   <Placemark>
      <name>96e7ffffffffffff</name>
      <Point>
         <coordinates>
            68.071803,-26.492770
         </coordinates>
      </Point>
   </Placemark>
   <Placemark>
      <name>891fffffffffffff</name>
      <Point>
         <coordinates>
            78.072118,-81.546145
         </coordinates>
      </Point>
   </Placemark>
   <Placemark>
      <name>899fffffffffffff</name>
      <Point>
         <coordinates>
            75.071482,-71.253650
         </coordinates>
      </Point>
   </Placemark>
   <Placemark>
      <name>925fffffffffffff</name>
      <Point>
         <coordinates>
            71.846679,-61.019090
         </coordinates>
      </Point>
   </Placemark>
   <Placemark>
      <name>92dfffffffffffff</name>
      <Point>
         <coordinates>
            69.998314,-50.867789
         </coordinates>
      </Point>
   </Placemark>
   <Placemark>
      <name>975fffffffffffff</name>
      <Point>
         <coordinates>
            68.877928,-40.578352
         </coordinates>
      </Point>
   </Placemark>
   <Placemark>
      <name>961fffffffffffff</name>
      <Point>
         <coordinates>
            69.060817,-30.177228
         </coordinates>
      </Point>
   </Placemark>
   <Placemark>
      <name>969fffffffffffff</name>
      <Point>
         <coordinates>
            69.957123,-19.882490
         </coordinates>
      </Point>
   </Placemark>
   <Placemark>
      <name>890fffffffffffff</name>
      <Point>
         <coordinates>
            93.870288,-84.802950
         </coordinates>
      </Point>
   </Placemark>
   <Placemark>
      <name>898fffffffffffff</name>
      <Point>
         <coordinates>
            80.401142,-74.759861
         </coordinates>
      </Point>
   </Placemark>
   <Placemark>
      <name>924fffffffffffff</name>
      <Point>
         <coordinates>
            75.520328,-64.591449
         </coordinates>
      </Point>
   </Placemark>
   <Placemark>
      <name>92cfffffffffffff</name>
      <Point>
         <coordinates>
            72.591486,-54.487617
         </coordinates>
      </Point>
   </Placemark>
   <Placemark>
      <name>974fffffffffffff</name>
      <Point>
         <coordinates>
            70.820506,-44.286092
         </coordinates>
      </Point>
   </Placemark>
   <Placemark>
      <name>960fffffffffffff</name>
      <Point>
         <coordinates>
            70.174625,-33.883345
         </coordinates>
      </Point>
   </Placemark>
   <Placemark>
      <name>968fffffffffffff</name>
      <Point>
         <coordinates>
            70.921945,-23.509600
         </coordinates>
      </Point>
   </Placemark>
   <Placemark>
      <name>b96fffffffffffff</name>
      <Point>
         <coordinates>
            138.643745,-86.741554
         </coordinates>
      </Point>
   </Placemark>
   <Placemark>
      <name>8917ffffffffffff</name>
      <Point>
         <coordinates>
            88.191302,-78.075374
         </coordinates>
      </Point>
   </Placemark>
   <Placemark>
      <name>8997ffffffffffff</name>
      <Point>
         <coordinates>
            80.177496,-68.049321
         </coordinates>
      </Point>
   </Placemark>
   <Placemark>
      <name>9257ffffffffffff</name>
      <Point>
         <coordinates>
            75.675844,-58.023236
         </coordinates>
      </Point>
   </Placemark>
   <Placemark>
      <name>92d7ffffffffffff</name>
      <Point>
         <coordinates>
            73.105986,-47.941492
         </coordinates>
      </Point>
   </Placemark>
   <Placemark>
      <name>9757ffffffffffff</name>
      <Point>
         <coordinates>
            71.618008,-37.597835
         </coordinates>
      </Point>
   </Placemark>
   <Placemark>
      <name>9617ffffffffffff</name>
      <Point>
         <coordinates>
            71.934888,-27.158283
         </coordinates>
      </Point>
   </Placemark>
   <Placemark>
      <name>b947ffffffffffff</name>
      <Point>
         <coordinates>
            -168.800000,-85.395391
         </coordinates>
      </Point>
   </Placemark>
   <Placemark>
      <name>8907ffffffffffff</name>
      <Point>
         <coordinates>
            101.200000,-81.005136
         </coordinates>
      </Point>
   </Placemark>
   <Placemark>
      <name>8987ffffffffffff</name>
      <Point>
         <coordinates>
            86.244287,-71.333926
         </coordinates>
      </Point>
   </Placemark>
   <Placemark>
      <name>9247ffffffffffff</name>
      <Point>
         <coordinates>
            79.394774,-61.449513
         </coordinates>
      </Point>
   </Placemark>
   <Placemark>
      <name>92c7ffffffffffff</name>
      <Point>
         <coordinates>
            75.794091,-51.519881
         </coordinates>
      </Point>
   </Placemark>
   <Placemark>
      <name>9747ffffffffffff</name>
      <Point>
         <coordinates>
            73.549616,-41.289071
         </coordinates>
      </Point>
   </Placemark>
   <Placemark>
      <name>9607ffffffffffff</name>
      <Point>
         <coordinates>
            73.043472,-30.830692
         </coordinates>
      </Point>
   </Placemark>
   <Placemark>
      <name>892fffffffffffff</name>
      <Point>
         <coordinates>
            123.479623,-83.005962
         </coordinates>
      </Point>
   </Placemark>
   <Placemark>
      <name>89afffffffffffff</name>
      <Point>
         <coordinates>
            93.662633,-74.439559
         </coordinates>
      </Point>
   </Placemark>
   <Placemark>
      <name>926fffffffffffff</name>
      <Point>
         <coordinates>
            84.014097,-64.759209
         </coordinates>
      </Point>
   </Placemark>
   <Placemark>
      <name>92efffffffffffff</name>
      <Point>
         <coordinates>
            78.966976,-54.995542
         </coordinates>
      </Point>
   </Placemark>
   <Placemark>
      <name>976fffffffffffff</name>
      <Point>
         <coordinates>
            75.849058,-44.924551
         </coordinates>
      </Point>
   </Placemark>
   <Placemark>
      <name>962fffffffffffff</name>
      <Point>
         <coordinates>
            74.324104,-34.521887
         </coordinates>
      </Point>
   </Placemark>
   <Placemark>
      <name>96afffffffffffff</name>
      <Point>
         <coordinates>
            74.712983,-24.075192
         </coordinates>
      </Point>
   </Placemark>
   <Placemark>
      <name>b94fffffffffffff</name>
      <Point>
         <coordinates>
            154.613073,-83.436768
         </coordinates>
      </Point>
   </Placemark>
   <Placemark>
      <name>8937ffffffffffff</name>
      <Point>
         <coordinates>
            104.206594,-77.138579
         </coordinates>
      </Point>
   </Placemark>
   <Placemark>
      <name>89b7ffffffffffff</name>
      <Point>
         <coordinates>
            89.815561,-67.882141
         </coordinates>
      </Point>
   </Placemark>
   <Placemark>
      <name>9277ffffffffffff</name>
      <Point>
         <coordinates>
            82.736079,-58.339683
         </coordinates>
      </Point>
   </Placemark>
   <Placemark>
      <name>92f7ffffffffffff</name>
      <Point>
         <coordinates>
            78.562163,-48.472052
         </coordinates>
      </Point>
   </Placemark>
   <Placemark>
      <name>9777ffffffffffff</name>
      <Point>
         <coordinates>
            76.063280,-38.201571
         </coordinates>
      </Point>
   </Placemark>
   <Placemark>
      <name>9637ffffffffffff</name>
      <Point>
         <coordinates>
            75.816813,-27.704359
         </coordinates>
      </Point>
   </Placemark>
   <Placemark>
      <name>b95fffffffffffff</name>
      <Point>
         <coordinates>
            -178.278042,-82.022787
         </coordinates>
      </Point>
   </Placemark>
   <Placemark>
      <name>8927ffffffffffff</name>
      <Point>
         <coordinates>
            119.089650,-79.122774
         </coordinates>
      </Point>
   </Placemark>
   <Placemark>
      <name>89a7ffffffffffff</name>
      <Point>
         <coordinates>
            97.075813,-70.757097
         </coordinates>
      </Point>
   </Placemark>
   <Placemark>
      <name>9267ffffffffffff</name>
      <Point>
         <coordinates>
            87.250167,-61.517546
         </coordinates>
      </Point>
   </Placemark>
   <Placemark>
      <name>92e7ffffffffffff</name>
      <Point>
         <coordinates>
            81.751115,-51.900035
         </coordinates>
      </Point>
   </Placemark>
   <Placemark>
      <name>9767ffffffffffff</name>
      <Point>
         <coordinates>
            78.309425,-41.825979
         </coordinates>
      </Point>
   </Placemark>
   <Placemark>
      <name>9627ffffffffffff</name>
      <Point>
         <coordinates>
            77.049001,-31.357732
         </coordinates>
      </Point>
   </Placemark>
   <Placemark>
      <name>b32fffffffffffff</name>
      <Point>
         <coordinates>
            138.519837,-80.162650
         </coordinates>
      </Point>
   </Placemark>
   <Placemark>
      <name>b36fffffffffffff</name>
      <Point>
         <coordinates>
            105.890920,-73.271408
         </coordinates>
      </Point>
   </Placemark>
   <Placemark>
      <name>935fffffffffffff</name>
      <Point>
         <coordinates>
            92.702382,-64.484402
         </coordinates>
      </Point>
   </Placemark>
   <Placemark>
      <name>921fffffffffffff</name>
      <Point>
         <coordinates>
            85.497303,-55.175961
         </coordinates>
      </Point>
   </Placemark>
   <Placemark>
      <name>929fffffffffffff</name>
      <Point>
         <coordinates>
            80.988740,-45.355925
         </coordinates>
      </Point>
   </Placemark>
   <Placemark>
      <name>971fffffffffffff</name>
      <Point>
         <coordinates>
            78.508739,-35.024907
         </coordinates>
      </Point>
   </Placemark>
   <Placemark>
      <name>979fffffffffffff</name>
      <Point>
         <coordinates>
            78.521470,-24.528183
         </coordinates>
      </Point>
   </Placemark>
   <Placemark>
      <name>b327ffffffffffff</name>
      <Point>
         <coordinates>
            159.624687,-79.960574
         </coordinates>
      </Point>
   </Placemark>
   <Placemark>
      <name>b367ffffffffffff</name>
      <Point>
         <coordinates>
            117.143226,-75.220518
         </coordinates>
      </Point>
   </Placemark>
   <Placemark>
      <name>934fffffffffffff</name>
      <Point>
         <coordinates>
            99.329401,-67.180393
         </coordinates>
      </Point>
   </Placemark>
   <Placemark>
      <name>920fffffffffffff</name>
      <Point>
         <coordinates>
            89.903388,-58.264087
         </coordinates>
      </Point>
   </Placemark>
   <Placemark>
      <name>928fffffffffffff</name>
      <Point>
         <coordinates>
            84.142066,-48.751371
         </coordinates>
      </Point>
   </Placemark>
   <Placemark>
      <name>970fffffffffffff</name>
      <Point>
         <coordinates>
            80.568108,-38.648434
         </coordinates>
      </Point>
   </Placemark>
   <Placemark>
      <name>978fffffffffffff</name>
      <Point>
         <coordinates>
            79.714892,-28.130216
         </coordinates>
      </Point>
   </Placemark>
   <Placemark>
      <name>b86fffffffffffff</name>
      <Point>
         <coordinates>
            177.801437,-78.566559
         </coordinates>
      </Point>
   </Placemark>
   <Placemark>
      <name>b30fffffffffffff</name>
      <Point>
         <coordinates>
            130.954112,-76.503857
         </coordinates>
      </Point>
   </Placemark>
   <Placemark>
      <name>b34fffffffffffff</name>
      <Point>
         <coordinates>
            107.144387,-69.444703
         </coordinates>
      </Point>
   </Placemark>
   <Placemark>
      <name>9357ffffffffffff</name>
      <Point>
         <coordinates>
            95.092461,-61.122816
         </coordinates>
      </Point>
   </Placemark>
   <Placemark>
      <name>9217ffffffffffff</name>
      <Point>
         <coordinates>
            87.822231,-51.974562
         </coordinates>
      </Point>
   </Placemark>
   <Placemark>
      <name>9297ffffffffffff</name>
      <Point>
         <coordinates>
            83.152910,-42.176104
         </coordinates>
      </Point>
   </Placemark>
   <Placemark>
      <name>9717ffffffffffff</name>
      <Point>
         <coordinates>
            81.071767,-31.757202
         </coordinates>
      </Point>
   </Placemark>
   <Placemark>
      <name>b847ffffffffffff</name>
      <Point>
         <coordinates>
            -168.800000,-76.308897
         </coordinates>
      </Point>
   </Placemark>
   <Placemark>
      <name>b307ffffffffffff</name>
      <Point>
         <coordinates>
            146.520331,-76.934219
         </coordinates>
      </Point>
   </Placemark>
   <Placemark>
      <name>b347ffffffffffff</name>
      <Point>
         <coordinates>
            116.155713,-71.333926
         </coordinates>
      </Point>
   </Placemark>
   <Placemark>
      <name>9347ffffffffffff</name>
      <Point>
         <coordinates>
            101.200000,-63.701916
         </coordinates>
      </Point>
   </Placemark>
   <Placemark>
      <name>9207ffffffffffff</name>
      <Point>
         <coordinates>
            92.092992,-54.988255
         </coordinates>
      </Point>
   </Placemark>
   <Placemark>
      <name>9287ffffffffffff</name>
      <Point>
         <coordinates>
            86.227134,-45.557286
         </coordinates>
      </Point>
   </Placemark>
   <Placemark>
      <name>9707ffffffffffff</name>
      <Point>
         <coordinates>
            82.724419,-35.389974
         </coordinates>
      </Point>
   </Placemark>
   <Placemark>
      <name>b337ffffffffffff</name>
      <Point>
         <coordinates>
            162.011237,-76.429699
         </coordinates>
      </Point>
   </Placemark>
   <Placemark>
      <name>b377ffffffffffff</name>
      <Point>
         <coordinates>
            126.868221,-72.723357
         </coordinates>
      </Point>
   </Placemark>
   <Placemark>
      <name>936fffffffffffff</name>
      <Point>
         <coordinates>
            108.307578,-65.769690
         </coordinates>
      </Point>
   </Placemark>
   <Placemark>
      <name>922fffffffffffff</name>
      <Point>
         <coordinates>
            97.025088,-57.753825
         </coordinates>
      </Point>
   </Placemark>
   <Placemark>
      <name>92afffffffffffff</name>
      <Point>
         <coordinates>
            89.813681,-48.745127
         </coordinates>
      </Point>
   </Placemark>
   <Placemark>
      <name>972fffffffffffff</name>
      <Point>
         <coordinates>
            85.131165,-38.929826
         </coordinates>
      </Point>
   </Placemark>
   <Placemark>
      <name>97afffffffffffff</name>
      <Point>
         <coordinates>
            83.626655,-28.435538
         </coordinates>
      </Point>
   </Placemark>
   <Placemark>
      <name>b84fffffffffffff</name>
      <Point>
         <coordinates>
            175.635440,-75.071169
         </coordinates>
      </Point>
   </Placemark>
   <Placemark>
      <name>b31fffffffffffff</name>
      <Point>
         <coordinates>
            138.862079,-73.478794
         </coordinates>
      </Point>
   </Placemark>
   <Placemark>
      <name>b35fffffffffffff</name>
      <Point>
         <coordinates>
            116.195287,-67.541957
         </coordinates>
      </Point>
   </Placemark>
   <Placemark>
      <name>9377ffffffffffff</name>
      <Point>
         <coordinates>
            102.685430,-60.185982
         </coordinates>
      </Point>
   </Placemark>
   <Placemark>
      <name>9237ffffffffffff</name>
      <Point>
         <coordinates>
            93.940038,-51.698917
         </coordinates>
      </Point>
   </Placemark>
   <Placemark>
      <name>92b7ffffffffffff</name>
      <Point>
         <coordinates>
            88.076824,-42.319141
         </coordinates>
      </Point>
   </Placemark>
   <Placemark>
      <name>9737ffffffffffff</name>
      <Point>
         <coordinates>
            85.105266,-32.028371
         </coordinates>
      </Point>
   </Placemark>
   <Placemark>
      <name>b85fffffffffffff</name>
      <Point>
         <coordinates>
            -173.352858,-73.032459
         </coordinates>
      </Point>
   </Placemark>
   <Placemark>
      <name>b317ffffffffffff</name>
      <Point>
         <coordinates>
            151.383678,-73.522083
         </coordinates>
      </Point>
   </Placemark>
   <Placemark>
      <name>b357ffffffffffff</name>
      <Point>
         <coordinates>
            124.950565,-68.940794
         </coordinates>
      </Point>
   </Placemark>
   <Placemark>
      <name>9367ffffffffffff</name>
      <Point>
         <coordinates>
            109.081394,-62.165629
         </coordinates>
      </Point>
   </Placemark>
   <Placemark>
      <name>9227ffffffffffff</name>
      <Point>
         <coordinates>
            98.633672,-54.382228
         </coordinates>
      </Point>
   </Placemark>
   <Placemark>
      <name>92a7ffffffffffff</name>
      <Point>
         <coordinates>
            91.546912,-45.492571
         </coordinates>
      </Point>
   </Placemark>
   <Placemark>
      <name>9727ffffffffffff</name>
      <Point>
         <coordinates>
            87.021699,-35.606189
         </coordinates>
      </Point>
   </Placemark>
   <Placemark>
      <name>b3afffffffffffff</name>
      <Point>
         <coordinates>
            163.450745,-72.849257
         </coordinates>
      </Point>
   </Placemark>
   <Placemark>
      <name>b22fffffffffffff</name>
      <Point>
         <coordinates>
            134.580689,-69.841897
         </coordinates>
      </Point>
   </Placemark>
   <Placemark>
      <name>b26fffffffffffff</name>
      <Point>
         <coordinates>
            116.211459,-63.808465
         </coordinates>
      </Point>
   </Placemark>
   <Placemark>
      <name>931fffffffffffff</name>
      <Point>
         <coordinates>
            103.908815,-56.675737
         </coordinates>
      </Point>
   </Placemark>
   <Placemark>
      <name>939fffffffffffff</name>
      <Point>
         <coordinates>
            95.528232,-48.401087
         </coordinates>
      </Point>
   </Placemark>
   <Placemark>
      <name>905fffffffffffff</name>
      <Point>
         <coordinates>
            89.756445,-39.030340
         </coordinates>
      </Point>
   </Placemark>
   <Placemark>
      <name>90dfffffffffffff</name>
      <Point>
         <coordinates>
            87.551262,-28.620850
         </coordinates>
      </Point>
   </Placemark>
   <Placemark>
      <name>b3a7ffffffffffff</name>
      <Point>
         <coordinates>
            174.279760,-71.529414
         </coordinates>
      </Point>
   </Placemark>
   <Placemark>
      <name>b227ffffffffffff</name>
      <Point>
         <coordinates>
            144.728037,-70.190603
         </coordinates>
      </Point>
   </Placemark>
   <Placemark>
      <name>b267ffffffffffff</name>
      <Point>
         <coordinates>
            123.826622,-65.182950
         </coordinates>
      </Point>
   </Placemark>
   <Placemark>
      <name>930fffffffffffff</name>
      <Point>
         <coordinates>
            109.735925,-58.574444
         </coordinates>
      </Point>
   </Placemark>
   <Placemark>
      <name>938fffffffffffff</name>
      <Point>
         <coordinates>
            100.005545,-51.008941
         </coordinates>
      </Point>
   </Placemark>
   <Placemark>
      <name>904fffffffffffff</name>
      <Point>
         <coordinates>
            93.079155,-42.217523
         </coordinates>
      </Point>
   </Placemark>
   <Placemark>
      <name>90cfffffffffffff</name>
      <Point>
         <coordinates>
            89.142364,-32.170974
         </coordinates>
      </Point>
   </Placemark>
   <Placemark>
      <name>b12fffffffffffff</name>
      <Point>
         <coordinates>
            -176.473140,-69.663174
         </coordinates>
      </Point>
   </Placemark>
   <Placemark>
      <name>b38fffffffffffff</name>
      <Point>
         <coordinates>
            154.887798,-69.967759
         </coordinates>
      </Point>
   </Placemark>
   <Placemark>
      <name>b20fffffffffffff</name>
      <Point>
         <coordinates>
            132.017884,-66.158871
         </coordinates>
      </Point>
   </Placemark>
   <Placemark>
      <name>b24fffffffffffff</name>
      <Point>
         <coordinates>
            116.107049,-60.170256
         </coordinates>
      </Point>
   </Placemark>
   <Placemark>
      <name>9317ffffffffffff</name>
      <Point>
         <coordinates>
            104.947046,-53.166896
         </coordinates>
      </Point>
   </Placemark>
   <Placemark>
      <name>9397ffffffffffff</name>
      <Point>
         <coordinates>
            96.917069,-45.097387
         </coordinates>
      </Point>
   </Placemark>
   <Placemark>
      <name>9057ffffffffffff</name>
      <Point>
         <coordinates>
            91.352607,-35.670890
         </coordinates>
      </Point>
   </Placemark>
   <Placemark>
      <name>b107ffffffffffff</name>
      <Point>
         <coordinates>
            -168.800000,-67.329887
         </coordinates>
      </Point>
   </Placemark>
   <Placemark>
      <name>b387ffffffffffff</name>
      <Point>
         <coordinates>
            164.553627,-69.196875
         </coordinates>
      </Point>
   </Placemark>
   <Placemark>
      <name>b207ffffffffffff</name>
      <Point>
         <coordinates>
            140.636926,-66.670283
         </coordinates>
      </Point>
   </Placemark>
   <Placemark>
      <name>b247ffffffffffff</name>
      <Point>
         <coordinates>
            123.005226,-61.449513
         </coordinates>
      </Point>
   </Placemark>
   <Placemark>
      <name>9307ffffffffffff</name>
      <Point>
         <coordinates>
            110.307008,-54.988255
         </coordinates>
      </Point>
   </Placemark>
   <Placemark>
      <name>9387ffffffffffff</name>
      <Point>
         <coordinates>
            101.200000,-47.631468
         </coordinates>
      </Point>
   </Placemark>
   <Placemark>
      <name>9047ffffffffffff</name>
      <Point>
         <coordinates>
            94.458251,-38.914503
         </coordinates>
      </Point>
   </Placemark>
   <Placemark>
      <name>b3b7ffffffffffff</name>
      <Point>
         <coordinates>
            173.454863,-67.907530
         </coordinates>
      </Point>
   </Placemark>
   <Placemark>
      <name>b237ffffffffffff</name>
      <Point>
         <coordinates>
            149.387669,-66.697508
         </coordinates>
      </Point>
   </Placemark>
   <Placemark>
      <name>b277ffffffffffff</name>
      <Point>
         <coordinates>
            130.191744,-62.475991
         </coordinates>
      </Point>
   </Placemark>
   <Placemark>
      <name>932fffffffffffff</name>
      <Point>
         <coordinates>
            116.077514,-56.536780
         </coordinates>
      </Point>
   </Placemark>
   <Placemark>
      <name>93afffffffffffff</name>
      <Point>
         <coordinates>
            105.848597,-49.652205
         </coordinates>
      </Point>
   </Placemark>
   <Placemark>
      <name>906fffffffffffff</name>
      <Point>
         <coordinates>
            98.149919,-41.788909
         </coordinates>
      </Point>
   </Placemark>
   <Placemark>
      <name>90efffffffffffff</name>
      <Point>
         <coordinates>
            93.175557,-32.185249
         </coordinates>
      </Point>
   </Placemark>
   <Placemark>
      <name>b10fffffffffffff</name>
      <Point>
         <coordinates>
            -178.686011,-66.184328
         </coordinates>
      </Point>
   </Placemark>
   <Placemark>
      <name>b39fffffffffffff</name>
      <Point>
         <coordinates>
            157.943157,-66.247459
         </coordinates>
      </Point>
   </Placemark>
   <Placemark>
      <name>b21fffffffffffff</name>
      <Point>
         <coordinates>
            137.731330,-63.097288
         </coordinates>
      </Point>
   </Placemark>
   <Placemark>
      <name>b25fffffffffffff</name>
      <Point>
         <coordinates>
            122.248734,-57.809306
         </coordinates>
      </Point>
   </Placemark>
   <Placemark>
      <name>9337ffffffffffff</name>
      <Point>
         <coordinates>
            110.814602,-51.397290
         </coordinates>
      </Point>
   </Placemark>
   <Placemark>
      <name>93b7ffffffffffff</name>
      <Point>
         <coordinates>
            102.257387,-44.199941
         </coordinates>
      </Point>
   </Placemark>
   <Placemark>
      <name>9077ffffffffffff</name>
      <Point>
         <coordinates>
            95.741141,-35.562565
         </coordinates>
      </Point>
   </Placemark>
   <Placemark>
      <name>b11fffffffffffff</name>
      <Point>
         <coordinates>
            -171.854989,-64.073164
         </coordinates>
      </Point>
   </Placemark>
   <Placemark>
      <name>b397ffffffffffff</name>
      <Point>
         <coordinates>
            166.019418,-65.352637
         </coordinates>
      </Point>
   </Placemark>
   <Placemark>
      <name>b217ffffffffffff</name>
      <Point>
         <coordinates>
            145.438337,-63.295125
         </coordinates>
      </Point>
   </Placemark>
   <Placemark>
      <name>b257ffffffffffff</name>
      <Point>
         <coordinates>
            128.771767,-58.803870
         </coordinates>
      </Point>
   </Placemark>
   <Placemark>
      <name>9327ffffffffffff</name>
      <Point>
         <coordinates>
            116.094282,-52.898433
         </coordinates>
      </Point>
   </Placemark>
   <Placemark>
      <name>93a7ffffffffffff</name>
      <Point>
         <coordinates>
            106.643329,-46.120224
         </coordinates>
      </Point>
   </Placemark>
   <Placemark>
      <name>9067ffffffffffff</name>
      <Point>
         <coordinates>
            99.259146,-38.475733
         </coordinates>
      </Point>
   </Placemark>
   <Placemark>
      <name>b06fffffffffffff</name>
      <Point>
         <coordinates>
            173.427423,-64.063399
         </coordinates>
      </Point>
   </Placemark>
   <Placemark>
      <name>b2afffffffffffff</name>
      <Point>
         <coordinates>
            153.098473,-63.067900
         </coordinates>
      </Point>
   </Placemark>
   <Placemark>
      <name>b2efffffffffffff</name>
      <Point>
         <coordinates>
            135.512665,-59.508996
         </coordinates>
      </Point>
   </Placemark>
   <Placemark>
      <name>994fffffffffffff</name>
      <Point>
         <coordinates>
            121.685179,-54.158823
         </coordinates>
      </Point>
   </Placemark>
   <Placemark>
      <name>984fffffffffffff</name>
      <Point>
         <coordinates>
            111.267351,-47.788785
         </coordinates>
      </Point>
   </Placemark>
   <Placemark>
      <name>910fffffffffffff</name>
      <Point>
         <coordinates>
            103.204679,-40.743282
         </coordinates>
      </Point>
   </Placemark>
   <Placemark>
      <name>901fffffffffffff</name>
      <Point>
         <coordinates>
            97.197243,-32.071955
         </coordinates>
      </Point>
   </Placemark>
   <Placemark>
      <name>b067ffffffffffff</name>
      <Point>
         <coordinates>
            -179.916128,-62.437643
         </coordinates>
      </Point>
   </Placemark>
   <Placemark>
      <name>b2a7ffffffffffff</name>
      <Point>
         <coordinates>
            160.507086,-62.431467
         </coordinates>
      </Point>
   </Placemark>
   <Placemark>
      <name>b2e7ffffffffffff</name>
      <Point>
         <coordinates>
            142.427140,-59.836207
         </coordinates>
      </Point>
   </Placemark>
   <Placemark>
      <name>996fffffffffffff</name>
      <Point>
         <coordinates>
            127.573116,-55.168714
         </coordinates>
      </Point>
   </Placemark>
   <Placemark>
      <name>986fffffffffffff</name>
      <Point>
         <coordinates>
            116.134222,-49.243507
         </coordinates>
      </Point>
   </Placemark>
   <Placemark>
      <name>912fffffffffffff</name>
      <Point>
         <coordinates>
            107.344878,-42.552145
         </coordinates>
      </Point>
   </Placemark>
   <Placemark>
      <name>900fffffffffffff</name>
      <Point>
         <coordinates>
            100.269433,-35.157247
         </coordinates>
      </Point>
   </Placemark>
   <Placemark>
      <name>b00fffffffffffff</name>
      <Point>
         <coordinates>
            -174.009908,-60.532104
         </coordinates>
      </Point>
   </Placemark>
   <Placemark>
      <name>b04fffffffffffff</name>
      <Point>
         <coordinates>
            167.505195,-61.415857
         </coordinates>
      </Point>
   </Placemark>
   <Placemark>
      <name>b28fffffffffffff</name>
      <Point>
         <coordinates>
            149.371396,-59.780400
         </coordinates>
      </Point>
   </Placemark>
   <Placemark>
      <name>b2cfffffffffffff</name>
      <Point>
         <coordinates>
            133.711896,-55.917789
         </coordinates>
      </Point>
   </Placemark>
   <Placemark>
      <name>995fffffffffffff</name>
      <Point>
         <coordinates>
            121.248621,-50.489747
         </coordinates>
      </Point>
   </Placemark>
   <Placemark>
      <name>985fffffffffffff</name>
      <Point>
         <coordinates>
            111.662021,-44.145082
         </coordinates>
      </Point>
   </Placemark>
   <Placemark>
      <name>911fffffffffffff</name>
      <Point>
         <coordinates>
            104.050694,-37.226828
         </coordinates>
      </Point>
   </Placemark>
   <Placemark>
      <name>9007ffffffffffff</name>
      <Point>
         <coordinates>
            101.200000,-31.832359
         </coordinates>
      </Point>
   </Placemark>
   <Placemark>
      <name>9087ffffffffffff</name>
      <Point>
         <coordinates>
            101.200000,-22.853201
         </coordinates>
      </Point>
   </Placemark>
   <Placemark>
      <name>9507ffffffffffff</name>
      <Point>
         <coordinates>
            101.200000,-13.809588
         </coordinates>
      </Point>
   </Placemark>
   <Placemark>
      <name>9587ffffffffffff</name>
      <Point>
         <coordinates>
            101.200000,-4.645856
         </coordinates>
      </Point>
   </Placemark>
   <Placemark>
      <name>5a47ffffffffffff</name>
      <Point>
         <coordinates>
            101.200000,4.645856
         </coordinates>
      </Point>
   </Placemark>
   <Placemark>
      <name>5ac7ffffffffffff</name>
      <Point>
         <coordinates>
            101.200000,13.809588
         </coordinates>
      </Point>
   </Placemark>
   <Placemark>
      <name>5147ffffffffffff</name>
      <Point>
         <coordinates>
            101.200000,22.853201
         </coordinates>
      </Point>
   </Placemark>
   <Placemark>
      <name>90afffffffffffff</name>
      <Point>
         <coordinates>
            102.690813,-26.089323
         </coordinates>
      </Point>
   </Placemark>
   <Placemark>
      <name>952fffffffffffff</name>
      <Point>
         <coordinates>
            102.593619,-17.055711
         </coordinates>
      </Point>
   </Placemark>
   <Placemark>
      <name>95afffffffffffff</name>
      <Point>
         <coordinates>
            102.527854,-7.937489
         </coordinates>
      </Point>
   </Placemark>
   <Placemark>
      <name>5a6fffffffffffff</name>
      <Point>
         <coordinates>
            102.497572,1.332664
         </coordinates>
      </Point>
   </Placemark>
   <Placemark>
      <name>5aefffffffffffff</name>
      <Point>
         <coordinates>
            102.543718,10.555784
         </coordinates>
      </Point>
   </Placemark>
   <Placemark>
      <name>516fffffffffffff</name>
      <Point>
         <coordinates>
            102.618031,19.641460
         </coordinates>
      </Point>
   </Placemark>
   <Placemark>
      <name>502fffffffffffff</name>
      <Point>
         <coordinates>
            102.720674,28.680371
         </coordinates>
      </Point>
   </Placemark>
   <Placemark>
      <name>9037ffffffffffff</name>
      <Point>
         <coordinates>
            104.150299,-29.553633
         </coordinates>
      </Point>
   </Placemark>
   <Placemark>
      <name>90b7ffffffffffff</name>
      <Point>
         <coordinates>
            104.045876,-20.313095
         </coordinates>
      </Point>
   </Placemark>
   <Placemark>
      <name>9537ffffffffffff</name>
      <Point>
         <coordinates>
            103.895192,-11.215617
         </coordinates>
      </Point>
   </Placemark>
   <Placemark>
      <name>95b7ffffffffffff</name>
      <Point>
         <coordinates>
            103.799673,-1.998189
         </coordinates>
      </Point>
   </Placemark>
   <Placemark>
      <name>5a77ffffffffffff</name>
      <Point>
         <coordinates>
            103.847877,7.284639
         </coordinates>
      </Point>
   </Placemark>
   <Placemark>
      <name>5af7ffffffffffff</name>
      <Point>
         <coordinates>
            103.974161,16.423119
         </coordinates>
      </Point>
   </Placemark>
   <Placemark>
      <name>5177ffffffffffff</name>
      <Point>
         <coordinates>
            104.154011,25.508253
         </coordinates>
      </Point>
   </Placemark>
   <Placemark>
      <name>9027ffffffffffff</name>
      <Point>
         <coordinates>
            104.703677,-33.539500
         </coordinates>
      </Point>
   </Placemark>
   <Placemark>
      <name>90a7ffffffffffff</name>
      <Point>
         <coordinates>
            105.552952,-23.628031
         </coordinates>
      </Point>
   </Placemark>
   <Placemark>
      <name>9527ffffffffffff</name>
      <Point>
         <coordinates>
            105.310273,-14.492898
         </coordinates>
      </Point>
   </Placemark>
   <Placemark>
      <name>95a7ffffffffffff</name>
      <Point>
         <coordinates>
            105.140566,-5.312859
         </coordinates>
      </Point>
   </Placemark>
   <Placemark>
      <name>5a67ffffffffffff</name>
      <Point>
         <coordinates>
            105.122639,3.990190
         </coordinates>
      </Point>
   </Placemark>
   <Placemark>
      <name>5ae7ffffffffffff</name>
      <Point>
         <coordinates>
            105.281168,13.187996
         </coordinates>
      </Point>
   </Placemark>
   <Placemark>
      <name>5167ffffffffffff</name>
      <Point>
         <coordinates>
            105.516222,22.316011
         </coordinates>
      </Point>
   </Placemark>
   <Placemark>
      <name>919fffffffffffff</name>
      <Point>
         <coordinates>
            106.972013,-27.209798
         </coordinates>
      </Point>
   </Placemark>
   <Placemark>
      <name>9c5fffffffffffff</name>
      <Point>
         <coordinates>
            106.777296,-17.792145
         </coordinates>
      </Point>
   </Placemark>
   <Placemark>
      <name>9cdfffffffffffff</name>
      <Point>
         <coordinates>
            106.519794,-8.616384
         </coordinates>
      </Point>
   </Placemark>
   <Placemark>
      <name>5b5fffffffffffff</name>
      <Point>
         <coordinates>
            106.377816,0.668073
         </coordinates>
      </Point>
   </Placemark>
   <Placemark>
      <name>5a1fffffffffffff</name>
      <Point>
         <coordinates>
            106.550552,9.931151
         </coordinates>
      </Point>
   </Placemark>
   <Placemark>
      <name>5a9fffffffffffff</name>
      <Point>
         <coordinates>
            106.821228,19.103177
         </coordinates>
      </Point>
   </Placemark>
   <Placemark>
      <name>511fffffffffffff</name>
      <Point>
         <coordinates>
            106.920878,28.652889
         </coordinates>
      </Point>
   </Placemark>
   <Placemark>
      <name>918fffffffffffff</name>
      <Point>
         <coordinates>
            108.038577,-31.157002
         </coordinates>
      </Point>
   </Placemark>
   <Placemark>
      <name>9c4fffffffffffff</name>
      <Point>
         <coordinates>
            108.283730,-21.161089
         </coordinates>
      </Point>
   </Placemark>
   <Placemark>
      <name>9ccfffffffffffff</name>
      <Point>
         <coordinates>
            107.943621,-11.922936
         </coordinates>
      </Point>
   </Placemark>
   <Placemark>
      <name>5b4fffffffffffff</name>
      <Point>
         <coordinates>
            107.705319,-2.669609
         </coordinates>
      </Point>
   </Placemark>
   <Placemark>
      <name>5a0fffffffffffff</name>
      <Point>
         <coordinates>
            107.792763,6.649319
         </coordinates>
      </Point>
   </Placemark>
   <Placemark>
      <name>5a8fffffffffffff</name>
      <Point>
         <coordinates>
            108.081218,15.868893
         </coordinates>
      </Point>
   </Placemark>
   <Placemark>
      <name>510fffffffffffff</name>
      <Point>
         <coordinates>
            108.345804,25.303236
         </coordinates>
      </Point>
   </Placemark>
   <Placemark>
      <name>9117ffffffffffff</name>
      <Point>
         <coordinates>
            108.346571,-35.145096
         </coordinates>
      </Point>
   </Placemark>
   <Placemark>
      <name>9197ffffffffffff</name>
      <Point>
         <coordinates>
            109.681651,-24.806767
         </coordinates>
      </Point>
   </Placemark>
   <Placemark>
      <name>9c57ffffffffffff</name>
      <Point>
         <coordinates>
            109.413037,-15.256262
         </coordinates>
      </Point>
   </Placemark>
   <Placemark>
      <name>9cd7ffffffffffff</name>
      <Point>
         <coordinates>
            109.086347,-5.998038
         </coordinates>
      </Point>
   </Placemark>
   <Placemark>
      <name>5b57ffffffffffff</name>
      <Point>
         <coordinates>
            109.017599,3.339793
         </coordinates>
      </Point>
   </Placemark>
   <Placemark>
      <name>5a17ffffffffffff</name>
      <Point>
         <coordinates>
            109.307108,12.611970
         </coordinates>
      </Point>
   </Placemark>
   <Placemark>
      <name>5a97ffffffffffff</name>
      <Point>
         <coordinates>
            109.660817,21.980146
         </coordinates>
      </Point>
   </Placemark>
   <Placemark>
      <name>9107ffffffffffff</name>
      <Point>
         <coordinates>
            107.941749,-38.914503
         </coordinates>
      </Point>
   </Placemark>
   <Placemark>
      <name>9187ffffffffffff</name>
      <Point>
         <coordinates>
            110.906533,-28.688886
         </coordinates>
      </Point>
   </Placemark>
   <Placemark>
      <name>9c47ffffffffffff</name>
      <Point>
         <coordinates>
            110.912360,-18.660837
         </coordinates>
      </Point>
   </Placemark>
   <Placemark>
      <name>9cc7ffffffffffff</name>
      <Point>
         <coordinates>
            110.508911,-9.330930
         </coordinates>
      </Point>
   </Placemark>
   <Placemark>
      <name>5b47ffffffffffff</name>
      <Point>
         <coordinates>
            110.234560,0.000000
         </coordinates>
      </Point>
   </Placemark>
   <Placemark>
      <name>5a07ffffffffffff</name>
      <Point>
         <coordinates>
            110.508911,9.330930
         </coordinates>
      </Point>
   </Placemark>
   <Placemark>
      <name>5a87ffffffffffff</name>
      <Point>
         <coordinates>
            110.912360,18.660837
         </coordinates>
      </Point>
   </Placemark>
   <Placemark>
      <name>91afffffffffffff</name>
      <Point>
         <coordinates>
            111.838044,-32.694064
         </coordinates>
      </Point>
   </Placemark>
   <Placemark>
      <name>9c6fffffffffffff</name>
      <Point>
         <coordinates>
            112.294815,-22.349469
         </coordinates>
      </Point>
   </Placemark>
   <Placemark>
      <name>9cefffffffffffff</name>
      <Point>
         <coordinates>
            111.972092,-12.691533
         </coordinates>
      </Point>
   </Placemark>
   <Placemark>
      <name>5b6fffffffffffff</name>
      <Point>
         <coordinates>
            111.608470,-3.352490
         </coordinates>
      </Point>
   </Placemark>
   <Placemark>
      <name>5a2fffffffffffff</name>
      <Point>
         <coordinates>
            111.696073,6.024036
         </coordinates>
      </Point>
   </Placemark>
   <Placemark>
      <name>5aafffffffffffff</name>
      <Point>
         <coordinates>
            112.099207,15.371086
         </coordinates>
      </Point>
   </Placemark>
   <Placemark>
      <name>512fffffffffffff</name>
      <Point>
         <coordinates>
            112.309627,25.236844
         </coordinates>
      </Point>
   </Placemark>
   <Placemark>
      <name>9137ffffffffffff</name>
      <Point>
         <coordinates>
            112.136727,-36.639621
         </coordinates>
      </Point>
   </Placemark>
   <Placemark>
      <name>91b7ffffffffffff</name>
      <Point>
         <coordinates>
            113.604256,-26.181684
         </coordinates>
      </Point>
   </Placemark>
   <Placemark>
      <name>9c77ffffffffffff</name>
      <Point>
         <coordinates>
            113.437015,-16.156807
         </coordinates>
      </Point>
   </Placemark>
   <Placemark>
      <name>9cf7ffffffffffff</name>
      <Point>
         <coordinates>
            113.021399,-6.709064
         </coordinates>
      </Point>
   </Placemark>
   <Placemark>
      <name>5b77ffffffffffff</name>
      <Point>
         <coordinates>
            112.877771,2.689306
         </coordinates>
      </Point>
   </Placemark>
   <Placemark>
      <name>5a37ffffffffffff</name>
      <Point>
         <coordinates>
            113.260529,12.067563
         </coordinates>
      </Point>
   </Placemark>
   <Placemark>
      <name>5ab7ffffffffffff</name>
      <Point>
         <coordinates>
            113.583584,21.818300
         </coordinates>
      </Point>
   </Placemark>
   <Placemark>
      <name>9127ffffffffffff</name>
      <Point>
         <coordinates>
            111.975488,-40.440674
         </coordinates>
      </Point>
   </Placemark>
   <Placemark>
      <name>91a7ffffffffffff</name>
      <Point>
         <coordinates>
            114.773754,-30.123124
         </coordinates>
      </Point>
   </Placemark>
   <Placemark>
      <name>9c67ffffffffffff</name>
      <Point>
         <coordinates>
            114.826263,-19.841983
         </coordinates>
      </Point>
   </Placemark>
   <Placemark>
      <name>9ce7ffffffffffff</name>
      <Point>
         <coordinates>
            114.471417,-10.091849
         </coordinates>
      </Point>
   </Placemark>
   <Placemark>
      <name>5b67ffffffffffff</name>
      <Point>
         <coordinates>
            114.100015,-0.674825
         </coordinates>
      </Point>
   </Placemark>
   <Placemark>
      <name>5a27ffffffffffff</name>
      <Point>
         <coordinates>
            114.407640,8.745753
         </coordinates>
      </Point>
   </Placemark>
   <Placemark>
      <name>5aa7ffffffffffff</name>
      <Point>
         <coordinates>
            114.786507,18.416363
         </coordinates>
      </Point>
   </Placemark>
   <Placemark>
      <name>98dfffffffffffff</name>
      <Point>
         <coordinates>
            115.702880,-34.108087
         </coordinates>
      </Point>
   </Placemark>
   <Placemark>
      <name>9d5fffffffffffff</name>
      <Point>
         <coordinates>
            116.186082,-23.633429
         </coordinates>
      </Point>
   </Placemark>
   <Placemark>
      <name>9c1fffffffffffff</name>
      <Point>
         <coordinates>
            115.899502,-13.610401
         </coordinates>
      </Point>
   </Placemark>
   <Placemark>
      <name>9c9fffffffffffff</name>
      <Point>
         <coordinates>
            115.495776,-4.053053
         </coordinates>
      </Point>
   </Placemark>
   <Placemark>
      <name>5b1fffffffffffff</name>
      <Point>
         <coordinates>
            115.550446,5.402237
         </coordinates>
      </Point>
   </Placemark>
   <Placemark>
      <name>5b9fffffffffffff</name>
      <Point>
         <coordinates>
            115.948112,15.018914
         </coordinates>
      </Point>
   </Placemark>
   <Placemark>
      <name>585fffffffffffff</name>
      <Point>
         <coordinates>
            116.199135,25.102729
         </coordinates>
      </Point>
   </Placemark>
   <Placemark>
      <name>98cfffffffffffff</name>
      <Point>
         <coordinates>
            116.080272,-38.012700
         </coordinates>
      </Point>
   </Placemark>
   <Placemark>
      <name>9d4fffffffffffff</name>
      <Point>
         <coordinates>
            117.483956,-27.512871
         </coordinates>
      </Point>
   </Placemark>
   <Placemark>
      <name>9c0fffffffffffff</name>
      <Point>
         <coordinates>
            117.290011,-17.287660
         </coordinates>
      </Point>
   </Placemark>
   <Placemark>
      <name>9c8fffffffffffff</name>
      <Point>
         <coordinates>
            116.926370,-7.454471
         </coordinates>
      </Point>
   </Placemark>
   <Placemark>
      <name>5b0fffffffffffff</name>
      <Point>
         <coordinates>
            116.698353,2.034005
         </coordinates>
      </Point>
   </Placemark>
   <Placemark>
      <name>5b8fffffffffffff</name>
      <Point>
         <coordinates>
            117.087189,11.617434
         </coordinates>
      </Point>
   </Placemark>
   <Placemark>
      <name>584fffffffffffff</name>
      <Point>
         <coordinates>
            117.424595,21.615100
         </coordinates>
      </Point>
   </Placemark>
   <Placemark>
      <name>9857ffffffffffff</name>
      <Point>
         <coordinates>
            116.175617,-41.821091
         </coordinates>
      </Point>
   </Placemark>
   <Placemark>
      <name>98d7ffffffffffff</name>
      <Point>
         <coordinates>
            118.670822,-31.448158
         </coordinates>
      </Point>
   </Placemark>
   <Placemark>
      <name>9d57ffffffffffff</name>
      <Point>
         <coordinates>
            118.678819,-21.044393
         </coordinates>
      </Point>
   </Placemark>
   <Placemark>
      <name>9c17ffffffffffff</name>
      <Point>
         <coordinates>
            118.314379,-11.021532
         </coordinates>
      </Point>
   </Placemark>
   <Placemark>
      <name>9c97ffffffffffff</name>
      <Point>
         <coordinates>
            117.946320,-1.360472
         </coordinates>
      </Point>
   </Placemark>
   <Placemark>
      <name>5b17ffffffffffff</name>
      <Point>
         <coordinates>
            118.217695,8.205564
         </coordinates>
      </Point>
   </Placemark>
   <Placemark>
      <name>5b97ffffffffffff</name>
      <Point>
         <coordinates>
            118.580857,18.147295
         </coordinates>
      </Point>
   </Placemark>
   <Placemark>
      <name>9847ffffffffffff</name>
      <Point>
         <coordinates>
            116.172866,-45.557286
         </coordinates>
      </Point>
   </Placemark>
   <Placemark>
      <name>98c7ffffffffffff</name>
      <Point>
         <coordinates>
            119.675581,-35.389974
         </coordinates>
      </Point>
   </Placemark>
   <Placemark>
      <name>9d47ffffffffffff</name>
      <Point>
         <coordinates>
            120.050923,-24.869612
         </coordinates>
      </Point>
   </Placemark>
   <Placemark>
      <name>9c07ffffffffffff</name>
      <Point>
         <coordinates>
            119.699473,-14.689229
         </coordinates>
      </Point>
   </Placemark>
   <Placemark>
      <name>9c87ffffffffffff</name>
      <Point>
         <coordinates>
            119.351345,-4.778206
         </coordinates>
      </Point>
   </Placemark>
   <Placemark>
      <name>5b07ffffffffffff</name>
      <Point>
         <coordinates>
            119.351345,4.778206
         </coordinates>
      </Point>
   </Placemark>
   <Placemark>
      <name>5b87ffffffffffff</name>
      <Point>
         <coordinates>
            119.699473,14.689229
         </coordinates>
      </Point>
   </Placemark>
   <Placemark>
      <name>98efffffffffffff</name>
      <Point>
         <coordinates>
            120.180790,-39.253198
         </coordinates>
      </Point>
   </Placemark>
   <Placemark>
      <name>9d6fffffffffffff</name>
      <Point>
         <coordinates>
            121.382946,-28.745219
         </coordinates>
      </Point>
   </Placemark>
   <Placemark>
      <name>9c2fffffffffffff</name>
      <Point>
         <coordinates>
            121.101650,-18.415832
         </coordinates>
      </Point>
   </Placemark>
   <Placemark>
      <name>9cafffffffffffff</name>
      <Point>
         <coordinates>
            120.695020,-8.390949
         </coordinates>
      </Point>
   </Placemark>
   <Placemark>
      <name>5b2fffffffffffff</name>
      <Point>
         <coordinates>
            120.476523,1.369727
         </coordinates>
      </Point>
   </Placemark>
   <Placemark>
      <name>5bafffffffffffff</name>
      <Point>
         <coordinates>
            120.801070,11.232615
         </coordinates>
      </Point>
   </Placemark>
   <Placemark>
      <name>586fffffffffffff</name>
      <Point>
         <coordinates>
            121.218254,21.330910
         </coordinates>
      </Point>
   </Placemark>
   <Placemark>
      <name>9877ffffffffffff</name>
      <Point>
         <coordinates>
            120.552110,-43.050511
         </coordinates>
      </Point>
   </Placemark>
   <Placemark>
      <name>98f7ffffffffffff</name>
      <Point>
         <coordinates>
            122.639975,-32.644611
         </coordinates>
      </Point>
   </Placemark>
   <Placemark>
      <name>9d77ffffffffffff</name>
      <Point>
         <coordinates>
            122.515554,-22.194105
         </coordinates>
      </Point>
   </Placemark>
   <Placemark>
      <name>9c37ffffffffffff</name>
      <Point>
         <coordinates>
            122.067628,-12.048894
         </coordinates>
      </Point>
   </Placemark>
   <Placemark>
      <name>9cb7ffffffffffff</name>
      <Point>
         <coordinates>
            121.738080,-2.101438
         </coordinates>
      </Point>
   </Placemark>
   <Placemark>
      <name>5b37ffffffffffff</name>
      <Point>
         <coordinates>
            121.900970,7.770679
         </coordinates>
      </Point>
   </Placemark>
   <Placemark>
      <name>5bb7ffffffffffff</name>
      <Point>
         <coordinates>
            122.325012,17.812138
         </coordinates>
      </Point>
   </Placemark>
   <Placemark>
      <name>9867ffffffffffff</name>
      <Point>
         <coordinates>
            120.887477,-46.791325
         </coordinates>
      </Point>
   </Placemark>
   <Placemark>
      <name>98e7ffffffffffff</name>
      <Point>
         <coordinates>
            123.718589,-36.527601
         </coordinates>
      </Point>
   </Placemark>
   <Placemark>
      <name>9d67ffffffffffff</name>
      <Point>
         <coordinates>
            123.931650,-26.012726
         </coordinates>
      </Point>
   </Placemark>
   <Placemark>
      <name>9c27ffffffffffff</name>
      <Point>
         <coordinates>
            123.470680,-15.749182
         </coordinates>
      </Point>
   </Placemark>
   <Placemark>
      <name>9ca7ffffffffffff</name>
      <Point>
         <coordinates>
            123.054323,-5.719580
         </coordinates>
      </Point>
   </Placemark>
   <Placemark>
      <name>5b27ffffffffffff</name>
      <Point>
         <coordinates>
            123.011906,4.297739
         </coordinates>
      </Point>
   </Placemark>
   <Placemark>
      <name>5ba7ffffffffffff</name>
      <Point>
         <coordinates>
            123.401594,14.305107
         </coordinates>
      </Point>
   </Placemark>
   <Placemark>
      <name>981fffffffffffff</name>
      <Point>
         <coordinates>
            124.438656,-40.349370
         </coordinates>
      </Point>
   </Placemark>
   <Placemark>
      <name>989fffffffffffff</name>
      <Point>
         <coordinates>
            125.334549,-29.855632
         </coordinates>
      </Point>
   </Placemark>
   <Placemark>
      <name>9d1fffffffffffff</name>
      <Point>
         <coordinates>
            124.904348,-19.486713
         </coordinates>
      </Point>
   </Placemark>
   <Placemark>
      <name>9d9fffffffffffff</name>
      <Point>
         <coordinates>
            124.407197,-9.368412
         </coordinates>
      </Point>
   </Placemark>
   <Placemark>
      <name>a65fffffffffffff</name>
      <Point>
         <coordinates>
            124.100505,0.731399
         </coordinates>
      </Point>
   </Placemark>
   <Placemark>
      <name>a6dfffffffffffff</name>
      <Point>
         <coordinates>
            124.468759,10.802333
         </coordinates>
      </Point>
   </Placemark>
   <Placemark>
      <name>595fffffffffffff</name>
      <Point>
         <coordinates>
            124.980959,20.950987
         </coordinates>
      </Point>
   </Placemark>
   <Placemark>
      <name>980fffffffffffff</name>
      <Point>
         <coordinates>
            125.106790,-44.118178
         </coordinates>
      </Point>
   </Placemark>
   <Placemark>
      <name>988fffffffffffff</name>
      <Point>
         <coordinates>
            126.700772,-33.701519
         </coordinates>
      </Point>
   </Placemark>
   <Placemark>
      <name>9d0fffffffffffff</name>
      <Point>
         <coordinates>
            126.366876,-23.253777
         </coordinates>
      </Point>
   </Placemark>
   <Placemark>
      <name>9d8fffffffffffff</name>
      <Point>
         <coordinates>
            125.800484,-13.045769
         </coordinates>
      </Point>
   </Placemark>
   <Placemark>
      <name>a64fffffffffffff</name>
      <Point>
         <coordinates>
            125.360981,-2.934719
         </coordinates>
      </Point>
   </Placemark>
   <Placemark>
      <name>a6cfffffffffffff</name>
      <Point>
         <coordinates>
            125.542293,7.297266
         </coordinates>
      </Point>
   </Placemark>
   <Placemark>
      <name>594fffffffffffff</name>
      <Point>
         <coordinates>
            126.035500,17.392915
         </coordinates>
      </Point>
   </Placemark>
   <Placemark>
      <name>9957ffffffffffff</name>
      <Point>
         <coordinates>
            125.806638,-47.838923
         </coordinates>
      </Point>
   </Placemark>
   <Placemark>
      <name>9817ffffffffffff</name>
      <Point>
         <coordinates>
            127.888752,-37.519527
         </coordinates>
      </Point>
   </Placemark>
   <Placemark>
      <name>9897ffffffffffff</name>
      <Point>
         <coordinates>
            127.853747,-27.039719
         </coordinates>
      </Point>
   </Placemark>
   <Placemark>
      <name>9d17ffffffffffff</name>
      <Point>
         <coordinates>
            127.237530,-16.747870
         </coordinates>
      </Point>
   </Placemark>
   <Placemark>
      <name>9d97ffffffffffff</name>
      <Point>
         <coordinates>
            126.711583,-6.617580
         </coordinates>
      </Point>
   </Placemark>
   <Placemark>
      <name>a657ffffffffffff</name>
      <Point>
         <coordinates>
            126.569759,3.679210
         </coordinates>
      </Point>
   </Placemark>
   <Placemark>
      <name>a6d7ffffffffffff</name>
      <Point>
         <coordinates>
            127.070145,13.847060
         </coordinates>
      </Point>
   </Placemark>
   <Placemark>
      <name>9947ffffffffffff</name>
      <Point>
         <coordinates>
            126.605909,-51.519881
         </coordinates>
      </Point>
   </Placemark>
   <Placemark>
      <name>9807ffffffffffff</name>
      <Point>
         <coordinates>
            128.850384,-41.289071
         </coordinates>
      </Point>
   </Placemark>
   <Placemark>
      <name>9887ffffffffffff</name>
      <Point>
         <coordinates>
            129.356528,-30.830692
         </coordinates>
      </Point>
   </Placemark>
   <Placemark>
      <name>9d07ffffffffffff</name>
      <Point>
         <coordinates>
            128.721001,-20.469100
         </coordinates>
      </Point>
   </Placemark>
   <Placemark>
      <name>9d87ffffffffffff</name>
      <Point>
         <coordinates>
            128.104837,-10.306711
         </coordinates>
      </Point>
   </Placemark>
   <Placemark>
      <name>a647ffffffffffff</name>
      <Point>
         <coordinates>
            127.600118,0.000000
         </coordinates>
      </Point>
   </Placemark>
   <Placemark>
      <name>a6c7ffffffffffff</name>
      <Point>
         <coordinates>
            128.104837,10.306711
         </coordinates>
      </Point>
   </Placemark>
   <Placemark>
      <name>982fffffffffffff</name>
      <Point>
         <coordinates>
            129.834546,-45.011347
         </coordinates>
      </Point>
   </Placemark>
   <Placemark>
      <name>98afffffffffffff</name>
      <Point>
         <coordinates>
            130.861300,-34.609565
         </coordinates>
      </Point>
   </Placemark>
   <Placemark>
      <name>9d2fffffffffffff</name>
      <Point>
         <coordinates>
            130.252507,-24.201813
         </coordinates>
      </Point>
   </Placemark>
   <Placemark>
      <name>9dafffffffffffff</name>
      <Point>
         <coordinates>
            129.532178,-13.978028
         </coordinates>
      </Point>
   </Placemark>
   <Placemark>
      <name>a66fffffffffffff</name>
      <Point>
         <coordinates>
            128.915939,-3.700250
         </coordinates>
      </Point>
   </Placemark>
   <Placemark>
      <name>a6efffffffffffff</name>
      <Point>
         <coordinates>
            129.075288,6.654030
         </coordinates>
      </Point>
   </Placemark>
   <Placemark>
      <name>596fffffffffffff</name>
      <Point>
         <coordinates>
            129.722083,16.881036
         </coordinates>
      </Point>
   </Placemark>
   <Placemark>
      <name>9977ffffffffffff</name>
      <Point>
         <coordinates>
            130.921493,-48.687558
         </coordinates>
      </Point>
   </Placemark>
   <Placemark>
      <name>9837ffffffffffff</name>
      <Point>
         <coordinates>
            132.185014,-38.355928
         </coordinates>
      </Point>
   </Placemark>
   <Placemark>
      <name>98b7ffffffffffff</name>
      <Point>
         <coordinates>
            131.832062,-27.936195
         </coordinates>
      </Point>
   </Placemark>
   <Placemark>
      <name>9d37ffffffffffff</name>
      <Point>
         <coordinates>
            131.017983,-17.658817
         </coordinates>
      </Point>
   </Placemark>
   <Placemark>
      <name>9db7ffffffffffff</name>
      <Point>
         <coordinates>
            130.299600,-7.409593
         </coordinates>
      </Point>
   </Placemark>
   <Placemark>
      <name>a677ffffffffffff</name>
      <Point>
         <coordinates>
            130.047765,2.968624
         </coordinates>
      </Point>
   </Placemark>
   <Placemark>
      <name>a6f7ffffffffffff</name>
      <Point>
         <coordinates>
            130.705696,13.291105
         </coordinates>
      </Point>
   </Placemark>
   <Placemark>
      <name>9967ffffffffffff</name>
      <Point>
         <coordinates>
            132.188961,-52.320775
         </coordinates>
      </Point>
   </Placemark>
   <Placemark>
      <name>9827ffffffffffff</name>
      <Point>
         <coordinates>
            133.408069,-42.060051
         </coordinates>
      </Point>
   </Placemark>
   <Placemark>
      <name>98a7ffffffffffff</name>
      <Point>
         <coordinates>
            133.457320,-31.660214
         </coordinates>
      </Point>
   </Placemark>
   <Placemark>
      <name>9d27ffffffffffff</name>
      <Point>
         <coordinates>
            132.567253,-21.343238
         </coordinates>
      </Point>
   </Placemark>
   <Placemark>
      <name>9da7ffffffffffff</name>
      <Point>
         <coordinates>
            131.746543,-11.115253
         </coordinates>
      </Point>
   </Placemark>
   <Placemark>
      <name>a667ffffffffffff</name>
      <Point>
         <coordinates>
            131.116489,-0.744291
         </coordinates>
      </Point>
   </Placemark>
   <Placemark>
      <name>a6e7ffffffffffff</name>
      <Point>
         <coordinates>
            131.635842,9.642579
         </coordinates>
      </Point>
   </Placemark>
   <Placemark>
      <name>991fffffffffffff</name>
      <Point>
         <coordinates>
            134.723380,-45.716674
         </coordinates>
      </Point>
   </Placemark>
   <Placemark>
      <name>999fffffffffffff</name>
      <Point>
         <coordinates>
            135.122519,-35.359692
         </coordinates>
      </Point>
   </Placemark>
   <Placemark>
      <name>a25fffffffffffff</name>
      <Point>
         <coordinates>
            134.184677,-25.023820
         </coordinates>
      </Point>
   </Placemark>
   <Placemark>
      <name>a2dfffffffffffff</name>
      <Point>
         <coordinates>
            133.254981,-14.806309
         </coordinates>
      </Point>
   </Placemark>
   <Placemark>
      <name>a75fffffffffffff</name>
      <Point>
         <coordinates>
            132.456014,-4.472961
         </coordinates>
      </Point>
   </Placemark>
   <Placemark>
      <name>a61fffffffffffff</name>
      <Point>
         <coordinates>
            132.550541,5.959826
         </coordinates>
      </Point>
   </Placemark>
   <Placemark>
      <name>a69fffffffffffff</name>
      <Point>
         <coordinates>
            133.382472,16.267211
         </coordinates>
      </Point>
   </Placemark>
   <Placemark>
      <name>990fffffffffffff</name>
      <Point>
         <coordinates>
            136.213267,-49.323278
         </coordinates>
      </Point>
   </Placemark>
   <Placemark>
      <name>998fffffffffffff</name>
      <Point>
         <coordinates>
            136.601048,-39.026631
         </coordinates>
      </Point>
   </Placemark>
   <Placemark>
      <name>a24fffffffffffff</name>
      <Point>
         <coordinates>
            135.874306,-28.691413
         </coordinates>
      </Point>
   </Placemark>
   <Placemark>
      <name>a2cfffffffffffff</name>
      <Point>
         <coordinates>
            134.825730,-18.473646
         </coordinates>
      </Point>
   </Placemark>
   <Placemark>
      <name>a74fffffffffffff</name>
      <Point>
         <coordinates>
            133.887160,-8.200656
         </coordinates>
      </Point>
   </Placemark>
   <Placemark>
      <name>a60fffffffffffff</name>
      <Point>
         <coordinates>
            133.493269,2.243301
         </coordinates>
      </Point>
   </Placemark>
   <Placemark>
      <name>a68fffffffffffff</name>
      <Point>
         <coordinates>
            134.270793,12.628796
         </coordinates>
      </Point>
   </Placemark>
   <Placemark>
      <name>b2dfffffffffffff</name>
      <Point>
         <coordinates>
            137.972243,-52.850579
         </coordinates>
      </Point>
   </Placemark>
   <Placemark>
      <name>9917ffffffffffff</name>
      <Point>
         <coordinates>
            138.099038,-42.650297
         </coordinates>
      </Point>
   </Placemark>
   <Placemark>
      <name>9997ffffffffffff</name>
      <Point>
         <coordinates>
            137.639082,-32.335218
         </coordinates>
      </Point>
   </Placemark>
   <Placemark>
      <name>a257ffffffffffff</name>
      <Point>
         <coordinates>
            136.462151,-22.109827
         </coordinates>
      </Point>
   </Placemark>
   <Placemark>
      <name>a2d7ffffffffffff</name>
      <Point>
         <coordinates>
            135.402979,-11.911770
         </coordinates>
      </Point>
   </Placemark>
   <Placemark>
      <name>a757ffffffffffff</name>
      <Point>
         <coordinates>
            134.612690,-1.499124
         </coordinates>
      </Point>
   </Placemark>
   <Placemark>
      <name>a617ffffffffffff</name>
      <Point>
         <coordinates>
            135.128090,8.957398
         </coordinates>
      </Point>
   </Placemark>
   <Placemark>
      <name>b2c7ffffffffffff</name>
      <Point>
         <coordinates>
            140.006397,-56.351024
         </coordinates>
      </Point>
   </Placemark>
   <Placemark>
      <name>9907ffffffffffff</name>
      <Point>
         <coordinates>
            139.754381,-46.221082
         </coordinates>
      </Point>
   </Placemark>
   <Placemark>
      <name>9987ffffffffffff</name>
      <Point>
         <coordinates>
            139.480172,-35.942931
         </coordinates>
      </Point>
   </Placemark>
   <Placemark>
      <name>a247ffffffffffff</name>
      <Point>
         <coordinates>
            138.170190,-25.708916
         </coordinates>
      </Point>
   </Placemark>
   <Placemark>
      <name>a2c7ffffffffffff</name>
      <Point>
         <coordinates>
            136.999935,-15.593313
         </coordinates>
      </Point>
   </Placemark>
   <Placemark>
      <name>a747ffffffffffff</name>
      <Point>
         <coordinates>
            135.991069,-5.249327
         </coordinates>
      </Point>
   </Placemark>
   <Placemark>
      <name>a607ffffffffffff</name>
      <Point>
         <coordinates>
            135.991069,5.249327
         </coordinates>
      </Point>
   </Placemark>
   <Placemark>
      <name>992fffffffffffff</name>
      <Point>
         <coordinates>
            141.684992,-49.651307
         </coordinates>
      </Point>
   </Placemark>
   <Placemark>
      <name>99afffffffffffff</name>
      <Point>
         <coordinates>
            141.126102,-39.521578
         </coordinates>
      </Point>
   </Placemark>
   <Placemark>
      <name>a26fffffffffffff</name>
      <Point>
         <coordinates>
            139.983052,-29.296319
         </coordinates>
      </Point>
   </Placemark>
   <Placemark>
      <name>a2efffffffffffff</name>
      <Point>
         <coordinates>
            138.677675,-19.234754
         </coordinates>
      </Point>
   </Placemark>
   <Placemark>
      <name>a76fffffffffffff</name>
      <Point>
         <coordinates>
            137.486335,-8.984933
         </coordinates>
      </Point>
   </Placemark>
   <Placemark>
      <name>a62fffffffffffff</name>
      <Point>
         <coordinates>
            136.912071,1.505384
         </coordinates>
      </Point>
   </Placemark>
   <Placemark>
      <name>a6afffffffffffff</name>
      <Point>
         <coordinates>
            137.800384,11.941139
         </coordinates>
      </Point>
   </Placemark>
   <Placemark>
      <name>b2d7ffffffffffff</name>
      <Point>
         <coordinates>
            143.857796,-53.057114
         </coordinates>
      </Point>
   </Placemark>
   <Placemark>
      <name>9937ffffffffffff</name>
      <Point>
         <coordinates>
            142.925666,-43.014596
         </coordinates>
      </Point>
   </Placemark>
   <Placemark>
      <name>99b7ffffffffffff</name>
      <Point>
         <coordinates>
            141.899300,-32.847312
         </coordinates>
      </Point>
   </Placemark>
   <Placemark>
      <name>a277ffffffffffff</name>
      <Point>
         <coordinates>
            140.438895,-22.827774
         </coordinates>
      </Point>
   </Placemark>
   <Placemark>
      <name>a2f7ffffffffffff</name>
      <Point>
         <coordinates>
            139.088002,-12.686817
         </coordinates>
      </Point>
   </Placemark>
   <Placemark>
      <name>a777ffffffffffff</name>
      <Point>
         <coordinates>
            138.097401,-2.261818
         </coordinates>
      </Point>
   </Placemark>
   <Placemark>
      <name>a637ffffffffffff</name>
      <Point>
         <coordinates>
            138.586929,8.253394
         </coordinates>
      </Point>
   </Placemark>
   <Placemark>
      <name>b2f7ffffffffffff</name>
      <Point>
         <coordinates>
            146.370286,-56.436280
         </coordinates>
      </Point>
   </Placemark>
   <Placemark>
      <name>9927ffffffffffff</name>
      <Point>
         <coordinates>
            144.962068,-46.361777
         </coordinates>
      </Point>
   </Placemark>
   <Placemark>
      <name>99a7ffffffffffff</name>
      <Point>
         <coordinates>
            143.870892,-36.355651
         </coordinates>
      </Point>
   </Placemark>
   <Placemark>
      <name>a267ffffffffffff</name>
      <Point>
         <coordinates>
            142.289320,-26.365952
         </coordinates>
      </Point>
   </Placemark>
   <Placemark>
      <name>a2e7ffffffffffff</name>
      <Point>
         <coordinates>
            140.789781,-16.339674
         </coordinates>
      </Point>
   </Placemark>
   <Placemark>
      <name>a767ffffffffffff</name>
      <Point>
         <coordinates>
            139.532912,-6.024600
         </coordinates>
      </Point>
   </Placemark>
   <Placemark>
      <name>a627ffffffffffff</name>
      <Point>
         <coordinates>
            139.401600,4.524802
         </coordinates>
      </Point>
   </Placemark>
   <Placemark>
      <name>b74fffffffffffff</name>
      <Point>
         <coordinates>
            147.215480,-49.673148
         </coordinates>
      </Point>
   </Placemark>
   <Placemark>
      <name>b64fffffffffffff</name>
      <Point>
         <coordinates>
            145.786312,-39.751614
         </coordinates>
      </Point>
   </Placemark>
   <Placemark>
      <name>a35fffffffffffff</name>
      <Point>
         <coordinates>
            144.237832,-29.844419
         </coordinates>
      </Point>
   </Placemark>
   <Placemark>
      <name>a21fffffffffffff</name>
      <Point>
         <coordinates>
            142.589230,-19.931664
         </coordinates>
      </Point>
   </Placemark>
   <Placemark>
      <name>a29fffffffffffff</name>
      <Point>
         <coordinates>
            141.111766,-9.753663
         </coordinates>
      </Point>
   </Placemark>
   <Placemark>
      <name>a71fffffffffffff</name>
      <Point>
         <coordinates>
            140.310499,0.756932
         </coordinates>
      </Point>
   </Placemark>
   <Placemark>
      <name>a79fffffffffffff</name>
      <Point>
         <coordinates>
            141.301380,11.229135
         </coordinates>
      </Point>
   </Placemark>
   <Placemark>
      <name>b76fffffffffffff</name>
      <Point>
         <coordinates>
            149.759955,-52.946769
         </coordinates>
      </Point>
   </Placemark>
   <Placemark>
      <name>b66fffffffffffff</name>
      <Point>
         <coordinates>
            147.895556,-43.019157
         </coordinates>
      </Point>
   </Placemark>
   <Placemark>
      <name>a34fffffffffffff</name>
      <Point>
         <coordinates>
            146.296750,-33.259482
         </coordinates>
      </Point>
   </Placemark>
   <Placemark>
      <name>a20fffffffffffff</name>
      <Point>
         <coordinates>
            144.487489,-23.453936
         </coordinates>
      </Point>
   </Placemark>
   <Placemark>
      <name>a28fffffffffffff</name>
      <Point>
         <coordinates>
            142.818107,-13.425708
         </coordinates>
      </Point>
   </Placemark>
   <Placemark>
      <name>a70fffffffffffff</name>
      <Point>
         <coordinates>
            141.581251,-3.029042
         </coordinates>
      </Point>
   </Placemark>
   <Placemark>
      <name>a78fffffffffffff</name>
      <Point>
         <coordinates>
            142.017925,7.532471
         </coordinates>
      </Point>
   </Placemark>
   <Placemark>
      <name>b29fffffffffffff</name>
      <Point>
         <coordinates>
            152.702041,-56.176625
         </coordinates>
      </Point>
   </Placemark>
   <Placemark>
      <name>b75fffffffffffff</name>
      <Point>
         <coordinates>
            150.196315,-46.239741
         </coordinates>
      </Point>
   </Placemark>
   <Placemark>
      <name>b65fffffffffffff</name>
      <Point>
         <coordinates>
            148.432665,-36.498001
         </coordinates>
      </Point>
   </Placemark>
   <Placemark>
      <name>a357ffffffffffff</name>
      <Point>
         <coordinates>
            146.489132,-26.900095
         </coordinates>
      </Point>
   </Placemark>
   <Placemark>
      <name>a217ffffffffffff</name>
      <Point>
         <coordinates>
            144.641331,-17.023197
         </coordinates>
      </Point>
   </Placemark>
   <Placemark>
      <name>a297ffffffffffff</name>
      <Point>
         <coordinates>
            143.096657,-6.791432
         </coordinates>
      </Point>
   </Placemark>
   <Placemark>
      <name>a717ffffffffffff</name>
      <Point>
         <coordinates>
            142.786699,3.788424
         </coordinates>
      </Point>
   </Placemark>
   <Placemark>
      <name>b287ffffffffffff</name>
      <Point>
         <coordinates>
            156.201389,-59.348660
         </coordinates>
      </Point>
   </Placemark>
   <Placemark>
      <name>b747ffffffffffff</name>
      <Point>
         <coordinates>
            152.744262,-49.411361
         </coordinates>
      </Point>
   </Placemark>
   <Placemark>
      <name>b647ffffffffffff</name>
      <Point>
         <coordinates>
            150.560411,-39.658006
         </coordinates>
      </Point>
   </Placemark>
   <Placemark>
      <name>a347ffffffffffff</name>
      <Point>
         <coordinates>
            148.602146,-30.265653
         </coordinates>
      </Point>
   </Placemark>
   <Placemark>
      <name>a207ffffffffffff</name>
      <Point>
         <coordinates>
            146.575548,-20.533583
         </coordinates>
      </Point>
   </Placemark>
   <Placemark>
      <name>a287ffffffffffff</name>
      <Point>
         <coordinates>
            144.782015,-10.492299
         </coordinates>
      </Point>
   </Placemark>
   <Placemark>
      <name>a707ffffffffffff</name>
      <Point>
         <coordinates>
            143.696311,0.000000
         </coordinates>
      </Point>
   </Placemark>
   <Placemark>
      <name>b767ffffffffffff</name>
      <Point>
         <coordinates>
            155.614790,-52.529387
         </coordinates>
      </Point>
   </Placemark>
   <Placemark>
      <name>b667ffffffffffff</name>
      <Point>
         <coordinates>
            152.891825,-42.795046
         </coordinates>
      </Point>
   </Placemark>
   <Placemark>
      <name>a36fffffffffffff</name>
      <Point>
         <coordinates>
            150.909294,-33.385579
         </coordinates>
      </Point>
   </Placemark>
   <Placemark>
      <name>a22fffffffffffff</name>
      <Point>
         <coordinates>
            148.619101,-23.948415
         </coordinates>
      </Point>
   </Placemark>
   <Placemark>
      <name>a2afffffffffffff</name>
      <Point>
         <coordinates>
            146.613150,-14.103891
         </coordinates>
      </Point>
   </Placemark>
   <Placemark>
      <name>a72fffffffffffff</name>
      <Point>
         <coordinates>
            145.078593,-3.795770
         </coordinates>
      </Point>
   </Placemark>
   <Placemark>
      <name>a7afffffffffffff</name>
      <Point>
         <coordinates>
            145.427274,6.795996
         </coordinates>
      </Point>
   </Placemark>
   <Placemark>
      <name>b297ffffffffffff</name>
      <Point>
         <coordinates>
            158.913887,-55.584688
         </coordinates>
      </Point>
   </Placemark>
   <Placemark>
      <name>b757ffffffffffff</name>
      <Point>
         <coordinates>
            155.434021,-45.872020
         </coordinates>
      </Point>
   </Placemark>
   <Placemark>
      <name>b657ffffffffffff</name>
      <Point>
         <coordinates>
            153.193814,-36.466102
         </coordinates>
      </Point>
   </Placemark>
   <Placemark>
      <name>a377ffffffffffff</name>
      <Point>
         <coordinates>
            150.791017,-27.221186
         </coordinates>
      </Point>
   </Placemark>
   <Placemark>
      <name>a237ffffffffffff</name>
      <Point>
         <coordinates>
            148.572843,-17.607373
         </coordinates>
      </Point>
   </Placemark>
   <Placemark>
      <name>a2b7ffffffffffff</name>
      <Point>
         <coordinates>
            146.703057,-7.536603
         </coordinates>
      </Point>
   </Placemark>
   <Placemark>
      <name>a737ffffffffffff</name>
      <Point>
         <coordinates>
            146.150797,3.042285
         </coordinates>
      </Point>
   </Placemark>
   <Placemark>
      <name>b2b7ffffffffffff</name>
      <Point>
         <coordinates>
            162.797210,-58.559385
         </coordinates>
      </Point>
   </Placemark>
   <Placemark>
      <name>b777ffffffffffff</name>
      <Point>
         <coordinates>
            158.240503,-48.884505
         </coordinates>
      </Point>
   </Placemark>
   <Placemark>
      <name>b677ffffffffffff</name>
      <Point>
         <coordinates>
            155.525445,-39.497609
         </coordinates>
      </Point>
   </Placemark>
   <Placemark>
      <name>a367ffffffffffff</name>
      <Point>
         <coordinates>
            153.126228,-30.277459
         </coordinates>
      </Point>
   </Placemark>
   <Placemark>
      <name>a227ffffffffffff</name>
      <Point>
         <coordinates>
            150.649958,-20.991156
         </coordinates>
      </Point>
   </Placemark>
   <Placemark>
      <name>a2a7ffffffffffff</name>
      <Point>
         <coordinates>
            148.521303,-11.174065
         </coordinates>
      </Point>
   </Placemark>
   <Placemark>
      <name>a727ffffffffffff</name>
      <Point>
         <coordinates>
            147.123423,-0.763090
         </coordinates>
      </Point>
   </Placemark>
   <Placemark>
      <name>b70fffffffffffff</name>
      <Point>
         <coordinates>
            161.381268,-51.825413
         </coordinates>
      </Point>
   </Placemark>
   <Placemark>
      <name>b60fffffffffffff</name>
      <Point>
         <coordinates>
            158.036145,-42.460013
         </coordinates>
      </Point>
   </Placemark>
   <Placemark>
      <name>b6cfffffffffffff</name>
      <Point>
         <coordinates>
            155.575814,-33.268417
         </coordinates>
      </Point>
   </Placemark>
   <Placemark>
      <name>a31fffffffffffff</name>
      <Point>
         <coordinates>
            152.869629,-24.167908
         </coordinates>
      </Point>
   </Placemark>
   <Placemark>
      <name>a39fffffffffffff</name>
      <Point>
         <coordinates>
            150.496249,-14.677119
         </coordinates>
      </Point>
   </Placemark>
   <Placemark>
      <name>a05fffffffffffff</name>
      <Point>
         <coordinates>
            148.611215,-4.552255
         </coordinates>
      </Point>
   </Placemark>
   <Placemark>
      <name>a0dfffffffffffff</name>
      <Point>
         <coordinates>
            148.822770,6.044151
         </coordinates>
      </Point>
   </Placemark>
   <Placemark>
      <name>b72fffffffffffff</name>
      <Point>
         <coordinates>
            164.951407,-54.683564
         </coordinates>
      </Point>
   </Placemark>
   <Placemark>
      <name>b62fffffffffffff</name>
      <Point>
         <coordinates>
            160.763715,-45.348453
         </coordinates>
      </Point>
   </Placemark>
   <Placemark>
      <name>b6efffffffffffff</name>
      <Point>
         <coordinates>
            157.986678,-36.235652
         </coordinates>
      </Point>
   </Placemark>
   <Placemark>
      <name>a30fffffffffffff</name>
      <Point>
         <coordinates>
            155.222616,-27.159435
         </coordinates>
      </Point>
   </Placemark>
   <Placemark>
      <name>a38fffffffffffff</name>
      <Point>
         <coordinates>
            152.601041,-18.028666
         </coordinates>
      </Point>
   </Placemark>
   <Placemark>
      <name>a04fffffffffffff</name>
      <Point>
         <coordinates>
            150.382418,-8.232286
         </coordinates>
      </Point>
   </Placemark>
   <Placemark>
      <name>a0cfffffffffffff</name>
      <Point>
         <coordinates>
            149.498217,2.288414
         </coordinates>
      </Point>
   </Placemark>
   <Placemark>
      <name>b05fffffffffffff</name>
      <Point>
         <coordinates>
            169.087461,-57.440334
         </coordinates>
      </Point>
   </Placemark>
   <Placemark>
      <name>b71fffffffffffff</name>
      <Point>
         <coordinates>
            163.753902,-48.156053
         </coordinates>
      </Point>
   </Placemark>
   <Placemark>
      <name>b61fffffffffffff</name>
      <Point>
         <coordinates>
            160.516944,-39.135518
         </coordinates>
      </Point>
   </Placemark>
   <Placemark>
      <name>b6dfffffffffffff</name>
      <Point>
         <coordinates>
            157.675345,-30.082914
         </coordinates>
      </Point>
   </Placemark>
   <Placemark>
      <name>a317ffffffffffff</name>
      <Point>
         <coordinates>
            154.860263,-21.104119
         </coordinates>
      </Point>
   </Placemark>
   <Placemark>
      <name>a397ffffffffffff</name>
      <Point>
         <coordinates>
            152.360695,-11.744132
         </coordinates>
      </Point>
   </Placemark>
   <Placemark>
      <name>a057ffffffffffff</name>
      <Point>
         <coordinates>
            150.566231,-1.528418
         </coordinates>
      </Point>
   </Placemark>
   <Placemark>
      <name>b047ffffffffffff</name>
      <Point>
         <coordinates>
            174.003622,-60.059042
         </coordinates>
      </Point>
   </Placemark>
   <Placemark>
      <name>b707ffffffffffff</name>
      <Point>
         <coordinates>
            167.063325,-50.873628
         </coordinates>
      </Point>
   </Placemark>
   <Placemark>
      <name>b607ffffffffffff</name>
      <Point>
         <coordinates>
            163.239701,-41.953804
         </coordinates>
      </Point>
   </Placemark>
   <Placemark>
      <name>b6c7ffffffffffff</name>
      <Point>
         <coordinates>
            160.239499,-32.958880
         </coordinates>
      </Point>
   </Placemark>
   <Placemark>
      <name>a307ffffffffffff</name>
      <Point>
         <coordinates>
            157.222778,-24.028653
         </coordinates>
      </Point>
   </Placemark>
   <Placemark>
      <name>a387ffffffffffff</name>
      <Point>
         <coordinates>
            154.489688,-15.059211
         </coordinates>
      </Point>
   </Placemark>
   <Placemark>
      <name>a047ffffffffffff</name>
      <Point>
         <coordinates>
            152.216592,-5.273568
         </coordinates>
      </Point>
   </Placemark>
   <Placemark>
      <name>b727ffffffffffff</name>
      <Point>
         <coordinates>
            170.823540,-53.513752
         </coordinates>
      </Point>
   </Placemark>
   <Placemark>
      <name>b627ffffffffffff</name>
      <Point>
         <coordinates>
            166.189803,-44.683214
         </coordinates>
      </Point>
   </Placemark>
   <Placemark>
      <name>b6e7ffffffffffff</name>
      <Point>
         <coordinates>
            162.784454,-35.811873
         </coordinates>
      </Point>
   </Placemark>
   <Placemark>
      <name>a32fffffffffffff</name>
      <Point>
         <coordinates>
            159.669845,-26.884882
         </coordinates>
      </Point>
   </Placemark>
   <Placemark>
      <name>a3afffffffffffff</name>
      <Point>
         <coordinates>
            156.782044,-18.025283
         </coordinates>
      </Point>
   </Placemark>
   <Placemark>
      <name>a06fffffffffffff</name>
      <Point>
         <coordinates>
            154.179613,-8.809349
         </coordinates>
      </Point>
   </Placemark>
   <Placemark>
      <name>a0efffffffffffff</name>
      <Point>
         <coordinates>
            152.833198,1.528788
         </coordinates>
      </Point>
   </Placemark>
   <Placemark>
      <name>b057ffffffffffff</name>
      <Point>
         <coordinates>
            175.085629,-56.031310
         </coordinates>
      </Point>
   </Placemark>
   <Placemark>
      <name>b717ffffffffffff</name>
      <Point>
         <coordinates>
            169.407044,-47.313948
         </coordinates>
      </Point>
   </Placemark>
   <Placemark>
      <name>b617ffffffffffff</name>
      <Point>
         <coordinates>
            165.504001,-38.579248
         </coordinates>
      </Point>
   </Placemark>
   <Placemark>
      <name>b6d7ffffffffffff</name>
      <Point>
         <coordinates>
            162.212326,-29.694750
         </coordinates>
      </Point>
   </Placemark>
   <Placemark>
      <name>a337ffffffffffff</name>
      <Point>
         <coordinates>
            159.146654,-20.879241
         </coordinates>
      </Point>
   </Placemark>
   <Placemark>
      <name>a3b7ffffffffffff</name>
      <Point>
         <coordinates>
            156.345815,-12.036419
         </coordinates>
      </Point>
   </Placemark>
   <Placemark>
      <name>a077ffffffffffff</name>
      <Point>
         <coordinates>
            154.062573,-2.283423
         </coordinates>
      </Point>
   </Placemark>
   <Placemark>
      <name>b077ffffffffffff</name>
      <Point>
         <coordinates>
            -179.990311,-58.400387
         </coordinates>
      </Point>
   </Placemark>
   <Placemark>
      <name>b737ffffffffffff</name>
      <Point>
         <coordinates>
            172.936403,-49.833172
         </coordinates>
      </Point>
   </Placemark>
   <Placemark>
      <name>b637ffffffffffff</name>
      <Point>
         <coordinates>
            168.427534,-41.254614
         </coordinates>
      </Point>
   </Placemark>
   <Placemark>
      <name>b6f7ffffffffffff</name>
      <Point>
         <coordinates>
            164.849659,-32.473810
         </coordinates>
      </Point>
   </Placemark>
   <Placemark>
      <name>a327ffffffffffff</name>
      <Point>
         <coordinates>
            161.580309,-23.668081
         </coordinates>
      </Point>
   </Placemark>
   <Placemark>
      <name>a3a7ffffffffffff</name>
      <Point>
         <coordinates>
            158.651251,-14.922253
         </coordinates>
      </Point>
   </Placemark>
   <Placemark>
      <name>a067ffffffffffff</name>
      <Point>
         <coordinates>
            155.965308,-5.873435
         </coordinates>
      </Point>
   </Placemark>
   <Placemark>
      <name>b0cfffffffffffff</name>
      <Point>
         <coordinates>
            176.827700,-52.224403
         </coordinates>
      </Point>
   </Placemark>
   <Placemark>
      <name>b78fffffffffffff</name>
      <Point>
         <coordinates>
            171.588083,-43.829702
         </coordinates>
      </Point>
   </Placemark>
   <Placemark>
      <name>b68fffffffffffff</name>
      <Point>
         <coordinates>
            167.560820,-35.203948
         </coordinates>
      </Point>
   </Placemark>
   <Placemark>
      <name>a94fffffffffffff</name>
      <Point>
         <coordinates>
            164.094335,-26.414279
         </coordinates>
      </Point>
   </Placemark>
   <Placemark>
      <name>a84fffffffffffff</name>
      <Point>
         <coordinates>
            161.009894,-17.700879
         </coordinates>
      </Point>
   </Placemark>
   <Placemark>
      <name>a10fffffffffffff</name>
      <Point>
         <coordinates>
            158.170172,-8.988749
         </coordinates>
      </Point>
   </Placemark>
   <Placemark>
      <name>a01fffffffffffff</name>
      <Point>
         <coordinates>
            156.159922,0.765345
         </coordinates>
      </Point>
   </Placemark>
   <Placemark>
      <name>b0efffffffffffff</name>
      <Point>
         <coordinates>
            -178.865845,-54.466844
         </coordinates>
      </Point>
   </Placemark>
   <Placemark>
      <name>b7afffffffffffff</name>
      <Point>
         <coordinates>
            175.022774,-46.294307
         </coordinates>
      </Point>
   </Placemark>
   <Placemark>
      <name>b6afffffffffffff</name>
      <Point>
         <coordinates>
            170.456667,-37.841341
         </coordinates>
      </Point>
   </Placemark>
   <Placemark>
      <name>a96fffffffffffff</name>
      <Point>
         <coordinates>
            166.706352,-29.128633
         </coordinates>
      </Point>
   </Placemark>
   <Placemark>
      <name>a86fffffffffffff</name>
      <Point>
         <coordinates>
            163.422374,-20.422462
         </coordinates>
      </Point>
   </Placemark>
   <Placemark>
      <name>a12fffffffffffff</name>
      <Point>
         <coordinates>
            160.480225,-11.777036
         </coordinates>
      </Point>
   </Placemark>
   <Placemark>
      <name>a00fffffffffffff</name>
      <Point>
         <coordinates>
            157.729284,-2.936867
         </coordinates>
      </Point>
   </Placemark>
   <Placemark>
      <name>b01fffffffffffff</name>
      <Point>
         <coordinates>
            -174.090886,-56.534769
         </coordinates>
      </Point>
   </Placemark>
   <Placemark>
      <name>b0dfffffffffffff</name>
      <Point>
         <coordinates>
            178.773594,-48.636725
         </coordinates>
      </Point>
   </Placemark>
   <Placemark>
      <name>b79fffffffffffff</name>
      <Point>
         <coordinates>
            173.565755,-40.379862
         </coordinates>
      </Point>
   </Placemark>
   <Placemark>
      <name>b69fffffffffffff</name>
      <Point>
         <coordinates>
            169.426971,-31.814405
         </coordinates>
      </Point>
   </Placemark>
   <Placemark>
      <name>a95fffffffffffff</name>
      <Point>
         <coordinates>
            165.901793,-23.108143
         </coordinates>
      </Point>
   </Placemark>
   <Placemark>
      <name>a85fffffffffffff</name>
      <Point>
         <coordinates>
            162.822290,-14.475845
         </coordinates>
      </Point>
   </Placemark>
   <Placemark>
      <name>a11fffffffffffff</name>
      <Point>
         <coordinates>
            159.975459,-5.881522
         </coordinates>
      </Point>
   </Placemark>
   <Placemark>
      <name>a007ffffffffffff</name>
      <Point>
         <coordinates>
            159.482526,0.000000
         </coordinates>
      </Point>
   </Placemark>
   <Placemark>
      <name>a087ffffffffffff</name>
      <Point>
         <coordinates>
            162.270636,8.551969
         </coordinates>
      </Point>
   </Placemark>
   <Placemark>
      <name>a507ffffffffffff</name>
      <Point>
         <coordinates>
            165.205063,17.132288
         </coordinates>
      </Point>
   </Placemark>
   <Placemark>
      <name>a587ffffffffffff</name>
      <Point>
         <coordinates>
            168.465483,25.767021
         </coordinates>
      </Point>
   </Placemark>
   <Placemark>
      <name>1a47ffffffffffff</name>
      <Point>
         <coordinates>
            172.290998,34.425289
         </coordinates>
      </Point>
   </Placemark>
   <Placemark>
      <name>1ac7ffffffffffff</name>
      <Point>
         <coordinates>
            176.920207,42.812762
         </coordinates>
      </Point>
   </Placemark>
   <Placemark>
      <name>1147ffffffffffff</name>
      <Point>
         <coordinates>
            -177.110189,50.846210
         </coordinates>
      </Point>
   </Placemark>
   <Placemark>
      <name>a0afffffffffffff</name>
      <Point>
         <coordinates>
            162.534720,5.045986
         </coordinates>
      </Point>
   </Placemark>
   <Placemark>
      <name>a52fffffffffffff</name>
      <Point>
         <coordinates>
            165.426461,13.623640
         </coordinates>
      </Point>
   </Placemark>
   <Placemark>
      <name>a5afffffffffffff</name>
      <Point>
         <coordinates>
            168.586404,22.225113
         </coordinates>
      </Point>
   </Placemark>
   <Placemark>
      <name>1a6fffffffffffff</name>
      <Point>
         <coordinates>
            172.256224,30.874940
         </coordinates>
      </Point>
   </Placemark>
   <Placemark>
      <name>1aefffffffffffff</name>
      <Point>
         <coordinates>
            176.712056,39.317480
         </coordinates>
      </Point>
   </Placemark>
   <Placemark>
      <name>116fffffffffffff</name>
      <Point>
         <coordinates>
            -177.688644,47.405774
         </coordinates>
      </Point>
   </Placemark>
   <Placemark>
      <name>102fffffffffffff</name>
      <Point>
         <coordinates>
            -170.126890,55.073224
         </coordinates>
      </Point>
   </Placemark>
   <Placemark>
      <name>a037ffffffffffff</name>
      <Point>
         <coordinates>
            162.619077,1.341434
         </coordinates>
      </Point>
   </Placemark>
   <Placemark>
      <name>a0b7ffffffffffff</name>
      <Point>
         <coordinates>
            165.642652,10.090073
         </coordinates>
      </Point>
   </Placemark>
   <Placemark>
      <name>a537ffffffffffff</name>
      <Point>
         <coordinates>
            168.722298,18.683671
         </coordinates>
      </Point>
   </Placemark>
   <Placemark>
      <name>a5b7ffffffffffff</name>
      <Point>
         <coordinates>
            172.225205,27.304214
         </coordinates>
      </Point>
   </Placemark>
   <Placemark>
      <name>1a77ffffffffffff</name>
      <Point>
         <coordinates>
            176.505101,35.814520
         </coordinates>
      </Point>
   </Placemark>
   <Placemark>
      <name>1af7ffffffffffff</name>
      <Point>
         <coordinates>
            -178.200809,43.968350
         </coordinates>
      </Point>
   </Placemark>
   <Placemark>
      <name>1177ffffffffffff</name>
      <Point>
         <coordinates>
            -171.251107,51.732499
         </coordinates>
      </Point>
   </Placemark>
   <Placemark>
      <name>a027ffffffffffff</name>
      <Point>
         <coordinates>
            161.723814,-2.580482
         </coordinates>
      </Point>
   </Placemark>
   <Placemark>
      <name>a0a7ffffffffffff</name>
      <Point>
         <coordinates>
            165.823226,6.491208
         </coordinates>
      </Point>
   </Placemark>
   <Placemark>
      <name>a527ffffffffffff</name>
      <Point>
         <coordinates>
            168.865992,15.129434
         </coordinates>
      </Point>
   </Placemark>
   <Placemark>
      <name>a5a7ffffffffffff</name>
      <Point>
         <coordinates>
            172.236030,23.733255
         </coordinates>
      </Point>
   </Placemark>
   <Placemark>
      <name>1a67ffffffffffff</name>
      <Point>
         <coordinates>
            176.294956,32.296202
         </coordinates>
      </Point>
   </Placemark>
   <Placemark>
      <name>1ae7ffffffffffff</name>
      <Point>
         <coordinates>
            -178.667444,40.522677
         </coordinates>
      </Point>
   </Placemark>
   <Placemark>
      <name>1167ffffffffffff</name>
      <Point>
         <coordinates>
            -172.222283,48.374853
         </coordinates>
      </Point>
   </Placemark>
   <Placemark>
      <name>a19fffffffffffff</name>
      <Point>
         <coordinates>
            165.761818,2.680015
         </coordinates>
      </Point>
   </Placemark>
   <Placemark>
      <name>ac5fffffffffffff</name>
      <Point>
         <coordinates>
            169.002262,11.541340
         </coordinates>
      </Point>
   </Placemark>
   <Placemark>
      <name>acdfffffffffffff</name>
      <Point>
         <coordinates>
            172.272794,20.159192
         </coordinates>
      </Point>
   </Placemark>
   <Placemark>
      <name>1b5fffffffffffff</name>
      <Point>
         <coordinates>
            176.078928,28.756356
         </coordinates>
      </Point>
   </Placemark>
   <Placemark>
      <name>1a1fffffffffffff</name>
      <Point>
         <coordinates>
            -179.100728,37.062097
         </coordinates>
      </Point>
   </Placemark>
   <Placemark>
      <name>1a9fffffffffffff</name>
      <Point>
         <coordinates>
            -173.075608,44.999255
         </coordinates>
      </Point>
   </Placemark>
   <Placemark>
      <name>111fffffffffffff</name>
      <Point>
         <coordinates>
            -165.038126,52.926557
         </coordinates>
      </Point>
   </Placemark>
   <Placemark>
      <name>a18fffffffffffff</name>
      <Point>
         <coordinates>
            165.204264,-1.346055
         </coordinates>
      </Point>
   </Placemark>
   <Placemark>
      <name>ac4fffffffffffff</name>
      <Point>
         <coordinates>
            169.091022,7.881531
         </coordinates>
      </Point>
   </Placemark>
   <Placemark>
      <name>accfffffffffffff</name>
      <Point>
         <coordinates>
            172.323884,16.568272
         </coordinates>
      </Point>
   </Placemark>
   <Placemark>
      <name>1b4fffffffffffff</name>
      <Point>
         <coordinates>
            175.945065,25.170888
         </coordinates>
      </Point>
   </Placemark>
   <Placemark>
      <name>1a0fffffffffffff</name>
      <Point>
         <coordinates>
            -179.509136,33.581580
         </coordinates>
      </Point>
   </Placemark>
   <Placemark>
      <name>1a8fffffffffffff</name>
      <Point>
         <coordinates>
            -173.836768,41.604042
         </coordinates>
      </Point>
   </Placemark>
   <Placemark>
      <name>110fffffffffffff</name>
      <Point>
         <coordinates>
            -166.464230,49.469470
         </coordinates>
      </Point>
   </Placemark>
   <Placemark>
      <name>a117ffffffffffff</name>
      <Point>
         <coordinates>
            163.976135,-5.159192
         </coordinates>
      </Point>
   </Placemark>
   <Placemark>
      <name>a197ffffffffffff</name>
      <Point>
         <coordinates>
            168.916964,4.012860
         </coordinates>
      </Point>
   </Placemark>
   <Placemark>
      <name>ac57ffffffffffff</name>
      <Point>
         <coordinates>
            172.369192,12.940122
         </coordinates>
      </Point>
   </Placemark>
   <Placemark>
      <name>acd7ffffffffffff</name>
      <Point>
         <coordinates>
            175.867456,21.572145
         </coordinates>
      </Point>
   </Placemark>
   <Placemark>
      <name>1b57ffffffffffff</name>
      <Point>
         <coordinates>
            -179.899110,30.076697
         </coordinates>
      </Point>
   </Placemark>
   <Placemark>
      <name>1a17ffffffffffff</name>
      <Point>
         <coordinates>
            -174.525000,38.187078
         </coordinates>
      </Point>
   </Placemark>
   <Placemark>
      <name>1a97ffffffffffff</name>
      <Point>
         <coordinates>
            -167.707977,46.046443
         </coordinates>
      </Point>
   </Placemark>
   <Placemark>
      <name>a107ffffffffffff</name>
      <Point>
         <coordinates>
            162.270636,-8.551969
         </coordinates>
      </Point>
   </Placemark>
   <Placemark>
      <name>a187ffffffffffff</name>
      <Point>
         <coordinates>
            168.438508,0.000000
         </coordinates>
      </Point>
   </Placemark>
   <Placemark>
      <name>ac47ffffffffffff</name>
      <Point>
         <coordinates>
            172.365536,9.242056
         </coordinates>
      </Point>
   </Placemark>
   <Placemark>
      <name>acc7ffffffffffff</name>
      <Point>
         <coordinates>
            175.813489,17.954461
         </coordinates>
      </Point>
   </Placemark>
   <Placemark>
      <name>1b47ffffffffffff</name>
      <Point>
         <coordinates>
            179.724158,26.543198
         </coordinates>
      </Point>
   </Placemark>
   <Placemark>
      <name>1a07ffffffffffff</name>
      <Point>
         <coordinates>
            -175.155070,34.745844
         </coordinates>
      </Point>
   </Placemark>
   <Placemark>
      <name>1a87ffffffffffff</name>
      <Point>
         <coordinates>
            -168.800000,42.624147
         </coordinates>
      </Point>
   </Placemark>
   <Placemark>
      <name>a1afffffffffffff</name>
      <Point>
         <coordinates>
            167.605417,-4.008134
         </coordinates>
      </Point>
   </Placemark>
   <Placemark>
      <name>ac6fffffffffffff</name>
      <Point>
         <coordinates>
            172.090784,5.337020
         </coordinates>
      </Point>
   </Placemark>
   <Placemark>
      <name>acefffffffffffff</name>
      <Point>
         <coordinates>
            175.759661,14.299157
         </coordinates>
      </Point>
   </Placemark>
   <Placemark>
      <name>1b6fffffffffffff</name>
      <Point>
         <coordinates>
            179.517714,22.928591
         </coordinates>
      </Point>
   </Placemark>
   <Placemark>
      <name>1a2fffffffffffff</name>
      <Point>
         <coordinates>
            -175.738570,31.277487
         </coordinates>
      </Point>
   </Placemark>
   <Placemark>
      <name>1aafffffffffffff</name>
      <Point>
         <coordinates>
            -169.771118,39.232129
         </coordinates>
      </Point>
   </Placemark>
   <Placemark>
      <name>112fffffffffffff</name>
      <Point>
         <coordinates>
            -162.119557,47.344569
         </coordinates>
      </Point>
   </Placemark>
   <Placemark>
      <name>a137ffffffffffff</name>
      <Point>
         <coordinates>
            166.250711,-7.734285
         </coordinates>
      </Point>
   </Placemark>
   <Placemark>
      <name>a1b7ffffffffffff</name>
      <Point>
         <coordinates>
            171.634115,1.342177
         </coordinates>
      </Point>
   </Placemark>
   <Placemark>
      <name>ac77ffffffffffff</name>
      <Point>
         <coordinates>
            175.626755,10.554274
         </coordinates>
      </Point>
   </Placemark>
   <Placemark>
      <name>acf7ffffffffffff</name>
      <Point>
         <coordinates>
            179.347298,19.293985
         </coordinates>
      </Point>
   </Placemark>
   <Placemark>
      <name>1b77ffffffffffff</name>
      <Point>
         <coordinates>
            -176.284818,27.778836
         </coordinates>
      </Point>
   </Placemark>
   <Placemark>
      <name>1a37ffffffffffff</name>
      <Point>
         <coordinates>
            -170.645510,35.819676
         </coordinates>
      </Point>
   </Placemark>
   <Placemark>
      <name>1ab7ffffffffffff</name>
      <Point>
         <coordinates>
            -163.564499,43.887118
         </coordinates>
      </Point>
   </Placemark>
   <Placemark>
      <name>a127ffffffffffff</name>
      <Point>
         <coordinates>
            164.581545,-11.172870
         </coordinates>
      </Point>
   </Placemark>
   <Placemark>
      <name>a1a7ffffffffffff</name>
      <Point>
         <coordinates>
            170.947370,-2.682166
         </coordinates>
      </Point>
   </Placemark>
   <Placemark>
      <name>ac67ffffffffffff</name>
      <Point>
         <coordinates>
            175.289621,6.649454
         </coordinates>
      </Point>
   </Placemark>
   <Placemark>
      <name>ace7ffffffffffff</name>
      <Point>
         <coordinates>
            179.186820,15.622718
         </coordinates>
      </Point>
   </Placemark>
   <Placemark>
      <name>1b67ffffffffffff</name>
      <Point>
         <coordinates>
            -176.765180,24.230276
         </coordinates>
      </Point>
   </Placemark>
   <Placemark>
      <name>1a27ffffffffffff</name>
      <Point>
         <coordinates>
            -171.441390,32.381726
         </coordinates>
      </Point>
   </Placemark>
   <Placemark>
      <name>1aa7ffffffffffff</name>
      <Point>
         <coordinates>
            -164.843957,40.440446
         </coordinates>
      </Point>
   </Placemark>
   <Placemark>
      <name>a8dfffffffffffff</name>
      <Point>
         <coordinates>
            169.977448,-6.637126
         </coordinates>
      </Point>
   </Placemark>
   <Placemark>
      <name>ad5fffffffffffff</name>
      <Point>
         <coordinates>
            174.828195,2.673776
         </coordinates>
      </Point>
   </Placemark>
   <Placemark>
      <name>ac1fffffffffffff</name>
      <Point>
         <coordinates>
            178.921754,11.843927
         </coordinates>
      </Point>
   </Placemark>
   <Placemark>
      <name>ac9fffffffffffff</name>
      <Point>
         <coordinates>
            -177.063174,20.588374
         </coordinates>
      </Point>
   </Placemark>
   <Placemark>
      <name>1b1fffffffffffff</name>
      <Point>
         <coordinates>
            -172.173179,28.914285
         </coordinates>
      </Point>
   </Placemark>
   <Placemark>
      <name>1b9fffffffffffff</name>
      <Point>
         <coordinates>
            -165.985154,36.987441
         </coordinates>
      </Point>
   </Placemark>
   <Placemark>
      <name>185fffffffffffff</name>
      <Point>
         <coordinates>
            -158.156833,45.134247
         </coordinates>
      </Point>
   </Placemark>
   <Placemark>
      <name>a8cfffffffffffff</name>
      <Point>
         <coordinates>
            168.559139,-10.303766
         </coordinates>
      </Point>
   </Placemark>
   <Placemark>
      <name>ad4fffffffffffff</name>
      <Point>
         <coordinates>
            174.211389,-1.338810
         </coordinates>
      </Point>
   </Placemark>
   <Placemark>
      <name>ac0fffffffffffff</name>
      <Point>
         <coordinates>
            178.519927,7.946989
         </coordinates>
      </Point>
   </Placemark>
   <Placemark>
      <name>ac8fffffffffffff</name>
      <Point>
         <coordinates>
            -177.338068,16.911124
         </coordinates>
      </Point>
   </Placemark>
   <Placemark>
      <name>1b0fffffffffffff</name>
      <Point>
         <coordinates>
            -172.852506,25.413616
         </coordinates>
      </Point>
   </Placemark>
   <Placemark>
      <name>1b8fffffffffffff</name>
      <Point>
         <coordinates>
            -167.012253,33.517911
         </coordinates>
      </Point>
   </Placemark>
   <Placemark>
      <name>184fffffffffffff</name>
      <Point>
         <coordinates>
            -159.750052,41.667554
         </coordinates>
      </Point>
   </Placemark>
   <Placemark>
      <name>a857ffffffffffff</name>
      <Point>
         <coordinates>
            166.926222,-13.772706
         </coordinates>
      </Point>
   </Placemark>
   <Placemark>
      <name>a8d7ffffffffffff</name>
      <Point>
         <coordinates>
            173.403427,-5.335687
         </coordinates>
      </Point>
   </Placemark>
   <Placemark>
      <name>ad57ffffffffffff</name>
      <Point>
         <coordinates>
            178.036683,3.992070
         </coordinates>
      </Point>
   </Placemark>
   <Placemark>
      <name>ac17ffffffffffff</name>
      <Point>
         <coordinates>
            -177.740068,13.109297
         </coordinates>
      </Point>
   </Placemark>
   <Placemark>
      <name>ac97ffffffffffff</name>
      <Point>
         <coordinates>
            -173.407162,21.836487
         </coordinates>
      </Point>
   </Placemark>
   <Placemark>
      <name>1b17ffffffffffff</name>
      <Point>
         <coordinates>
            -167.945143,30.024791
         </coordinates>
      </Point>
   </Placemark>
   <Placemark>
      <name>1b97ffffffffffff</name>
      <Point>
         <coordinates>
            -161.171110,38.209991
         </coordinates>
      </Point>
   </Placemark>
   <Placemark>
      <name>a847ffffffffffff</name>
      <Point>
         <coordinates>
            165.205063,-17.132288
         </coordinates>
      </Point>
   </Placemark>
   <Placemark>
      <name>a8c7ffffffffffff</name>
      <Point>
         <coordinates>
            172.365536,-9.242056
         </coordinates>
      </Point>
   </Placemark>
   <Placemark>
      <name>ad47ffffffffffff</name>
      <Point>
         <coordinates>
            177.449790,0.000000
         </coordinates>
      </Point>
   </Placemark>
   <Placemark>
      <name>ac07ffffffffffff</name>
      <Point>
         <coordinates>
            -178.211724,9.226287
         </coordinates>
      </Point>
   </Placemark>
   <Placemark>
      <name>ac87ffffffffffff</name>
      <Point>
         <coordinates>
            -173.804829,18.162537
         </coordinates>
      </Point>
   </Placemark>
   <Placemark>
      <name>1b07ffffffffffff</name>
      <Point>
         <coordinates>
            -168.800000,26.502470
         </coordinates>
      </Point>
   </Placemark>
   <Placemark>
      <name>1b87ffffffffffff</name>
      <Point>
         <coordinates>
            -162.444930,34.745844
         </coordinates>
      </Point>
   </Placemark>
   <Placemark>
      <name>a8efffffffffffff</name>
      <Point>
         <coordinates>
            170.913595,-12.865403
         </coordinates>
      </Point>
   </Placemark>
   <Placemark>
      <name>ad6fffffffffffff</name>
      <Point>
         <coordinates>
            176.733517,-3.998192
         </coordinates>
      </Point>
   </Placemark>
   <Placemark>
      <name>ac2fffffffffffff</name>
      <Point>
         <coordinates>
            -178.730049,5.294382
         </coordinates>
      </Point>
   </Placemark>
   <Placemark>
      <name>acafffffffffffff</name>
      <Point>
         <coordinates>
            -174.350384,14.347423
         </coordinates>
      </Point>
   </Placemark>
   <Placemark>
      <name>1b2fffffffffffff</name>
      <Point>
         <coordinates>
            -169.590422,22.990690
         </coordinates>
      </Point>
   </Placemark>
   <Placemark>
      <name>1bafffffffffffff</name>
      <Point>
         <coordinates>
            -163.594742,31.264825
         </coordinates>
      </Point>
   </Placemark>
   <Placemark>
      <name>186fffffffffffff</name>
      <Point>
         <coordinates>
            -156.223009,39.354203
         </coordinates>
      </Point>
   </Placemark>
   <Placemark>
      <name>a877ffffffffffff</name>
      <Point>
         <coordinates>
            169.320833,-16.358189
         </coordinates>
      </Point>
   </Placemark>
   <Placemark>
      <name>a8f7ffffffffffff</name>
      <Point>
         <coordinates>
            175.858733,-7.959291
         </coordinates>
      </Point>
   </Placemark>
   <Placemark>
      <name>ad77ffffffffffff</name>
      <Point>
         <coordinates>
            -179.312481,1.327102
         </coordinates>
      </Point>
   </Placemark>
   <Placemark>
      <name>ac37ffffffffffff</name>
      <Point>
         <coordinates>
            -174.898602,10.483809
         </coordinates>
      </Point>
   </Placemark>
   <Placemark>
      <name>acb7ffffffffffff</name>
      <Point>
         <coordinates>
            -170.244563,19.350950
         </coordinates>
      </Point>
   </Placemark>
   <Placemark>
      <name>1b37ffffffffffff</name>
      <Point>
         <coordinates>
            -164.640387,27.759407
         </coordinates>
      </Point>
   </Placemark>
   <Placemark>
      <name>1bb7ffffffffffff</name>
      <Point>
         <coordinates>
            -157.750412,35.898134
         </coordinates>
      </Point>
   </Placemark>
   <Placemark>
      <name>a867ffffffffffff</name>
      <Point>
         <coordinates>
            167.644109,-19.762730
         </coordinates>
      </Point>
   </Placemark>
   <Placemark>
      <name>a8e7ffffffffffff</name>
      <Point>
         <coordinates>
            174.757616,-11.802061
         </coordinates>
      </Point>
   </Placemark>
   <Placemark>
      <name>ad67ffffffffffff</name>
      <Point>
         <coordinates>
            -179.978803,-2.655984
         </coordinates>
      </Point>
   </Placemark>
   <Placemark>
      <name>ac27ffffffffffff</name>
      <Point>
         <coordinates>
            -175.463533,6.577761
         </coordinates>
      </Point>
   </Placemark>
   <Placemark>
      <name>aca7ffffffffffff</name>
      <Point>
         <coordinates>
            -170.901262,15.554611
         </coordinates>
      </Point>
   </Placemark>
   <Placemark>
      <name>1b27ffffffffffff</name>
      <Point>
         <coordinates>
            -165.598424,24.223466
         </coordinates>
      </Point>
   </Placemark>
   <Placemark>
      <name>1ba7ffffffffffff</name>
      <Point>
         <coordinates>
            -159.125999,32.431349
         </coordinates>
      </Point>
   </Placemark>
   <Placemark>
      <name>a81fffffffffffff</name>
      <Point>
         <coordinates>
            173.327049,-15.416635
         </coordinates>
      </Point>
   </Placemark>
   <Placemark>
      <name>a89fffffffffffff</name>
      <Point>
         <coordinates>
            179.248509,-6.628110
         </coordinates>
      </Point>
   </Placemark>
   <Placemark>
      <name>ad1fffffffffffff</name>
      <Point>
         <coordinates>
            -176.060094,2.638456
         </coordinates>
      </Point>
   </Placemark>
   <Placemark>
      <name>ad9fffffffffffff</name>
      <Point>
         <coordinates>
            -171.533806,11.715774
         </coordinates>
      </Point>
   </Placemark>
   <Placemark>
      <name>665fffffffffffff</name>
      <Point>
         <coordinates>
            -166.566088,20.608188
         </coordinates>
      </Point>
   </Placemark>
   <Placemark>
      <name>66dfffffffffffff</name>
      <Point>
         <coordinates>
            -160.371873,28.944549
         </coordinates>
      </Point>
   </Placemark>
   <Placemark>
      <name>195fffffffffffff</name>
      <Point>
         <coordinates>
            -152.947111,36.939761
         </coordinates>
      </Point>
   </Placemark>
   <Placemark>
      <name>a80fffffffffffff</name>
      <Point>
         <coordinates>
            171.781019,-18.930206
         </coordinates>
      </Point>
   </Placemark>
   <Placemark>
      <name>a88fffffffffffff</name>
      <Point>
         <coordinates>
            178.344166,-10.554280
         </coordinates>
      </Point>
   </Placemark>
   <Placemark>
      <name>ad0fffffffffffff</name>
      <Point>
         <coordinates>
            -176.704554,-1.321145
         </coordinates>
      </Point>
   </Placemark>
   <Placemark>
      <name>ad8fffffffffffff</name>
      <Point>
         <coordinates>
            -172.156018,7.838964
         </coordinates>
      </Point>
   </Placemark>
   <Placemark>
      <name>664fffffffffffff</name>
      <Point>
         <coordinates>
            -167.385647,16.812436
         </coordinates>
      </Point>
   </Placemark>
   <Placemark>
      <name>66cfffffffffffff</name>
      <Point>
         <coordinates>
            -161.507269,25.430544
         </coordinates>
      </Point>
   </Placemark>
   <Placemark>
      <name>194fffffffffffff</name>
      <Point>
         <coordinates>
            -154.552574,33.493686
         </coordinates>
      </Point>
   </Placemark>
   <Placemark>
      <name>a957ffffffffffff</name>
      <Point>
         <coordinates>
            170.156502,-22.372938
         </coordinates>
      </Point>
   </Placemark>
   <Placemark>
      <name>a817ffffffffffff</name>
      <Point>
         <coordinates>
            177.207366,-14.342900
         </coordinates>
      </Point>
   </Placemark>
   <Placemark>
      <name>a897ffffffffffff</name>
      <Point>
         <coordinates>
            -177.414998,-5.283594
         </coordinates>
      </Point>
   </Placemark>
   <Placemark>
      <name>ad17ffffffffffff</name>
      <Point>
         <coordinates>
            -172.781709,3.930715
         </coordinates>
      </Point>
   </Placemark>
   <Placemark>
      <name>ad97ffffffffffff</name>
      <Point>
         <coordinates>
            -168.110798,12.955078
         </coordinates>
      </Point>
   </Placemark>
   <Placemark>
      <name>6657ffffffffffff</name>
      <Point>
         <coordinates>
            -162.668148,21.829427
         </coordinates>
      </Point>
   </Placemark>
   <Placemark>
      <name>66d7ffffffffffff</name>
      <Point>
         <coordinates>
            -156.004626,30.030850
         </coordinates>
      </Point>
   </Placemark>
   <Placemark>
      <name>a947ffffffffffff</name>
      <Point>
         <coordinates>
            168.465483,-25.767021
         </coordinates>
      </Point>
   </Placemark>
   <Placemark>
      <name>a807ffffffffffff</name>
      <Point>
         <coordinates>
            175.813489,-17.954461
         </coordinates>
      </Point>
   </Placemark>
   <Placemark>
      <name>a887ffffffffffff</name>
      <Point>
         <coordinates>
            -178.211724,-9.226287
         </coordinates>
      </Point>
   </Placemark>
   <Placemark>
      <name>ad07ffffffffffff</name>
      <Point>
         <coordinates>
            -173.425180,0.000000
         </coordinates>
      </Point>
   </Placemark>
   <Placemark>
      <name>ad87ffffffffffff</name>
      <Point>
         <coordinates>
            -168.800000,9.074451
         </coordinates>
      </Point>
   </Placemark>
   <Placemark>
      <name>6647ffffffffffff</name>
      <Point>
         <coordinates>
            -163.795171,18.162537
         </coordinates>
      </Point>
   </Placemark>
   <Placemark>
      <name>66c7ffffffffffff</name>
      <Point>
         <coordinates>
            -157.324158,26.543198
         </coordinates>
      </Point>
   </Placemark>
   <Placemark>
      <name>a82fffffffffffff</name>
      <Point>
         <coordinates>
            174.323011,-21.487238
         </coordinates>
      </Point>
   </Placemark>
   <Placemark>
      <name>a8afffffffffffff</name>
      <Point>
         <coordinates>
            -179.117517,-13.120872
         </coordinates>
      </Point>
   </Placemark>
   <Placemark>
      <name>ad2fffffffffffff</name>
      <Point>
         <coordinates>
            -174.101709,-3.941323
         </coordinates>
      </Point>
   </Placemark>
   <Placemark>
      <name>adafffffffffffff</name>
      <Point>
         <coordinates>
            -169.467812,5.200585
         </coordinates>
      </Point>
   </Placemark>
   <Placemark>
      <name>666fffffffffffff</name>
      <Point>
         <coordinates>
            -164.636510,14.320984
         </coordinates>
      </Point>
   </Placemark>
   <Placemark>
      <name>66efffffffffffff</name>
      <Point>
         <coordinates>
            -158.667920,22.974890
         </coordinates>
      </Point>
   </Placemark>
   <Placemark>
      <name>196fffffffffffff</name>
      <Point>
         <coordinates>
            -151.551245,30.994353
         </coordinates>
      </Point>
   </Placemark>
   <Placemark>
      <name>a977ffffffffffff</name>
      <Point>
         <coordinates>
            172.760573,-24.963949
         </coordinates>
      </Point>
   </Placemark>
   <Placemark>
      <name>a837ffffffffffff</name>
      <Point>
         <coordinates>
            179.731292,-16.863198
         </coordinates>
      </Point>
   </Placemark>
   <Placemark>
      <name>a8b7ffffffffffff</name>
      <Point>
         <coordinates>
            -174.828020,-7.878059
         </coordinates>
      </Point>
   </Placemark>
   <Placemark>
      <name>ad37ffffffffffff</name>
      <Point>
         <coordinates>
            -170.127050,1.303047
         </coordinates>
      </Point>
   </Placemark>
   <Placemark>
      <name>adb7ffffffffffff</name>
      <Point>
         <coordinates>
            -165.406752,10.436250
         </coordinates>
      </Point>
   </Placemark>
   <Placemark>
      <name>6677ffffffffffff</name>
      <Point>
         <coordinates>
            -159.945796,19.360071
         </coordinates>
      </Point>
   </Placemark>
   <Placemark>
      <name>66f7ffffffffffff</name>
      <Point>
         <coordinates>
            -153.076357,27.534086
         </coordinates>
      </Point>
   </Placemark>
   <Placemark>
      <name>a967ffffffffffff</name>
      <Point>
         <coordinates>
            171.133435,-28.402191
         </coordinates>
      </Point>
   </Placemark>
   <Placemark>
      <name>a827ffffffffffff</name>
      <Point>
         <coordinates>
            178.388178,-20.475312
         </coordinates>
      </Point>
   </Placemark>
   <Placemark>
      <name>a8a7ffffffffffff</name>
      <Point>
         <coordinates>
            -175.622729,-11.791255
         </coordinates>
      </Point>
   </Placemark>
   <Placemark>
      <name>ad27ffffffffffff</name>
      <Point>
         <coordinates>
            -170.791312,-2.609755
         </coordinates>
      </Point>
   </Placemark>
   <Placemark>
      <name>ada7ffffffffffff</name>
      <Point>
         <coordinates>
            -166.125109,6.527218
         </coordinates>
      </Point>
   </Placemark>
   <Placemark>
      <name>6667ffffffffffff</name>
      <Point>
         <coordinates>
            -161.093270,15.657833
         </coordinates>
      </Point>
   </Placemark>
   <Placemark>
      <name>66e7ffffffffffff</name>
      <Point>
         <coordinates>
            -154.564303,24.026307
         </coordinates>
      </Point>
   </Placemark>
   <Placemark>
      <name>a91fffffffffffff</name>
      <Point>
         <coordinates>
            176.964303,-24.026307
         </coordinates>
      </Point>
   </Placemark>
   <Placemark>
      <name>a99fffffffffffff</name>
      <Point>
         <coordinates>
            -176.506730,-15.657833
         </coordinates>
      </Point>
   </Placemark>
   <Placemark>
      <name>625fffffffffffff</name>
      <Point>
         <coordinates>
            -171.474891,-6.527218
         </coordinates>
      </Point>
   </Placemark>
   <Placemark>
      <name>62dfffffffffffff</name>
      <Point>
         <coordinates>
            -166.808688,2.609755
         </coordinates>
      </Point>
   </Placemark>
   <Placemark>
      <name>675fffffffffffff</name>
      <Point>
         <coordinates>
            -161.977271,11.791255
         </coordinates>
      </Point>
   </Placemark>
   <Placemark>
      <name>661fffffffffffff</name>
      <Point>
         <coordinates>
            -155.988178,20.475312
         </coordinates>
      </Point>
   </Placemark>
   <Placemark>
      <name>669fffffffffffff</name>
      <Point>
         <coordinates>
            -148.733435,28.402191
         </coordinates>
      </Point>
   </Placemark>
   <Placemark>
      <name>a90fffffffffffff</name>
      <Point>
         <coordinates>
            175.476357,-27.534086
         </coordinates>
      </Point>
   </Placemark>
   <Placemark>
      <name>a98fffffffffffff</name>
      <Point>
         <coordinates>
            -177.654204,-19.360071
         </coordinates>
      </Point>
   </Placemark>
   <Placemark>
      <name>624fffffffffffff</name>
      <Point>
         <coordinates>
            -172.193248,-10.436250
         </coordinates>
      </Point>
   </Placemark>
   <Placemark>
      <name>62cfffffffffffff</name>
      <Point>
         <coordinates>
            -167.472950,-1.303047
         </coordinates>
      </Point>
   </Placemark>
   <Placemark>
      <name>674fffffffffffff</name>
      <Point>
         <coordinates>
            -162.771980,7.878059
         </coordinates>
      </Point>
   </Placemark>
   <Placemark>
      <name>660fffffffffffff</name>
      <Point>
         <coordinates>
            -157.331292,16.863198
         </coordinates>
      </Point>
   </Placemark>
   <Placemark>
      <name>668fffffffffffff</name>
      <Point>
         <coordinates>
            -150.360573,24.963949
         </coordinates>
      </Point>
   </Placemark>
   <Placemark>
      <name>b697ffffffffffff</name>
      <Point>
         <coordinates>
            173.951245,-30.994353
         </coordinates>
      </Point>
   </Placemark>
   <Placemark>
      <name>a917ffffffffffff</name>
      <Point>
         <coordinates>
            -178.932080,-22.974890
         </coordinates>
      </Point>
   </Placemark>
   <Placemark>
      <name>a997ffffffffffff</name>
      <Point>
         <coordinates>
            -172.963490,-14.320984
         </coordinates>
      </Point>
   </Placemark>
   <Placemark>
      <name>6257ffffffffffff</name>
      <Point>
         <coordinates>
            -168.132188,-5.200585
         </coordinates>
      </Point>
   </Placemark>
   <Placemark>
      <name>62d7ffffffffffff</name>
      <Point>
         <coordinates>
            -163.498291,3.941323
         </coordinates>
      </Point>
   </Placemark>
   <Placemark>
      <name>6757ffffffffffff</name>
      <Point>
         <coordinates>
            -158.482483,13.120872
         </coordinates>
      </Point>
   </Placemark>
   <Placemark>
      <name>6617ffffffffffff</name>
      <Point>
         <coordinates>
            -151.923011,21.487238
         </coordinates>
      </Point>
   </Placemark>
   <Placemark>
      <name>b687ffffffffffff</name>
      <Point>
         <coordinates>
            172.290998,-34.425289
         </coordinates>
      </Point>
   </Placemark>
   <Placemark>
      <name>a907ffffffffffff</name>
      <Point>
         <coordinates>
            179.724158,-26.543198
         </coordinates>
      </Point>
   </Placemark>
   <Placemark>
      <name>a987ffffffffffff</name>
      <Point>
         <coordinates>
            -173.804829,-18.162537
         </coordinates>
      </Point>
   </Placemark>
   <Placemark>
      <name>6247ffffffffffff</name>
      <Point>
         <coordinates>
            -168.800000,-9.074451
         </coordinates>
      </Point>
   </Placemark>
   <Placemark>
      <name>62c7ffffffffffff</name>
      <Point>
         <coordinates>
            -164.174820,0.000000
         </coordinates>
      </Point>
   </Placemark>
   <Placemark>
      <name>6747ffffffffffff</name>
      <Point>
         <coordinates>
            -159.388276,9.226287
         </coordinates>
      </Point>
   </Placemark>
   <Placemark>
      <name>6607ffffffffffff</name>
      <Point>
         <coordinates>
            -153.413489,17.954461
         </coordinates>
      </Point>
   </Placemark>
   <Placemark>
      <name>a92fffffffffffff</name>
      <Point>
         <coordinates>
            178.404626,-30.030850
         </coordinates>
      </Point>
   </Placemark>
   <Placemark>
      <name>a9afffffffffffff</name>
      <Point>
         <coordinates>
            -174.931852,-21.829427
         </coordinates>
      </Point>
   </Placemark>
   <Placemark>
      <name>626fffffffffffff</name>
      <Point>
         <coordinates>
            -169.489202,-12.955078
         </coordinates>
      </Point>
   </Placemark>
   <Placemark>
      <name>62efffffffffffff</name>
      <Point>
         <coordinates>
            -164.818291,-3.930715
         </coordinates>
      </Point>
   </Placemark>
   <Placemark>
      <name>676fffffffffffff</name>
      <Point>
         <coordinates>
            -160.185002,5.283594
         </coordinates>
      </Point>
   </Placemark>
   <Placemark>
      <name>662fffffffffffff</name>
      <Point>
         <coordinates>
            -154.807366,14.342900
         </coordinates>
      </Point>
   </Placemark>
   <Placemark>
      <name>66afffffffffffff</name>
      <Point>
         <coordinates>
            -147.756502,22.372938
         </coordinates>
      </Point>
   </Placemark>
   <Placemark>
      <name>b6b7ffffffffffff</name>
      <Point>
         <coordinates>
            176.952574,-33.493686
         </coordinates>
      </Point>
   </Placemark>
   <Placemark>
      <name>a937ffffffffffff</name>
      <Point>
         <coordinates>
            -176.092731,-25.430544
         </coordinates>
      </Point>
   </Placemark>
   <Placemark>
      <name>a9b7ffffffffffff</name>
      <Point>
         <coordinates>
            -170.214353,-16.812436
         </coordinates>
      </Point>
   </Placemark>
   <Placemark>
      <name>6277ffffffffffff</name>
      <Point>
         <coordinates>
            -165.443982,-7.838964
         </coordinates>
      </Point>
   </Placemark>
   <Placemark>
      <name>62f7ffffffffffff</name>
      <Point>
         <coordinates>
            -160.895446,1.321145
         </coordinates>
      </Point>
   </Placemark>
   <Placemark>
      <name>6777ffffffffffff</name>
      <Point>
         <coordinates>
            -155.944166,10.554280
         </coordinates>
      </Point>
   </Placemark>
   <Placemark>
      <name>6637ffffffffffff</name>
      <Point>
         <coordinates>
            -149.381019,18.930206
         </coordinates>
      </Point>
   </Placemark>
   <Placemark>
      <name>b6a7ffffffffffff</name>
      <Point>
         <coordinates>
            175.347111,-36.939761
         </coordinates>
      </Point>
   </Placemark>
   <Placemark>
      <name>a927ffffffffffff</name>
      <Point>
         <coordinates>
            -177.228127,-28.944549
         </coordinates>
      </Point>
   </Placemark>
   <Placemark>
      <name>a9a7ffffffffffff</name>
      <Point>
         <coordinates>
            -171.033912,-20.608188
         </coordinates>
      </Point>
   </Placemark>
   <Placemark>
      <name>6267ffffffffffff</name>
      <Point>
         <coordinates>
            -166.066194,-11.715774
         </coordinates>
      </Point>
   </Placemark>
   <Placemark>
      <name>62e7ffffffffffff</name>
      <Point>
         <coordinates>
            -161.539906,-2.638456
         </coordinates>
      </Point>
   </Placemark>
   <Placemark>
      <name>6767ffffffffffff</name>
      <Point>
         <coordinates>
            -156.848509,6.628110
         </coordinates>
      </Point>
   </Placemark>
   <Placemark>
      <name>6627ffffffffffff</name>
      <Point>
         <coordinates>
            -150.927049,15.416635
         </coordinates>
      </Point>
   </Placemark>
   <Placemark>
      <name>b45fffffffffffff</name>
      <Point>
         <coordinates>
            -178.474001,-32.431349
         </coordinates>
      </Point>
   </Placemark>
   <Placemark>
      <name>b4dfffffffffffff</name>
      <Point>
         <coordinates>
            -172.001576,-24.223466
         </coordinates>
      </Point>
   </Placemark>
   <Placemark>
      <name>635fffffffffffff</name>
      <Point>
         <coordinates>
            -166.698738,-15.554611
         </coordinates>
      </Point>
   </Placemark>
   <Placemark>
      <name>621fffffffffffff</name>
      <Point>
         <coordinates>
            -162.136467,-6.577761
         </coordinates>
      </Point>
   </Placemark>
   <Placemark>
      <name>629fffffffffffff</name>
      <Point>
         <coordinates>
            -157.621197,2.655984
         </coordinates>
      </Point>
   </Placemark>
   <Placemark>
      <name>671fffffffffffff</name>
      <Point>
         <coordinates>
            -152.357616,11.802061
         </coordinates>
      </Point>
   </Placemark>
   <Placemark>
      <name>679fffffffffffff</name>
      <Point>
         <coordinates>
            -145.244109,19.762730
         </coordinates>
      </Point>
   </Placemark>
   <Placemark>
      <name>b44fffffffffffff</name>
      <Point>
         <coordinates>
            -179.849588,-35.898134
         </coordinates>
      </Point>
   </Placemark>
   <Placemark>
      <name>b4cfffffffffffff</name>
      <Point>
         <coordinates>
            -172.959613,-27.759407
         </coordinates>
      </Point>
   </Placemark>
   <Placemark>
      <name>634fffffffffffff</name>
      <Point>
         <coordinates>
            -167.355437,-19.350950
         </coordinates>
      </Point>
   </Placemark>
   <Placemark>
      <name>620fffffffffffff</name>
      <Point>
         <coordinates>
            -162.701398,-10.483809
         </coordinates>
      </Point>
   </Placemark>
   <Placemark>
      <name>628fffffffffffff</name>
      <Point>
         <coordinates>
            -158.287519,-1.327102
         </coordinates>
      </Point>
   </Placemark>
   <Placemark>
      <name>670fffffffffffff</name>
      <Point>
         <coordinates>
            -153.458733,7.959291
         </coordinates>
      </Point>
   </Placemark>
   <Placemark>
      <name>678fffffffffffff</name>
      <Point>
         <coordinates>
            -146.920833,16.358189
         </coordinates>
      </Point>
   </Placemark>
   <Placemark>
      <name>b797ffffffffffff</name>
      <Point>
         <coordinates>
            178.623009,-39.354203
         </coordinates>
      </Point>
   </Placemark>
   <Placemark>
      <name>b457ffffffffffff</name>
      <Point>
         <coordinates>
            -174.005258,-31.264825
         </coordinates>
      </Point>
   </Placemark>
   <Placemark>
      <name>b4d7ffffffffffff</name>
      <Point>
         <coordinates>
            -168.009578,-22.990690
         </coordinates>
      </Point>
   </Placemark>
   <Placemark>
      <name>6357ffffffffffff</name>
      <Point>
         <coordinates>
            -163.249616,-14.347423
         </coordinates>
      </Point>
   </Placemark>
   <Placemark>
      <name>6217ffffffffffff</name>
      <Point>
         <coordinates>
            -158.869951,-5.294382
         </coordinates>
      </Point>
   </Placemark>
   <Placemark>
      <name>6297ffffffffffff</name>
      <Point>
         <coordinates>
            -154.333517,3.998192
         </coordinates>
      </Point>
   </Placemark>
   <Placemark>
      <name>6717ffffffffffff</name>
      <Point>
         <coordinates>
            -148.513595,12.865403
         </coordinates>
      </Point>
   </Placemark>
   <Placemark>
      <name>b787ffffffffffff</name>
      <Point>
         <coordinates>
            176.920207,-42.812762
         </coordinates>
      </Point>
   </Placemark>
   <Placemark>
      <name>b447ffffffffffff</name>
      <Point>
         <coordinates>
            -175.155070,-34.745844
         </coordinates>
      </Point>
   </Placemark>
   <Placemark>
      <name>b4c7ffffffffffff</name>
      <Point>
         <coordinates>
            -168.800000,-26.502470
         </coordinates>
      </Point>
   </Placemark>
   <Placemark>
      <name>6347ffffffffffff</name>
      <Point>
         <coordinates>
            -163.795171,-18.162537
         </coordinates>
      </Point>
   </Placemark>
   <Placemark>
      <name>6207ffffffffffff</name>
      <Point>
         <coordinates>
            -159.388276,-9.226287
         </coordinates>
      </Point>
   </Placemark>
   <Placemark>
      <name>6287ffffffffffff</name>
      <Point>
         <coordinates>
            -155.049790,0.000000
         </coordinates>
      </Point>
   </Placemark>
   <Placemark>
      <name>6707ffffffffffff</name>
      <Point>
         <coordinates>
            -149.965536,9.242056
         </coordinates>
      </Point>
   </Placemark>
   <Placemark>
      <name>b46fffffffffffff</name>
      <Point>
         <coordinates>
            -176.428890,-38.209991
         </coordinates>
      </Point>
   </Placemark>
   <Placemark>
      <name>b4efffffffffffff</name>
      <Point>
         <coordinates>
            -169.654857,-30.024791
         </coordinates>
      </Point>
   </Placemark>
   <Placemark>
      <name>636fffffffffffff</name>
      <Point>
         <coordinates>
            -164.192838,-21.836487
         </coordinates>
      </Point>
   </Placemark>
   <Placemark>
      <name>622fffffffffffff</name>
      <Point>
         <coordinates>
            -159.859932,-13.109297
         </coordinates>
      </Point>
   </Placemark>
   <Placemark>
      <name>62afffffffffffff</name>
      <Point>
         <coordinates>
            -155.636683,-3.992070
         </coordinates>
      </Point>
   </Placemark>
   <Placemark>
      <name>672fffffffffffff</name>
      <Point>
         <coordinates>
            -151.003427,5.335687
         </coordinates>
      </Point>
   </Placemark>
   <Placemark>
      <name>67afffffffffffff</name>
      <Point>
         <coordinates>
            -144.526222,13.772706
         </coordinates>
      </Point>
   </Placemark>
   <Placemark>
      <name>b7b7ffffffffffff</name>
      <Point>
         <coordinates>
            -177.849948,-41.667554
         </coordinates>
      </Point>
   </Placemark>
   <Placemark>
      <name>b477ffffffffffff</name>
      <Point>
         <coordinates>
            -170.587747,-33.517911
         </coordinates>
      </Point>
   </Placemark>
   <Placemark>
      <name>b4f7ffffffffffff</name>
      <Point>
         <coordinates>
            -164.747494,-25.413616
         </coordinates>
      </Point>
   </Placemark>
   <Placemark>
      <name>6377ffffffffffff</name>
      <Point>
         <coordinates>
            -160.261932,-16.911124
         </coordinates>
      </Point>
   </Placemark>
   <Placemark>
      <name>6237ffffffffffff</name>
      <Point>
         <coordinates>
            -156.119927,-7.946989
         </coordinates>
      </Point>
   </Placemark>
   <Placemark>
      <name>62b7ffffffffffff</name>
      <Point>
         <coordinates>
            -151.811389,1.338810
         </coordinates>
      </Point>
   </Placemark>
   <Placemark>
      <name>6737ffffffffffff</name>
      <Point>
         <coordinates>
            -146.159139,10.303766
         </coordinates>
      </Point>
   </Placemark>
   <Placemark>
      <name>b7a7ffffffffffff</name>
      <Point>
         <coordinates>
            -179.443167,-45.134247
         </coordinates>
      </Point>
   </Placemark>
   <Placemark>
      <name>b467ffffffffffff</name>
      <Point>
         <coordinates>
            -171.614846,-36.987441
         </coordinates>
      </Point>
   </Placemark>
   <Placemark>
      <name>b4e7ffffffffffff</name>
      <Point>
         <coordinates>
            -165.426821,-28.914285
         </coordinates>
      </Point>
   </Placemark>
   <Placemark>
      <name>6367ffffffffffff</name>
      <Point>
         <coordinates>
            -160.536826,-20.588374
         </coordinates>
      </Point>
   </Placemark>
   <Placemark>
      <name>6227ffffffffffff</name>
      <Point>
         <coordinates>
            -156.521754,-11.843927
         </coordinates>
      </Point>
   </Placemark>
   <Placemark>
      <name>62a7ffffffffffff</name>
      <Point>
         <coordinates>
            -152.428195,-2.673776
         </coordinates>
      </Point>
   </Placemark>
   <Placemark>
      <name>6727ffffffffffff</name>
      <Point>
         <coordinates>
            -147.577448,6.637126
         </coordinates>
      </Point>
   </Placemark>
   <Placemark>
      <name>b55fffffffffffff</name>
      <Point>
         <coordinates>
            -172.756043,-40.440446
         </coordinates>
      </Point>
   </Placemark>
   <Placemark>
      <name>b41fffffffffffff</name>
      <Point>
         <coordinates>
            -166.158610,-32.381726
         </coordinates>
      </Point>
   </Placemark>
   <Placemark>
      <name>b49fffffffffffff</name>
      <Point>
         <coordinates>
            -160.834820,-24.230276
         </coordinates>
      </Point>
   </Placemark>
   <Placemark>
      <name>631fffffffffffff</name>
      <Point>
         <coordinates>
            -156.786820,-15.622718
         </coordinates>
      </Point>
   </Placemark>
   <Placemark>
      <name>639fffffffffffff</name>
      <Point>
         <coordinates>
            -152.889621,-6.649454
         </coordinates>
      </Point>
   </Placemark>
   <Placemark>
      <name>605fffffffffffff</name>
      <Point>
         <coordinates>
            -148.547370,2.682166
         </coordinates>
      </Point>
   </Placemark>
   <Placemark>
      <name>60dfffffffffffff</name>
      <Point>
         <coordinates>
            -142.181545,11.172870
         </coordinates>
      </Point>
   </Placemark>
   <Placemark>
      <name>b54fffffffffffff</name>
      <Point>
         <coordinates>
            -174.035501,-43.887118
         </coordinates>
      </Point>
   </Placemark>
   <Placemark>
      <name>b40fffffffffffff</name>
      <Point>
         <coordinates>
            -166.954490,-35.819676
         </coordinates>
      </Point>
   </Placemark>
   <Placemark>
      <name>b48fffffffffffff</name>
      <Point>
         <coordinates>
            -161.315182,-27.778836
         </coordinates>
      </Point>
   </Placemark>
   <Placemark>
      <name>630fffffffffffff</name>
      <Point>
         <coordinates>
            -156.947298,-19.293985
         </coordinates>
      </Point>
   </Placemark>
   <Placemark>
      <name>638fffffffffffff</name>
      <Point>
         <coordinates>
            -153.226755,-10.554274
         </coordinates>
      </Point>
   </Placemark>
   <Placemark>
      <name>604fffffffffffff</name>
      <Point>
         <coordinates>
            -149.234115,-1.342177
         </coordinates>
      </Point>
   </Placemark>
   <Placemark>
      <name>60cfffffffffffff</name>
      <Point>
         <coordinates>
            -143.850711,7.734285
         </coordinates>
      </Point>
   </Placemark>
   <Placemark>
      <name>b0d7ffffffffffff</name>
      <Point>
         <coordinates>
            -175.480443,-47.344569
         </coordinates>
      </Point>
   </Placemark>
   <Placemark>
      <name>b557ffffffffffff</name>
      <Point>
         <coordinates>
            -167.828882,-39.232129
         </coordinates>
      </Point>
   </Placemark>
   <Placemark>
      <name>b417ffffffffffff</name>
      <Point>
         <coordinates>
            -161.861430,-31.277487
         </coordinates>
      </Point>
   </Placemark>
   <Placemark>
      <name>b497ffffffffffff</name>
      <Point>
         <coordinates>
            -157.117714,-22.928591
         </coordinates>
      </Point>
   </Placemark>
   <Placemark>
      <name>6317ffffffffffff</name>
      <Point>
         <coordinates>
            -153.359661,-14.299157
         </coordinates>
      </Point>
   </Placemark>
   <Placemark>
      <name>6397ffffffffffff</name>
      <Point>
         <coordinates>
            -149.690784,-5.337020
         </coordinates>
      </Point>
   </Placemark>
   <Placemark>
      <name>6057ffffffffffff</name>
      <Point>
         <coordinates>
            -145.205417,4.008134
         </coordinates>
      </Point>
   </Placemark>
   <Placemark>
      <name>b0c7ffffffffffff</name>
      <Point>
         <coordinates>
            -177.110189,-50.846210
         </coordinates>
      </Point>
   </Placemark>
   <Placemark>
      <name>b547ffffffffffff</name>
      <Point>
         <coordinates>
            -168.800000,-42.624147
         </coordinates>
      </Point>
   </Placemark>
   <Placemark>
      <name>b407ffffffffffff</name>
      <Point>
         <coordinates>
            -162.444930,-34.745844
         </coordinates>
      </Point>
   </Placemark>
   <Placemark>
      <name>b487ffffffffffff</name>
      <Point>
         <coordinates>
            -157.324158,-26.543198
         </coordinates>
      </Point>
   </Placemark>
   <Placemark>
      <name>6307ffffffffffff</name>
      <Point>
         <coordinates>
            -153.413489,-17.954461
         </coordinates>
      </Point>
   </Placemark>
   <Placemark>
      <name>6387ffffffffffff</name>
      <Point>
         <coordinates>
            -149.965536,-9.242056
         </coordinates>
      </Point>
   </Placemark>
   <Placemark>
      <name>6047ffffffffffff</name>
      <Point>
         <coordinates>
            -146.038508,0.000000
         </coordinates>
      </Point>
   </Placemark>
   <Placemark>
      <name>b56fffffffffffff</name>
      <Point>
         <coordinates>
            -169.892023,-46.046443
         </coordinates>
      </Point>
   </Placemark>
   <Placemark>
      <name>b42fffffffffffff</name>
      <Point>
         <coordinates>
            -163.075000,-38.187078
         </coordinates>
      </Point>
   </Placemark>
   <Placemark>
      <name>b4afffffffffffff</name>
      <Point>
         <coordinates>
            -157.700890,-30.076697
         </coordinates>
      </Point>
   </Placemark>
   <Placemark>
      <name>632fffffffffffff</name>
      <Point>
         <coordinates>
            -153.467456,-21.572145
         </coordinates>
      </Point>
   </Placemark>
   <Placemark>
      <name>63afffffffffffff</name>
      <Point>
         <coordinates>
            -149.969192,-12.940122
         </coordinates>
      </Point>
   </Placemark>
   <Placemark>
      <name>606fffffffffffff</name>
      <Point>
         <coordinates>
            -146.516964,-4.012860
         </coordinates>
      </Point>
   </Placemark>
   <Placemark>
      <name>60efffffffffffff</name>
      <Point>
         <coordinates>
            -141.576135,5.159192
         </coordinates>
      </Point>
   </Placemark>
   <Placemark>
      <name>b0f7ffffffffffff</name>
      <Point>
         <coordinates>
            -171.135770,-49.469470
         </coordinates>
      </Point>
   </Placemark>
   <Placemark>
      <name>b577ffffffffffff</name>
      <Point>
         <coordinates>
            -163.763232,-41.604042
         </coordinates>
      </Point>
   </Placemark>
   <Placemark>
      <name>b437ffffffffffff</name>
      <Point>
         <coordinates>
            -158.090864,-33.581580
         </coordinates>
      </Point>
   </Placemark>
   <Placemark>
      <name>b4b7ffffffffffff</name>
      <Point>
         <coordinates>
            -153.545065,-25.170888
         </coordinates>
      </Point>
   </Placemark>
   <Placemark>
      <name>6337ffffffffffff</name>
      <Point>
         <coordinates>
            -149.923884,-16.568272
         </coordinates>
      </Point>
   </Placemark>
   <Placemark>
      <name>63b7ffffffffffff</name>
      <Point>
         <coordinates>
            -146.691022,-7.881531
         </coordinates>
      </Point>
   </Placemark>
   <Placemark>
      <name>6077ffffffffffff</name>
      <Point>
         <coordinates>
            -142.804264,1.346055
         </coordinates>
      </Point>
   </Placemark>
   <Placemark>
      <name>b0e7ffffffffffff</name>
      <Point>
         <coordinates>
            -172.561874,-52.926557
         </coordinates>
      </Point>
   </Placemark>
   <Placemark>
      <name>b567ffffffffffff</name>
      <Point>
         <coordinates>
            -164.524392,-44.999255
         </coordinates>
      </Point>
   </Placemark>
   <Placemark>
      <name>b427ffffffffffff</name>
      <Point>
         <coordinates>
            -158.499272,-37.062097
         </coordinates>
      </Point>
   </Placemark>
   <Placemark>
      <name>b4a7ffffffffffff</name>
      <Point>
         <coordinates>
            -153.678928,-28.756356
         </coordinates>
      </Point>
   </Placemark>
   <Placemark>
      <name>6327ffffffffffff</name>
      <Point>
         <coordinates>
            -149.872794,-20.159192
         </coordinates>
      </Point>
   </Placemark>
   <Placemark>
      <name>63a7ffffffffffff</name>
      <Point>
         <coordinates>
            -146.602262,-11.541340
         </coordinates>
      </Point>
   </Placemark>
   <Placemark>
      <name>6067ffffffffffff</name>
      <Point>
         <coordinates>
            -143.361818,-2.680015
         </coordinates>
      </Point>
   </Placemark>
   <Placemark>
      <name>b09fffffffffffff</name>
      <Point>
         <coordinates>
            -165.377717,-48.374853
         </coordinates>
      </Point>
   </Placemark>
   <Placemark>
      <name>b51fffffffffffff</name>
      <Point>
         <coordinates>
            -158.932556,-40.522677
         </coordinates>
      </Point>
   </Placemark>
   <Placemark>
      <name>b59fffffffffffff</name>
      <Point>
         <coordinates>
            -153.894956,-32.296202
         </coordinates>
      </Point>
   </Placemark>
   <Placemark>
      <name>694fffffffffffff</name>
      <Point>
         <coordinates>
            -149.836030,-23.733255
         </coordinates>
      </Point>
   </Placemark>
   <Placemark>
      <name>684fffffffffffff</name>
      <Point>
         <coordinates>
            -146.465992,-15.129434
         </coordinates>
      </Point>
   </Placemark>
   <Placemark>
      <name>610fffffffffffff</name>
      <Point>
         <coordinates>
            -143.423226,-6.491208
         </coordinates>
      </Point>
   </Placemark>
   <Placemark>
      <name>601fffffffffffff</name>
      <Point>
         <coordinates>
            -139.323814,2.580482
         </coordinates>
      </Point>
   </Placemark>
   <Placemark>
      <name>b08fffffffffffff</name>
      <Point>
         <coordinates>
            -166.348893,-51.732499
         </coordinates>
      </Point>
   </Placemark>
   <Placemark>
      <name>b50fffffffffffff</name>
      <Point>
         <coordinates>
            -159.399191,-43.968350
         </coordinates>
      </Point>
   </Placemark>
   <Placemark>
      <name>b58fffffffffffff</name>
      <Point>
         <coordinates>
            -154.105101,-35.814520
         </coordinates>
      </Point>
   </Placemark>
   <Placemark>
      <name>696fffffffffffff</name>
      <Point>
         <coordinates>
            -149.825205,-27.304214
         </coordinates>
      </Point>
   </Placemark>
   <Placemark>
      <name>686fffffffffffff</name>
      <Point>
         <coordinates>
            -146.322298,-18.683671
         </coordinates>
      </Point>
   </Placemark>
   <Placemark>
      <name>612fffffffffffff</name>
      <Point>
         <coordinates>
            -143.242652,-10.090073
         </coordinates>
      </Point>
   </Placemark>
   <Placemark>
      <name>600fffffffffffff</name>
      <Point>
         <coordinates>
            -140.219077,-1.341434
         </coordinates>
      </Point>
   </Placemark>
   <Placemark>
      <name>b017ffffffffffff</name>
      <Point>
         <coordinates>
            -167.473110,-55.073224
         </coordinates>
      </Point>
   </Placemark>
   <Placemark>
      <name>b097ffffffffffff</name>
      <Point>
         <coordinates>
            -159.911356,-47.405774
         </coordinates>
      </Point>
   </Placemark>
   <Placemark>
      <name>b517ffffffffffff</name>
      <Point>
         <coordinates>
            -154.312056,-39.317480
         </coordinates>
      </Point>
   </Placemark>
   <Placemark>
      <name>b597ffffffffffff</name>
      <Point>
         <coordinates>
            -149.856224,-30.874940
         </coordinates>
      </Point>
   </Placemark>
   <Placemark>
      <name>695fffffffffffff</name>
      <Point>
         <coordinates>
            -146.186404,-22.225113
         </coordinates>
      </Point>
   </Placemark>
   <Placemark>
      <name>685fffffffffffff</name>
      <Point>
         <coordinates>
            -143.026461,-13.623640
         </coordinates>
      </Point>
   </Placemark>
   <Placemark>
      <name>611fffffffffffff</name>
      <Point>
         <coordinates>
            -140.134720,-5.045986
         </coordinates>
      </Point>
   </Placemark>
   <Placemark>
      <name>b007ffffffffffff</name>
      <Point>
         <coordinates>
            -168.800000,-58.397146
         </coordinates>
      </Point>
   </Placemark>
</Folder>
</kml>
