{"type":"FeatureCollection","features":[{"type":"Feature","properties":{"name": "1"},"geometry":{"type":"Point","coordinates":[11.250000,58.282526]}},
{"type":"Feature","properties":{"name": "2"},"geometry":{"type":"Point","coordinates":[-168.750000,58.282526]}},
{"type":"Feature","properties":{"name": "3"},"geometry":{"type":"Point","coordinates":[-168.750000,67.238508]}},
{"type":"Feature","properties":{"name": "4"},"geometry":{"type":"Point","coordinates":[-168.750000,76.249790]}},
{"type":"Feature","properties":{"name": "5"},"geometry":{"type":"Point","coordinates":[-168.750000,85.374820]}},
{"type":"Feature","properties":{"name": "6"},"geometry":{"type":"Point","coordinates":[11.250000,85.374820]}},
{"type":"Feature","properties":{"name": "7"},"geometry":{"type":"Point","coordinates":[11.250000,76.249790]}},
{"type":"Feature","properties":{"name": "8"},"geometry":{"type":"Point","coordinates":[11.250000,67.238508]}},
{"type":"Feature","properties":{"name": "9"},"geometry":{"type":"Point","coordinates":[-165.695011,63.972148]}},
{"type":"Feature","properties":{"name": "10"},"geometry":{"type":"Point","coordinates":[-164.197142,72.960723]}},
{"type":"Feature","properties":{"name": "11"},"geometry":{"type":"Point","coordinates":[-159.271958,81.987457]}},
{"type":"Feature","properties":{"name": "12"},"geometry":{"type":"Point","coordinates":[-33.106299,88.144319]}},
{"type":"Feature","properties":{"name": "13"},"geometry":{"type":"Point","coordinates":[4.045631,79.405750]}},
{"type":"Feature","properties":{"name": "14"},"geometry":{"type":"Point","coordinates":[7.265811,70.390326]}},
{"type":"Feature","properties":{"name": "15"},"geometry":{"type":"Point","coordinates":[8.460227,61.390524]}},
{"type":"Feature","properties":{"name": "16"},"geometry":{"type":"Point","coordinates":[-163.540092,60.422098]}},
{"type":"Feature","properties":{"name": "17"},"geometry":{"type":"Point","coordinates":[-161.076860,69.579435]}},
{"type":"Feature","properties":{"name": "18"},"geometry":{"type":"Point","coordinates":[-155.351437,78.516617]}},
{"type":"Feature","properties":{"name": "19"},"geometry":{"type":"Point","coordinates":[-116.193745,86.726965]}},
{"type":"Feature","properties":{"name": "20"},"geometry":{"type":"Point","coordinates":[-8.701965,82.281747]}},
{"type":"Feature","properties":{"name": "21"},"geometry":{"type":"Point","coordinates":[1.883996,73.419063]}},
{"type":"Feature","properties":{"name": "22"},"geometry":{"type":"Point","coordinates":[5.058260,64.431552]}},
{"type":"Feature","properties":{"name": "23"},"geometry":{"type":"Point","coordinates":[-163.459114,56.416644]}},
{"type":"Feature","properties":{"name": "24"},"geometry":{"type":"Point","coordinates":[-158.863989,66.089417]}},
{"type":"Feature","properties":{"name": "25"},"geometry":{"type":"Point","coordinates":[-153.185440,75.007191]}},
{"type":"Feature","properties":{"name": "26"},"geometry":{"type":"Point","coordinates":[-132.163073,83.407577]}},
{"type":"Feature","properties":{"name": "27"},"geometry":{"type":"Point","coordinates":[-33.320466,84.419456]}},
{"type":"Feature","properties":{"name": "28"},"geometry":{"type":"Point","coordinates":[-5.716056,76.259954]}},
{"type":"Feature","properties":{"name": "29"},"geometry":{"type":"Point","coordinates":[0.814069,67.379646]}},
{"type":"Feature","properties":{"name": "30"},"geometry":{"type":"Point","coordinates":[-157.633872,62.332274]}},
{"type":"Feature","properties":{"name": "31"},"geometry":{"type":"Point","coordinates":[-151.829760,71.452191]}},
{"type":"Feature","properties":{"name": "32"},"geometry":{"type":"Point","coordinates":[-137.174687,79.916449]}},
{"type":"Feature","properties":{"name": "33"},"geometry":{"type":"Point","coordinates":[-71.420288,84.779759]}},
{"type":"Feature","properties":{"name": "34"},"geometry":{"type":"Point","coordinates":[-16.895648,78.770180]}},
{"type":"Feature","properties":{"name": "35"},"geometry":{"type":"Point","coordinates":[-4.609129,70.192473]}},
{"type":"Feature","properties":{"name": "36"},"geometry":{"type":"Point","coordinates":[0.865848,60.934699]}},
{"type":"Feature","properties":{"name": "37"},"geometry":{"type":"Point","coordinates":[-157.559689,58.285773]}},
{"type":"Feature","properties":{"name": "38"},"geometry":{"type":"Point","coordinates":[-151.004863,67.817988]}},
{"type":"Feature","properties":{"name": "39"},"geometry":{"type":"Point","coordinates":[-139.561237,76.371074]}},
{"type":"Feature","properties":{"name": "40"},"geometry":{"type":"Point","coordinates":[-101.029623,82.974893]}},
{"type":"Feature","properties":{"name": "41"},"geometry":{"type":"Point","coordinates":[-33.441377,80.667619]}},
{"type":"Feature","properties":{"name": "42"},"geometry":{"type":"Point","coordinates":[-11.695946,72.800255]}},
{"type":"Feature","properties":{"name": "43"},"geometry":{"type":"Point","coordinates":[-3.554848,63.866223]}},
{"type":"Feature","properties":{"name": "44"},"geometry":{"type":"Point","coordinates":[-158.684155,54.345414]}},
{"type":"Feature","properties":{"name": "45"},"geometry":{"type":"Point","coordinates":[-150.977423,63.962356]}},
{"type":"Feature","properties":{"name": "46"},"geometry":{"type":"Point","coordinates":[-141.000745,72.776841]}},
{"type":"Feature","properties":{"name": "47"},"geometry":{"type":"Point","coordinates":[-116.069837,80.119377]}},
{"type":"Feature","properties":{"name": "48"},"geometry":{"type":"Point","coordinates":[-55.622118,81.508764]}},
{"type":"Feature","properties":{"name": "49"},"geometry":{"type":"Point","coordinates":[-21.088581,75.088391]}},
{"type":"Feature","properties":{"name": "50"},"geometry":{"type":"Point","coordinates":[-8.861074,66.605817]}},
{"type":"Feature","properties":{"name": "51"},"geometry":{"type":"Point","coordinates":[-160.439811,50.720526]}},
{"type":"Feature","properties":{"name": "52"},"geometry":{"type":"Point","coordinates":[-151.553622,59.947960]}},
{"type":"Feature","properties":{"name": "53"},"geometry":{"type":"Point","coordinates":[-142.103627,69.111564]}},
{"type":"Feature","properties":{"name": "54"},"geometry":{"type":"Point","coordinates":[-124.070331,76.877616]}},
{"type":"Feature","properties":{"name": "55"},"geometry":{"type":"Point","coordinates":[-78.750000,80.965440]}},
{"type":"Feature","properties":{"name": "56"},"geometry":{"type":"Point","coordinates":[-33.429669,76.877616]}},
{"type":"Feature","properties":{"name": "57"},"geometry":{"type":"Point","coordinates":[-15.396373,69.111564]}},
{"type":"Feature","properties":{"name": "58"},"geometry":{"type":"Point","coordinates":[-152.635629,55.912323]}},
{"type":"Feature","properties":{"name": "59"},"geometry":{"type":"Point","coordinates":[-143.569418,65.255257]}},
{"type":"Feature","properties":{"name": "60"},"geometry":{"type":"Point","coordinates":[-128.933678,73.452178]}},
{"type":"Feature","properties":{"name": "61"},"geometry":{"type":"Point","coordinates":[-96.639650,79.075139]}},
{"type":"Feature","properties":{"name": "62"},"geometry":{"type":"Point","coordinates":[-48.777872,77.928061]}},
{"type":"Feature","properties":{"name": "63"},"geometry":{"type":"Point","coordinates":[-23.390635,71.286142]}},
{"type":"Feature","properties":{"name": "64"},"geometry":{"type":"Point","coordinates":[-11.074676,62.663194]}},
{"type":"Feature","properties":{"name": "65"},"geometry":{"type":"Point","coordinates":[-154.377700,52.100105]}},
{"type":"Feature","properties":{"name": "66"},"geometry":{"type":"Point","coordinates":[-145.055195,61.307942]}},
{"type":"Feature","properties":{"name": "67"},"geometry":{"type":"Point","coordinates":[-132.437798,69.885060]}},
{"type":"Feature","properties":{"name": "68"},"geometry":{"type":"Point","coordinates":[-108.504112,76.445528]}},
{"type":"Feature","properties":{"name": "69"},"geometry":{"type":"Point","coordinates":[-65.741302,78.023409]}},
{"type":"Feature","properties":{"name": "70"},"geometry":{"type":"Point","coordinates":[-33.221744,73.038971]}},
{"type":"Feature","properties":{"name": "71"},"geometry":{"type":"Point","coordinates":[-17.034058,65.138490]}},
{"type":"Feature","properties":{"name": "72"},"geometry":{"type":"Point","coordinates":[-156.323594,48.509430]}},
{"type":"Feature","properties":{"name": "73"},"geometry":{"type":"Point","coordinates":[-146.637461,57.323851]}},
{"type":"Feature","properties":{"name": "74"},"geometry":{"type":"Point","coordinates":[-135.493157,66.152739]}},
{"type":"Feature","properties":{"name": "75"},"geometry":{"type":"Point","coordinates":[-116.412079,73.408727]}},
{"type":"Feature","properties":{"name": "76"},"geometry":{"type":"Point","coordinates":[-81.756594,77.082800]}},
{"type":"Feature","properties":{"name": "77"},"geometry":{"type":"Point","coordinates":[-44.915950,74.223168]}},
{"type":"Feature","properties":{"name": "78"},"geometry":{"type":"Point","coordinates":[-24.074051,67.316041]}},
{"type":"Feature","properties":{"name": "79"},"geometry":{"type":"Point","coordinates":[-148.373540,53.391010]}},
{"type":"Feature","properties":{"name": "80"},"geometry":{"type":"Point","coordinates":[-138.057086,62.326082]}},
{"type":"Feature","properties":{"name": "81"},"geometry":{"type":"Point","coordinates":[-122.278037,70.108671]}},
{"type":"Feature","properties":{"name": "82"},"geometry":{"type":"Point","coordinates":[-94.693226,75.157122]}},
{"type":"Feature","properties":{"name": "83"},"geometry":{"type":"Point","coordinates":[-57.951142,74.694676]}},
{"type":"Feature","properties":{"name": "84"},"geometry":{"type":"Point","coordinates":[-32.373679,69.115335]}},
{"type":"Feature","properties":{"name": "85"},"geometry":{"type":"Point","coordinates":[-17.775891,61.092255]}},
{"type":"Feature","properties":{"name": "86"},"geometry":{"type":"Point","coordinates":[-150.486403,49.706656]}},
{"type":"Feature","properties":{"name": "87"},"geometry":{"type":"Point","coordinates":[-140.347210,58.445093]}},
{"type":"Feature","properties":{"name": "88"},"geometry":{"type":"Point","coordinates":[-126.937669,66.604160]}},
{"type":"Feature","properties":{"name": "89"},"geometry":{"type":"Point","coordinates":[-104.418221,72.650476]}},
{"type":"Feature","properties":{"name": "90"},"geometry":{"type":"Point","coordinates":[-71.212633,74.373141]}},
{"type":"Feature","properties":{"name": "91"},"geometry":{"type":"Point","coordinates":[-41.965852,70.436251]}},
{"type":"Feature","properties":{"name": "92"},"geometry":{"type":"Point","coordinates":[-24.060513,63.277458]}},
{"type":"Feature","properties":{"name": "93"},"geometry":{"type":"Point","coordinates":[-152.572774,46.166130]}},
{"type":"Feature","properties":{"name": "94"},"geometry":{"type":"Point","coordinates":[-142.501407,54.562450]}},
{"type":"Feature","properties":{"name": "95"},"geometry":{"type":"Point","coordinates":[-130.648473,62.964168]}},
{"type":"Feature","properties":{"name": "96"},"geometry":{"type":"Point","coordinates":[-112.130689,69.758768]}},
{"type":"Feature","properties":{"name": "97"},"geometry":{"type":"Point","coordinates":[-83.440920,73.200563]}},
{"type":"Feature","properties":{"name": "98"},"geometry":{"type":"Point","coordinates":[-52.621482,71.175442]}},
{"type":"Feature","properties":{"name": "99"},"geometry":{"type":"Point","coordinates":[-31.223621,65.129803]}},
{"type":"Feature","properties":{"name": "100"},"geometry":{"type":"Point","coordinates":[-154.470207,42.684857]}},
{"type":"Feature","properties":{"name": "101"},"geometry":{"type":"Point","coordinates":[-144.613325,50.747969]}},
{"type":"Feature","properties":{"name": "102"},"geometry":{"type":"Point","coordinates":[-133.751389,59.236018]}},
{"type":"Feature","properties":{"name": "103"},"geometry":{"type":"Point","coordinates":[-118.186926,66.576853]}},
{"type":"Feature","properties":{"name": "104"},"geometry":{"type":"Point","coordinates":[-93.705713,71.256004]}},
{"type":"Feature","properties":{"name": "105"},"geometry":{"type":"Point","coordinates":[-63.794287,71.256004]}},
{"type":"Feature","properties":{"name": "106"},"geometry":{"type":"Point","coordinates":[-39.313074,66.576853]}},
{"type":"Feature","properties":{"name": "107"},"geometry":{"type":"Point","coordinates":[-146.957044,47.186050]}},
{"type":"Feature","properties":{"name": "108"},"geometry":{"type":"Point","coordinates":[-136.463887,55.464967]}},
{"type":"Feature","properties":{"name": "109"},"geometry":{"type":"Point","coordinates":[-122.988337,63.191996]}},
{"type":"Feature","properties":{"name": "110"},"geometry":{"type":"Point","coordinates":[-102.500565,68.854628]}},
{"type":"Feature","properties":{"name": "111"},"geometry":{"type":"Point","coordinates":[-74.625813,70.677136]}},
{"type":"Feature","properties":{"name": "112"},"geometry":{"type":"Point","coordinates":[-48.236965,67.542339]}},
{"type":"Feature","properties":{"name": "113"},"geometry":{"type":"Point","coordinates":[-30.115277,61.132017]}},
{"type":"Feature","properties":{"name": "114"},"geometry":{"type":"Point","coordinates":[-149.138083,43.701522]}},
{"type":"Feature","properties":{"name": "115"},"geometry":{"type":"Point","coordinates":[-138.931268,51.700684]}},
{"type":"Feature","properties":{"name": "116"},"geometry":{"type":"Point","coordinates":[-126.921396,59.668698]}},
{"type":"Feature","properties":{"name": "117"},"geometry":{"type":"Point","coordinates":[-109.567884,66.063883]}},
{"type":"Feature","properties":{"name": "118"},"geometry":{"type":"Point","coordinates":[-84.694387,69.360225]}},
{"type":"Feature","properties":{"name": "119"},"geometry":{"type":"Point","coordinates":[-57.727496,67.960236]}},
{"type":"Feature","properties":{"name": "120"},"geometry":{"type":"Point","coordinates":[-37.160598,62.679512]}},
{"type":"Feature","properties":{"name": "121"},"geometry":{"type":"Point","coordinates":[-151.115755,40.253268]}},
{"type":"Feature","properties":{"name": "122"},"geometry":{"type":"Point","coordinates":[-141.303902,48.028507]}},
{"type":"Feature","properties":{"name": "123"},"geometry":{"type":"Point","coordinates":[-130.252041,56.057883]}},
{"type":"Feature","properties":{"name": "124"},"geometry":{"type":"Point","coordinates":[-115.281330,62.993634]}},
{"type":"Feature","properties":{"name": "125"},"geometry":{"type":"Point","coordinates":[-93.745287,67.451248]}},
{"type":"Feature","properties":{"name": "126"},"geometry":{"type":"Point","coordinates":[-67.365561,67.792517]}},
{"type":"Feature","properties":{"name": "127"},"geometry":{"type":"Point","coordinates":[-44.856665,63.817991]}},
{"type":"Feature","properties":{"name": "128"},"geometry":{"type":"Point","coordinates":[-143.739803,44.554928]}},
{"type":"Feature","properties":{"name": "129"},"geometry":{"type":"Point","coordinates":[-133.164790,52.405435]}},
{"type":"Feature","properties":{"name": "130"},"geometry":{"type":"Point","coordinates":[-119.977140,59.724629]}},
{"type":"Feature","properties":{"name": "131"},"geometry":{"type":"Point","coordinates":[-101.376622,65.085076]}},
{"type":"Feature","properties":{"name": "132"},"geometry":{"type":"Point","coordinates":[-76.879401,67.088545]}},
{"type":"Feature","properties":{"name": "133"},"geometry":{"type":"Point","coordinates":[-53.070328,64.491882]}},
{"type":"Feature","properties":{"name": "134"},"geometry":{"type":"Point","coordinates":[-35.361606,58.768740]}},
{"type":"Feature","properties":{"name": "135"},"geometry":{"type":"Point","coordinates":[-145.977534,41.127443]}},
{"type":"Feature","properties":{"name": "136"},"geometry":{"type":"Point","coordinates":[-135.790503,48.757353]}},
{"type":"Feature","properties":{"name": "137"},"geometry":{"type":"Point","coordinates":[-123.920286,56.317983]}},
{"type":"Feature","properties":{"name": "138"},"geometry":{"type":"Point","coordinates":[-107.741744,62.370720]}},
{"type":"Feature","properties":{"name": "139"},"geometry":{"type":"Point","coordinates":[-85.857578,65.673538]}},
{"type":"Feature","properties":{"name": "140"},"geometry":{"type":"Point","coordinates":[-61.564097,64.660118]}},
{"type":"Feature","properties":{"name": "141"},"geometry":{"type":"Point","coordinates":[-42.157487,60.039349]}},
{"type":"Feature","properties":{"name": "142"},"geometry":{"type":"Point","coordinates":[-148.006667,37.717088]}},
{"type":"Feature","properties":{"name": "143"},"geometry":{"type":"Point","coordinates":[-138.313715,45.220162]}},
{"type":"Feature","properties":{"name": "144"},"geometry":{"type":"Point","coordinates":[-127.309955,52.823312]}},
{"type":"Feature","properties":{"name": "145"},"geometry":{"type":"Point","coordinates":[-113.062665,59.396700]}},
{"type":"Feature","properties":{"name": "146"},"geometry":{"type":"Point","coordinates":[-93.761459,63.706721]}},
{"type":"Feature","properties":{"name": "147"},"geometry":{"type":"Point","coordinates":[-70.252382,64.384533]}},
{"type":"Feature","properties":{"name": "148"},"geometry":{"type":"Point","coordinates":[-49.396679,60.910223]}},
{"type":"Feature","properties":{"name": "149"},"geometry":{"type":"Point","coordinates":[-149.840998,34.305716]}},
{"type":"Feature","properties":{"name": "150"},"geometry":{"type":"Point","coordinates":[-140.789701,41.826257]}},
{"type":"Feature","properties":{"name": "151"},"geometry":{"type":"Point","coordinates":[-130.294262,49.284545]}},
{"type":"Feature","properties":{"name": "152"},"geometry":{"type":"Point","coordinates":[-117.556397,56.232580]}},
{"type":"Feature","properties":{"name": "153"},"geometry":{"type":"Point","coordinates":[-100.555226,61.341680]}},
{"type":"Feature","properties":{"name": "154"},"geometry":{"type":"Point","coordinates":[-78.750000,63.599882]}},
{"type":"Feature","properties":{"name": "155"},"geometry":{"type":"Point","coordinates":[-56.944774,61.341680]}},
{"type":"Feature","properties":{"name": "156"},"geometry":{"type":"Point","coordinates":[-143.054001,38.454212]}},
{"type":"Feature","properties":{"name": "157"},"geometry":{"type":"Point","coordinates":[-132.984021,45.743775]}},
{"type":"Feature","properties":{"name": "158"},"geometry":{"type":"Point","coordinates":[-121.407796,52.933792]}},
{"type":"Feature","properties":{"name": "159"},"geometry":{"type":"Point","coordinates":[-106.321767,58.690081]}},
{"type":"Feature","properties":{"name": "160"},"geometry":{"type":"Point","coordinates":[-86.631394,62.059569]}},
{"type":"Feature","properties":{"name": "161"},"geometry":{"type":"Point","coordinates":[-64.800167,61.409878]}},
{"type":"Feature","properties":{"name": "162"},"geometry":{"type":"Point","coordinates":[-46.429086,57.255292]}},
{"type":"Feature","properties":{"name": "163"},"geometry":{"type":"Point","coordinates":[-145.110820,35.083156]}},
{"type":"Feature","properties":{"name": "164"},"geometry":{"type":"Point","coordinates":[-135.586145,42.332241]}},
{"type":"Feature","properties":{"name": "165"},"geometry":{"type":"Point","coordinates":[-124.765480,49.546515]}},
{"type":"Feature","properties":{"name": "166"},"geometry":{"type":"Point","coordinates":[-111.261896,55.798612]}},
{"type":"Feature","properties":{"name": "167"},"geometry":{"type":"Point","coordinates":[-93.657049,60.059424]}},
{"type":"Feature","properties":{"name": "168"},"geometry":{"type":"Point","coordinates":[-72.642461,61.014196]}},
{"type":"Feature","properties":{"name": "169"},"geometry":{"type":"Point","coordinates":[-53.225844,57.907872]}},
{"type":"Feature","properties":{"name": "170"},"geometry":{"type":"Point","coordinates":[-146.976971,31.699557]}},
{"type":"Feature","properties":{"name": "171"},"geometry":{"type":"Point","coordinates":[-138.066944,39.009948]}},
{"type":"Feature","properties":{"name": "172"},"geometry":{"type":"Point","coordinates":[-127.746315,46.111553]}},
{"type":"Feature","properties":{"name": "173"},"geometry":{"type":"Point","coordinates":[-115.522243,52.727006]}},
{"type":"Feature","properties":{"name": "174"},"geometry":{"type":"Point","coordinates":[-99.798734,57.693526]}},
{"type":"Feature","properties":{"name": "175"},"geometry":{"type":"Point","coordinates":[-80.235430,60.075185]}},
{"type":"Feature","properties":{"name": "176"},"geometry":{"type":"Point","coordinates":[-60.286079,58.224948]}},
{"type":"Feature","properties":{"name": "177"},"geometry":{"type":"Point","coordinates":[-140.334454,35.690191]}},
{"type":"Feature","properties":{"name": "178"},"geometry":{"type":"Point","coordinates":[-130.441825,42.667148]}},
{"type":"Feature","properties":{"name": "179"},"geometry":{"type":"Point","coordinates":[-119.234992,49.524658]}},
{"type":"Feature","properties":{"name": "180"},"geometry":{"type":"Point","coordinates":[-105.123116,55.048335]}},
{"type":"Feature","properties":{"name": "181"},"geometry":{"type":"Point","coordinates":[-87.285925,58.460183]}},
{"type":"Feature","properties":{"name": "182"},"geometry":{"type":"Point","coordinates":[-67.453388,58.149200]}},
{"type":"Feature","properties":{"name": "183"},"geometry":{"type":"Point","coordinates":[-50.141486,54.366216]}},
{"type":"Feature","properties":{"name": "184"},"geometry":{"type":"Point","coordinates":[-142.399659,32.357676]}},
{"type":"Feature","properties":{"name": "185"},"geometry":{"type":"Point","coordinates":[-133.075445,39.371717]}},
{"type":"Feature","properties":{"name": "186"},"geometry":{"type":"Point","coordinates":[-122.512068,46.233613]}},
{"type":"Feature","properties":{"name": "187"},"geometry":{"type":"Point","coordinates":[-109.738961,52.196585]}},
{"type":"Feature","properties":{"name": "188"},"geometry":{"type":"Point","coordinates":[-93.627514,56.418658]}},
{"type":"Feature","properties":{"name": "189"},"geometry":{"type":"Point","coordinates":[-74.575088,57.637938]}},
{"type":"Feature","properties":{"name": "190"},"geometry":{"type":"Point","coordinates":[-56.516976,54.874897]}},
{"type":"Feature","properties":{"name": "191"},"geometry":{"type":"Point","coordinates":[-144.256352,29.019636]}},
{"type":"Feature","properties":{"name": "192"},"geometry":{"type":"Point","coordinates":[-135.536678,36.113382]}},
{"type":"Feature","properties":{"name": "193"},"geometry":{"type":"Point","coordinates":[-125.445556,42.891184]}},
{"type":"Feature","properties":{"name": "194"},"geometry":{"type":"Point","coordinates":[-113.763267,49.196402]}},
{"type":"Feature","properties":{"name": "195"},"geometry":{"type":"Point","coordinates":[-99.235179,54.036953]}},
{"type":"Feature","properties":{"name": "196"},"geometry":{"type":"Point","coordinates":[-81.458815,56.557860]}},
{"type":"Feature","properties":{"name": "197"},"geometry":{"type":"Point","coordinates":[-63.047303,55.055593]}},
{"type":"Feature","properties":{"name": "198"},"geometry":{"type":"Point","coordinates":[-146.015483,25.666686]}},
{"type":"Feature","properties":{"name": "199"},"geometry":{"type":"Point","coordinates":[-137.789499,32.841841]}},
{"type":"Feature","properties":{"name": "200"},"geometry":{"type":"Point","coordinates":[-128.110411,39.531978]}},
{"type":"Feature","properties":{"name": "201"},"geometry":{"type":"Point","coordinates":[-117.304381,46.092891]}},
{"type":"Feature","properties":{"name": "202"},"geometry":{"type":"Point","coordinates":[-104.155909,51.394838]}},
{"type":"Feature","properties":{"name": "203"},"geometry":{"type":"Point","coordinates":[-87.857008,54.867599]}},
{"type":"Feature","properties":{"name": "204"},"geometry":{"type":"Point","coordinates":[-69.642992,54.867599]}},
{"type":"Feature","properties":{"name": "205"},"geometry":{"type":"Point","coordinates":[-139.762326,29.584438]}},
{"type":"Feature","properties":{"name": "206"},"geometry":{"type":"Point","coordinates":[-130.743814,36.343524]}},
{"type":"Feature","properties":{"name": "207"},"geometry":{"type":"Point","coordinates":[-120.475666,42.886624]}},
{"type":"Feature","properties":{"name": "208"},"geometry":{"type":"Point","coordinates":[-108.471493,48.560292]}},
{"type":"Feature","properties":{"name": "209"},"geometry":{"type":"Point","coordinates":[-93.644282,52.774917]}},
{"type":"Feature","properties":{"name": "210"},"geometry":{"type":"Point","coordinates":[-76.183672,54.260675]}},
{"type":"Feature","properties":{"name": "211"},"geometry":{"type":"Point","coordinates":[-59.301115,51.775385]}},
{"type":"Feature","properties":{"name": "212"},"geometry":{"type":"Point","coordinates":[-141.644335,26.312166]}},
{"type":"Feature","properties":{"name": "213"},"geometry":{"type":"Point","coordinates":[-133.125814,33.150818]}},
{"type":"Feature","properties":{"name": "214"},"geometry":{"type":"Point","coordinates":[-123.336312,39.625508]}},
{"type":"Feature","properties":{"name": "215"},"geometry":{"type":"Point","coordinates":[-112.273380,45.588411]}},
{"type":"Feature","properties":{"name": "216"},"geometry":{"type":"Point","coordinates":[-98.798621,50.363753]}},
{"type":"Feature","properties":{"name": "217"},"geometry":{"type":"Point","coordinates":[-82.497046,53.043711]}},
{"type":"Feature","properties":{"name": "218"},"geometry":{"type":"Point","coordinates":[-65.372231,51.849991]}},
{"type":"Feature","properties":{"name": "219"},"geometry":{"type":"Point","coordinates":[-143.451793,23.015640]}},
{"type":"Feature","properties":{"name": "220"},"geometry":{"type":"Point","coordinates":[-135.225345,29.971726]}},
{"type":"Feature","properties":{"name": "221"},"geometry":{"type":"Point","coordinates":[-125.982665,36.375381]}},
{"type":"Feature","properties":{"name": "222"},"geometry":{"type":"Point","coordinates":[-115.649038,42.522451]}},
{"type":"Feature","properties":{"name": "223"},"geometry":{"type":"Point","coordinates":[-103.356638,47.711232]}},
{"type":"Feature","properties":{"name": "224"},"geometry":{"type":"Point","coordinates":[-88.364602,51.272126]}},
{"type":"Feature","properties":{"name": "225"},"geometry":{"type":"Point","coordinates":[-71.490038,51.574057]}},
{"type":"Feature","properties":{"name": "226"},"geometry":{"type":"Point","coordinates":[-137.219845,26.781507]}},
{"type":"Feature","properties":{"name": "227"},"geometry":{"type":"Point","coordinates":[-128.459294,33.267770]}},
{"type":"Feature","properties":{"name": "228"},"geometry":{"type":"Point","coordinates":[-118.676102,39.395665]}},
{"type":"Feature","properties":{"name": "229"},"geometry":{"type":"Point","coordinates":[-107.384546,44.883050]}},
{"type":"Feature","properties":{"name": "230"},"geometry":{"type":"Point","coordinates":[-93.684222,49.116579]}},
{"type":"Feature","properties":{"name": "231"},"geometry":{"type":"Point","coordinates":[-77.555545,50.883406]}},
{"type":"Feature","properties":{"name": "232"},"geometry":{"type":"Point","coordinates":[-61.692066,48.624141]}},
{"type":"Feature","properties":{"name": "233"},"geometry":{"type":"Point","coordinates":[-139.130309,23.573860]}},
{"type":"Feature","properties":{"name": "234"},"geometry":{"type":"Point","coordinates":[-130.676228,30.165839]}},
{"type":"Feature","properties":{"name": "235"},"geometry":{"type":"Point","coordinates":[-121.420892,36.233219]}},
{"type":"Feature","properties":{"name": "236"},"geometry":{"type":"Point","coordinates":[-110.958069,41.932454]}},
{"type":"Feature","properties":{"name": "237"},"geometry":{"type":"Point","coordinates":[-98.437477,46.663263]}},
{"type":"Feature","properties":{"name": "238"},"geometry":{"type":"Point","coordinates":[-83.398597,49.525556]}},
{"type":"Feature","properties":{"name": "239"},"geometry":{"type":"Point","coordinates":[-67.363681,48.617893]}},
{"type":"Feature","properties":{"name": "240"},"geometry":{"type":"Point","coordinates":[-140.972374,20.338675]}},
{"type":"Feature","properties":{"name": "241"},"geometry":{"type":"Point","coordinates":[-132.772616,27.055338]}},
{"type":"Feature","properties":{"name": "242"},"geometry":{"type":"Point","coordinates":[-123.846750,33.141898]}},
{"type":"Feature","properties":{"name": "243"},"geometry":{"type":"Point","coordinates":[-114.151048,38.901162]}},
{"type":"Feature","properties":{"name": "244"},"geometry":{"type":"Point","coordinates":[-102.656790,43.989949]}},
{"type":"Feature","properties":{"name": "245"},"geometry":{"type":"Point","coordinates":[-88.817351,47.661071]}},
{"type":"Feature","properties":{"name": "246"},"geometry":{"type":"Point","coordinates":[-73.078232,48.273664]}},
{"type":"Feature","properties":{"name": "247"},"geometry":{"type":"Point","coordinates":[-142.755063,17.060168]}},
{"type":"Feature","properties":{"name": "248"},"geometry":{"type":"Point","coordinates":[-134.772778,23.933345]}},
{"type":"Feature","properties":{"name": "249"},"geometry":{"type":"Point","coordinates":[-126.152146,30.154059]}},
{"type":"Feature","properties":{"name": "250"},"geometry":{"type":"Point","coordinates":[-117.030172,35.821064]}},
{"type":"Feature","properties":{"name": "251"},"geometry":{"type":"Point","coordinates":[-106.400384,41.161880]}},
{"type":"Feature","properties":{"name": "252"},"geometry":{"type":"Point","coordinates":[-93.722866,45.429009]}},
{"type":"Feature","properties":{"name": "253"},"geometry":{"type":"Point","coordinates":[-78.750000,47.503689]}},
{"type":"Feature","properties":{"name": "254"},"geometry":{"type":"Point","coordinates":[-136.696654,20.793917]}},
{"type":"Feature","properties":{"name": "255"},"geometry":{"type":"Point","coordinates":[-128.341017,27.116928]}},
{"type":"Feature","properties":{"name": "256"},"geometry":{"type":"Point","coordinates":[-119.449300,32.730478]}},
{"type":"Feature","properties":{"name": "257"},"geometry":{"type":"Point","coordinates":[-109.735014,38.231121]}},
{"type":"Feature","properties":{"name": "258"},"geometry":{"type":"Point","coordinates":[-98.102110,42.922528]}},
{"type":"Feature","properties":{"name": "259"},"geometry":{"type":"Point","coordinates":[-84.193329,45.992016]}},
{"type":"Feature","properties":{"name": "260"},"geometry":{"type":"Point","coordinates":[-69.096912,45.364288]}},
{"type":"Feature","properties":{"name": "261"},"geometry":{"type":"Point","coordinates":[-138.559894,17.626671]}},
{"type":"Feature","properties":{"name": "262"},"geometry":{"type":"Point","coordinates":[-130.419629,24.072184]}},
{"type":"Feature","properties":{"name": "263"},"geometry":{"type":"Point","coordinates":[-121.787832,29.733767]}},
{"type":"Feature","properties":{"name": "264"},"geometry":{"type":"Point","coordinates":[-112.672519,35.238667]}},
{"type":"Feature","properties":{"name": "265"},"geometry":{"type":"Point","coordinates":[-101.988656,40.222798]}},
{"type":"Feature","properties":{"name": "266"},"geometry":{"type":"Point","coordinates":[-89.212021,44.016850]}},
{"type":"Feature","properties":{"name": "267"},"geometry":{"type":"Point","coordinates":[-74.467069,44.969090]}},
{"type":"Feature","properties":{"name": "268"},"geometry":{"type":"Point","coordinates":[-140.372290,14.413843]}},
{"type":"Feature","properties":{"name": "269"},"geometry":{"type":"Point","coordinates":[-132.410263,21.018047]}},
{"type":"Feature","properties":{"name": "270"},"geometry":{"type":"Point","coordinates":[-124.039132,26.796681]}},
{"type":"Feature","properties":{"name": "271"},"geometry":{"type":"Point","coordinates":[-115.189082,32.219349]}},
{"type":"Feature","properties":{"name": "272"},"geometry":{"type":"Point","coordinates":[-105.438752,37.395640]}},
{"type":"Feature","properties":{"name": "273"},"geometry":{"type":"Point","coordinates":[-93.725617,41.693610]}},
{"type":"Feature","properties":{"name": "274"},"geometry":{"type":"Point","coordinates":[-79.807387,44.071701]}},
{"type":"Feature","properties":{"name": "275"},"geometry":{"type":"Point","coordinates":[-134.332044,17.949896]}},
{"type":"Feature","properties":{"name": "276"},"geometry":{"type":"Point","coordinates":[-126.169101,23.853348]}},
{"type":"Feature","properties":{"name": "277"},"geometry":{"type":"Point","coordinates":[-117.533052,29.186928]}},
{"type":"Feature","properties":{"name": "278"},"geometry":{"type":"Point","coordinates":[-108.411300,34.489695]}},
{"type":"Feature","properties":{"name": "279"},"geometry":{"type":"Point","coordinates":[-97.730790,39.127521]}},
{"type":"Feature","properties":{"name": "280"},"geometry":{"type":"Point","coordinates":[-84.894878,42.424336]}},
{"type":"Feature","properties":{"name": "281"},"geometry":{"type":"Point","coordinates":[-70.629155,42.089855]}},
{"type":"Feature","properties":{"name": "282"},"geometry":{"type":"Point","coordinates":[-136.201251,14.858511]}},
{"type":"Feature","properties":{"name": "283"},"geometry":{"type":"Point","coordinates":[-128.199958,20.905459]}},
{"type":"Feature","properties":{"name": "284"},"geometry":{"type":"Point","coordinates":[-119.839320,26.263969]}},
{"type":"Feature","properties":{"name": "285"},"geometry":{"type":"Point","coordinates":[-111.007320,31.545674]}},
{"type":"Feature","properties":{"name": "286"},"geometry":{"type":"Point","coordinates":[-101.268589,36.404941]}},
{"type":"Feature","properties":{"name": "287"},"geometry":{"type":"Point","coordinates":[-89.525488,40.314036]}},
{"type":"Feature","properties":{"name": "288"},"geometry":{"type":"Point","coordinates":[-75.699919,41.661444]}},
{"type":"Feature","properties":{"name": "289"},"geometry":{"type":"Point","coordinates":[-138.030225,11.725856]}},
{"type":"Feature","properties":{"name": "290"},"geometry":{"type":"Point","coordinates":[-130.151041,17.953267]}},
{"type":"Feature","properties":{"name": "291"},"geometry":{"type":"Point","coordinates":[-122.037489,23.360368]}},
{"type":"Feature","properties":{"name": "292"},"geometry":{"type":"Point","coordinates":[-113.424306,28.583460]}},
{"type":"Feature","properties":{"name": "293"},"geometry":{"type":"Point","coordinates":[-104.250772,33.583157]}},
{"type":"Feature","properties":{"name": "294"},"geometry":{"type":"Point","coordinates":[-93.630272,37.888257]}},
{"type":"Feature","properties":{"name": "295"},"geometry":{"type":"Point","coordinates":[-80.754679,40.616434]}},
{"type":"Feature","properties":{"name": "296"},"geometry":{"type":"Point","coordinates":[-139.820636,8.514304]}},
{"type":"Feature","properties":{"name": "297"},"geometry":{"type":"Point","coordinates":[-132.039688,14.994939]}},
{"type":"Feature","properties":{"name": "298"},"geometry":{"type":"Point","coordinates":[-124.125548,20.449420]}},
{"type":"Feature","properties":{"name": "299"},"geometry":{"type":"Point","coordinates":[-115.720190,25.608744]}},
{"type":"Feature","properties":{"name": "300"},"geometry":{"type":"Point","coordinates":[-106.906528,30.717872]}},
{"type":"Feature","properties":{"name": "301"},"geometry":{"type":"Point","coordinates":[-97.225581,35.268904]}},
{"type":"Feature","properties":{"name": "302"},"geometry":{"type":"Point","coordinates":[-85.491749,38.789140]}},
{"type":"Feature","properties":{"name": "303"},"geometry":{"type":"Point","coordinates":[-133.895815,11.984178]}},
{"type":"Feature","properties":{"name": "304"},"geometry":{"type":"Point","coordinates":[-126.122843,17.533506]}},
{"type":"Feature","properties":{"name": "305"},"geometry":{"type":"Point","coordinates":[-117.988895,22.736144]}},
{"type":"Feature","properties":{"name": "306"},"geometry":{"type":"Point","coordinates":[-109.382062,27.830105]}},
{"type":"Feature","properties":{"name": "307"},"geometry":{"type":"Point","coordinates":[-100.189975,32.528155]}},
{"type":"Feature","properties":{"name": "308"},"geometry":{"type":"Point","coordinates":[-89.686727,36.516816]}},
{"type":"Feature","properties":{"name": "309"},"geometry":{"type":"Point","coordinates":[-76.809146,38.350802]}},
{"type":"Feature","properties":{"name": "310"},"geometry":{"type":"Point","coordinates":[-135.720172,8.949222]}},
{"type":"Feature","properties":{"name": "311"},"geometry":{"type":"Point","coordinates":[-128.046249,14.614331]}},
{"type":"Feature","properties":{"name": "312"},"geometry":{"type":"Point","coordinates":[-120.139230,19.849551]}},
{"type":"Feature","properties":{"name": "313"},"geometry":{"type":"Point","coordinates":[-111.734677,24.925590]}},
{"type":"Feature","properties":{"name": "314"},"geometry":{"type":"Point","coordinates":[-102.884549,29.744954]}},
{"type":"Feature","properties":{"name": "315"},"geometry":{"type":"Point","coordinates":[-93.252880,33.989036]}},
{"type":"Feature","properties":{"name": "316"},"geometry":{"type":"Point","coordinates":[-81.600694,37.103287]}},
{"type":"Feature","properties":{"name": "317"},"geometry":{"type":"Point","coordinates":[-137.525459,5.855415]}},
{"type":"Feature","properties":{"name": "318"},"geometry":{"type":"Point","coordinates":[-129.910695,11.693087]}},
{"type":"Feature","properties":{"name": "319"},"geometry":{"type":"Point","coordinates":[-122.191331,16.951481]}},
{"type":"Feature","properties":{"name": "320"},"geometry":{"type":"Point","coordinates":[-114.012151,22.020473]}},
{"type":"Feature","properties":{"name": "321"},"geometry":{"type":"Point","coordinates":[-105.403747,26.935935]}},
{"type":"Feature","properties":{"name": "322"},"geometry":{"type":"Point","coordinates":[-96.220822,31.334049]}},
{"type":"Feature","properties":{"name": "323"},"geometry":{"type":"Point","coordinates":[-85.896571,35.024393]}},
{"type":"Feature","properties":{"name": "324"},"geometry":{"type":"Point","coordinates":[-131.729613,8.770586]}},
{"type":"Feature","properties":{"name": "325"},"geometry":{"type":"Point","coordinates":[-124.163150,14.043350]}},
{"type":"Feature","properties":{"name": "326"},"geometry":{"type":"Point","coordinates":[-116.227675,19.155060]}},
{"type":"Feature","properties":{"name": "327"},"geometry":{"type":"Point","coordinates":[-107.802507,24.105988]}},
{"type":"Feature","properties":{"name": "328"},"geometry":{"type":"Point","coordinates":[-98.932946,28.637137]}},
{"type":"Feature","properties":{"name": "329"},"geometry":{"type":"Point","coordinates":[-89.388044,32.577515]}},
{"type":"Feature","properties":{"name": "330"},"geometry":{"type":"Point","coordinates":[-77.819433,35.036526]}},
{"type":"Feature","properties":{"name": "331"},"geometry":{"type":"Point","coordinates":[-133.515308,5.847364]}},
{"type":"Feature","properties":{"name": "332"},"geometry":{"type":"Point","coordinates":[-126.071303,11.125368]}},
{"type":"Feature","properties":{"name": "333"},"geometry":{"type":"Point","coordinates":[-118.339781,16.270512]}},
{"type":"Feature","properties":{"name": "334"},"geometry":{"type":"Point","coordinates":[-110.117253,21.256376]}},
{"type":"Feature","properties":{"name": "335"},"geometry":{"type":"Point","coordinates":[-101.481650,25.911710]}},
{"type":"Feature","properties":{"name": "336"},"geometry":{"type":"Point","coordinates":[-92.323754,30.011846]}},
{"type":"Feature","properties":{"name": "337"},"geometry":{"type":"Point","coordinates":[-82.253677,33.421420]}},
{"type":"Feature","properties":{"name": "338"},"geometry":{"type":"Point","coordinates":[-135.279284,2.923762]}},
{"type":"Feature","properties":{"name": "339"},"geometry":{"type":"Point","coordinates":[-127.932418,8.195990]}},
{"type":"Feature","properties":{"name": "340"},"geometry":{"type":"Point","coordinates":[-120.368107,13.367857]}},
{"type":"Feature","properties":{"name": "341"},"geometry":{"type":"Point","coordinates":[-112.375730,18.396646]}},
{"type":"Feature","properties":{"name": "342"},"geometry":{"type":"Point","coordinates":[-103.916876,23.160824]}},
{"type":"Feature","properties":{"name": "343"},"geometry":{"type":"Point","coordinates":[-95.033956,27.407858]}},
{"type":"Feature","properties":{"name": "344"},"geometry":{"type":"Point","coordinates":[-85.588577,31.043494]}},
{"type":"Feature","properties":{"name": "345"},"geometry":{"type":"Point","coordinates":[-78.750000,31.717474]}},
{"type":"Feature","properties":{"name": "346"},"geometry":{"type":"Point","coordinates":[-72.008251,38.789140]}},
{"type":"Feature","properties":{"name": "347"},"geometry":{"type":"Point","coordinates":[-63.777134,45.429009]}},
{"type":"Feature","properties":{"name": "348"},"geometry":{"type":"Point","coordinates":[-53.344091,51.394838]}},
{"type":"Feature","properties":{"name": "349"},"geometry":{"type":"Point","coordinates":[-39.943603,56.232580]}},
{"type":"Feature","properties":{"name": "350"},"geometry":{"type":"Point","coordinates":[-23.748611,59.236018]}},
{"type":"Feature","properties":{"name": "351"},"geometry":{"type":"Point","coordinates":[-5.946378,59.947960]}},
{"type":"Feature","properties":{"name": "352"},"geometry":{"type":"Point","coordinates":[-73.291141,35.441242]}},
{"type":"Feature","properties":{"name": "353"},"geometry":{"type":"Point","coordinates":[-65.626824,42.191428]}},
{"type":"Feature","properties":{"name": "354"},"geometry":{"type":"Point","coordinates":[-56.112163,48.344667]}},
{"type":"Feature","properties":{"name": "355"},"geometry":{"type":"Point","coordinates":[-43.983534,53.555056]}},
{"type":"Feature","properties":{"name": "356"},"geometry":{"type":"Point","coordinates":[-29.072152,57.146776]}},
{"type":"Feature","properties":{"name": "357"},"geometry":{"type":"Point","coordinates":[-12.228401,58.637773]}},
{"type":"Feature","properties":{"name": "358"},"geometry":{"type":"Point","coordinates":[4.865217,57.820057]}},
{"type":"Feature","properties":{"name": "359"},"geometry":{"type":"Point","coordinates":[-74.747243,31.956597]}},
{"type":"Feature","properties":{"name": "360"},"geometry":{"type":"Point","coordinates":[-67.306445,38.904867]}},
{"type":"Feature","properties":{"name": "361"},"geometry":{"type":"Point","coordinates":[-58.538740,45.227635]}},
{"type":"Feature","properties":{"name": "362"},"geometry":{"type":"Point","coordinates":[-47.548314,50.742125]}},
{"type":"Feature","properties":{"name": "363"},"geometry":{"type":"Point","coordinates":[-33.826531,54.863596]}},
{"type":"Feature","properties":{"name": "364"},"geometry":{"type":"Point","coordinates":[-18.002204,57.051939]}},
{"type":"Feature","properties":{"name": "365"},"geometry":{"type":"Point","coordinates":[-1.310147,57.045819]}},
{"type":"Feature","properties":{"name": "366"},"geometry":{"type":"Point","coordinates":[-77.229326,28.572445]}},
{"type":"Feature","properties":{"name": "367"},"geometry":{"type":"Point","coordinates":[-68.902607,35.549410]}},
{"type":"Feature","properties":{"name": "368"},"geometry":{"type":"Point","coordinates":[-60.702910,42.048453]}},
{"type":"Feature","properties":{"name": "369"},"geometry":{"type":"Point","coordinates":[-50.655986,47.813846]}},
{"type":"Feature","properties":{"name": "370"},"geometry":{"type":"Point","coordinates":[-38.089892,52.416712]}},
{"type":"Feature","properties":{"name": "371"},"geometry":{"type":"Point","coordinates":[-23.283750,55.226564]}},
{"type":"Feature","properties":{"name": "372"},"geometry":{"type":"Point","coordinates":[-7.197888,55.979429]}},
{"type":"Feature","properties":{"name": "373"},"geometry":{"type":"Point","coordinates":[-70.725557,32.069671]}},
{"type":"Feature","properties":{"name": "374"},"geometry":{"type":"Point","coordinates":[-62.681165,38.804449]}},
{"type":"Feature","properties":{"name": "375"},"geometry":{"type":"Point","coordinates":[-53.399058,44.796255]}},
{"type":"Feature","properties":{"name": "376"},"geometry":{"type":"Point","coordinates":[-41.934847,49.829475]}},
{"type":"Feature","properties":{"name": "377"},"geometry":{"type":"Point","coordinates":[-28.102097,53.193063]}},
{"type":"Feature","properties":{"name": "378"},"geometry":{"type":"Point","coordinates":[-12.746518,54.644736]}},
{"type":"Feature","properties":{"name": "379"},"geometry":{"type":"Point","coordinates":[3.637055,54.195288]}},
{"type":"Feature","properties":{"name": "380"},"geometry":{"type":"Point","coordinates":[-73.029122,28.545029]}},
{"type":"Feature","properties":{"name": "381"},"geometry":{"type":"Point","coordinates":[-64.571699,35.484802]}},
{"type":"Feature","properties":{"name": "382"},"geometry":{"type":"Point","coordinates":[-55.859425,41.698496]}},
{"type":"Feature","properties":{"name": "383"},"geometry":{"type":"Point","coordinates":[-45.345625,47.056667]}},
{"type":"Feature","properties":{"name": "384"},"geometry":{"type":"Point","coordinates":[-32.496830,50.978510]}},
{"type":"Feature","properties":{"name": "385"},"geometry":{"type":"Point","coordinates":[-17.930525,53.067376]}},
{"type":"Feature","properties":{"name": "386"},"geometry":{"type":"Point","coordinates":[-2.209470,53.285777]}},
{"type":"Feature","properties":{"name": "387"},"geometry":{"type":"Point","coordinates":[-75.795989,25.408643]}},
{"type":"Feature","properties":{"name": "388"},"geometry":{"type":"Point","coordinates":[-66.692364,32.055423]}},
{"type":"Feature","properties":{"name": "389"},"geometry":{"type":"Point","coordinates":[-58.118108,38.523329]}},
{"type":"Feature","properties":{"name": "390"},"geometry":{"type":"Point","coordinates":[-48.370506,44.157841]}},
{"type":"Feature","properties":{"name": "391"},"geometry":{"type":"Point","coordinates":[-36.512759,48.605607]}},
{"type":"Feature","properties":{"name": "392"},"geometry":{"type":"Point","coordinates":[-22.746152,51.272744]}},
{"type":"Feature","properties":{"name": "393"},"geometry":{"type":"Point","coordinates":[-7.712017,52.135580]}},
{"type":"Feature","properties":{"name": "394"},"geometry":{"type":"Point","coordinates":[-78.750000,22.761492]}},
{"type":"Feature","properties":{"name": "395"},"geometry":{"type":"Point","coordinates":[-69.043467,28.580940]}},
{"type":"Feature","properties":{"name": "396"},"geometry":{"type":"Point","coordinates":[-60.274419,35.268904]}},
{"type":"Feature","properties":{"name": "397"},"geometry":{"type":"Point","coordinates":[-51.099616,41.161880]}},
{"type":"Feature","properties":{"name": "398"},"geometry":{"type":"Point","coordinates":[-40.195619,46.092891]}},
{"type":"Feature","properties":{"name": "399"},"geometry":{"type":"Point","coordinates":[-27.205738,49.284545]}},
{"type":"Feature","properties":{"name": "400"},"geometry":{"type":"Point","coordinates":[-12.886675,50.747969]}},
{"type":"Feature","properties":{"name": "401"},"geometry":{"type":"Point","coordinates":[-71.604196,25.204207]}},
{"type":"Feature","properties":{"name": "402"},"geometry":{"type":"Point","coordinates":[-62.655266,31.913099]}},
{"type":"Feature","properties":{"name": "403"},"geometry":{"type":"Point","coordinates":[-53.613280,38.076925]}},
{"type":"Feature","properties":{"name": "404"},"geometry":{"type":"Point","coordinates":[-43.462429,43.328903]}},
{"type":"Feature","properties":{"name": "405"},"geometry":{"type":"Point","coordinates":[-31.332157,47.123942]}},
{"type":"Feature","properties":{"name": "406"},"geometry":{"type":"Point","coordinates":[-17.687829,49.167929]}},
{"type":"Feature","properties":{"name": "407"},"geometry":{"type":"Point","coordinates":[-2.561702,49.704567]}},
{"type":"Feature","properties":{"name": "408"},"geometry":{"type":"Point","coordinates":[-74.433778,22.225997]}},
{"type":"Feature","properties":{"name": "409"},"geometry":{"type":"Point","coordinates":[-65.101262,28.513068]}},
{"type":"Feature","properties":{"name": "410"},"geometry":{"type":"Point","coordinates":[-56.058739,34.904387]}},
{"type":"Feature","properties":{"name": "411"},"geometry":{"type":"Point","coordinates":[-46.427928,40.451617]}},
{"type":"Feature","properties":{"name": "412"},"geometry":{"type":"Point","coordinates":[-35.154226,44.809180]}},
{"type":"Feature","properties":{"name": "413"},"geometry":{"type":"Point","coordinates":[-22.181312,47.389428]}},
{"type":"Feature","properties":{"name": "414"},"geometry":{"type":"Point","coordinates":[-7.743724,48.490199]}},
{"type":"Feature","properties":{"name": "415"},"geometry":{"type":"Point","coordinates":[-77.331969,19.560348]}},
{"type":"Feature","properties":{"name": "416"},"geometry":{"type":"Point","coordinates":[-67.640373,25.138004]}},
{"type":"Feature","properties":{"name": "417"},"geometry":{"type":"Point","coordinates":[-58.621767,31.642468]}},
{"type":"Feature","properties":{"name": "418"},"geometry":{"type":"Point","coordinates":[-49.168008,37.473858]}},
{"type":"Feature","properties":{"name": "419"},"geometry":{"type":"Point","coordinates":[-38.681181,42.322536]}},
{"type":"Feature","properties":{"name": "420"},"geometry":{"type":"Point","coordinates":[-26.380411,45.430270]}},
{"type":"Feature","properties":{"name": "421"},"geometry":{"type":"Point","coordinates":[-12.624684,47.069226]}},
{"type":"Feature","properties":{"name": "422"},"geometry":{"type":"Point","coordinates":[-70.289183,21.891209]}},
{"type":"Feature","properties":{"name": "423"},"geometry":{"type":"Point","coordinates":[-61.176655,28.328208]}},
{"type":"Feature","properties":{"name": "424"},"geometry":{"type":"Point","coordinates":[-51.874104,34.402158]}},
{"type":"Feature","properties":{"name": "425"},"geometry":{"type":"Point","coordinates":[-41.848751,39.577377]}},
{"type":"Feature","properties":{"name": "426"},"geometry":{"type":"Point","coordinates":[-30.303557,43.306996]}},
{"type":"Feature","properties":{"name": "427"},"geometry":{"type":"Point","coordinates":[-17.216159,45.449682]}},
{"type":"Feature","properties":{"name": "428"},"geometry":{"type":"Point","coordinates":[-2.811657,46.183077]}},
{"type":"Feature","properties":{"name": "429"},"geometry":{"type":"Point","coordinates":[-73.128772,19.023944]}},
{"type":"Feature","properties":{"name": "430"},"geometry":{"type":"Point","coordinates":[-63.750865,25.004273]}},
{"type":"Feature","properties":{"name": "431"},"geometry":{"type":"Point","coordinates":[-54.599001,31.243809]}},
{"type":"Feature","properties":{"name": "432"},"geometry":{"type":"Point","coordinates":[-44.785671,36.720209]}},
{"type":"Feature","properties":{"name": "433"},"geometry":{"type":"Point","coordinates":[-33.972823,41.034228]}},
{"type":"Feature","properties":{"name": "434"},"geometry":{"type":"Point","coordinates":[-21.530302,43.644464]}},
{"type":"Feature","properties":{"name": "435"},"geometry":{"type":"Point","coordinates":[-7.706651,44.914068]}},
{"type":"Feature","properties":{"name": "436"},"geometry":{"type":"Point","coordinates":[-75.975839,16.353644]}},
{"type":"Feature","properties":{"name": "437"},"geometry":{"type":"Point","coordinates":[-66.366416,21.729887]}},
{"type":"Feature","properties":{"name": "438"},"geometry":{"type":"Point","coordinates":[-57.264892,28.023640]}},
{"type":"Feature","properties":{"name": "439"},"geometry":{"type":"Point","coordinates":[-47.724625,33.764672]}},
{"type":"Feature","properties":{"name": "440"},"geometry":{"type":"Point","coordinates":[-37.365374,38.547179]}},
{"type":"Feature","properties":{"name": "441"},"geometry":{"type":"Point","coordinates":[-25.582138,41.667465]}},
{"type":"Feature","properties":{"name": "442"},"geometry":{"type":"Point","coordinates":[-12.335896,43.460637]}},
{"type":"Feature","properties":{"name": "443"},"geometry":{"type":"Point","coordinates":[-78.750000,13.750210]}},
{"type":"Feature","properties":{"name": "444"},"geometry":{"type":"Point","coordinates":[-69.037640,18.583169]}},
{"type":"Feature","properties":{"name": "445"},"geometry":{"type":"Point","coordinates":[-59.899077,24.771827]}},
{"type":"Feature","properties":{"name": "446"},"geometry":{"type":"Point","coordinates":[-50.593472,30.717872]}},
{"type":"Feature","properties":{"name": "447"},"geometry":{"type":"Point","coordinates":[-40.469828,35.821064]}},
{"type":"Feature","properties":{"name": "448"},"geometry":{"type":"Point","coordinates":[-29.389589,39.531978]}},
{"type":"Feature","properties":{"name": "449"},"geometry":{"type":"Point","coordinates":[-16.710299,41.826257]}},
{"type":"Feature","properties":{"name": "450"},"geometry":{"type":"Point","coordinates":[-71.868782,15.801514]}},
{"type":"Feature","properties":{"name": "451"},"geometry":{"type":"Point","coordinates":[-62.525405,21.527347]}},
{"type":"Feature","properties":{"name": "452"},"geometry":{"type":"Point","coordinates":[-53.366813,27.598856]}},
{"type":"Feature","properties":{"name": "453"},"geometry":{"type":"Point","coordinates":[-43.614962,32.994320]}},
{"type":"Feature","properties":{"name": "454"},"geometry":{"type":"Point","coordinates":[-32.938128,37.285056]}},
{"type":"Feature","properties":{"name": "455"},"geometry":{"type":"Point","coordinates":[-20.841781,40.019537]}},
{"type":"Feature","properties":{"name": "456"},"geometry":{"type":"Point","coordinates":[-7.669064,41.370473]}},
{"type":"Feature","properties":{"name": "457"},"geometry":{"type":"Point","coordinates":[-74.668832,13.131095]}},
{"type":"Feature","properties":{"name": "458"},"geometry":{"type":"Point","coordinates":[-65.163493,18.339568]}},
{"type":"Feature","properties":{"name": "459"},"geometry":{"type":"Point","coordinates":[-56.071470,24.431393]}},
{"type":"Feature","properties":{"name": "460"},"geometry":{"type":"Point","coordinates":[-46.610817,30.065829]}},
{"type":"Feature","properties":{"name": "461"},"geometry":{"type":"Point","coordinates":[-36.277137,34.785908]}},
{"type":"Feature","properties":{"name": "462"},"geometry":{"type":"Point","coordinates":[-24.744213,38.050716]}},
{"type":"Feature","properties":{"name": "463"},"geometry":{"type":"Point","coordinates":[-12.076551,39.887502]}},
{"type":"Feature","properties":{"name": "464"},"geometry":{"type":"Point","coordinates":[-77.406282,10.509655]}},
{"type":"Feature","properties":{"name": "465"},"geometry":{"type":"Point","coordinates":[-67.850793,15.305611]}},
{"type":"Feature","properties":{"name": "466"},"geometry":{"type":"Point","coordinates":[-58.731746,21.244088]}},
{"type":"Feature","properties":{"name": "467"},"geometry":{"type":"Point","coordinates":[-49.484888,27.054189]}},
{"type":"Feature","properties":{"name": "468"},"geometry":{"type":"Point","coordinates":[-39.549108,32.093649]}},
{"type":"Feature","properties":{"name": "469"},"geometry":{"type":"Point","coordinates":[-28.433396,35.930048]}},
{"type":"Feature","properties":{"name": "470"},"geometry":{"type":"Point","coordinates":[-16.261161,38.237119]}},
{"type":"Feature","properties":{"name": "471"},"geometry":{"type":"Point","coordinates":[-70.642892,12.557389]}},
{"type":"Feature","properties":{"name": "472"},"geometry":{"type":"Point","coordinates":[-61.369143,18.071467]}},
{"type":"Feature","properties":{"name": "473"},"geometry":{"type":"Point","coordinates":[-52.262983,23.979745]}},
{"type":"Feature","properties":{"name": "474"},"geometry":{"type":"Point","coordinates":[-42.655601,29.289202]}},
{"type":"Feature","properties":{"name": "475"},"geometry":{"type":"Point","coordinates":[-32.032589,33.680987]}},
{"type":"Feature","properties":{"name": "476"},"geometry":{"type":"Point","coordinates":[-20.233324,36.425101]}},
{"type":"Feature","properties":{"name": "477"},"geometry":{"type":"Point","coordinates":[-7.651197,37.838735]}},
{"type":"Feature","properties":{"name": "478"},"geometry":{"type":"Point","coordinates":[-73.399448,9.887638]}},
{"type":"Feature","properties":{"name": "479"},"geometry":{"type":"Point","coordinates":[-64.001888,14.954798]}},
{"type":"Feature","properties":{"name": "480"},"geometry":{"type":"Point","coordinates":[-54.969041,20.865424]}},
{"type":"Feature","properties":{"name": "481"},"geometry":{"type":"Point","coordinates":[-45.621803,26.390444]}},
{"type":"Feature","properties":{"name": "482"},"geometry":{"type":"Point","coordinates":[-35.471343,31.134677]}},
{"type":"Feature","properties":{"name": "483"},"geometry":{"type":"Point","coordinates":[-24.005203,34.458990]}},
{"type":"Feature","properties":{"name": "484"},"geometry":{"type":"Point","coordinates":[-11.862625,36.328777]}},
{"type":"Feature","properties":{"name": "485"},"geometry":{"type":"Point","coordinates":[-76.102123,7.252425]}},
{"type":"Feature","properties":{"name": "486"},"geometry":{"type":"Point","coordinates":[-66.689471,12.015194]}},
{"type":"Feature","properties":{"name": "487"},"geometry":{"type":"Point","coordinates":[-57.624988,17.737524]}},
{"type":"Feature","properties":{"name": "488"},"geometry":{"type":"Point","coordinates":[-48.471945,23.415861]}},
{"type":"Feature","properties":{"name": "489"},"geometry":{"type":"Point","coordinates":[-38.707700,28.420276]}},
{"type":"Feature","properties":{"name": "490"},"geometry":{"type":"Point","coordinates":[-27.732789,32.374660]}},
{"type":"Feature","properties":{"name": "491"},"geometry":{"type":"Point","coordinates":[-15.879421,34.661858]}},
{"type":"Feature","properties":{"name": "492"},"geometry":{"type":"Point","coordinates":[-78.750000,4.625180]}},
{"type":"Feature","properties":{"name": "493"},"geometry":{"type":"Point","coordinates":[-69.441089,9.289951]}},
{"type":"Feature","properties":{"name": "494"},"geometry":{"type":"Point","coordinates":[-60.250527,14.626394]}},
{"type":"Feature","properties":{"name": "495"},"geometry":{"type":"Point","coordinates":[-51.228999,20.385154]}},
{"type":"Feature","properties":{"name": "496"},"geometry":{"type":"Point","coordinates":[-41.779810,25.608744]}},
{"type":"Feature","properties":{"name": "497"},"geometry":{"type":"Point","coordinates":[-31.347854,30.154059]}},
{"type":"Feature","properties":{"name": "498"},"geometry":{"type":"Point","coordinates":[-19.710501,32.841841]}},
{"type":"Feature","properties":{"name": "499"},"geometry":{"type":"Point","coordinates":[-72.157237,6.619861]}},
{"type":"Feature","properties":{"name": "500"},"geometry":{"type":"Point","coordinates":[-62.862811,11.566909]}},
{"type":"Feature","properties":{"name": "501"},"geometry":{"type":"Point","coordinates":[-53.914500,17.319834]}},
{"type":"Feature","properties":{"name": "502"},"geometry":{"type":"Point","coordinates":[-44.697956,22.739724]}},
{"type":"Feature","properties":{"name": "503"},"geometry":{"type":"Point","coordinates":[-34.698884,27.567692]}},
{"type":"Feature","properties":{"name": "504"},"geometry":{"type":"Point","coordinates":[-23.517400,30.917645]}},
{"type":"Feature","properties":{"name": "505"},"geometry":{"type":"Point","coordinates":[-11.697077,32.770470]}},
{"type":"Feature","properties":{"name": "506"},"geometry":{"type":"Point","coordinates":[-74.827361,3.972411]}},
{"type":"Feature","properties":{"name": "507"},"geometry":{"type":"Point","coordinates":[-65.542360,8.707261]}},
{"type":"Feature","properties":{"name": "508"},"geometry":{"type":"Point","coordinates":[-56.548406,14.243774]}},
{"type":"Feature","properties":{"name": "509"},"geometry":{"type":"Point","coordinates":[-47.507123,19.800546]}},
{"type":"Feature","properties":{"name": "510"},"geometry":{"type":"Point","coordinates":[-37.879637,24.848495]}},
{"type":"Feature","properties":{"name": "511"},"geometry":{"type":"Point","coordinates":[-27.196787,28.861275]}},
{"type":"Feature","properties":{"name": "512"},"geometry":{"type":"Point","coordinates":[-15.583249,31.092505]}},
{"type":"Feature","properties":{"name": "513"},"geometry":{"type":"Point","coordinates":[-77.452428,1.326710]}},
{"type":"Feature","properties":{"name": "514"},"geometry":{"type":"Point","coordinates":[-68.253927,5.997306]}},
{"type":"Feature","properties":{"name": "515"},"geometry":{"type":"Point","coordinates":[-59.148930,11.183675]}},
{"type":"Feature","properties":{"name": "516"},"geometry":{"type":"Point","coordinates":[-50.227917,16.809848]}},
{"type":"Feature","properties":{"name": "517"},"geometry":{"type":"Point","coordinates":[-40.905407,22.028765]}},
{"type":"Feature","properties":{"name": "518"},"geometry":{"type":"Point","coordinates":[-30.717315,26.603618]}},
{"type":"Feature","properties":{"name": "519"},"geometry":{"type":"Point","coordinates":[-19.397116,29.311645]}},
{"type":"Feature","properties":{"name": "520"},"geometry":{"type":"Point","coordinates":[-70.932401,3.324898]}},
{"type":"Feature","properties":{"name": "521"},"geometry":{"type":"Point","coordinates":[-61.732305,8.169382]}},
{"type":"Feature","properties":{"name": "522"},"geometry":{"type":"Point","coordinates":[-52.879855,13.787534]}},
{"type":"Feature","properties":{"name": "523"},"geometry":{"type":"Point","coordinates":[-43.794699,19.137088]}},
{"type":"Feature","properties":{"name": "524"},"geometry":{"type":"Point","coordinates":[-34.005327,24.008074]}},
{"type":"Feature","properties":{"name": "525"},"geometry":{"type":"Point","coordinates":[-23.108320,27.412945]}},
{"type":"Feature","properties":{"name": "526"},"geometry":{"type":"Point","coordinates":[-11.586094,29.209350]}},
{"type":"Feature","properties":{"name": "527"},"geometry":{"type":"Point","coordinates":[-73.572184,0.665087]}},
{"type":"Feature","properties":{"name": "528"},"geometry":{"type":"Point","coordinates":[-64.399554,5.378232]}},
{"type":"Feature","properties":{"name": "529"},"geometry":{"type":"Point","coordinates":[-55.481241,10.755178]}},
{"type":"Feature","properties":{"name": "530"},"geometry":{"type":"Point","coordinates":[-46.567528,16.198322]}},
{"type":"Feature","properties":{"name": "531"},"geometry":{"type":"Point","coordinates":[-37.130976,21.273420]}},
{"type":"Feature","properties":{"name": "532"},"geometry":{"type":"Point","coordinates":[-26.709909,25.371184]}},
{"type":"Feature","properties":{"name": "533"},"geometry":{"type":"Point","coordinates":[-15.382578,27.559764]}},
{"type":"Feature","properties":{"name": "534"},"geometry":{"type":"Point","coordinates":[-76.150327,-1.989264]}},
{"type":"Feature","properties":{"name": "535"},"geometry":{"type":"Point","coordinates":[-67.072229,2.677303]}},
{"type":"Feature","properties":{"name": "536"},"geometry":{"type":"Point","coordinates":[-58.049030,7.736367]}},
{"type":"Feature","properties":{"name": "537"},"geometry":{"type":"Point","coordinates":[-49.244304,13.233792]}},
{"type":"Feature","properties":{"name": "538"},"geometry":{"type":"Point","coordinates":[-40.106963,18.435818]}},
{"type":"Feature","properties":{"name": "539"},"geometry":{"type":"Point","coordinates":[-30.146389,23.065967]}},
{"type":"Feature","properties":{"name": "540"},"geometry":{"type":"Point","coordinates":[-19.096351,25.808181]}},
{"type":"Feature","properties":{"name": "541"},"geometry":{"type":"Point","coordinates":[-78.750000,-4.625180]}},
{"type":"Feature","properties":{"name": "542"},"geometry":{"type":"Point","coordinates":[-69.715440,0.000000]}},
{"type":"Feature","properties":{"name": "543"},"geometry":{"type":"Point","coordinates":[-60.598655,4.756946]}},
{"type":"Feature","properties":{"name": "544"},"geometry":{"type":"Point","coordinates":[-51.845163,10.261623]}},
{"type":"Feature","properties":{"name": "545"},"geometry":{"type":"Point","coordinates":[-42.950065,15.526986]}},
{"type":"Feature","properties":{"name": "546"},"geometry":{"type":"Point","coordinates":[-33.374452,20.449420]}},
{"type":"Feature","properties":{"name": "547"},"geometry":{"type":"Point","coordinates":[-22.727222,23.933345]}},
{"type":"Feature","properties":{"name": "548"},"geometry":{"type":"Point","coordinates":[-72.244681,-2.657693]}},
{"type":"Feature","properties":{"name": "549"},"geometry":{"type":"Point","coordinates":[-63.251647,2.024921]}},
{"type":"Feature","properties":{"name": "550"},"geometry":{"type":"Point","coordinates":[-54.407707,7.264997]}},
{"type":"Feature","properties":{"name": "551"},"geometry":{"type":"Point","coordinates":[-45.679207,12.574147]}},
{"type":"Feature","properties":{"name": "552"},"geometry":{"type":"Point","coordinates":[-36.443031,17.687824]}},
{"type":"Feature","properties":{"name": "553"},"geometry":{"type":"Point","coordinates":[-26.263069,21.900185]}},
{"type":"Feature","properties":{"name": "554"},"geometry":{"type":"Point","coordinates":[-15.175966,24.047937]}},
{"type":"Feature","properties":{"name": "555"},"geometry":{"type":"Point","coordinates":[-74.809434,-5.289246]}},
{"type":"Feature","properties":{"name": "556"},"geometry":{"type":"Point","coordinates":[-65.849985,-0.671809]}},
{"type":"Feature","properties":{"name": "557"},"geometry":{"type":"Point","coordinates":[-56.938094,4.278600]}},
{"type":"Feature","properties":{"name": "558"},"geometry":{"type":"Point","coordinates":[-48.314158,9.600282]}},
{"type":"Feature","properties":{"name": "559"},"geometry":{"type":"Point","coordinates":[-39.362833,14.822553]}},
{"type":"Feature","properties":{"name": "560"},"geometry":{"type":"Point","coordinates":[-29.623137,19.534814]}},
{"type":"Feature","properties":{"name": "561"},"geometry":{"type":"Point","coordinates":[-18.804593,22.327048]}},
{"type":"Feature","properties":{"name": "562"},"geometry":{"type":"Point","coordinates":[-77.422146,-7.902458]}},
{"type":"Feature","properties":{"name": "563"},"geometry":{"type":"Point","coordinates":[-68.341530,-3.337539]}},
{"type":"Feature","properties":{"name": "564"},"geometry":{"type":"Point","coordinates":[-59.473477,1.363607]}},
{"type":"Feature","properties":{"name": "565"},"geometry":{"type":"Point","coordinates":[-50.874712,6.624553]}},
{"type":"Feature","properties":{"name": "566"},"geometry":{"type":"Point","coordinates":[-42.149616,11.889287]}},
{"type":"Feature","properties":{"name": "567"},"geometry":{"type":"Point","coordinates":[-32.791171,16.883608]}},
{"type":"Feature","properties":{"name": "568"},"geometry":{"type":"Point","coordinates":[-22.368431,20.475326]}},
{"type":"Feature","properties":{"name": "569"},"geometry":{"type":"Point","coordinates":[-70.863653,-5.971422]}},
{"type":"Feature","properties":{"name": "570"},"geometry":{"type":"Point","coordinates":[-62.003680,-1.354393]}},
{"type":"Feature","properties":{"name": "571"},"geometry":{"type":"Point","coordinates":[-53.380241,3.662809]}},
{"type":"Feature","properties":{"name": "572"},"geometry":{"type":"Point","coordinates":[-44.821910,8.918005]}},
{"type":"Feature","properties":{"name": "573"},"geometry":{"type":"Point","coordinates":[-35.796530,14.082609]}},
{"type":"Feature","properties":{"name": "574"},"geometry":{"type":"Point","coordinates":[-25.848772,18.443494]}},
{"type":"Feature","properties":{"name": "575"},"geometry":{"type":"Point","coordinates":[-14.963237,20.550704]}},
{"type":"Feature","properties":{"name": "576"},"geometry":{"type":"Point","coordinates":[-73.430206,-8.578444]}},
{"type":"Feature","properties":{"name": "577"},"geometry":{"type":"Point","coordinates":[-64.454224,-4.034996]}},
{"type":"Feature","properties":{"name": "578"},"geometry":{"type":"Point","coordinates":[-55.849495,0.728130]}},
{"type":"Feature","properties":{"name": "579"},"geometry":{"type":"Point","coordinates":[-47.399459,5.933377]}},
{"type":"Feature","properties":{"name": "580"},"geometry":{"type":"Point","coordinates":[-38.648620,11.180210]}},
{"type":"Feature","properties":{"name": "581"},"geometry":{"type":"Point","coordinates":[-29.136456,16.002097]}},
{"type":"Feature","properties":{"name": "582"},"geometry":{"type":"Point","coordinates":[-18.518882,18.863634]}},
{"type":"Feature","properties":{"name": "583"},"geometry":{"type":"Point","coordinates":[-76.054808,-11.166748]}},
{"type":"Feature","properties":{"name": "584"},"geometry":{"type":"Point","coordinates":[-66.928601,-6.679346]}},
{"type":"Feature","properties":{"name": "585"},"geometry":{"type":"Point","coordinates":[-58.211920,-2.092053]}},
{"type":"Feature","properties":{"name": "586"},"geometry":{"type":"Point","coordinates":[-49.902235,2.955378]}},
{"type":"Feature","properties":{"name": "587"},"geometry":{"type":"Point","coordinates":[-41.363071,8.217008]}},
{"type":"Feature","properties":{"name": "588"},"geometry":{"type":"Point","coordinates":[-32.239182,13.300004]}},
{"type":"Feature","properties":{"name": "589"},"geometry":{"type":"Point","coordinates":[-22.027315,17.035525]}},
{"type":"Feature","properties":{"name": "590"},"geometry":{"type":"Point","coordinates":[-78.750000,-13.750210]}},
{"type":"Feature","properties":{"name": "591"},"geometry":{"type":"Point","coordinates":[-69.441089,-9.289951]}},
{"type":"Feature","properties":{"name": "592"},"geometry":{"type":"Point","coordinates":[-60.598655,-4.756946]}},
{"type":"Feature","properties":{"name": "593"},"geometry":{"type":"Point","coordinates":[-52.349882,0.000000]}},
{"type":"Feature","properties":{"name": "594"},"geometry":{"type":"Point","coordinates":[-43.958931,5.225994]}},
{"type":"Feature","properties":{"name": "595"},"geometry":{"type":"Point","coordinates":[-35.167985,10.446435]}},
{"type":"Feature","properties":{"name": "596"},"geometry":{"type":"Point","coordinates":[-25.460312,14.994939]}},
{"type":"Feature","properties":{"name": "597"},"geometry":{"type":"Point","coordinates":[-72.006379,-11.871159]}},
{"type":"Feature","properties":{"name": "598"},"geometry":{"type":"Point","coordinates":[-63.023630,-7.421522]}},
{"type":"Feature","properties":{"name": "599"},"geometry":{"type":"Point","coordinates":[-54.589019,-2.921624]}},
{"type":"Feature","properties":{"name": "600"},"geometry":{"type":"Point","coordinates":[-46.456731,2.233284]}},
{"type":"Feature","properties":{"name": "601"},"geometry":{"type":"Point","coordinates":[-37.932075,7.499186]}},
{"type":"Feature","properties":{"name": "602"},"geometry":{"type":"Point","coordinates":[-28.674079,12.456660]}},
{"type":"Feature","properties":{"name": "603"},"geometry":{"type":"Point","coordinates":[-18.236836,15.412644]}},
{"type":"Feature","properties":{"name": "604"},"geometry":{"type":"Point","coordinates":[-74.639727,-14.430830]}},
{"type":"Feature","properties":{"name": "605"},"geometry":{"type":"Point","coordinates":[-65.478583,-10.047662]}},
{"type":"Feature","properties":{"name": "606"},"geometry":{"type":"Point","coordinates":[-56.895677,-5.694183]}},
{"type":"Feature","properties":{"name": "607"},"geometry":{"type":"Point","coordinates":[-48.833511,-0.740964]}},
{"type":"Feature","properties":{"name": "608"},"geometry":{"type":"Point","coordinates":[-40.548400,4.504660]}},
{"type":"Feature","properties":{"name": "609"},"geometry":{"type":"Point","coordinates":[-31.696783,9.684283]}},
{"type":"Feature","properties":{"name": "610"},"geometry":{"type":"Point","coordinates":[-21.699999,13.610712]}},
{"type":"Feature","properties":{"name": "611"},"geometry":{"type":"Point","coordinates":[-77.356381,-16.983875]}},
{"type":"Feature","properties":{"name": "612"},"geometry":{"type":"Point","coordinates":[-67.977908,-12.636631]}},
{"type":"Feature","properties":{"name": "613"},"geometry":{"type":"Point","coordinates":[-59.254980,-8.353973]}},
{"type":"Feature","properties":{"name": "614"},"geometry":{"type":"Point","coordinates":[-51.034061,-3.683756]}},
{"type":"Feature","properties":{"name": "615"},"geometry":{"type":"Point","coordinates":[-43.037929,1.498658]}},
{"type":"Feature","properties":{"name": "616"},"geometry":{"type":"Point","coordinates":[-34.522726,6.765901]}},
{"type":"Feature","properties":{"name": "617"},"geometry":{"type":"Point","coordinates":[-25.076719,11.504644]}},
{"type":"Feature","properties":{"name": "618"},"geometry":{"type":"Point","coordinates":[-70.536963,-15.191229]}},
{"type":"Feature","properties":{"name": "619"},"geometry":{"type":"Point","coordinates":[-61.635621,-10.973466]}},
{"type":"Feature","properties":{"name": "620"},"geometry":{"type":"Point","coordinates":[-53.238417,-6.588261]}},
{"type":"Feature","properties":{"name": "621"},"geometry":{"type":"Point","coordinates":[-45.337310,-1.492426]}},
{"type":"Feature","properties":{"name": "622"},"geometry":{"type":"Point","coordinates":[-37.163301,3.771539]}},
{"type":"Feature","properties":{"name": "623"},"geometry":{"type":"Point","coordinates":[-28.218293,8.881697]}},
{"type":"Feature","properties":{"name": "624"},"geometry":{"type":"Point","coordinates":[-17.956846,11.966968]}},
{"type":"Feature","properties":{"name": "625"},"geometry":{"type":"Point","coordinates":[-73.172704,-17.717604]}},
{"type":"Feature","properties":{"name": "626"},"geometry":{"type":"Point","coordinates":[-64.050498,-13.551814]}},
{"type":"Feature","properties":{"name": "627"},"geometry":{"type":"Point","coordinates":[-55.542803,-9.327274]}},
{"type":"Feature","properties":{"name": "628"},"geometry":{"type":"Point","coordinates":[-47.493986,-4.453048]}},
{"type":"Feature","properties":{"name": "629"},"geometry":{"type":"Point","coordinates":[-39.639501,0.753549]}},
{"type":"Feature","properties":{"name": "630"},"geometry":{"type":"Point","coordinates":[-31.127230,6.017333]}},
{"type":"Feature","properties":{"name": "631"},"geometry":{"type":"Point","coordinates":[-21.383160,10.197762]}},
{"type":"Feature","properties":{"name": "632"},"geometry":{"type":"Point","coordinates":[-75.904124,-20.229678]}},
{"type":"Feature","properties":{"name": "633"},"geometry":{"type":"Point","coordinates":[-66.512985,-16.088335]}},
{"type":"Feature","properties":{"name": "634"},"geometry":{"type":"Point","coordinates":[-57.882372,-11.996602]}},
{"type":"Feature","properties":{"name": "635"},"geometry":{"type":"Point","coordinates":[-49.650400,-7.376839]}},
{"type":"Feature","properties":{"name": "636"},"geometry":{"type":"Point","coordinates":[-41.852599,-2.251719]}},
{"type":"Feature","properties":{"name": "637"},"geometry":{"type":"Point","coordinates":[-33.799203,3.028712]}},
{"type":"Feature","properties":{"name": "638"},"geometry":{"type":"Point","coordinates":[-24.702653,7.998550]}},
{"type":"Feature","properties":{"name": "639"},"geometry":{"type":"Point","coordinates":[-78.750000,-22.761492]}},
{"type":"Feature","properties":{"name": "640"},"geometry":{"type":"Point","coordinates":[-69.037640,-18.583169]}},
{"type":"Feature","properties":{"name": "641"},"geometry":{"type":"Point","coordinates":[-60.250527,-14.626394]}},
{"type":"Feature","properties":{"name": "642"},"geometry":{"type":"Point","coordinates":[-51.845163,-10.261623]}},
{"type":"Feature","properties":{"name": "643"},"geometry":{"type":"Point","coordinates":[-43.958931,-5.225994]}},
{"type":"Feature","properties":{"name": "644"},"geometry":{"type":"Point","coordinates":[-36.253689,0.000000]}},
{"type":"Feature","properties":{"name": "645"},"geometry":{"type":"Point","coordinates":[-27.733408,5.250128]}},
{"type":"Feature","properties":{"name": "646"},"geometry":{"type":"Point","coordinates":[-71.666270,-21.074828]}},
{"type":"Feature","properties":{"name": "647"},"geometry":{"type":"Point","coordinates":[-62.659989,-17.214966]}},
{"type":"Feature","properties":{"name": "648"},"geometry":{"type":"Point","coordinates":[-54.149516,-12.989439]}},
{"type":"Feature","properties":{"name": "649"},"geometry":{"type":"Point","coordinates":[-46.062840,-8.164496]}},
{"type":"Feature","properties":{"name": "650"},"geometry":{"type":"Point","coordinates":[-38.368749,-3.015528]}},
{"type":"Feature","properties":{"name": "651"},"geometry":{"type":"Point","coordinates":[-30.451783,2.278196]}},
{"type":"Feature","properties":{"name": "652"},"geometry":{"type":"Point","coordinates":[-21.073869,6.793637]}},
{"type":"Feature","properties":{"name": "653"},"geometry":{"type":"Point","coordinates":[-74.397048,-23.533932]}},
{"type":"Feature","properties":{"name": "654"},"geometry":{"type":"Point","coordinates":[-65.123737,-19.760178]}},
{"type":"Feature","properties":{"name": "655"},"geometry":{"type":"Point","coordinates":[-56.479320,-15.682259]}},
{"type":"Feature","properties":{"name": "656"},"geometry":{"type":"Point","coordinates":[-48.203457,-11.066799]}},
{"type":"Feature","properties":{"name": "657"},"geometry":{"type":"Point","coordinates":[-40.417088,-5.997867]}},
{"type":"Feature","properties":{"name": "658"},"geometry":{"type":"Point","coordinates":[-32.826577,-0.759680]}},
{"type":"Feature","properties":{"name": "659"},"geometry":{"type":"Point","coordinates":[-24.314372,4.445123]}},
{"type":"Feature","properties":{"name": "660"},"geometry":{"type":"Point","coordinates":[-77.259187,-25.988095]}},
{"type":"Feature","properties":{"name": "661"},"geometry":{"type":"Point","coordinates":[-67.655185,-22.259349]}},
{"type":"Feature","properties":{"name": "662"},"geometry":{"type":"Point","coordinates":[-58.848350,-18.339039]}},
{"type":"Feature","properties":{"name": "663"},"geometry":{"type":"Point","coordinates":[-50.417822,-13.917984]}},
{"type":"Feature","properties":{"name": "664"},"geometry":{"type":"Point","coordinates":[-42.463665,-8.945423]}},
{"type":"Feature","properties":{"name": "665"},"geometry":{"type":"Point","coordinates":[-34.871407,-3.778852]}},
{"type":"Feature","properties":{"name": "666"},"geometry":{"type":"Point","coordinates":[-27.116802,1.521957]}},
{"type":"Feature","properties":{"name": "667"},"geometry":{"type":"Point","coordinates":[-70.268349,-24.709165]}},
{"type":"Feature","properties":{"name": "668"},"geometry":{"type":"Point","coordinates":[-61.271181,-20.958520]}},
{"type":"Feature","properties":{"name": "669"},"geometry":{"type":"Point","coordinates":[-52.712470,-16.677179]}},
{"type":"Feature","properties":{"name": "670"},"geometry":{"type":"Point","coordinates":[-44.547021,-11.860039]}},
{"type":"Feature","properties":{"name": "671"},"geometry":{"type":"Point","coordinates":[-36.853343,-6.761357]}},
{"type":"Feature","properties":{"name": "672"},"geometry":{"type":"Point","coordinates":[-29.383769,-1.521589]}},
{"type":"Feature","properties":{"name": "673"},"geometry":{"type":"Point","coordinates":[-20.769469,3.395362]}},
{"type":"Feature","properties":{"name": "674"},"geometry":{"type":"Point","coordinates":[-72.977987,-27.105569]}},
{"type":"Feature","properties":{"name": "675"},"geometry":{"type":"Point","coordinates":[-63.763918,-23.539313]}},
{"type":"Feature","properties":{"name": "676"},"geometry":{"type":"Point","coordinates":[-55.045652,-19.406139]}},
{"type":"Feature","properties":{"name": "677"},"geometry":{"type":"Point","coordinates":[-46.695019,-14.743018]}},
{"type":"Feature","properties":{"name": "678"},"geometry":{"type":"Point","coordinates":[-38.838234,-9.710898]}},
{"type":"Feature","properties":{"name": "679"},"geometry":{"type":"Point","coordinates":[-31.338785,-4.531992]}},
{"type":"Feature","properties":{"name": "680"},"geometry":{"type":"Point","coordinates":[-23.790078,0.761924]}},
{"type":"Feature","properties":{"name": "681"},"geometry":{"type":"Point","coordinates":[-75.799701,-29.443645]}},
{"type":"Feature","properties":{"name": "682"},"geometry":{"type":"Point","coordinates":[-66.345744,-26.080203]}},
{"type":"Feature","properties":{"name": "683"},"geometry":{"type":"Point","coordinates":[-57.434446,-22.104481]}},
{"type":"Feature","properties":{"name": "684"},"geometry":{"type":"Point","coordinates":[-48.932017,-17.584762]}},
{"type":"Feature","properties":{"name": "685"},"geometry":{"type":"Point","coordinates":[-40.861998,-12.631933]}},
{"type":"Feature","properties":{"name": "686"},"geometry":{"type":"Point","coordinates":[-33.246943,-7.503300]}},
{"type":"Feature","properties":{"name": "687"},"geometry":{"type":"Point","coordinates":[-25.887427,-2.273227]}},
{"type":"Feature","properties":{"name": "688"},"geometry":{"type":"Point","coordinates":[-20.467474,0.000000]}},
{"type":"Feature","properties":{"name": "689"},"geometry":{"type":"Point","coordinates":[-17.679364,8.514304]}},
{"type":"Feature","properties":{"name": "690"},"geometry":{"type":"Point","coordinates":[-14.744937,17.060168]}},
{"type":"Feature","properties":{"name": "691"},"geometry":{"type":"Point","coordinates":[-11.484517,25.666686]}},
{"type":"Feature","properties":{"name": "692"},"geometry":{"type":"Point","coordinates":[-7.659002,34.305716]}},
{"type":"Feature","properties":{"name": "693"},"geometry":{"type":"Point","coordinates":[-3.029793,42.684857]}},
{"type":"Feature","properties":{"name": "694"},"geometry":{"type":"Point","coordinates":[2.939811,50.720526]}},
{"type":"Feature","properties":{"name": "695"},"geometry":{"type":"Point","coordinates":[-17.415280,5.023546]}},
{"type":"Feature","properties":{"name": "696"},"geometry":{"type":"Point","coordinates":[-14.523539,13.565001]}},
{"type":"Feature","properties":{"name": "697"},"geometry":{"type":"Point","coordinates":[-11.363596,22.135390]}},
{"type":"Feature","properties":{"name": "698"},"geometry":{"type":"Point","coordinates":[-7.693776,30.762026]}},
{"type":"Feature","properties":{"name": "699"},"geometry":{"type":"Point","coordinates":[-3.237944,39.191745]}},
{"type":"Feature","properties":{"name": "700"},"geometry":{"type":"Point","coordinates":[2.361356,47.277909]}},
{"type":"Feature","properties":{"name": "701"},"geometry":{"type":"Point","coordinates":[9.923110,54.952698]}},
{"type":"Feature","properties":{"name": "702"},"geometry":{"type":"Point","coordinates":[-17.330923,1.335440]}},
{"type":"Feature","properties":{"name": "703"},"geometry":{"type":"Point","coordinates":[-14.307348,10.045893]}},
{"type":"Feature","properties":{"name": "704"},"geometry":{"type":"Point","coordinates":[-11.227702,18.605922]}},
{"type":"Feature","properties":{"name": "705"},"geometry":{"type":"Point","coordinates":[-7.724795,27.199739]}},
{"type":"Feature","properties":{"name": "706"},"geometry":{"type":"Point","coordinates":[-3.444899,35.692834]}},
{"type":"Feature","properties":{"name": "707"},"geometry":{"type":"Point","coordinates":[1.849191,43.840145]}},
{"type":"Feature","properties":{"name": "708"},"geometry":{"type":"Point","coordinates":[8.798893,51.607673]}},
{"type":"Feature","properties":{"name": "709"},"geometry":{"type":"Point","coordinates":[-18.226186,-2.568963]}},
{"type":"Feature","properties":{"name": "710"},"geometry":{"type":"Point","coordinates":[-14.126774,6.462439]}},
{"type":"Feature","properties":{"name": "711"},"geometry":{"type":"Point","coordinates":[-11.084008,15.064890]}},
{"type":"Feature","properties":{"name": "712"},"geometry":{"type":"Point","coordinates":[-7.713970,23.638836]}},
{"type":"Feature","properties":{"name": "713"},"geometry":{"type":"Point","coordinates":[-3.655044,32.180408]}},
{"type":"Feature","properties":{"name": "714"},"geometry":{"type":"Point","coordinates":[1.382556,40.395981]}},
{"type":"Feature","properties":{"name": "715"},"geometry":{"type":"Point","coordinates":[7.827717,48.247416]}},
{"type":"Feature","properties":{"name": "716"},"geometry":{"type":"Point","coordinates":[-14.188182,2.668053]}},
{"type":"Feature","properties":{"name": "717"},"geometry":{"type":"Point","coordinates":[-10.947738,11.491128]}},
{"type":"Feature","properties":{"name": "718"},"geometry":{"type":"Point","coordinates":[-7.677206,20.076300]}},
{"type":"Feature","properties":{"name": "719"},"geometry":{"type":"Point","coordinates":[-3.871072,28.648247]}},
{"type":"Feature","properties":{"name": "720"},"geometry":{"type":"Point","coordinates":[0.949272,36.938758]}},
{"type":"Feature","properties":{"name": "721"},"geometry":{"type":"Point","coordinates":[6.974392,44.870958]}},
{"type":"Feature","properties":{"name": "722"},"geometry":{"type":"Point","coordinates":[15.011874,52.803076]}},
{"type":"Feature","properties":{"name": "723"},"geometry":{"type":"Point","coordinates":[-14.745736,-1.340041]}},
{"type":"Feature","properties":{"name": "724"},"geometry":{"type":"Point","coordinates":[-10.858978,7.846741]}},
{"type":"Feature","properties":{"name": "725"},"geometry":{"type":"Point","coordinates":[-7.626116,16.498252]}},
{"type":"Feature","properties":{"name": "726"},"geometry":{"type":"Point","coordinates":[-4.004935,25.072236]}},
{"type":"Feature","properties":{"name": "727"},"geometry":{"type":"Point","coordinates":[0.540864,33.463427]}},
{"type":"Feature","properties":{"name": "728"},"geometry":{"type":"Point","coordinates":[6.213232,41.476674]}},
{"type":"Feature","properties":{"name": "729"},"geometry":{"type":"Point","coordinates":[13.585770,49.342693]}},
{"type":"Feature","properties":{"name": "730"},"geometry":{"type":"Point","coordinates":[-15.973865,-5.136255]}},
{"type":"Feature","properties":{"name": "731"},"geometry":{"type":"Point","coordinates":[-11.033036,3.994981]}},
{"type":"Feature","properties":{"name": "732"},"geometry":{"type":"Point","coordinates":[-7.580808,12.884217]}},
{"type":"Feature","properties":{"name": "733"},"geometry":{"type":"Point","coordinates":[-4.082544,21.484532]}},
{"type":"Feature","properties":{"name": "734"},"geometry":{"type":"Point","coordinates":[0.150890,29.965522]}},
{"type":"Feature","properties":{"name": "735"},"geometry":{"type":"Point","coordinates":[5.525000,38.062448]}},
{"type":"Feature","properties":{"name": "736"},"geometry":{"type":"Point","coordinates":[12.342023,45.918222]}},
{"type":"Feature","properties":{"name": "737"},"geometry":{"type":"Point","coordinates":[-17.679364,-8.514304]}},
{"type":"Feature","properties":{"name": "738"},"geometry":{"type":"Point","coordinates":[-11.511492,0.000000]}},
{"type":"Feature","properties":{"name": "739"},"geometry":{"type":"Point","coordinates":[-7.584464,9.201454]}},
{"type":"Feature","properties":{"name": "740"},"geometry":{"type":"Point","coordinates":[-4.136511,17.879331]}},
{"type":"Feature","properties":{"name": "741"},"geometry":{"type":"Point","coordinates":[-0.225842,26.440736]}},
{"type":"Feature","properties":{"name": "742"},"geometry":{"type":"Point","coordinates":[4.894930,34.625758]}},
{"type":"Feature","properties":{"name": "743"},"geometry":{"type":"Point","coordinates":[11.250000,42.496311]}},
{"type":"Feature","properties":{"name": "744"},"geometry":{"type":"Point","coordinates":[-12.344583,-3.990276]}},
{"type":"Feature","properties":{"name": "745"},"geometry":{"type":"Point","coordinates":[-7.859216,5.313301]}},
{"type":"Feature","properties":{"name": "746"},"geometry":{"type":"Point","coordinates":[-4.190339,14.237848]}},
{"type":"Feature","properties":{"name": "747"},"geometry":{"type":"Point","coordinates":[-0.432286,22.836646]}},
{"type":"Feature","properties":{"name": "748"},"geometry":{"type":"Point","coordinates":[4.311430,31.163729]}},
{"type":"Feature","properties":{"name": "749"},"geometry":{"type":"Point","coordinates":[10.278882,39.106471]}},
{"type":"Feature","properties":{"name": "750"},"geometry":{"type":"Point","coordinates":[17.930443,47.216681]}},
{"type":"Feature","properties":{"name": "751"},"geometry":{"type":"Point","coordinates":[-13.699289,-7.700130]}},
{"type":"Feature","properties":{"name": "752"},"geometry":{"type":"Point","coordinates":[-8.315885,1.336180]}},
{"type":"Feature","properties":{"name": "753"},"geometry":{"type":"Point","coordinates":[-4.323245,10.508152]}},
{"type":"Feature","properties":{"name": "754"},"geometry":{"type":"Point","coordinates":[-0.602702,19.214083]}},
{"type":"Feature","properties":{"name": "755"},"geometry":{"type":"Point","coordinates":[3.765182,27.673143]}},
{"type":"Feature","properties":{"name": "756"},"geometry":{"type":"Point","coordinates":[9.404490,35.697983]}},
{"type":"Feature","properties":{"name": "757"},"geometry":{"type":"Point","coordinates":[16.485501,43.758927]}},
{"type":"Feature","properties":{"name": "758"},"geometry":{"type":"Point","coordinates":[-15.368455,-11.124178]}},
{"type":"Feature","properties":{"name": "759"},"geometry":{"type":"Point","coordinates":[-9.002630,-2.670194]}},
{"type":"Feature","properties":{"name": "760"},"geometry":{"type":"Point","coordinates":[-4.660379,6.619996]}},
{"type":"Feature","properties":{"name": "761"},"geometry":{"type":"Point","coordinates":[-0.763180,15.556278]}},
{"type":"Feature","properties":{"name": "762"},"geometry":{"type":"Point","coordinates":[3.284820,24.134366]}},
{"type":"Feature","properties":{"name": "763"},"geometry":{"type":"Point","coordinates":[8.608610,32.265768]}},
{"type":"Feature","properties":{"name": "764"},"geometry":{"type":"Point","coordinates":[15.206043,40.313808]}},
{"type":"Feature","properties":{"name": "765"},"geometry":{"type":"Point","coordinates":[-9.972552,-6.607722]}},
{"type":"Feature","properties":{"name": "766"},"geometry":{"type":"Point","coordinates":[-5.121805,2.661842]}},
{"type":"Feature","properties":{"name": "767"},"geometry":{"type":"Point","coordinates":[-1.028246,11.792472]}},
{"type":"Feature","properties":{"name": "768"},"geometry":{"type":"Point","coordinates":[2.986826,20.504026]}},
{"type":"Feature","properties":{"name": "769"},"geometry":{"type":"Point","coordinates":[7.876821,28.805797]}},
{"type":"Feature","properties":{"name": "770"},"geometry":{"type":"Point","coordinates":[14.064846,36.864195]}},
{"type":"Feature","properties":{"name": "771"},"geometry":{"type":"Point","coordinates":[21.893167,45.005950]}},
{"type":"Feature","properties":{"name": "772"},"geometry":{"type":"Point","coordinates":[-11.390861,-10.258690]}},
{"type":"Feature","properties":{"name": "773"},"geometry":{"type":"Point","coordinates":[-5.738611,-1.332828]}},
{"type":"Feature","properties":{"name": "774"},"geometry":{"type":"Point","coordinates":[-1.430073,7.911918]}},
{"type":"Feature","properties":{"name": "775"},"geometry":{"type":"Point","coordinates":[2.711932,16.839825]}},
{"type":"Feature","properties":{"name": "776"},"geometry":{"type":"Point","coordinates":[7.197494,25.314273]}},
{"type":"Feature","properties":{"name": "777"},"geometry":{"type":"Point","coordinates":[13.037747,33.399869]}},
{"type":"Feature","properties":{"name": "778"},"geometry":{"type":"Point","coordinates":[20.299948,41.540152]}},
{"type":"Feature","properties":{"name": "779"},"geometry":{"type":"Point","coordinates":[-13.023778,-13.713475]}},
{"type":"Feature","properties":{"name": "780"},"geometry":{"type":"Point","coordinates":[-6.546573,-5.311974]}},
{"type":"Feature","properties":{"name": "781"},"geometry":{"type":"Point","coordinates":[-1.913317,3.974283]}},
{"type":"Feature","properties":{"name": "782"},"geometry":{"type":"Point","coordinates":[2.309932,13.052713]}},
{"type":"Feature","properties":{"name": "783"},"geometry":{"type":"Point","coordinates":[6.642838,21.748014]}},
{"type":"Feature","properties":{"name": "784"},"geometry":{"type":"Point","coordinates":[12.104857,29.913732]}},
{"type":"Feature","properties":{"name": "785"},"geometry":{"type":"Point","coordinates":[18.878890,38.085336]}},
{"type":"Feature","properties":{"name": "786"},"geometry":{"type":"Point","coordinates":[-14.744937,-17.060168]}},
{"type":"Feature","properties":{"name": "787"},"geometry":{"type":"Point","coordinates":[-7.584464,-9.201454]}},
{"type":"Feature","properties":{"name": "788"},"geometry":{"type":"Point","coordinates":[-2.500210,0.000000]}},
{"type":"Feature","properties":{"name": "789"},"geometry":{"type":"Point","coordinates":[1.838276,9.185751]}},
{"type":"Feature","properties":{"name": "790"},"geometry":{"type":"Point","coordinates":[6.245171,18.086655]}},
{"type":"Feature","properties":{"name": "791"},"geometry":{"type":"Point","coordinates":[11.250000,26.400118]}},
{"type":"Feature","properties":{"name": "792"},"geometry":{"type":"Point","coordinates":[17.605070,34.625758]}},
{"type":"Feature","properties":{"name": "793"},"geometry":{"type":"Point","coordinates":[-9.036405,-12.809799]}},
{"type":"Feature","properties":{"name": "794"},"geometry":{"type":"Point","coordinates":[-3.216483,-3.980378]}},
{"type":"Feature","properties":{"name": "795"},"geometry":{"type":"Point","coordinates":[1.319951,5.270850]}},
{"type":"Feature","properties":{"name": "796"},"geometry":{"type":"Point","coordinates":[5.699616,14.285925]}},
{"type":"Feature","properties":{"name": "797"},"geometry":{"type":"Point","coordinates":[10.459578,22.898551]}},
{"type":"Feature","properties":{"name": "798"},"geometry":{"type":"Point","coordinates":[16.455258,31.151093]}},
{"type":"Feature","properties":{"name": "799"},"geometry":{"type":"Point","coordinates":[23.826991,39.228436]}},
{"type":"Feature","properties":{"name": "800"},"geometry":{"type":"Point","coordinates":[-10.629167,-16.288958]}},
{"type":"Feature","properties":{"name": "801"},"geometry":{"type":"Point","coordinates":[-4.091267,-7.924167]}},
{"type":"Feature","properties":{"name": "802"},"geometry":{"type":"Point","coordinates":[0.737519,1.321172]}},
{"type":"Feature","properties":{"name": "803"},"geometry":{"type":"Point","coordinates":[5.151398,10.437981]}},
{"type":"Feature","properties":{"name": "804"},"geometry":{"type":"Point","coordinates":[9.805437,19.270849]}},
{"type":"Feature","properties":{"name": "805"},"geometry":{"type":"Point","coordinates":[15.409613,27.653764]}},
{"type":"Feature","properties":{"name": "806"},"geometry":{"type":"Point","coordinates":[22.299588,35.776331]}},
{"type":"Feature","properties":{"name": "807"},"geometry":{"type":"Point","coordinates":[-12.305891,-19.681198]}},
{"type":"Feature","properties":{"name": "808"},"geometry":{"type":"Point","coordinates":[-5.192384,-11.750778]}},
{"type":"Feature","properties":{"name": "809"},"geometry":{"type":"Point","coordinates":[0.071197,-2.644129]}},
{"type":"Feature","properties":{"name": "810"},"geometry":{"type":"Point","coordinates":[4.586467,6.548615]}},
{"type":"Feature","properties":{"name": "811"},"geometry":{"type":"Point","coordinates":[9.148738,15.488432]}},
{"type":"Feature","properties":{"name": "812"},"geometry":{"type":"Point","coordinates":[14.451576,24.127577]}},
{"type":"Feature","properties":{"name": "813"},"geometry":{"type":"Point","coordinates":[20.924001,32.315296]}},
{"type":"Feature","properties":{"name": "814"},"geometry":{"type":"Point","coordinates":[-6.622951,-15.350984]}},
{"type":"Feature","properties":{"name": "815"},"geometry":{"type":"Point","coordinates":[-0.701491,-6.598745]}},
{"type":"Feature","properties":{"name": "816"},"geometry":{"type":"Point","coordinates":[3.989906,2.626678]}},
{"type":"Feature","properties":{"name": "817"},"geometry":{"type":"Point","coordinates":[8.516194,11.664845]}},
{"type":"Feature","properties":{"name": "818"},"geometry":{"type":"Point","coordinates":[13.483912,20.523774]}},
{"type":"Feature","properties":{"name": "819"},"geometry":{"type":"Point","coordinates":[19.678127,28.835988]}},
{"type":"Feature","properties":{"name": "820"},"geometry":{"type":"Point","coordinates":[27.102889,36.816573]}},
{"type":"Feature","properties":{"name": "821"},"geometry":{"type":"Point","coordinates":[-8.168981,-18.851583]}},
{"type":"Feature","properties":{"name": "822"},"geometry":{"type":"Point","coordinates":[-1.605834,-10.508157]}},
{"type":"Feature","properties":{"name": "823"},"geometry":{"type":"Point","coordinates":[3.345446,-1.315241]}},
{"type":"Feature","properties":{"name": "824"},"geometry":{"type":"Point","coordinates":[7.893982,7.804357]}},
{"type":"Feature","properties":{"name": "825"},"geometry":{"type":"Point","coordinates":[12.664353,16.741504]}},
{"type":"Feature","properties":{"name": "826"},"geometry":{"type":"Point","coordinates":[18.542731,25.331154]}},
{"type":"Feature","properties":{"name": "827"},"geometry":{"type":"Point","coordinates":[25.497426,33.375687]}},
{"type":"Feature","properties":{"name": "828"},"geometry":{"type":"Point","coordinates":[-9.793498,-22.282743]}},
{"type":"Feature","properties":{"name": "829"},"geometry":{"type":"Point","coordinates":[-2.742634,-14.281419]}},
{"type":"Feature","properties":{"name": "830"},"geometry":{"type":"Point","coordinates":[2.635002,-5.260110]}},
{"type":"Feature","properties":{"name": "831"},"geometry":{"type":"Point","coordinates":[7.268291,3.913200]}},
{"type":"Feature","properties":{"name": "832"},"geometry":{"type":"Point","coordinates":[11.939202,12.899113]}},
{"type":"Feature","properties":{"name": "833"},"geometry":{"type":"Point","coordinates":[17.381852,21.740978]}},
{"type":"Feature","properties":{"name": "834"},"geometry":{"type":"Point","coordinates":[24.045374,29.919778]}},
{"type":"Feature","properties":{"name": "835"},"geometry":{"type":"Point","coordinates":[-11.484517,-25.666686]}},
{"type":"Feature","properties":{"name": "836"},"geometry":{"type":"Point","coordinates":[-4.136511,-17.879331]}},
{"type":"Feature","properties":{"name": "837"},"geometry":{"type":"Point","coordinates":[1.838276,-9.185751]}},
{"type":"Feature","properties":{"name": "838"},"geometry":{"type":"Point","coordinates":[6.624820,0.000000]}},
{"type":"Feature","properties":{"name": "839"},"geometry":{"type":"Point","coordinates":[11.250000,9.034560]}},
{"type":"Feature","properties":{"name": "840"},"geometry":{"type":"Point","coordinates":[16.254829,18.086655]}},
{"type":"Feature","properties":{"name": "841"},"geometry":{"type":"Point","coordinates":[22.725842,26.440736]}},
{"type":"Feature","properties":{"name": "842"},"geometry":{"type":"Point","coordinates":[-5.626989,-21.399903]}},
{"type":"Feature","properties":{"name": "843"},"geometry":{"type":"Point","coordinates":[0.932483,-13.064241]}},
{"type":"Feature","properties":{"name": "844"},"geometry":{"type":"Point","coordinates":[5.948291,-3.923761]}},
{"type":"Feature","properties":{"name": "845"},"geometry":{"type":"Point","coordinates":[10.582188,5.177466]}},
{"type":"Feature","properties":{"name": "846"},"geometry":{"type":"Point","coordinates":[15.413490,14.259589]}},
{"type":"Feature","properties":{"name": "847"},"geometry":{"type":"Point","coordinates":[21.382080,22.882800]}},
{"type":"Feature","properties":{"name": "848"},"geometry":{"type":"Point","coordinates":[28.498755,30.881186]}},
{"type":"Feature","properties":{"name": "849"},"geometry":{"type":"Point","coordinates":[-7.189427,-24.865891]}},
{"type":"Feature","properties":{"name": "850"},"geometry":{"type":"Point","coordinates":[-0.218708,-16.792076]}},
{"type":"Feature","properties":{"name": "851"},"geometry":{"type":"Point","coordinates":[5.221980,-7.843284]}},
{"type":"Feature","properties":{"name": "852"},"geometry":{"type":"Point","coordinates":[9.922950,1.297224]}},
{"type":"Feature","properties":{"name": "853"},"geometry":{"type":"Point","coordinates":[14.643248,10.390620]}},
{"type":"Feature","properties":{"name": "854"},"geometry":{"type":"Point","coordinates":[20.104204,19.279938]}},
{"type":"Feature","properties":{"name": "855"},"geometry":{"type":"Point","coordinates":[26.973643,27.429018]}},
{"type":"Feature","properties":{"name": "856"},"geometry":{"type":"Point","coordinates":[-8.816565,-28.294943]}},
{"type":"Feature","properties":{"name": "857"},"geometry":{"type":"Point","coordinates":[-1.561822,-20.391345]}},
{"type":"Feature","properties":{"name": "858"},"geometry":{"type":"Point","coordinates":[4.427271,-11.740016]}},
{"type":"Feature","properties":{"name": "859"},"geometry":{"type":"Point","coordinates":[9.258688,-2.598105]}},
{"type":"Feature","properties":{"name": "860"},"geometry":{"type":"Point","coordinates":[13.924891,6.498292]}},
{"type":"Feature","properties":{"name": "861"},"geometry":{"type":"Point","coordinates":[18.956730,15.591259]}},
{"type":"Feature","properties":{"name": "862"},"geometry":{"type":"Point","coordinates":[25.485697,23.931006]}},
{"type":"Feature","properties":{"name": "863"},"geometry":{"type":"Point","coordinates":[-2.985697,-23.931006]}},
{"type":"Feature","properties":{"name": "864"},"geometry":{"type":"Point","coordinates":[3.543270,-15.591259]}},
{"type":"Feature","properties":{"name": "865"},"geometry":{"type":"Point","coordinates":[8.575109,-6.498292]}},
{"type":"Feature","properties":{"name": "866"},"geometry":{"type":"Point","coordinates":[13.241312,2.598105]}},
{"type":"Feature","properties":{"name": "867"},"geometry":{"type":"Point","coordinates":[18.072729,11.740016]}},
{"type":"Feature","properties":{"name": "868"},"geometry":{"type":"Point","coordinates":[24.061822,20.391345]}},
{"type":"Feature","properties":{"name": "869"},"geometry":{"type":"Point","coordinates":[31.316565,28.294943]}},
{"type":"Feature","properties":{"name": "870"},"geometry":{"type":"Point","coordinates":[-4.473643,-27.429018]}},
{"type":"Feature","properties":{"name": "871"},"geometry":{"type":"Point","coordinates":[2.395796,-19.279938]}},
{"type":"Feature","properties":{"name": "872"},"geometry":{"type":"Point","coordinates":[7.856752,-10.390620]}},
{"type":"Feature","properties":{"name": "873"},"geometry":{"type":"Point","coordinates":[12.577050,-1.297224]}},
{"type":"Feature","properties":{"name": "874"},"geometry":{"type":"Point","coordinates":[17.278020,7.843284]}},
{"type":"Feature","properties":{"name": "875"},"geometry":{"type":"Point","coordinates":[22.718708,16.792076]}},
{"type":"Feature","properties":{"name": "876"},"geometry":{"type":"Point","coordinates":[29.689427,24.865891]}},
{"type":"Feature","properties":{"name": "877"},"geometry":{"type":"Point","coordinates":[-5.998755,-30.881186]}},
{"type":"Feature","properties":{"name": "878"},"geometry":{"type":"Point","coordinates":[1.117920,-22.882800]}},
{"type":"Feature","properties":{"name": "879"},"geometry":{"type":"Point","coordinates":[7.086510,-14.259589]}},
{"type":"Feature","properties":{"name": "880"},"geometry":{"type":"Point","coordinates":[11.917812,-5.177466]}},
{"type":"Feature","properties":{"name": "881"},"geometry":{"type":"Point","coordinates":[16.551709,3.923761]}},
{"type":"Feature","properties":{"name": "882"},"geometry":{"type":"Point","coordinates":[21.567517,13.064241]}},
{"type":"Feature","properties":{"name": "883"},"geometry":{"type":"Point","coordinates":[28.126989,21.399903]}},
{"type":"Feature","properties":{"name": "884"},"geometry":{"type":"Point","coordinates":[-7.659002,-34.305716]}},
{"type":"Feature","properties":{"name": "885"},"geometry":{"type":"Point","coordinates":[-0.225842,-26.440736]}},
{"type":"Feature","properties":{"name": "886"},"geometry":{"type":"Point","coordinates":[6.245171,-18.086655]}},
{"type":"Feature","properties":{"name": "887"},"geometry":{"type":"Point","coordinates":[11.250000,-9.034560]}},
{"type":"Feature","properties":{"name": "888"},"geometry":{"type":"Point","coordinates":[15.875180,0.000000]}},
{"type":"Feature","properties":{"name": "889"},"geometry":{"type":"Point","coordinates":[20.661724,9.185751]}},
{"type":"Feature","properties":{"name": "890"},"geometry":{"type":"Point","coordinates":[26.636511,17.879331]}},
{"type":"Feature","properties":{"name": "891"},"geometry":{"type":"Point","coordinates":[-1.545374,-29.919778]}},
{"type":"Feature","properties":{"name": "892"},"geometry":{"type":"Point","coordinates":[5.118148,-21.740978]}},
{"type":"Feature","properties":{"name": "893"},"geometry":{"type":"Point","coordinates":[10.560798,-12.899113]}},
{"type":"Feature","properties":{"name": "894"},"geometry":{"type":"Point","coordinates":[15.231709,-3.913200]}},
{"type":"Feature","properties":{"name": "895"},"geometry":{"type":"Point","coordinates":[19.864998,5.260110]}},
{"type":"Feature","properties":{"name": "896"},"geometry":{"type":"Point","coordinates":[25.242634,14.281419]}},
{"type":"Feature","properties":{"name": "897"},"geometry":{"type":"Point","coordinates":[32.293498,22.282743]}},
{"type":"Feature","properties":{"name": "898"},"geometry":{"type":"Point","coordinates":[-2.997426,-33.375687]}},
{"type":"Feature","properties":{"name": "899"},"geometry":{"type":"Point","coordinates":[3.957269,-25.331154]}},
{"type":"Feature","properties":{"name": "900"},"geometry":{"type":"Point","coordinates":[9.835647,-16.741504]}},
{"type":"Feature","properties":{"name": "901"},"geometry":{"type":"Point","coordinates":[14.606018,-7.804357]}},
{"type":"Feature","properties":{"name": "902"},"geometry":{"type":"Point","coordinates":[19.154554,1.315241]}},
{"type":"Feature","properties":{"name": "903"},"geometry":{"type":"Point","coordinates":[24.105834,10.508157]}},
{"type":"Feature","properties":{"name": "904"},"geometry":{"type":"Point","coordinates":[30.668981,18.851583]}},
{"type":"Feature","properties":{"name": "905"},"geometry":{"type":"Point","coordinates":[-4.602889,-36.816573]}},
{"type":"Feature","properties":{"name": "906"},"geometry":{"type":"Point","coordinates":[2.821873,-28.835988]}},
{"type":"Feature","properties":{"name": "907"},"geometry":{"type":"Point","coordinates":[9.016088,-20.523774]}},
{"type":"Feature","properties":{"name": "908"},"geometry":{"type":"Point","coordinates":[13.983806,-11.664845]}},
{"type":"Feature","properties":{"name": "909"},"geometry":{"type":"Point","coordinates":[18.510094,-2.626678]}},
{"type":"Feature","properties":{"name": "910"},"geometry":{"type":"Point","coordinates":[23.201491,6.598745]}},
{"type":"Feature","properties":{"name": "911"},"geometry":{"type":"Point","coordinates":[29.122951,15.350984]}},
{"type":"Feature","properties":{"name": "912"},"geometry":{"type":"Point","coordinates":[1.575999,-32.315296]}},
{"type":"Feature","properties":{"name": "913"},"geometry":{"type":"Point","coordinates":[8.048424,-24.127577]}},
{"type":"Feature","properties":{"name": "914"},"geometry":{"type":"Point","coordinates":[13.351262,-15.488432]}},
{"type":"Feature","properties":{"name": "915"},"geometry":{"type":"Point","coordinates":[17.913533,-6.548615]}},
{"type":"Feature","properties":{"name": "916"},"geometry":{"type":"Point","coordinates":[22.428803,2.644129]}},
{"type":"Feature","properties":{"name": "917"},"geometry":{"type":"Point","coordinates":[27.692384,11.750778]}},
{"type":"Feature","properties":{"name": "918"},"geometry":{"type":"Point","coordinates":[34.805891,19.681198]}},
{"type":"Feature","properties":{"name": "919"},"geometry":{"type":"Point","coordinates":[0.200412,-35.776331]}},
{"type":"Feature","properties":{"name": "920"},"geometry":{"type":"Point","coordinates":[7.090387,-27.653764]}},
{"type":"Feature","properties":{"name": "921"},"geometry":{"type":"Point","coordinates":[12.694563,-19.270849]}},
{"type":"Feature","properties":{"name": "922"},"geometry":{"type":"Point","coordinates":[17.348602,-10.437981]}},
{"type":"Feature","properties":{"name": "923"},"geometry":{"type":"Point","coordinates":[21.762481,-1.321172]}},
{"type":"Feature","properties":{"name": "924"},"geometry":{"type":"Point","coordinates":[26.591267,7.924167]}},
{"type":"Feature","properties":{"name": "925"},"geometry":{"type":"Point","coordinates":[33.129167,16.288958]}},
{"type":"Feature","properties":{"name": "926"},"geometry":{"type":"Point","coordinates":[-1.326991,-39.228436]}},
{"type":"Feature","properties":{"name": "927"},"geometry":{"type":"Point","coordinates":[6.044742,-31.151093]}},
{"type":"Feature","properties":{"name": "928"},"geometry":{"type":"Point","coordinates":[12.040422,-22.898551]}},
{"type":"Feature","properties":{"name": "929"},"geometry":{"type":"Point","coordinates":[16.800384,-14.285925]}},
{"type":"Feature","properties":{"name": "930"},"geometry":{"type":"Point","coordinates":[21.180049,-5.270850]}},
{"type":"Feature","properties":{"name": "931"},"geometry":{"type":"Point","coordinates":[25.716483,3.980378]}},
{"type":"Feature","properties":{"name": "932"},"geometry":{"type":"Point","coordinates":[31.536405,12.809799]}},
{"type":"Feature","properties":{"name": "933"},"geometry":{"type":"Point","coordinates":[-3.029793,-42.684857]}},
{"type":"Feature","properties":{"name": "934"},"geometry":{"type":"Point","coordinates":[4.894930,-34.625758]}},
{"type":"Feature","properties":{"name": "935"},"geometry":{"type":"Point","coordinates":[11.250000,-26.400118]}},
{"type":"Feature","properties":{"name": "936"},"geometry":{"type":"Point","coordinates":[16.254829,-18.086655]}},
{"type":"Feature","properties":{"name": "937"},"geometry":{"type":"Point","coordinates":[20.661724,-9.185751]}},
{"type":"Feature","properties":{"name": "938"},"geometry":{"type":"Point","coordinates":[25.000210,0.000000]}},
{"type":"Feature","properties":{"name": "939"},"geometry":{"type":"Point","coordinates":[30.084464,9.201454]}},
{"type":"Feature","properties":{"name": "940"},"geometry":{"type":"Point","coordinates":[3.621110,-38.085336]}},
{"type":"Feature","properties":{"name": "941"},"geometry":{"type":"Point","coordinates":[10.395143,-29.913732]}},
{"type":"Feature","properties":{"name": "942"},"geometry":{"type":"Point","coordinates":[15.857162,-21.748014]}},
{"type":"Feature","properties":{"name": "943"},"geometry":{"type":"Point","coordinates":[20.190068,-13.052713]}},
{"type":"Feature","properties":{"name": "944"},"geometry":{"type":"Point","coordinates":[24.413317,-3.974283]}},
{"type":"Feature","properties":{"name": "945"},"geometry":{"type":"Point","coordinates":[29.046573,5.311974]}},
{"type":"Feature","properties":{"name": "946"},"geometry":{"type":"Point","coordinates":[35.523778,13.713475]}},
{"type":"Feature","properties":{"name": "947"},"geometry":{"type":"Point","coordinates":[2.200052,-41.540152]}},
{"type":"Feature","properties":{"name": "948"},"geometry":{"type":"Point","coordinates":[9.462253,-33.399869]}},
{"type":"Feature","properties":{"name": "949"},"geometry":{"type":"Point","coordinates":[15.302506,-25.314273]}},
{"type":"Feature","properties":{"name": "950"},"geometry":{"type":"Point","coordinates":[19.788068,-16.839825]}},
{"type":"Feature","properties":{"name": "951"},"geometry":{"type":"Point","coordinates":[23.930073,-7.911918]}},
{"type":"Feature","properties":{"name": "952"},"geometry":{"type":"Point","coordinates":[28.238611,1.332828]}},
{"type":"Feature","properties":{"name": "953"},"geometry":{"type":"Point","coordinates":[33.890861,10.258690]}},
{"type":"Feature","properties":{"name": "954"},"geometry":{"type":"Point","coordinates":[0.606833,-45.005950]}},
{"type":"Feature","properties":{"name": "955"},"geometry":{"type":"Point","coordinates":[8.435154,-36.864195]}},
{"type":"Feature","properties":{"name": "956"},"geometry":{"type":"Point","coordinates":[14.623179,-28.805797]}},
{"type":"Feature","properties":{"name": "957"},"geometry":{"type":"Point","coordinates":[19.513174,-20.504026]}},
{"type":"Feature","properties":{"name": "958"},"geometry":{"type":"Point","coordinates":[23.528246,-11.792472]}},
{"type":"Feature","properties":{"name": "959"},"geometry":{"type":"Point","coordinates":[27.621805,-2.661842]}},
{"type":"Feature","properties":{"name": "960"},"geometry":{"type":"Point","coordinates":[32.472552,6.607722]}},
{"type":"Feature","properties":{"name": "961"},"geometry":{"type":"Point","coordinates":[7.293957,-40.313808]}},
{"type":"Feature","properties":{"name": "962"},"geometry":{"type":"Point","coordinates":[13.891390,-32.265768]}},
{"type":"Feature","properties":{"name": "963"},"geometry":{"type":"Point","coordinates":[19.215180,-24.134366]}},
{"type":"Feature","properties":{"name": "964"},"geometry":{"type":"Point","coordinates":[23.263180,-15.556278]}},
{"type":"Feature","properties":{"name": "965"},"geometry":{"type":"Point","coordinates":[27.160379,-6.619996]}},
{"type":"Feature","properties":{"name": "966"},"geometry":{"type":"Point","coordinates":[31.502630,2.670194]}},
{"type":"Feature","properties":{"name": "967"},"geometry":{"type":"Point","coordinates":[37.868455,11.124178]}},
{"type":"Feature","properties":{"name": "968"},"geometry":{"type":"Point","coordinates":[6.014499,-43.758927]}},
{"type":"Feature","properties":{"name": "969"},"geometry":{"type":"Point","coordinates":[13.095510,-35.697983]}},
{"type":"Feature","properties":{"name": "970"},"geometry":{"type":"Point","coordinates":[18.734818,-27.673143]}},
{"type":"Feature","properties":{"name": "971"},"geometry":{"type":"Point","coordinates":[23.102702,-19.214083]}},
{"type":"Feature","properties":{"name": "972"},"geometry":{"type":"Point","coordinates":[26.823245,-10.508152]}},
{"type":"Feature","properties":{"name": "973"},"geometry":{"type":"Point","coordinates":[30.815885,-1.336180]}},
{"type":"Feature","properties":{"name": "974"},"geometry":{"type":"Point","coordinates":[36.199289,7.700130]}},
{"type":"Feature","properties":{"name": "975"},"geometry":{"type":"Point","coordinates":[4.569557,-47.216681]}},
{"type":"Feature","properties":{"name": "976"},"geometry":{"type":"Point","coordinates":[12.221118,-39.106471]}},
{"type":"Feature","properties":{"name": "977"},"geometry":{"type":"Point","coordinates":[18.188570,-31.163729]}},
{"type":"Feature","properties":{"name": "978"},"geometry":{"type":"Point","coordinates":[22.932286,-22.836646]}},
{"type":"Feature","properties":{"name": "979"},"geometry":{"type":"Point","coordinates":[26.690339,-14.237848]}},
{"type":"Feature","properties":{"name": "980"},"geometry":{"type":"Point","coordinates":[30.359216,-5.313301]}},
{"type":"Feature","properties":{"name": "981"},"geometry":{"type":"Point","coordinates":[34.844583,3.990276]}},
{"type":"Feature","properties":{"name": "982"},"geometry":{"type":"Point","coordinates":[2.939811,-50.720526]}},
{"type":"Feature","properties":{"name": "983"},"geometry":{"type":"Point","coordinates":[11.250000,-42.496311]}},
{"type":"Feature","properties":{"name": "984"},"geometry":{"type":"Point","coordinates":[17.605070,-34.625758]}},
{"type":"Feature","properties":{"name": "985"},"geometry":{"type":"Point","coordinates":[22.725842,-26.440736]}},
{"type":"Feature","properties":{"name": "986"},"geometry":{"type":"Point","coordinates":[26.636511,-17.879331]}},
{"type":"Feature","properties":{"name": "987"},"geometry":{"type":"Point","coordinates":[30.084464,-9.201454]}},
{"type":"Feature","properties":{"name": "988"},"geometry":{"type":"Point","coordinates":[34.011492,0.000000]}},
{"type":"Feature","properties":{"name": "989"},"geometry":{"type":"Point","coordinates":[10.157977,-45.918222]}},
{"type":"Feature","properties":{"name": "990"},"geometry":{"type":"Point","coordinates":[16.975000,-38.062448]}},
{"type":"Feature","properties":{"name": "991"},"geometry":{"type":"Point","coordinates":[22.349110,-29.965522]}},
{"type":"Feature","properties":{"name": "992"},"geometry":{"type":"Point","coordinates":[26.582544,-21.484532]}},
{"type":"Feature","properties":{"name": "993"},"geometry":{"type":"Point","coordinates":[30.080808,-12.884217]}},
{"type":"Feature","properties":{"name": "994"},"geometry":{"type":"Point","coordinates":[33.533036,-3.994981]}},
{"type":"Feature","properties":{"name": "995"},"geometry":{"type":"Point","coordinates":[38.473865,5.136255]}},
{"type":"Feature","properties":{"name": "996"},"geometry":{"type":"Point","coordinates":[8.914230,-49.342693]}},
{"type":"Feature","properties":{"name": "997"},"geometry":{"type":"Point","coordinates":[16.286768,-41.476674]}},
{"type":"Feature","properties":{"name": "998"},"geometry":{"type":"Point","coordinates":[21.959136,-33.463427]}},
{"type":"Feature","properties":{"name": "999"},"geometry":{"type":"Point","coordinates":[26.504935,-25.072236]}},
{"type":"Feature","properties":{"name": "1000"},"geometry":{"type":"Point","coordinates":[30.126116,-16.498252]}},
{"type":"Feature","properties":{"name": "1001"},"geometry":{"type":"Point","coordinates":[33.358978,-7.846741]}},
{"type":"Feature","properties":{"name": "1002"},"geometry":{"type":"Point","coordinates":[37.245736,1.340041]}},
{"type":"Feature","properties":{"name": "1003"},"geometry":{"type":"Point","coordinates":[7.488126,-52.803076]}},
{"type":"Feature","properties":{"name": "1004"},"geometry":{"type":"Point","coordinates":[15.525608,-44.870958]}},
{"type":"Feature","properties":{"name": "1005"},"geometry":{"type":"Point","coordinates":[21.550728,-36.938758]}},
{"type":"Feature","properties":{"name": "1006"},"geometry":{"type":"Point","coordinates":[26.371072,-28.648247]}},
{"type":"Feature","properties":{"name": "1007"},"geometry":{"type":"Point","coordinates":[30.177206,-20.076300]}},
{"type":"Feature","properties":{"name": "1008"},"geometry":{"type":"Point","coordinates":[33.447738,-11.491128]}},
{"type":"Feature","properties":{"name": "1009"},"geometry":{"type":"Point","coordinates":[36.688182,-2.668053]}},
{"type":"Feature","properties":{"name": "1010"},"geometry":{"type":"Point","coordinates":[14.672283,-48.247416]}},
{"type":"Feature","properties":{"name": "1011"},"geometry":{"type":"Point","coordinates":[21.117444,-40.395981]}},
{"type":"Feature","properties":{"name": "1012"},"geometry":{"type":"Point","coordinates":[26.155044,-32.180408]}},
{"type":"Feature","properties":{"name": "1013"},"geometry":{"type":"Point","coordinates":[30.213970,-23.638836]}},
{"type":"Feature","properties":{"name": "1014"},"geometry":{"type":"Point","coordinates":[33.584008,-15.064890]}},
{"type":"Feature","properties":{"name": "1015"},"geometry":{"type":"Point","coordinates":[36.626774,-6.462439]}},
{"type":"Feature","properties":{"name": "1016"},"geometry":{"type":"Point","coordinates":[40.726186,2.568963]}},
{"type":"Feature","properties":{"name": "1017"},"geometry":{"type":"Point","coordinates":[13.701107,-51.607673]}},
{"type":"Feature","properties":{"name": "1018"},"geometry":{"type":"Point","coordinates":[20.650809,-43.840145]}},
{"type":"Feature","properties":{"name": "1019"},"geometry":{"type":"Point","coordinates":[25.944899,-35.692834]}},
{"type":"Feature","properties":{"name": "1020"},"geometry":{"type":"Point","coordinates":[30.224795,-27.199739]}},
{"type":"Feature","properties":{"name": "1021"},"geometry":{"type":"Point","coordinates":[33.727702,-18.605922]}},
{"type":"Feature","properties":{"name": "1022"},"geometry":{"type":"Point","coordinates":[36.807348,-10.045893]}},
{"type":"Feature","properties":{"name": "1023"},"geometry":{"type":"Point","coordinates":[39.830923,-1.335440]}},
{"type":"Feature","properties":{"name": "1024"},"geometry":{"type":"Point","coordinates":[12.576890,-54.952698]}},
{"type":"Feature","properties":{"name": "1025"},"geometry":{"type":"Point","coordinates":[20.138644,-47.277909]}},
{"type":"Feature","properties":{"name": "1026"},"geometry":{"type":"Point","coordinates":[25.737944,-39.191745]}},
{"type":"Feature","properties":{"name": "1027"},"geometry":{"type":"Point","coordinates":[30.193776,-30.762026]}},
{"type":"Feature","properties":{"name": "1028"},"geometry":{"type":"Point","coordinates":[33.863596,-22.135390]}},
{"type":"Feature","properties":{"name": "1029"},"geometry":{"type":"Point","coordinates":[37.023539,-13.565001]}},
{"type":"Feature","properties":{"name": "1030"},"geometry":{"type":"Point","coordinates":[39.915280,-5.023546]}},
{"type":"Feature","properties":{"name": "1031"},"geometry":{"type":"Point","coordinates":[42.967474,0.000000]}},
{"type":"Feature","properties":{"name": "1032"},"geometry":{"type":"Point","coordinates":[40.179364,8.514304]}},
{"type":"Feature","properties":{"name": "1033"},"geometry":{"type":"Point","coordinates":[37.244937,17.060168]}},
{"type":"Feature","properties":{"name": "1034"},"geometry":{"type":"Point","coordinates":[33.984517,25.666686]}},
{"type":"Feature","properties":{"name": "1035"},"geometry":{"type":"Point","coordinates":[30.159002,34.305716]}},
{"type":"Feature","properties":{"name": "1036"},"geometry":{"type":"Point","coordinates":[25.529793,42.684857]}},
{"type":"Feature","properties":{"name": "1037"},"geometry":{"type":"Point","coordinates":[19.560189,50.720526]}},
{"type":"Feature","properties":{"name": "1038"},"geometry":{"type":"Point","coordinates":[42.474541,5.855415]}},
{"type":"Feature","properties":{"name": "1039"},"geometry":{"type":"Point","coordinates":[39.627710,14.413843]}},
{"type":"Feature","properties":{"name": "1040"},"geometry":{"type":"Point","coordinates":[36.548207,23.015640]}},
{"type":"Feature","properties":{"name": "1041"},"geometry":{"type":"Point","coordinates":[33.023029,31.699557]}},
{"type":"Feature","properties":{"name": "1042"},"geometry":{"type":"Point","coordinates":[28.884245,40.253268]}},
{"type":"Feature","properties":{"name": "1043"},"geometry":{"type":"Point","coordinates":[23.676406,48.509430]}},
{"type":"Feature","properties":{"name": "1044"},"geometry":{"type":"Point","coordinates":[16.540886,56.416644]}},
{"type":"Feature","properties":{"name": "1045"},"geometry":{"type":"Point","coordinates":[44.720716,2.923762]}},
{"type":"Feature","properties":{"name": "1046"},"geometry":{"type":"Point","coordinates":[41.969775,11.725856]}},
{"type":"Feature","properties":{"name": "1047"},"geometry":{"type":"Point","coordinates":[39.027626,20.338675]}},
{"type":"Feature","properties":{"name": "1048"},"geometry":{"type":"Point","coordinates":[35.743648,29.019636]}},
{"type":"Feature","properties":{"name": "1049"},"geometry":{"type":"Point","coordinates":[31.993333,37.717088]}},
{"type":"Feature","properties":{"name": "1050"},"geometry":{"type":"Point","coordinates":[27.427226,46.166130]}},
{"type":"Feature","properties":{"name": "1051"},"geometry":{"type":"Point","coordinates":[21.315845,54.345414]}},
{"type":"Feature","properties":{"name": "1052"},"geometry":{"type":"Point","coordinates":[46.290078,-0.761924]}},
{"type":"Feature","properties":{"name": "1053"},"geometry":{"type":"Point","coordinates":[44.279828,8.949222]}},
{"type":"Feature","properties":{"name": "1054"},"geometry":{"type":"Point","coordinates":[41.440106,17.626671]}},
{"type":"Feature","properties":{"name": "1055"},"geometry":{"type":"Point","coordinates":[38.355665,26.312166]}},
{"type":"Feature","properties":{"name": "1056"},"geometry":{"type":"Point","coordinates":[34.889180,35.083156]}},
{"type":"Feature","properties":{"name": "1057"},"geometry":{"type":"Point","coordinates":[30.861917,43.701522]}},
{"type":"Feature","properties":{"name": "1058"},"geometry":{"type":"Point","coordinates":[25.622300,52.100105]}},
{"type":"Feature","properties":{"name": "1059"},"geometry":{"type":"Point","coordinates":[46.484692,5.847364]}},
{"type":"Feature","properties":{"name": "1060"},"geometry":{"type":"Point","coordinates":[43.798749,14.858511]}},
{"type":"Feature","properties":{"name": "1061"},"geometry":{"type":"Point","coordinates":[40.869691,23.573860]}},
{"type":"Feature","properties":{"name": "1062"},"geometry":{"type":"Point","coordinates":[37.600341,32.357676]}},
{"type":"Feature","properties":{"name": "1063"},"geometry":{"type":"Point","coordinates":[34.022466,41.127443]}},
{"type":"Feature","properties":{"name": "1064"},"geometry":{"type":"Point","coordinates":[29.513597,49.706656]}},
{"type":"Feature","properties":{"name": "1065"},"geometry":{"type":"Point","coordinates":[22.440311,58.285773]}},
{"type":"Feature","properties":{"name": "1066"},"geometry":{"type":"Point","coordinates":[48.387427,2.273227]}},
{"type":"Feature","properties":{"name": "1067"},"geometry":{"type":"Point","coordinates":[46.104185,11.984178]}},
{"type":"Feature","properties":{"name": "1068"},"geometry":{"type":"Point","coordinates":[43.303346,20.793917]}},
{"type":"Feature","properties":{"name": "1069"},"geometry":{"type":"Point","coordinates":[40.237674,29.584438]}},
{"type":"Feature","properties":{"name": "1070"},"geometry":{"type":"Point","coordinates":[36.945999,38.454212]}},
{"type":"Feature","properties":{"name": "1071"},"geometry":{"type":"Point","coordinates":[33.042956,47.186050]}},
{"type":"Feature","properties":{"name": "1072"},"geometry":{"type":"Point","coordinates":[27.364371,55.912323]}},
{"type":"Feature","properties":{"name": "1073"},"geometry":{"type":"Point","coordinates":[49.616802,-1.521957]}},
{"type":"Feature","properties":{"name": "1074"},"geometry":{"type":"Point","coordinates":[48.270387,8.770586]}},
{"type":"Feature","properties":{"name": "1075"},"geometry":{"type":"Point","coordinates":[45.667956,17.949896]}},
{"type":"Feature","properties":{"name": "1076"},"geometry":{"type":"Point","coordinates":[42.780155,26.781507]}},
{"type":"Feature","properties":{"name": "1077"},"geometry":{"type":"Point","coordinates":[39.665546,35.690191]}},
{"type":"Feature","properties":{"name": "1078"},"geometry":{"type":"Point","coordinates":[36.260197,44.554928]}},
{"type":"Feature","properties":{"name": "1079"},"geometry":{"type":"Point","coordinates":[31.626460,53.391010]}},
{"type":"Feature","properties":{"name": "1080"},"geometry":{"type":"Point","coordinates":[50.233408,-5.250128]}},
{"type":"Feature","properties":{"name": "1081"},"geometry":{"type":"Point","coordinates":[50.233408,5.250128]}},
{"type":"Feature","properties":{"name": "1082"},"geometry":{"type":"Point","coordinates":[47.960312,14.994939]}},
{"type":"Feature","properties":{"name": "1083"},"geometry":{"type":"Point","coordinates":[45.227222,23.933345]}},
{"type":"Feature","properties":{"name": "1084"},"geometry":{"type":"Point","coordinates":[42.210501,32.841841]}},
{"type":"Feature","properties":{"name": "1085"},"geometry":{"type":"Point","coordinates":[39.210299,41.826257]}},
{"type":"Feature","properties":{"name": "1086"},"geometry":{"type":"Point","coordinates":[35.386675,50.747969]}},
{"type":"Feature","properties":{"name": "1087"},"geometry":{"type":"Point","coordinates":[51.883769,1.521589]}},
{"type":"Feature","properties":{"name": "1088"},"geometry":{"type":"Point","coordinates":[50.089305,11.693087]}},
{"type":"Feature","properties":{"name": "1089"},"geometry":{"type":"Point","coordinates":[47.589737,21.018047]}},
{"type":"Feature","properties":{"name": "1090"},"geometry":{"type":"Point","coordinates":[44.774655,29.971726]}},
{"type":"Feature","properties":{"name": "1091"},"geometry":{"type":"Point","coordinates":[41.933056,39.009948]}},
{"type":"Feature","properties":{"name": "1092"},"geometry":{"type":"Point","coordinates":[38.696098,48.028507]}},
{"type":"Feature","properties":{"name": "1093"},"geometry":{"type":"Point","coordinates":[33.362539,57.323851]}},
{"type":"Feature","properties":{"name": "1094"},"geometry":{"type":"Point","coordinates":[52.951783,-2.278196]}},
{"type":"Feature","properties":{"name": "1095"},"geometry":{"type":"Point","coordinates":[52.067582,8.195990]}},
{"type":"Feature","properties":{"name": "1096"},"geometry":{"type":"Point","coordinates":[49.848959,17.953267]}},
{"type":"Feature","properties":{"name": "1097"},"geometry":{"type":"Point","coordinates":[47.227384,27.055338]}},
{"type":"Feature","properties":{"name": "1098"},"geometry":{"type":"Point","coordinates":[44.463322,36.113382]}},
{"type":"Feature","properties":{"name": "1099"},"geometry":{"type":"Point","coordinates":[41.686285,45.220162]}},
{"type":"Feature","properties":{"name": "1100"},"geometry":{"type":"Point","coordinates":[37.498593,54.562450]}},
{"type":"Feature","properties":{"name": "1101"},"geometry":{"type":"Point","coordinates":[53.627230,-6.017333]}},
{"type":"Feature","properties":{"name": "1102"},"geometry":{"type":"Point","coordinates":[53.838785,4.531992]}},
{"type":"Feature","properties":{"name": "1103"},"geometry":{"type":"Point","coordinates":[51.953751,14.614331]}},
{"type":"Feature","properties":{"name": "1104"},"geometry":{"type":"Point","coordinates":[49.580371,24.072184]}},
{"type":"Feature","properties":{"name": "1105"},"geometry":{"type":"Point","coordinates":[46.874186,33.150818]}},
{"type":"Feature","properties":{"name": "1106"},"geometry":{"type":"Point","coordinates":[44.413855,42.332241]}},
{"type":"Feature","properties":{"name": "1107"},"geometry":{"type":"Point","coordinates":[41.068732,51.700684]}},
{"type":"Feature","properties":{"name": "1108"},"geometry":{"type":"Point","coordinates":[55.326577,0.759680]}},
{"type":"Feature","properties":{"name": "1109"},"geometry":{"type":"Point","coordinates":[53.928697,11.125368]}},
{"type":"Feature","properties":{"name": "1110"},"geometry":{"type":"Point","coordinates":[51.800042,20.905459]}},
{"type":"Feature","properties":{"name": "1111"},"geometry":{"type":"Point","coordinates":[49.323772,30.165839]}},
{"type":"Feature","properties":{"name": "1112"},"geometry":{"type":"Point","coordinates":[46.924555,39.371717]}},
{"type":"Feature","properties":{"name": "1113"},"geometry":{"type":"Point","coordinates":[44.209497,48.757353]}},
{"type":"Feature","properties":{"name": "1114"},"geometry":{"type":"Point","coordinates":[39.652790,58.445093]}},
{"type":"Feature","properties":{"name": "1115"},"geometry":{"type":"Point","coordinates":[56.299203,-3.028712]}},
{"type":"Feature","properties":{"name": "1116"},"geometry":{"type":"Point","coordinates":[55.746943,7.503300]}},
{"type":"Feature","properties":{"name": "1117"},"geometry":{"type":"Point","coordinates":[53.877157,17.533506]}},
{"type":"Feature","properties":{"name": "1118"},"geometry":{"type":"Point","coordinates":[51.658983,27.116928]}},
{"type":"Feature","properties":{"name": "1119"},"geometry":{"type":"Point","coordinates":[49.256186,36.343524]}},
{"type":"Feature","properties":{"name": "1120"},"geometry":{"type":"Point","coordinates":[47.015979,45.743775]}},
{"type":"Feature","properties":{"name": "1121"},"geometry":{"type":"Point","coordinates":[43.536113,55.464967]}},
{"type":"Feature","properties":{"name": "1122"},"geometry":{"type":"Point","coordinates":[57.022726,-6.765901]}},
{"type":"Feature","properties":{"name": "1123"},"geometry":{"type":"Point","coordinates":[57.371407,3.778852]}},
{"type":"Feature","properties":{"name": "1124"},"geometry":{"type":"Point","coordinates":[55.836850,14.043350]}},
{"type":"Feature","properties":{"name": "1125"},"geometry":{"type":"Point","coordinates":[53.830899,23.853348]}},
{"type":"Feature","properties":{"name": "1126"},"geometry":{"type":"Point","coordinates":[51.540706,33.267770]}},
{"type":"Feature","properties":{"name": "1127"},"geometry":{"type":"Point","coordinates":[49.558175,42.667148]}},
{"type":"Feature","properties":{"name": "1128"},"geometry":{"type":"Point","coordinates":[46.835210,52.405435]}},
{"type":"Feature","properties":{"name": "1129"},"geometry":{"type":"Point","coordinates":[57.667985,-10.446435]}},
{"type":"Feature","properties":{"name": "1130"},"geometry":{"type":"Point","coordinates":[58.753689,0.000000]}},
{"type":"Feature","properties":{"name": "1131"},"geometry":{"type":"Point","coordinates":[57.667985,10.446435]}},
{"type":"Feature","properties":{"name": "1132"},"geometry":{"type":"Point","coordinates":[55.874452,20.449420]}},
{"type":"Feature","properties":{"name": "1133"},"geometry":{"type":"Point","coordinates":[53.847854,30.154059]}},
{"type":"Feature","properties":{"name": "1134"},"geometry":{"type":"Point","coordinates":[51.889589,39.531978]}},
{"type":"Feature","properties":{"name": "1135"},"geometry":{"type":"Point","coordinates":[49.705738,49.284545]}},
{"type":"Feature","properties":{"name": "1136"},"geometry":{"type":"Point","coordinates":[59.663301,-3.771539]}},
{"type":"Feature","properties":{"name": "1137"},"geometry":{"type":"Point","coordinates":[59.353343,6.761357]}},
{"type":"Feature","properties":{"name": "1138"},"geometry":{"type":"Point","coordinates":[57.808669,16.951481]}},
{"type":"Feature","properties":{"name": "1139"},"geometry":{"type":"Point","coordinates":[55.960868,26.796681]}},
{"type":"Feature","properties":{"name": "1140"},"geometry":{"type":"Point","coordinates":[54.017335,36.375381]}},
{"type":"Feature","properties":{"name": "1141"},"geometry":{"type":"Point","coordinates":[52.253685,46.111553]}},
{"type":"Feature","properties":{"name": "1142"},"geometry":{"type":"Point","coordinates":[49.747959,56.057883]}},
{"type":"Feature","properties":{"name": "1143"},"geometry":{"type":"Point","coordinates":[60.432075,-7.499186]}},
{"type":"Feature","properties":{"name": "1144"},"geometry":{"type":"Point","coordinates":[60.868749,3.015528]}},
{"type":"Feature","properties":{"name": "1145"},"geometry":{"type":"Point","coordinates":[59.631893,13.367857]}},
{"type":"Feature","properties":{"name": "1146"},"geometry":{"type":"Point","coordinates":[57.962511,23.360368]}},
{"type":"Feature","properties":{"name": "1147"},"geometry":{"type":"Point","coordinates":[56.153250,33.141898]}},
{"type":"Feature","properties":{"name": "1148"},"geometry":{"type":"Point","coordinates":[54.554444,42.891184]}},
{"type":"Feature","properties":{"name": "1149"},"geometry":{"type":"Point","coordinates":[52.690045,52.823312]}},
{"type":"Feature","properties":{"name": "1150"},"geometry":{"type":"Point","coordinates":[61.148620,-11.180210]}},
{"type":"Feature","properties":{"name": "1151"},"geometry":{"type":"Point","coordinates":[62.139501,-0.753549]}},
{"type":"Feature","properties":{"name": "1152"},"geometry":{"type":"Point","coordinates":[61.338234,9.710898]}},
{"type":"Feature","properties":{"name": "1153"},"geometry":{"type":"Point","coordinates":[59.860770,19.849551]}},
{"type":"Feature","properties":{"name": "1154"},"geometry":{"type":"Point","coordinates":[58.212168,29.733767]}},
{"type":"Feature","properties":{"name": "1155"},"geometry":{"type":"Point","coordinates":[56.663688,39.625508]}},
{"type":"Feature","properties":{"name": "1156"},"geometry":{"type":"Point","coordinates":[55.234520,49.546515]}},
{"type":"Feature","properties":{"name": "1157"},"geometry":{"type":"Point","coordinates":[63.048400,-4.504660]}},
{"type":"Feature","properties":{"name": "1158"},"geometry":{"type":"Point","coordinates":[62.917088,5.997867]}},
{"type":"Feature","properties":{"name": "1159"},"geometry":{"type":"Point","coordinates":[61.660219,16.270512]}},
{"type":"Feature","properties":{"name": "1160"},"geometry":{"type":"Point","coordinates":[60.160680,26.263969]}},
{"type":"Feature","properties":{"name": "1161"},"geometry":{"type":"Point","coordinates":[58.579108,36.233219]}},
{"type":"Feature","properties":{"name": "1162"},"geometry":{"type":"Point","coordinates":[57.487932,46.233613]}},
{"type":"Feature","properties":{"name": "1163"},"geometry":{"type":"Point","coordinates":[56.079714,56.317983]}},
{"type":"Feature","properties":{"name": "1164"},"geometry":{"type":"Point","coordinates":[63.863071,-8.217008]}},
{"type":"Feature","properties":{"name": "1165"},"geometry":{"type":"Point","coordinates":[64.352599,2.251719]}},
{"type":"Feature","properties":{"name": "1166"},"geometry":{"type":"Point","coordinates":[63.361998,12.631933]}},
{"type":"Feature","properties":{"name": "1167"},"geometry":{"type":"Point","coordinates":[62.011105,22.736144]}},
{"type":"Feature","properties":{"name": "1168"},"geometry":{"type":"Point","coordinates":[60.550700,32.730478]}},
{"type":"Feature","properties":{"name": "1169"},"geometry":{"type":"Point","coordinates":[59.524334,42.886624]}},
{"type":"Feature","properties":{"name": "1170"},"geometry":{"type":"Point","coordinates":[58.592204,52.933792]}},
{"type":"Feature","properties":{"name": "1171"},"geometry":{"type":"Point","coordinates":[64.649616,-11.889287]}},
{"type":"Feature","properties":{"name": "1172"},"geometry":{"type":"Point","coordinates":[65.537929,-1.498658]}},
{"type":"Feature","properties":{"name": "1173"},"geometry":{"type":"Point","coordinates":[64.963665,8.945423]}},
{"type":"Feature","properties":{"name": "1174"},"geometry":{"type":"Point","coordinates":[63.772325,19.155060]}},
{"type":"Feature","properties":{"name": "1175"},"geometry":{"type":"Point","coordinates":[62.466948,29.186928]}},
{"type":"Feature","properties":{"name": "1176"},"geometry":{"type":"Point","coordinates":[61.323898,39.395665]}},
{"type":"Feature","properties":{"name": "1177"},"geometry":{"type":"Point","coordinates":[60.765008,49.524658]}},
{"type":"Feature","properties":{"name": "1178"},"geometry":{"type":"Point","coordinates":[65.450065,-15.526986]}},
{"type":"Feature","properties":{"name": "1179"},"geometry":{"type":"Point","coordinates":[66.458931,-5.225994]}},
{"type":"Feature","properties":{"name": "1180"},"geometry":{"type":"Point","coordinates":[66.458931,5.225994]}},
{"type":"Feature","properties":{"name": "1181"},"geometry":{"type":"Point","coordinates":[65.450065,15.526986]}},
{"type":"Feature","properties":{"name": "1182"},"geometry":{"type":"Point","coordinates":[64.279810,25.608744]}},
{"type":"Feature","properties":{"name": "1183"},"geometry":{"type":"Point","coordinates":[62.969828,35.821064]}},
{"type":"Feature","properties":{"name": "1184"},"geometry":{"type":"Point","coordinates":[62.695619,46.092891]}},
{"type":"Feature","properties":{"name": "1185"},"geometry":{"type":"Point","coordinates":[67.321910,-8.918005]}},
{"type":"Feature","properties":{"name": "1186"},"geometry":{"type":"Point","coordinates":[67.837310,1.492426]}},
{"type":"Feature","properties":{"name": "1187"},"geometry":{"type":"Point","coordinates":[67.047021,11.860039]}},
{"type":"Feature","properties":{"name": "1188"},"geometry":{"type":"Point","coordinates":[65.987849,22.020473]}},
{"type":"Feature","properties":{"name": "1189"},"geometry":{"type":"Point","coordinates":[64.810918,32.219349]}},
{"type":"Feature","properties":{"name": "1190"},"geometry":{"type":"Point","coordinates":[64.350962,42.522451]}},
{"type":"Feature","properties":{"name": "1191"},"geometry":{"type":"Point","coordinates":[64.477757,52.727006]}},
{"type":"Feature","properties":{"name": "1192"},"geometry":{"type":"Point","coordinates":[68.179207,-12.574147]}},
{"type":"Feature","properties":{"name": "1193"},"geometry":{"type":"Point","coordinates":[68.956731,-2.233284]}},
{"type":"Feature","properties":{"name": "1194"},"geometry":{"type":"Point","coordinates":[68.562840,8.164496]}},
{"type":"Feature","properties":{"name": "1195"},"geometry":{"type":"Point","coordinates":[67.624270,18.396646]}},
{"type":"Feature","properties":{"name": "1196"},"geometry":{"type":"Point","coordinates":[66.575694,28.583460]}},
{"type":"Feature","properties":{"name": "1197"},"geometry":{"type":"Point","coordinates":[65.848952,38.901162]}},
{"type":"Feature","properties":{"name": "1198"},"geometry":{"type":"Point","coordinates":[66.236733,49.196402]}},
{"type":"Feature","properties":{"name": "1199"},"geometry":{"type":"Point","coordinates":[69.067528,-16.198322]}},
{"type":"Feature","properties":{"name": "1200"},"geometry":{"type":"Point","coordinates":[69.899459,-5.933377]}},
{"type":"Feature","properties":{"name": "1201"},"geometry":{"type":"Point","coordinates":[69.993986,4.453048]}},
{"type":"Feature","properties":{"name": "1202"},"geometry":{"type":"Point","coordinates":[69.195019,14.743018]}},
{"type":"Feature","properties":{"name": "1203"},"geometry":{"type":"Point","coordinates":[68.265323,24.925590]}},
{"type":"Feature","properties":{"name": "1204"},"geometry":{"type":"Point","coordinates":[67.327481,35.238667]}},
{"type":"Feature","properties":{"name": "1205"},"geometry":{"type":"Point","coordinates":[67.726620,45.588411]}},
{"type":"Feature","properties":{"name": "1206"},"geometry":{"type":"Point","coordinates":[70.814158,-9.600282]}},
{"type":"Feature","properties":{"name": "1207"},"geometry":{"type":"Point","coordinates":[71.333511,0.740964]}},
{"type":"Feature","properties":{"name": "1208"},"geometry":{"type":"Point","coordinates":[70.703457,11.066799]}},
{"type":"Feature","properties":{"name": "1209"},"geometry":{"type":"Point","coordinates":[69.882747,21.256376]}},
{"type":"Feature","properties":{"name": "1210"},"geometry":{"type":"Point","coordinates":[68.992680,31.545674]}},
{"type":"Feature","properties":{"name": "1211"},"geometry":{"type":"Point","coordinates":[69.041931,41.932454]}},
{"type":"Feature","properties":{"name": "1212"},"geometry":{"type":"Point","coordinates":[70.261039,52.196585]}},
{"type":"Feature","properties":{"name": "1213"},"geometry":{"type":"Point","coordinates":[71.744304,-13.233792]}},
{"type":"Feature","properties":{"name": "1214"},"geometry":{"type":"Point","coordinates":[72.402235,-2.955378]}},
{"type":"Feature","properties":{"name": "1215"},"geometry":{"type":"Point","coordinates":[72.150400,7.376839]}},
{"type":"Feature","properties":{"name": "1216"},"geometry":{"type":"Point","coordinates":[71.432017,17.584762]}},
{"type":"Feature","properties":{"name": "1217"},"geometry":{"type":"Point","coordinates":[70.617938,27.830105]}},
{"type":"Feature","properties":{"name": "1218"},"geometry":{"type":"Point","coordinates":[70.264986,38.231121]}},
{"type":"Feature","properties":{"name": "1219"},"geometry":{"type":"Point","coordinates":[71.528507,48.560292]}},
{"type":"Feature","properties":{"name": "1220"},"geometry":{"type":"Point","coordinates":[72.727917,-16.809848]}},
{"type":"Feature","properties":{"name": "1221"},"geometry":{"type":"Point","coordinates":[73.374712,-6.624553]}},
{"type":"Feature","properties":{"name": "1222"},"geometry":{"type":"Point","coordinates":[73.534061,3.683756]}},
{"type":"Feature","properties":{"name": "1223"},"geometry":{"type":"Point","coordinates":[72.917822,13.917984]}},
{"type":"Feature","properties":{"name": "1224"},"geometry":{"type":"Point","coordinates":[72.197493,24.105988]}},
{"type":"Feature","properties":{"name": "1225"},"geometry":{"type":"Point","coordinates":[71.588700,34.489695]}},
{"type":"Feature","properties":{"name": "1226"},"geometry":{"type":"Point","coordinates":[72.615454,44.883050]}},
{"type":"Feature","properties":{"name": "1227"},"geometry":{"type":"Point","coordinates":[73.728999,-20.385154]}},
{"type":"Feature","properties":{"name": "1228"},"geometry":{"type":"Point","coordinates":[74.345163,-10.261623]}},
{"type":"Feature","properties":{"name": "1229"},"geometry":{"type":"Point","coordinates":[74.849882,0.000000]}},
{"type":"Feature","properties":{"name": "1230"},"geometry":{"type":"Point","coordinates":[74.345163,10.261623]}},
{"type":"Feature","properties":{"name": "1231"},"geometry":{"type":"Point","coordinates":[73.728999,20.385154]}},
{"type":"Feature","properties":{"name": "1232"},"geometry":{"type":"Point","coordinates":[73.093472,30.717872]}},
{"type":"Feature","properties":{"name": "1233"},"geometry":{"type":"Point","coordinates":[73.599616,41.161880]}},
{"type":"Feature","properties":{"name": "1234"},"geometry":{"type":"Point","coordinates":[75.379855,-13.787534]}},
{"type":"Feature","properties":{"name": "1235"},"geometry":{"type":"Point","coordinates":[75.880241,-3.662809]}},
{"type":"Feature","properties":{"name": "1236"},"geometry":{"type":"Point","coordinates":[75.738417,6.588261]}},
{"type":"Feature","properties":{"name": "1237"},"geometry":{"type":"Point","coordinates":[75.212470,16.677179]}},
{"type":"Feature","properties":{"name": "1238"},"geometry":{"type":"Point","coordinates":[74.596253,26.935935]}},
{"type":"Feature","properties":{"name": "1239"},"geometry":{"type":"Point","coordinates":[74.561248,37.395640]}},
{"type":"Feature","properties":{"name": "1240"},"geometry":{"type":"Point","coordinates":[76.643362,47.711232]}},
{"type":"Feature","properties":{"name": "1241"},"geometry":{"type":"Point","coordinates":[76.414500,-17.319834]}},
{"type":"Feature","properties":{"name": "1242"},"geometry":{"type":"Point","coordinates":[76.907707,-7.264997]}},
{"type":"Feature","properties":{"name": "1243"},"geometry":{"type":"Point","coordinates":[77.089019,2.921624]}},
{"type":"Feature","properties":{"name": "1244"},"geometry":{"type":"Point","coordinates":[76.649516,12.989439]}},
{"type":"Feature","properties":{"name": "1245"},"geometry":{"type":"Point","coordinates":[76.083124,23.160824]}},
{"type":"Feature","properties":{"name": "1246"},"geometry":{"type":"Point","coordinates":[75.749228,33.583157]}},
{"type":"Feature","properties":{"name": "1247"},"geometry":{"type":"Point","coordinates":[77.343210,43.989949]}},
{"type":"Feature","properties":{"name": "1248"},"geometry":{"type":"Point","coordinates":[77.469041,-20.865424]}},
{"type":"Feature","properties":{"name": "1249"},"geometry":{"type":"Point","coordinates":[77.981241,-10.755178]}},
{"type":"Feature","properties":{"name": "1250"},"geometry":{"type":"Point","coordinates":[78.349495,-0.728130]}},
{"type":"Feature","properties":{"name": "1251"},"geometry":{"type":"Point","coordinates":[78.042803,9.327274]}},
{"type":"Feature","properties":{"name": "1252"},"geometry":{"type":"Point","coordinates":[77.545652,19.406139]}},
{"type":"Feature","properties":{"name": "1253"},"geometry":{"type":"Point","coordinates":[77.115451,29.744954]}},
{"type":"Feature","properties":{"name": "1254"},"geometry":{"type":"Point","coordinates":[78.011344,40.222798]}},
{"type":"Feature","properties":{"name": "1255"},"geometry":{"type":"Point","coordinates":[79.048406,-14.243774]}},
{"type":"Feature","properties":{"name": "1256"},"geometry":{"type":"Point","coordinates":[79.438094,-4.278600]}},
{"type":"Feature","properties":{"name": "1257"},"geometry":{"type":"Point","coordinates":[79.395677,5.694183]}},
{"type":"Feature","properties":{"name": "1258"},"geometry":{"type":"Point","coordinates":[78.979320,15.682259]}},
{"type":"Feature","properties":{"name": "1259"},"geometry":{"type":"Point","coordinates":[78.518350,25.911710]}},
{"type":"Feature","properties":{"name": "1260"},"geometry":{"type":"Point","coordinates":[78.731411,36.404941]}},
{"type":"Feature","properties":{"name": "1261"},"geometry":{"type":"Point","coordinates":[81.562523,46.663263]}},
{"type":"Feature","properties":{"name": "1262"},"geometry":{"type":"Point","coordinates":[80.124988,-17.737524]}},
{"type":"Feature","properties":{"name": "1263"},"geometry":{"type":"Point","coordinates":[80.549030,-7.736367]}},
{"type":"Feature","properties":{"name": "1264"},"geometry":{"type":"Point","coordinates":[80.711920,2.092053]}},
{"type":"Feature","properties":{"name": "1265"},"geometry":{"type":"Point","coordinates":[80.382372,11.996602]}},
{"type":"Feature","properties":{"name": "1266"},"geometry":{"type":"Point","coordinates":[79.934446,22.104481]}},
{"type":"Feature","properties":{"name": "1267"},"geometry":{"type":"Point","coordinates":[79.810025,32.528155]}},
{"type":"Feature","properties":{"name": "1268"},"geometry":{"type":"Point","coordinates":[81.897890,42.922528]}},
{"type":"Feature","properties":{"name": "1269"},"geometry":{"type":"Point","coordinates":[81.231746,-21.244088]}},
{"type":"Feature","properties":{"name": "1270"},"geometry":{"type":"Point","coordinates":[81.648930,-11.183675]}},
{"type":"Feature","properties":{"name": "1271"},"geometry":{"type":"Point","coordinates":[81.973477,-1.363607]}},
{"type":"Feature","properties":{"name": "1272"},"geometry":{"type":"Point","coordinates":[81.754980,8.353973]}},
{"type":"Feature","properties":{"name": "1273"},"geometry":{"type":"Point","coordinates":[81.348350,18.339039]}},
{"type":"Feature","properties":{"name": "1274"},"geometry":{"type":"Point","coordinates":[81.067054,28.637137]}},
{"type":"Feature","properties":{"name": "1275"},"geometry":{"type":"Point","coordinates":[82.269210,39.127521]}},
{"type":"Feature","properties":{"name": "1276"},"geometry":{"type":"Point","coordinates":[82.399077,-24.771827]}},
{"type":"Feature","properties":{"name": "1277"},"geometry":{"type":"Point","coordinates":[82.750527,-14.626394]}},
{"type":"Feature","properties":{"name": "1278"},"geometry":{"type":"Point","coordinates":[83.098655,-4.756946]}},
{"type":"Feature","properties":{"name": "1279"},"geometry":{"type":"Point","coordinates":[83.098655,4.756946]}},
{"type":"Feature","properties":{"name": "1280"},"geometry":{"type":"Point","coordinates":[82.750527,14.626394]}},
{"type":"Feature","properties":{"name": "1281"},"geometry":{"type":"Point","coordinates":[82.399077,24.771827]}},
{"type":"Feature","properties":{"name": "1282"},"geometry":{"type":"Point","coordinates":[82.774419,35.268904]}},
{"type":"Feature","properties":{"name": "1283"},"geometry":{"type":"Point","coordinates":[83.869143,-18.071467]}},
{"type":"Feature","properties":{"name": "1284"},"geometry":{"type":"Point","coordinates":[84.232305,-8.169382]}},
{"type":"Feature","properties":{"name": "1285"},"geometry":{"type":"Point","coordinates":[84.503680,1.354393]}},
{"type":"Feature","properties":{"name": "1286"},"geometry":{"type":"Point","coordinates":[84.135621,10.973466]}},
{"type":"Feature","properties":{"name": "1287"},"geometry":{"type":"Point","coordinates":[83.771181,20.958520]}},
{"type":"Feature","properties":{"name": "1288"},"geometry":{"type":"Point","coordinates":[83.779178,31.334049]}},
{"type":"Feature","properties":{"name": "1289"},"geometry":{"type":"Point","coordinates":[86.274383,41.693610]}},
{"type":"Feature","properties":{"name": "1290"},"geometry":{"type":"Point","coordinates":[85.025405,-21.527347]}},
{"type":"Feature","properties":{"name": "1291"},"geometry":{"type":"Point","coordinates":[85.362811,-11.566909]}},
{"type":"Feature","properties":{"name": "1292"},"geometry":{"type":"Point","coordinates":[85.751647,-2.024921]}},
{"type":"Feature","properties":{"name": "1293"},"geometry":{"type":"Point","coordinates":[85.523630,7.421522]}},
{"type":"Feature","properties":{"name": "1294"},"geometry":{"type":"Point","coordinates":[85.159989,17.214966]}},
{"type":"Feature","properties":{"name": "1295"},"geometry":{"type":"Point","coordinates":[84.966044,27.407858]}},
{"type":"Feature","properties":{"name": "1296"},"geometry":{"type":"Point","coordinates":[86.369728,37.888257]}},
{"type":"Feature","properties":{"name": "1297"},"geometry":{"type":"Point","coordinates":[86.250865,-25.004273]}},
{"type":"Feature","properties":{"name": "1298"},"geometry":{"type":"Point","coordinates":[86.501888,-14.954798]}},
{"type":"Feature","properties":{"name": "1299"},"geometry":{"type":"Point","coordinates":[86.899554,-5.378232]}},
{"type":"Feature","properties":{"name": "1300"},"geometry":{"type":"Point","coordinates":[86.954224,4.034996]}},
{"type":"Feature","properties":{"name": "1301"},"geometry":{"type":"Point","coordinates":[86.550498,13.551814]}},
{"type":"Feature","properties":{"name": "1302"},"geometry":{"type":"Point","coordinates":[86.263918,23.539313]}},
{"type":"Feature","properties":{"name": "1303"},"geometry":{"type":"Point","coordinates":[86.747120,33.989036]}},
{"type":"Feature","properties":{"name": "1304"},"geometry":{"type":"Point","coordinates":[87.663493,-18.339568]}},
{"type":"Feature","properties":{"name": "1305"},"geometry":{"type":"Point","coordinates":[88.042360,-8.707261]}},
{"type":"Feature","properties":{"name": "1306"},"geometry":{"type":"Point","coordinates":[88.349985,0.671809]}},
{"type":"Feature","properties":{"name": "1307"},"geometry":{"type":"Point","coordinates":[87.978583,10.047662]}},
{"type":"Feature","properties":{"name": "1308"},"geometry":{"type":"Point","coordinates":[87.623737,19.760178]}},
{"type":"Feature","properties":{"name": "1309"},"geometry":{"type":"Point","coordinates":[87.676246,30.011846]}},
{"type":"Feature","properties":{"name": "1310"},"geometry":{"type":"Point","coordinates":[90.474512,40.314036]}},
{"type":"Feature","properties":{"name": "1311"},"geometry":{"type":"Point","coordinates":[88.866416,-21.729887]}},
{"type":"Feature","properties":{"name": "1312"},"geometry":{"type":"Point","coordinates":[89.189471,-12.015194]}},
{"type":"Feature","properties":{"name": "1313"},"geometry":{"type":"Point","coordinates":[89.572229,-2.677303]}},
{"type":"Feature","properties":{"name": "1314"},"geometry":{"type":"Point","coordinates":[89.428601,6.679346]}},
{"type":"Feature","properties":{"name": "1315"},"geometry":{"type":"Point","coordinates":[89.012985,16.088335]}},
{"type":"Feature","properties":{"name": "1316"},"geometry":{"type":"Point","coordinates":[88.845744,26.080203]}},
{"type":"Feature","properties":{"name": "1317"},"geometry":{"type":"Point","coordinates":[90.313273,36.516816]}},
{"type":"Feature","properties":{"name": "1318"},"geometry":{"type":"Point","coordinates":[90.140373,-25.138004]}},
{"type":"Feature","properties":{"name": "1319"},"geometry":{"type":"Point","coordinates":[90.350793,-15.305611]}},
{"type":"Feature","properties":{"name": "1320"},"geometry":{"type":"Point","coordinates":[90.753927,-5.997306]}},
{"type":"Feature","properties":{"name": "1321"},"geometry":{"type":"Point","coordinates":[90.841530,3.337539]}},
{"type":"Feature","properties":{"name": "1322"},"geometry":{"type":"Point","coordinates":[90.477908,12.636631]}},
{"type":"Feature","properties":{"name": "1323"},"geometry":{"type":"Point","coordinates":[90.155185,22.259349]}},
{"type":"Feature","properties":{"name": "1324"},"geometry":{"type":"Point","coordinates":[90.611956,32.577515]}},
{"type":"Feature","properties":{"name": "1325"},"geometry":{"type":"Point","coordinates":[91.543467,-28.580940]}},
{"type":"Feature","properties":{"name": "1326"},"geometry":{"type":"Point","coordinates":[91.537640,-18.583169]}},
{"type":"Feature","properties":{"name": "1327"},"geometry":{"type":"Point","coordinates":[91.941089,-9.289951]}},
{"type":"Feature","properties":{"name": "1328"},"geometry":{"type":"Point","coordinates":[92.215440,0.000000]}},
{"type":"Feature","properties":{"name": "1329"},"geometry":{"type":"Point","coordinates":[91.941089,9.289951]}},
{"type":"Feature","properties":{"name": "1330"},"geometry":{"type":"Point","coordinates":[91.537640,18.583169]}},
{"type":"Feature","properties":{"name": "1331"},"geometry":{"type":"Point","coordinates":[91.543467,28.580940]}},
{"type":"Feature","properties":{"name": "1332"},"geometry":{"type":"Point","coordinates":[92.789183,-21.891209]}},
{"type":"Feature","properties":{"name": "1333"},"geometry":{"type":"Point","coordinates":[93.142892,-12.557389]}},
{"type":"Feature","properties":{"name": "1334"},"geometry":{"type":"Point","coordinates":[93.432401,-3.324898]}},
{"type":"Feature","properties":{"name": "1335"},"geometry":{"type":"Point","coordinates":[93.363653,5.971422]}},
{"type":"Feature","properties":{"name": "1336"},"geometry":{"type":"Point","coordinates":[93.036963,15.191229]}},
{"type":"Feature","properties":{"name": "1337"},"geometry":{"type":"Point","coordinates":[92.768349,24.709165]}},
{"type":"Feature","properties":{"name": "1338"},"geometry":{"type":"Point","coordinates":[94.103429,35.024393]}},
{"type":"Feature","properties":{"name": "1339"},"geometry":{"type":"Point","coordinates":[94.104196,-25.204207]}},
{"type":"Feature","properties":{"name": "1340"},"geometry":{"type":"Point","coordinates":[94.368782,-15.801514]}},
{"type":"Feature","properties":{"name": "1341"},"geometry":{"type":"Point","coordinates":[94.657237,-6.619861]}},
{"type":"Feature","properties":{"name": "1342"},"geometry":{"type":"Point","coordinates":[94.744681,2.657693]}},
{"type":"Feature","properties":{"name": "1343"},"geometry":{"type":"Point","coordinates":[94.506379,11.871159]}},
{"type":"Feature","properties":{"name": "1344"},"geometry":{"type":"Point","coordinates":[94.166270,21.074828]}},
{"type":"Feature","properties":{"name": "1345"},"geometry":{"type":"Point","coordinates":[94.411423,31.043494]}},
{"type":"Feature","properties":{"name": "1346"},"geometry":{"type":"Point","coordinates":[95.529122,-28.545029]}},
{"type":"Feature","properties":{"name": "1347"},"geometry":{"type":"Point","coordinates":[95.628772,-19.023944]}},
{"type":"Feature","properties":{"name": "1348"},"geometry":{"type":"Point","coordinates":[95.899448,-9.887638]}},
{"type":"Feature","properties":{"name": "1349"},"geometry":{"type":"Point","coordinates":[96.072184,-0.665087]}},
{"type":"Feature","properties":{"name": "1350"},"geometry":{"type":"Point","coordinates":[95.930206,8.578444]}},
{"type":"Feature","properties":{"name": "1351"},"geometry":{"type":"Point","coordinates":[95.672704,17.717604]}},
{"type":"Feature","properties":{"name": "1352"},"geometry":{"type":"Point","coordinates":[95.477987,27.105569]}},
{"type":"Feature","properties":{"name": "1353"},"geometry":{"type":"Point","coordinates":[96.933778,-22.225997]}},
{"type":"Feature","properties":{"name": "1354"},"geometry":{"type":"Point","coordinates":[97.168832,-13.131095]}},
{"type":"Feature","properties":{"name": "1355"},"geometry":{"type":"Point","coordinates":[97.327361,-3.972411]}},
{"type":"Feature","properties":{"name": "1356"},"geometry":{"type":"Point","coordinates":[97.309434,5.289246]}},
{"type":"Feature","properties":{"name": "1357"},"geometry":{"type":"Point","coordinates":[97.139727,14.430830]}},
{"type":"Feature","properties":{"name": "1358"},"geometry":{"type":"Point","coordinates":[96.897048,23.533932]}},
{"type":"Feature","properties":{"name": "1359"},"geometry":{"type":"Point","coordinates":[97.746323,33.421420]}},
{"type":"Feature","properties":{"name": "1360"},"geometry":{"type":"Point","coordinates":[98.295989,-25.408643]}},
{"type":"Feature","properties":{"name": "1361"},"geometry":{"type":"Point","coordinates":[98.475839,-16.353644]}},
{"type":"Feature","properties":{"name": "1362"},"geometry":{"type":"Point","coordinates":[98.602123,-7.252425]}},
{"type":"Feature","properties":{"name": "1363"},"geometry":{"type":"Point","coordinates":[98.650327,1.989264]}},
{"type":"Feature","properties":{"name": "1364"},"geometry":{"type":"Point","coordinates":[98.554808,11.166748]}},
{"type":"Feature","properties":{"name": "1365"},"geometry":{"type":"Point","coordinates":[98.404124,20.229678]}},
{"type":"Feature","properties":{"name": "1366"},"geometry":{"type":"Point","coordinates":[98.299701,29.443645]}},
{"type":"Feature","properties":{"name": "1367"},"geometry":{"type":"Point","coordinates":[99.729326,-28.572445]}},
{"type":"Feature","properties":{"name": "1368"},"geometry":{"type":"Point","coordinates":[99.831969,-19.560348]}},
{"type":"Feature","properties":{"name": "1369"},"geometry":{"type":"Point","coordinates":[99.906282,-10.509655]}},
{"type":"Feature","properties":{"name": "1370"},"geometry":{"type":"Point","coordinates":[99.952428,-1.326710]}},
{"type":"Feature","properties":{"name": "1371"},"geometry":{"type":"Point","coordinates":[99.922146,7.902458]}},
{"type":"Feature","properties":{"name": "1372"},"geometry":{"type":"Point","coordinates":[99.856381,16.983875]}},
{"type":"Feature","properties":{"name": "1373"},"geometry":{"type":"Point","coordinates":[99.759187,25.988095]}},
{"type":"Feature","properties":{"name": "1374"},"geometry":{"type":"Point","coordinates":[101.250000,31.717474]}},
{"type":"Feature","properties":{"name": "1375"},"geometry":{"type":"Point","coordinates":[94.508251,38.789140]}},
{"type":"Feature","properties":{"name": "1376"},"geometry":{"type":"Point","coordinates":[86.277134,45.429009]}},
{"type":"Feature","properties":{"name": "1377"},"geometry":{"type":"Point","coordinates":[75.844091,51.394838]}},
{"type":"Feature","properties":{"name": "1378"},"geometry":{"type":"Point","coordinates":[62.443603,56.232580]}},
{"type":"Feature","properties":{"name": "1379"},"geometry":{"type":"Point","coordinates":[46.248611,59.236018]}},
{"type":"Feature","properties":{"name": "1380"},"geometry":{"type":"Point","coordinates":[28.446378,59.947960]}},
{"type":"Feature","properties":{"name": "1381"},"geometry":{"type":"Point","coordinates":[98.399306,37.103287]}},
{"type":"Feature","properties":{"name": "1382"},"geometry":{"type":"Point","coordinates":[90.787979,44.016850]}},
{"type":"Feature","properties":{"name": "1383"},"geometry":{"type":"Point","coordinates":[81.201379,50.363753]}},
{"type":"Feature","properties":{"name": "1384"},"geometry":{"type":"Point","coordinates":[68.738104,55.798612]}},
{"type":"Feature","properties":{"name": "1385"},"geometry":{"type":"Point","coordinates":[53.078604,59.668698]}},
{"type":"Feature","properties":{"name": "1386"},"geometry":{"type":"Point","coordinates":[34.944805,61.307942]}},
{"type":"Feature","properties":{"name": "1387"},"geometry":{"type":"Point","coordinates":[16.459908,60.422098]}},
{"type":"Feature","properties":{"name": "1388"},"geometry":{"type":"Point","coordinates":[102.180567,35.036526]}},
{"type":"Feature","properties":{"name": "1389"},"geometry":{"type":"Point","coordinates":[95.105122,42.424336]}},
{"type":"Feature","properties":{"name": "1390"},"geometry":{"type":"Point","coordinates":[86.315778,49.116579]}},
{"type":"Feature","properties":{"name": "1391"},"geometry":{"type":"Point","coordinates":[74.876884,55.048335]}},
{"type":"Feature","properties":{"name": "1392"},"geometry":{"type":"Point","coordinates":[60.022860,59.724629]}},
{"type":"Feature","properties":{"name": "1393"},"geometry":{"type":"Point","coordinates":[41.942914,62.326082]}},
{"type":"Feature","properties":{"name": "1394"},"geometry":{"type":"Point","coordinates":[22.366128,62.332274]}},
{"type":"Feature","properties":{"name": "1395"},"geometry":{"type":"Point","coordinates":[105.252757,31.956597]}},
{"type":"Feature","properties":{"name": "1396"},"geometry":{"type":"Point","coordinates":[99.245321,40.616434]}},
{"type":"Feature","properties":{"name": "1397"},"geometry":{"type":"Point","coordinates":[91.182649,47.661071]}},
{"type":"Feature","properties":{"name": "1398"},"geometry":{"type":"Point","coordinates":[80.764821,54.036953]}},
{"type":"Feature","properties":{"name": "1399"},"geometry":{"type":"Point","coordinates":[66.937335,59.396700]}},
{"type":"Feature","properties":{"name": "1400"},"geometry":{"type":"Point","coordinates":[49.351527,62.964168]}},
{"type":"Feature","properties":{"name": "1401"},"geometry":{"type":"Point","coordinates":[29.022577,63.962356]}},
{"type":"Feature","properties":{"name": "1402"},"geometry":{"type":"Point","coordinates":[103.190854,38.350802]}},
{"type":"Feature","properties":{"name": "1403"},"geometry":{"type":"Point","coordinates":[95.806671,45.992016]}},
{"type":"Feature","properties":{"name": "1404"},"geometry":{"type":"Point","coordinates":[86.355718,52.774917]}},
{"type":"Feature","properties":{"name": "1405"},"geometry":{"type":"Point","coordinates":[73.678233,58.690081]}},
{"type":"Feature","properties":{"name": "1406"},"geometry":{"type":"Point","coordinates":[57.011663,63.191996]}},
{"type":"Feature","properties":{"name": "1407"},"geometry":{"type":"Point","coordinates":[36.430582,65.255257]}},
{"type":"Feature","properties":{"name": "1408"},"geometry":{"type":"Point","coordinates":[14.304989,63.972148]}},
{"type":"Feature","properties":{"name": "1409"},"geometry":{"type":"Point","coordinates":[106.708859,35.441242]}},
{"type":"Feature","properties":{"name": "1410"},"geometry":{"type":"Point","coordinates":[100.192613,44.071701]}},
{"type":"Feature","properties":{"name": "1411"},"geometry":{"type":"Point","coordinates":[91.635398,51.272126]}},
{"type":"Feature","properties":{"name": "1412"},"geometry":{"type":"Point","coordinates":[80.201266,57.693526]}},
{"type":"Feature","properties":{"name": "1413"},"geometry":{"type":"Point","coordinates":[64.718670,62.993634]}},
{"type":"Feature","properties":{"name": "1414"},"geometry":{"type":"Point","coordinates":[44.506843,66.152739]}},
{"type":"Feature","properties":{"name": "1415"},"geometry":{"type":"Point","coordinates":[21.136011,66.089417]}},
{"type":"Feature","properties":{"name": "1416"},"geometry":{"type":"Point","coordinates":[109.274443,32.069671]}},
{"type":"Feature","properties":{"name": "1417"},"geometry":{"type":"Point","coordinates":[104.300081,41.661444]}},
{"type":"Feature","properties":{"name": "1418"},"geometry":{"type":"Point","coordinates":[96.601403,49.525556]}},
{"type":"Feature","properties":{"name": "1419"},"geometry":{"type":"Point","coordinates":[86.372486,56.418658]}},
{"type":"Feature","properties":{"name": "1420"},"geometry":{"type":"Point","coordinates":[72.258256,62.370720]}},
{"type":"Feature","properties":{"name": "1421"},"geometry":{"type":"Point","coordinates":[53.062331,66.604160]}},
{"type":"Feature","properties":{"name": "1422"},"geometry":{"type":"Point","coordinates":[28.995137,67.817988]}},
{"type":"Feature","properties":{"name": "1423"},"geometry":{"type":"Point","coordinates":[110.956533,28.580940]}},
{"type":"Feature","properties":{"name": "1424"},"geometry":{"type":"Point","coordinates":[107.991749,38.789140]}},
{"type":"Feature","properties":{"name": "1425"},"geometry":{"type":"Point","coordinates":[101.250000,47.503689]}},
{"type":"Feature","properties":{"name": "1426"},"geometry":{"type":"Point","coordinates":[92.142992,54.867599]}},
{"type":"Feature","properties":{"name": "1427"},"geometry":{"type":"Point","coordinates":[79.444774,61.341680]}},
{"type":"Feature","properties":{"name": "1428"},"geometry":{"type":"Point","coordinates":[61.813074,66.576853]}},
{"type":"Feature","properties":{"name": "1429"},"geometry":{"type":"Point","coordinates":[37.896373,69.111564]}},
{"type":"Feature","properties":{"name": "1430"},"geometry":{"type":"Point","coordinates":[111.097393,35.549410]}},
{"type":"Feature","properties":{"name": "1431"},"geometry":{"type":"Point","coordinates":[105.532931,44.969090]}},
{"type":"Feature","properties":{"name": "1432"},"geometry":{"type":"Point","coordinates":[97.502954,53.043711]}},
{"type":"Feature","properties":{"name": "1433"},"geometry":{"type":"Point","coordinates":[86.342951,60.059424]}},
{"type":"Feature","properties":{"name": "1434"},"geometry":{"type":"Point","coordinates":[70.432116,66.063883]}},
{"type":"Feature","properties":{"name": "1435"},"geometry":{"type":"Point","coordinates":[47.562202,69.885060]}},
{"type":"Feature","properties":{"name": "1436"},"geometry":{"type":"Point","coordinates":[18.923140,69.579435]}},
{"type":"Feature","properties":{"name": "1437"},"geometry":{"type":"Point","coordinates":[113.307636,32.055423]}},
{"type":"Feature","properties":{"name": "1438"},"geometry":{"type":"Point","coordinates":[109.370845,42.089855]}},
{"type":"Feature","properties":{"name": "1439"},"geometry":{"type":"Point","coordinates":[102.444455,50.883406]}},
{"type":"Feature","properties":{"name": "1440"},"geometry":{"type":"Point","coordinates":[92.714075,58.460183]}},
{"type":"Feature","properties":{"name": "1441"},"geometry":{"type":"Point","coordinates":[78.623378,65.085076]}},
{"type":"Feature","properties":{"name": "1442"},"geometry":{"type":"Point","coordinates":[57.721963,70.108671]}},
{"type":"Feature","properties":{"name": "1443"},"geometry":{"type":"Point","coordinates":[28.170240,71.452191]}},
{"type":"Feature","properties":{"name": "1444"},"geometry":{"type":"Point","coordinates":[114.898738,28.513068]}},
{"type":"Feature","properties":{"name": "1445"},"geometry":{"type":"Point","coordinates":[112.693555,38.904867]}},
{"type":"Feature","properties":{"name": "1446"},"geometry":{"type":"Point","coordinates":[106.921768,48.273664]}},
{"type":"Feature","properties":{"name": "1447"},"geometry":{"type":"Point","coordinates":[98.541185,56.557860]}},
{"type":"Feature","properties":{"name": "1448"},"geometry":{"type":"Point","coordinates":[86.238541,63.706721]}},
{"type":"Feature","properties":{"name": "1449"},"geometry":{"type":"Point","coordinates":[67.869311,69.758768]}},
{"type":"Feature","properties":{"name": "1450"},"geometry":{"type":"Point","coordinates":[38.999255,72.776841]}},
{"type":"Feature","properties":{"name": "1451"},"geometry":{"type":"Point","coordinates":[115.428301,35.484802]}},
{"type":"Feature","properties":{"name": "1452"},"geometry":{"type":"Point","coordinates":[110.903088,45.364288]}},
{"type":"Feature","properties":{"name": "1453"},"geometry":{"type":"Point","coordinates":[103.816328,54.260675]}},
{"type":"Feature","properties":{"name": "1454"},"geometry":{"type":"Point","coordinates":[93.368606,62.059569]}},
{"type":"Feature","properties":{"name": "1455"},"geometry":{"type":"Point","coordinates":[77.499435,68.854628]}},
{"type":"Feature","properties":{"name": "1456"},"geometry":{"type":"Point","coordinates":[51.066322,73.452178]}},
{"type":"Feature","properties":{"name": "1457"},"geometry":{"type":"Point","coordinates":[15.802858,72.960723]}},
{"type":"Feature","properties":{"name": "1458"},"geometry":{"type":"Point","coordinates":[117.344734,31.913099]}},
{"type":"Feature","properties":{"name": "1459"},"geometry":{"type":"Point","coordinates":[114.373176,42.191428]}},
{"type":"Feature","properties":{"name": "1460"},"geometry":{"type":"Point","coordinates":[108.509962,51.574057]}},
{"type":"Feature","properties":{"name": "1461"},"geometry":{"type":"Point","coordinates":[99.764570,60.075185]}},
{"type":"Feature","properties":{"name": "1462"},"geometry":{"type":"Point","coordinates":[86.254713,67.451248]}},
{"type":"Feature","properties":{"name": "1463"},"geometry":{"type":"Point","coordinates":[63.587921,73.408727]}},
{"type":"Feature","properties":{"name": "1464"},"geometry":{"type":"Point","coordinates":[26.814560,75.007191]}},
{"type":"Feature","properties":{"name": "1465"},"geometry":{"type":"Point","coordinates":[118.823345,28.328208]}},
{"type":"Feature","properties":{"name": "1466"},"geometry":{"type":"Point","coordinates":[117.318835,38.804449]}},
{"type":"Feature","properties":{"name": "1467"},"geometry":{"type":"Point","coordinates":[112.636319,48.617893]}},
{"type":"Feature","properties":{"name": "1468"},"geometry":{"type":"Point","coordinates":[105.424912,57.637938]}},
{"type":"Feature","properties":{"name": "1469"},"geometry":{"type":"Point","coordinates":[94.142422,65.673538]}},
{"type":"Feature","properties":{"name": "1470"},"geometry":{"type":"Point","coordinates":[75.581779,72.650476]}},
{"type":"Feature","properties":{"name": "1471"},"geometry":{"type":"Point","coordinates":[40.438763,76.371074]}},
{"type":"Feature","properties":{"name": "1472"},"geometry":{"type":"Point","coordinates":[120.100923,24.771827]}},
{"type":"Feature","properties":{"name": "1473"},"geometry":{"type":"Point","coordinates":[119.725581,35.268904]}},
{"type":"Feature","properties":{"name": "1474"},"geometry":{"type":"Point","coordinates":[116.222866,45.429009]}},
{"type":"Feature","properties":{"name": "1475"},"geometry":{"type":"Point","coordinates":[110.357008,54.867599]}},
{"type":"Feature","properties":{"name": "1476"},"geometry":{"type":"Point","coordinates":[101.250000,63.599882]}},
{"type":"Feature","properties":{"name": "1477"},"geometry":{"type":"Point","coordinates":[86.294287,71.256004]}},
{"type":"Feature","properties":{"name": "1478"},"geometry":{"type":"Point","coordinates":[55.929669,76.877616]}},
{"type":"Feature","properties":{"name": "1479"},"geometry":{"type":"Point","coordinates":[121.378233,31.642468]}},
{"type":"Feature","properties":{"name": "1480"},"geometry":{"type":"Point","coordinates":[119.297090,42.048453]}},
{"type":"Feature","properties":{"name": "1481"},"geometry":{"type":"Point","coordinates":[114.627769,51.849991]}},
{"type":"Feature","properties":{"name": "1482"},"geometry":{"type":"Point","coordinates":[107.357539,61.014196]}},
{"type":"Feature","properties":{"name": "1483"},"geometry":{"type":"Point","coordinates":[95.305613,69.360225]}},
{"type":"Feature","properties":{"name": "1484"},"geometry":{"type":"Point","coordinates":[71.495888,76.445528]}},
{"type":"Feature","properties":{"name": "1485"},"geometry":{"type":"Point","coordinates":[24.648563,78.516617]}},
{"type":"Feature","properties":{"name": "1486"},"geometry":{"type":"Point","coordinates":[122.735108,28.023640]}},
{"type":"Feature","properties":{"name": "1487"},"geometry":{"type":"Point","coordinates":[121.881892,38.523329]}},
{"type":"Feature","properties":{"name": "1488"},"geometry":{"type":"Point","coordinates":[118.307934,48.624141]}},
{"type":"Feature","properties":{"name": "1489"},"geometry":{"type":"Point","coordinates":[112.546612,58.149200]}},
{"type":"Feature","properties":{"name": "1490"},"geometry":{"type":"Point","coordinates":[103.120599,67.088545]}},
{"type":"Feature","properties":{"name": "1491"},"geometry":{"type":"Point","coordinates":[85.306774,75.157122]}},
{"type":"Feature","properties":{"name": "1492"},"geometry":{"type":"Point","coordinates":[42.825313,79.916449]}},
{"type":"Feature","properties":{"name": "1493"},"geometry":{"type":"Point","coordinates":[123.928530,24.431393]}},
{"type":"Feature","properties":{"name": "1494"},"geometry":{"type":"Point","coordinates":[123.941261,34.904387]}},
{"type":"Feature","properties":{"name": "1495"},"geometry":{"type":"Point","coordinates":[121.461260,45.227635]}},
{"type":"Feature","properties":{"name": "1496"},"geometry":{"type":"Point","coordinates":[116.952697,55.055593]}},
{"type":"Feature","properties":{"name": "1497"},"geometry":{"type":"Point","coordinates":[109.747618,64.384533]}},
{"type":"Feature","properties":{"name": "1498"},"geometry":{"type":"Point","coordinates":[96.559080,73.200563]}},
{"type":"Feature","properties":{"name": "1499"},"geometry":{"type":"Point","coordinates":[63.930163,80.119377]}},
{"type":"Feature","properties":{"name": "1500"},"geometry":{"type":"Point","coordinates":[125.400999,31.243809]}},
{"type":"Feature","properties":{"name": "1501"},"geometry":{"type":"Point","coordinates":[124.140575,41.698496]}},
{"type":"Feature","properties":{"name": "1502"},"geometry":{"type":"Point","coordinates":[120.698885,51.775385]}},
{"type":"Feature","properties":{"name": "1503"},"geometry":{"type":"Point","coordinates":[115.199833,61.409878]}},
{"type":"Feature","properties":{"name": "1504"},"geometry":{"type":"Point","coordinates":[105.374187,70.677136]}},
{"type":"Feature","properties":{"name": "1505"},"geometry":{"type":"Point","coordinates":[83.360350,79.075139]}},
{"type":"Feature","properties":{"name": "1506"},"geometry":{"type":"Point","coordinates":[20.728042,81.987457]}},
{"type":"Feature","properties":{"name": "1507"},"geometry":{"type":"Point","coordinates":[126.633187,27.598856]}},
{"type":"Feature","properties":{"name": "1508"},"geometry":{"type":"Point","coordinates":[126.386720,38.076925]}},
{"type":"Feature","properties":{"name": "1509"},"geometry":{"type":"Point","coordinates":[123.887837,48.344667]}},
{"type":"Feature","properties":{"name": "1510"},"geometry":{"type":"Point","coordinates":[119.713921,58.224948]}},
{"type":"Feature","properties":{"name": "1511"},"geometry":{"type":"Point","coordinates":[112.634439,67.792517]}},
{"type":"Feature","properties":{"name": "1512"},"geometry":{"type":"Point","coordinates":[98.243406,77.082800]}},
{"type":"Feature","properties":{"name": "1513"},"geometry":{"type":"Point","coordinates":[47.836927,83.407577]}},
{"type":"Feature","properties":{"name": "1514"},"geometry":{"type":"Point","coordinates":[127.737017,23.979745]}},
{"type":"Feature","properties":{"name": "1515"},"geometry":{"type":"Point","coordinates":[128.125896,34.402158]}},
{"type":"Feature","properties":{"name": "1516"},"geometry":{"type":"Point","coordinates":[126.600942,44.796255]}},
{"type":"Feature","properties":{"name": "1517"},"geometry":{"type":"Point","coordinates":[123.483024,54.874897]}},
{"type":"Feature","properties":{"name": "1518"},"geometry":{"type":"Point","coordinates":[118.435903,64.660118]}},
{"type":"Feature","properties":{"name": "1519"},"geometry":{"type":"Point","coordinates":[108.787367,74.373141]}},
{"type":"Feature","properties":{"name": "1520"},"geometry":{"type":"Point","coordinates":[78.970377,82.974893]}},
{"type":"Feature","properties":{"name": "1521"},"geometry":{"type":"Point","coordinates":[128.771001,20.385154]}},
{"type":"Feature","properties":{"name": "1522"},"geometry":{"type":"Point","coordinates":[129.406528,30.717872]}},
{"type":"Feature","properties":{"name": "1523"},"geometry":{"type":"Point","coordinates":[128.900384,41.161880]}},
{"type":"Feature","properties":{"name": "1524"},"geometry":{"type":"Point","coordinates":[126.655909,51.394838]}},
{"type":"Feature","properties":{"name": "1525"},"geometry":{"type":"Point","coordinates":[123.055226,61.341680]}},
{"type":"Feature","properties":{"name": "1526"},"geometry":{"type":"Point","coordinates":[116.205713,71.256004]}},
{"type":"Feature","properties":{"name": "1527"},"geometry":{"type":"Point","coordinates":[101.250000,80.965440]}},
{"type":"Feature","properties":{"name": "1528"},"geometry":{"type":"Point","coordinates":[130.515112,27.054189]}},
{"type":"Feature","properties":{"name": "1529"},"geometry":{"type":"Point","coordinates":[130.831992,37.473858]}},
{"type":"Feature","properties":{"name": "1530"},"geometry":{"type":"Point","coordinates":[129.344014,47.813846]}},
{"type":"Feature","properties":{"name": "1531"},"geometry":{"type":"Point","coordinates":[126.774156,57.907872]}},
{"type":"Feature","properties":{"name": "1532"},"geometry":{"type":"Point","coordinates":[122.272504,67.960236]}},
{"type":"Feature","properties":{"name": "1533"},"geometry":{"type":"Point","coordinates":[114.258698,78.023409]}},
{"type":"Feature","properties":{"name": "1534"},"geometry":{"type":"Point","coordinates":[63.806255,86.726965]}},
{"type":"Feature","properties":{"name": "1535"},"geometry":{"type":"Point","coordinates":[131.528055,23.415861]}},
{"type":"Feature","properties":{"name": "1536"},"geometry":{"type":"Point","coordinates":[132.275375,33.764672]}},
{"type":"Feature","properties":{"name": "1537"},"geometry":{"type":"Point","coordinates":[131.629494,44.157841]}},
{"type":"Feature","properties":{"name": "1538"},"geometry":{"type":"Point","coordinates":[129.858514,54.366216]}},
{"type":"Feature","properties":{"name": "1539"},"geometry":{"type":"Point","coordinates":[126.929672,64.491882]}},
{"type":"Feature","properties":{"name": "1540"},"geometry":{"type":"Point","coordinates":[122.048858,74.694676]}},
{"type":"Feature","properties":{"name": "1541"},"geometry":{"type":"Point","coordinates":[108.579712,84.779759]}},
{"type":"Feature","properties":{"name": "1542"},"geometry":{"type":"Point","coordinates":[132.492877,19.800546]}},
{"type":"Feature","properties":{"name": "1543"},"geometry":{"type":"Point","coordinates":[133.389183,30.065829]}},
{"type":"Feature","properties":{"name": "1544"},"geometry":{"type":"Point","coordinates":[133.572072,40.451617]}},
{"type":"Feature","properties":{"name": "1545"},"geometry":{"type":"Point","coordinates":[132.451686,50.742125]}},
{"type":"Feature","properties":{"name": "1546"},"geometry":{"type":"Point","coordinates":[130.603321,60.910223]}},
{"type":"Feature","properties":{"name": "1547"},"geometry":{"type":"Point","coordinates":[127.378518,71.175442]}},
{"type":"Feature","properties":{"name": "1548"},"geometry":{"type":"Point","coordinates":[124.377882,81.508764]}},
{"type":"Feature","properties":{"name": "1549"},"geometry":{"type":"Point","coordinates":[134.378197,26.390444]}},
{"type":"Feature","properties":{"name": "1550"},"geometry":{"type":"Point","coordinates":[135.214329,36.720209]}},
{"type":"Feature","properties":{"name": "1551"},"geometry":{"type":"Point","coordinates":[134.654375,47.056667]}},
{"type":"Feature","properties":{"name": "1552"},"geometry":{"type":"Point","coordinates":[133.570914,57.255292]}},
{"type":"Feature","properties":{"name": "1553"},"geometry":{"type":"Point","coordinates":[131.763035,67.542339]}},
{"type":"Feature","properties":{"name": "1554"},"geometry":{"type":"Point","coordinates":[131.222128,77.928061]}},
{"type":"Feature","properties":{"name": "1555"},"geometry":{"type":"Point","coordinates":[146.893701,88.144319]}},
{"type":"Feature","properties":{"name": "1556"},"geometry":{"type":"Point","coordinates":[135.302044,22.739724]}},
{"type":"Feature","properties":{"name": "1557"},"geometry":{"type":"Point","coordinates":[136.385038,32.994320]}},
{"type":"Feature","properties":{"name": "1558"},"geometry":{"type":"Point","coordinates":[136.537571,43.328903]}},
{"type":"Feature","properties":{"name": "1559"},"geometry":{"type":"Point","coordinates":[136.016466,53.555056]}},
{"type":"Feature","properties":{"name": "1560"},"geometry":{"type":"Point","coordinates":[135.143335,63.817991]}},
{"type":"Feature","properties":{"name": "1561"},"geometry":{"type":"Point","coordinates":[135.084050,74.223168]}},
{"type":"Feature","properties":{"name": "1562"},"geometry":{"type":"Point","coordinates":[146.679534,84.419456]}},
{"type":"Feature","properties":{"name": "1563"},"geometry":{"type":"Point","coordinates":[136.205301,19.137088]}},
{"type":"Feature","properties":{"name": "1564"},"geometry":{"type":"Point","coordinates":[137.344399,29.289202]}},
{"type":"Feature","properties":{"name": "1565"},"geometry":{"type":"Point","coordinates":[138.151249,39.577377]}},
{"type":"Feature","properties":{"name": "1566"},"geometry":{"type":"Point","coordinates":[138.065153,49.829475]}},
{"type":"Feature","properties":{"name": "1567"},"geometry":{"type":"Point","coordinates":[137.842513,60.039349]}},
{"type":"Feature","properties":{"name": "1568"},"geometry":{"type":"Point","coordinates":[138.034148,70.436251]}},
{"type":"Feature","properties":{"name": "1569"},"geometry":{"type":"Point","coordinates":[146.558623,80.667619]}},
{"type":"Feature","properties":{"name": "1570"},"geometry":{"type":"Point","coordinates":[137.049935,15.526986]}},
{"type":"Feature","properties":{"name": "1571"},"geometry":{"type":"Point","coordinates":[138.220190,25.608744]}},
{"type":"Feature","properties":{"name": "1572"},"geometry":{"type":"Point","coordinates":[139.530172,35.821064]}},
{"type":"Feature","properties":{"name": "1573"},"geometry":{"type":"Point","coordinates":[139.804381,46.092891]}},
{"type":"Feature","properties":{"name": "1574"},"geometry":{"type":"Point","coordinates":[140.056397,56.232580]}},
{"type":"Feature","properties":{"name": "1575"},"geometry":{"type":"Point","coordinates":[140.686926,66.576853]}},
{"type":"Feature","properties":{"name": "1576"},"geometry":{"type":"Point","coordinates":[146.570331,76.877616]}},
{"type":"Feature","properties":{"name": "1577"},"geometry":{"type":"Point","coordinates":[139.094593,22.028765]}},
{"type":"Feature","properties":{"name": "1578"},"geometry":{"type":"Point","coordinates":[140.450892,32.093649]}},
{"type":"Feature","properties":{"name": "1579"},"geometry":{"type":"Point","coordinates":[141.318819,42.322536]}},
{"type":"Feature","properties":{"name": "1580"},"geometry":{"type":"Point","coordinates":[141.910108,52.416712]}},
{"type":"Feature","properties":{"name": "1581"},"geometry":{"type":"Point","coordinates":[142.839402,62.679512]}},
{"type":"Feature","properties":{"name": "1582"},"geometry":{"type":"Point","coordinates":[146.778256,73.038971]}},
{"type":"Feature","properties":{"name": "1583"},"geometry":{"type":"Point","coordinates":[171.298035,82.281747]}},
{"type":"Feature","properties":{"name": "1584"},"geometry":{"type":"Point","coordinates":[139.893037,18.435818]}},
{"type":"Feature","properties":{"name": "1585"},"geometry":{"type":"Point","coordinates":[141.292300,28.420276]}},
{"type":"Feature","properties":{"name": "1586"},"geometry":{"type":"Point","coordinates":[142.634626,38.547179]}},
{"type":"Feature","properties":{"name": "1587"},"geometry":{"type":"Point","coordinates":[143.487241,48.605607]}},
{"type":"Feature","properties":{"name": "1588"},"geometry":{"type":"Point","coordinates":[144.638394,58.768740]}},
{"type":"Feature","properties":{"name": "1589"},"geometry":{"type":"Point","coordinates":[147.626321,69.115335]}},
{"type":"Feature","properties":{"name": "1590"},"geometry":{"type":"Point","coordinates":[163.104352,78.770180]}},
{"type":"Feature","properties":{"name": "1591"},"geometry":{"type":"Point","coordinates":[140.637167,14.822553]}},
{"type":"Feature","properties":{"name": "1592"},"geometry":{"type":"Point","coordinates":[142.120363,24.848495]}},
{"type":"Feature","properties":{"name": "1593"},"geometry":{"type":"Point","coordinates":[143.722863,34.785908]}},
{"type":"Feature","properties":{"name": "1594"},"geometry":{"type":"Point","coordinates":[144.845774,44.809180]}},
{"type":"Feature","properties":{"name": "1595"},"geometry":{"type":"Point","coordinates":[146.173469,54.863596]}},
{"type":"Feature","properties":{"name": "1596"},"geometry":{"type":"Point","coordinates":[148.776379,65.129803]}},
{"type":"Feature","properties":{"name": "1597"},"geometry":{"type":"Point","coordinates":[158.911419,75.088391]}},
{"type":"Feature","properties":{"name": "1598"},"geometry":{"type":"Point","coordinates":[142.869024,21.273420]}},
{"type":"Feature","properties":{"name": "1599"},"geometry":{"type":"Point","coordinates":[144.528657,31.134677]}},
{"type":"Feature","properties":{"name": "1600"},"geometry":{"type":"Point","coordinates":[146.027177,41.034228]}},
{"type":"Feature","properties":{"name": "1601"},"geometry":{"type":"Point","coordinates":[147.503170,50.978510]}},
{"type":"Feature","properties":{"name": "1602"},"geometry":{"type":"Point","coordinates":[149.884723,61.132017]}},
{"type":"Feature","properties":{"name": "1603"},"geometry":{"type":"Point","coordinates":[156.609365,71.286142]}},
{"type":"Feature","properties":{"name": "1604"},"geometry":{"type":"Point","coordinates":[-175.954369,79.405750]}},
{"type":"Feature","properties":{"name": "1605"},"geometry":{"type":"Point","coordinates":[143.556969,17.687824]}},
{"type":"Feature","properties":{"name": "1606"},"geometry":{"type":"Point","coordinates":[145.301116,27.567692]}},
{"type":"Feature","properties":{"name": "1607"},"geometry":{"type":"Point","coordinates":[147.061872,37.285056]}},
{"type":"Feature","properties":{"name": "1608"},"geometry":{"type":"Point","coordinates":[148.667843,47.123942]}},
{"type":"Feature","properties":{"name": "1609"},"geometry":{"type":"Point","coordinates":[150.927848,57.146776]}},
{"type":"Feature","properties":{"name": "1610"},"geometry":{"type":"Point","coordinates":[155.925949,67.316041]}},
{"type":"Feature","properties":{"name": "1611"},"geometry":{"type":"Point","coordinates":[174.283944,76.259954]}},
{"type":"Feature","properties":{"name": "1612"},"geometry":{"type":"Point","coordinates":[144.203470,14.082609]}},
{"type":"Feature","properties":{"name": "1613"},"geometry":{"type":"Point","coordinates":[145.994673,24.008074]}},
{"type":"Feature","properties":{"name": "1614"},"geometry":{"type":"Point","coordinates":[147.967411,33.680987]}},
{"type":"Feature","properties":{"name": "1615"},"geometry":{"type":"Point","coordinates":[149.696443,43.306996]}},
{"type":"Feature","properties":{"name": "1616"},"geometry":{"type":"Point","coordinates":[151.897903,53.193063]}},
{"type":"Feature","properties":{"name": "1617"},"geometry":{"type":"Point","coordinates":[155.939487,63.277458]}},
{"type":"Feature","properties":{"name": "1618"},"geometry":{"type":"Point","coordinates":[168.304054,72.800255]}},
{"type":"Feature","properties":{"name": "1619"},"geometry":{"type":"Point","coordinates":[144.832015,10.446435]}},
{"type":"Feature","properties":{"name": "1620"},"geometry":{"type":"Point","coordinates":[146.625548,20.449420]}},
{"type":"Feature","properties":{"name": "1621"},"geometry":{"type":"Point","coordinates":[148.652146,30.154059]}},
{"type":"Feature","properties":{"name": "1622"},"geometry":{"type":"Point","coordinates":[150.610411,39.531978]}},
{"type":"Feature","properties":{"name": "1623"},"geometry":{"type":"Point","coordinates":[152.794262,49.284545]}},
{"type":"Feature","properties":{"name": "1624"},"geometry":{"type":"Point","coordinates":[156.251389,59.236018]}},
{"type":"Feature","properties":{"name": "1625"},"geometry":{"type":"Point","coordinates":[164.603627,69.111564]}},
{"type":"Feature","properties":{"name": "1626"},"geometry":{"type":"Point","coordinates":[147.208829,16.883608]}},
{"type":"Feature","properties":{"name": "1627"},"geometry":{"type":"Point","coordinates":[149.282685,26.603618]}},
{"type":"Feature","properties":{"name": "1628"},"geometry":{"type":"Point","coordinates":[151.566604,35.930048]}},
{"type":"Feature","properties":{"name": "1629"},"geometry":{"type":"Point","coordinates":[153.619589,45.430270]}},
{"type":"Feature","properties":{"name": "1630"},"geometry":{"type":"Point","coordinates":[156.716250,55.226564]}},
{"type":"Feature","properties":{"name": "1631"},"geometry":{"type":"Point","coordinates":[162.965942,65.138490]}},
{"type":"Feature","properties":{"name": "1632"},"geometry":{"type":"Point","coordinates":[-178.116004,73.419063]}},
{"type":"Feature","properties":{"name": "1633"},"geometry":{"type":"Point","coordinates":[147.760818,13.300004]}},
{"type":"Feature","properties":{"name": "1634"},"geometry":{"type":"Point","coordinates":[149.853611,23.065967]}},
{"type":"Feature","properties":{"name": "1635"},"geometry":{"type":"Point","coordinates":[152.267211,32.374660]}},
{"type":"Feature","properties":{"name": "1636"},"geometry":{"type":"Point","coordinates":[154.417862,41.667465]}},
{"type":"Feature","properties":{"name": "1637"},"geometry":{"type":"Point","coordinates":[157.253848,51.272744]}},
{"type":"Feature","properties":{"name": "1638"},"geometry":{"type":"Point","coordinates":[162.224109,61.092255]}},
{"type":"Feature","properties":{"name": "1639"},"geometry":{"type":"Point","coordinates":[175.390871,70.192473]}},
{"type":"Feature","properties":{"name": "1640"},"geometry":{"type":"Point","coordinates":[148.303217,9.684283]}},
{"type":"Feature","properties":{"name": "1641"},"geometry":{"type":"Point","coordinates":[150.376863,19.534814]}},
{"type":"Feature","properties":{"name": "1642"},"geometry":{"type":"Point","coordinates":[152.803213,28.861275]}},
{"type":"Feature","properties":{"name": "1643"},"geometry":{"type":"Point","coordinates":[155.255787,38.050716]}},
{"type":"Feature","properties":{"name": "1644"},"geometry":{"type":"Point","coordinates":[157.818688,47.389428]}},
{"type":"Feature","properties":{"name": "1645"},"geometry":{"type":"Point","coordinates":[161.997796,57.051939]}},
{"type":"Feature","properties":{"name": "1646"},"geometry":{"type":"Point","coordinates":[171.138926,66.605817]}},
{"type":"Feature","properties":{"name": "1647"},"geometry":{"type":"Point","coordinates":[150.863544,16.002097]}},
{"type":"Feature","properties":{"name": "1648"},"geometry":{"type":"Point","coordinates":[153.290091,25.371184]}},
{"type":"Feature","properties":{"name": "1649"},"geometry":{"type":"Point","coordinates":[155.994797,34.458990]}},
{"type":"Feature","properties":{"name": "1650"},"geometry":{"type":"Point","coordinates":[158.469698,43.644464]}},
{"type":"Feature","properties":{"name": "1651"},"geometry":{"type":"Point","coordinates":[162.069475,53.067376]}},
{"type":"Feature","properties":{"name": "1652"},"geometry":{"type":"Point","coordinates":[168.925324,62.663194]}},
{"type":"Feature","properties":{"name": "1653"},"geometry":{"type":"Point","coordinates":[-172.734189,70.390326]}},
{"type":"Feature","properties":{"name": "1654"},"geometry":{"type":"Point","coordinates":[151.325921,12.456660]}},
{"type":"Feature","properties":{"name": "1655"},"geometry":{"type":"Point","coordinates":[153.736931,21.900185]}},
{"type":"Feature","properties":{"name": "1656"},"geometry":{"type":"Point","coordinates":[156.482600,30.917645]}},
{"type":"Feature","properties":{"name": "1657"},"geometry":{"type":"Point","coordinates":[159.158219,40.019537]}},
{"type":"Feature","properties":{"name": "1658"},"geometry":{"type":"Point","coordinates":[162.312171,49.167929]}},
{"type":"Feature","properties":{"name": "1659"},"geometry":{"type":"Point","coordinates":[167.771599,58.637773]}},
{"type":"Feature","properties":{"name": "1660"},"geometry":{"type":"Point","coordinates":[-179.185931,67.379646]}},
{"type":"Feature","properties":{"name": "1661"},"geometry":{"type":"Point","coordinates":[151.781707,8.881697]}},
{"type":"Feature","properties":{"name": "1662"},"geometry":{"type":"Point","coordinates":[154.151228,18.443494]}},
{"type":"Feature","properties":{"name": "1663"},"geometry":{"type":"Point","coordinates":[156.891680,27.412945]}},
{"type":"Feature","properties":{"name": "1664"},"geometry":{"type":"Point","coordinates":[159.766676,36.425101]}},
{"type":"Feature","properties":{"name": "1665"},"geometry":{"type":"Point","coordinates":[162.783841,45.449682]}},
{"type":"Feature","properties":{"name": "1666"},"geometry":{"type":"Point","coordinates":[167.253482,54.644736]}},
{"type":"Feature","properties":{"name": "1667"},"geometry":{"type":"Point","coordinates":[176.445152,63.866223]}},
{"type":"Feature","properties":{"name": "1668"},"geometry":{"type":"Point","coordinates":[152.266592,5.250128]}},
{"type":"Feature","properties":{"name": "1669"},"geometry":{"type":"Point","coordinates":[154.539688,14.994939]}},
{"type":"Feature","properties":{"name": "1670"},"geometry":{"type":"Point","coordinates":[157.272778,23.933345]}},
{"type":"Feature","properties":{"name": "1671"},"geometry":{"type":"Point","coordinates":[160.289499,32.841841]}},
{"type":"Feature","properties":{"name": "1672"},"geometry":{"type":"Point","coordinates":[163.289701,41.826257]}},
{"type":"Feature","properties":{"name": "1673"},"geometry":{"type":"Point","coordinates":[167.113325,50.747969]}},
{"type":"Feature","properties":{"name": "1674"},"geometry":{"type":"Point","coordinates":[174.053622,59.947960]}},
{"type":"Feature","properties":{"name": "1675"},"geometry":{"type":"Point","coordinates":[154.923281,11.504644]}},
{"type":"Feature","properties":{"name": "1676"},"geometry":{"type":"Point","coordinates":[157.631569,20.475326]}},
{"type":"Feature","properties":{"name": "1677"},"geometry":{"type":"Point","coordinates":[160.602884,29.311645]}},
{"type":"Feature","properties":{"name": "1678"},"geometry":{"type":"Point","coordinates":[163.738839,38.237119]}},
{"type":"Feature","properties":{"name": "1679"},"geometry":{"type":"Point","coordinates":[167.375316,47.069226]}},
{"type":"Feature","properties":{"name": "1680"},"geometry":{"type":"Point","coordinates":[172.802112,55.979429]}},
{"type":"Feature","properties":{"name": "1681"},"geometry":{"type":"Point","coordinates":[-174.941740,64.431552]}},
{"type":"Feature","properties":{"name": "1682"},"geometry":{"type":"Point","coordinates":[155.297347,7.998550]}},
{"type":"Feature","properties":{"name": "1683"},"geometry":{"type":"Point","coordinates":[157.972685,17.035525]}},
{"type":"Feature","properties":{"name": "1684"},"geometry":{"type":"Point","coordinates":[160.903649,25.808181]}},
{"type":"Feature","properties":{"name": "1685"},"geometry":{"type":"Point","coordinates":[164.120579,34.661858]}},
{"type":"Feature","properties":{"name": "1686"},"geometry":{"type":"Point","coordinates":[167.664104,43.460637]}},
{"type":"Feature","properties":{"name": "1687"},"geometry":{"type":"Point","coordinates":[172.287983,52.135580]}},
{"type":"Feature","properties":{"name": "1688"},"geometry":{"type":"Point","coordinates":[-179.134152,60.934699]}},
{"type":"Feature","properties":{"name": "1689"},"geometry":{"type":"Point","coordinates":[155.685628,4.445123]}},
{"type":"Feature","properties":{"name": "1690"},"geometry":{"type":"Point","coordinates":[158.300001,13.610712]}},
{"type":"Feature","properties":{"name": "1691"},"geometry":{"type":"Point","coordinates":[161.195407,22.327048]}},
{"type":"Feature","properties":{"name": "1692"},"geometry":{"type":"Point","coordinates":[164.416751,31.092505]}},
{"type":"Feature","properties":{"name": "1693"},"geometry":{"type":"Point","coordinates":[167.923449,39.887502]}},
{"type":"Feature","properties":{"name": "1694"},"geometry":{"type":"Point","coordinates":[172.256276,48.490199]}},
{"type":"Feature","properties":{"name": "1695"},"geometry":{"type":"Point","coordinates":[178.689853,57.045819]}},
{"type":"Feature","properties":{"name": "1696"},"geometry":{"type":"Point","coordinates":[158.616840,10.197762]}},
{"type":"Feature","properties":{"name": "1697"},"geometry":{"type":"Point","coordinates":[161.481118,18.863634]}},
{"type":"Feature","properties":{"name": "1698"},"geometry":{"type":"Point","coordinates":[164.617422,27.559764]}},
{"type":"Feature","properties":{"name": "1699"},"geometry":{"type":"Point","coordinates":[168.137375,36.328777]}},
{"type":"Feature","properties":{"name": "1700"},"geometry":{"type":"Point","coordinates":[172.293349,44.914068]}},
{"type":"Feature","properties":{"name": "1701"},"geometry":{"type":"Point","coordinates":[177.790530,53.285777]}},
{"type":"Feature","properties":{"name": "1702"},"geometry":{"type":"Point","coordinates":[-171.539773,61.390524]}},
{"type":"Feature","properties":{"name": "1703"},"geometry":{"type":"Point","coordinates":[158.926131,6.793637]}},
{"type":"Feature","properties":{"name": "1704"},"geometry":{"type":"Point","coordinates":[161.763164,15.412644]}},
{"type":"Feature","properties":{"name": "1705"},"geometry":{"type":"Point","coordinates":[164.824034,24.047937]}},
{"type":"Feature","properties":{"name": "1706"},"geometry":{"type":"Point","coordinates":[168.302923,32.770470]}},
{"type":"Feature","properties":{"name": "1707"},"geometry":{"type":"Point","coordinates":[172.330936,41.370473]}},
{"type":"Feature","properties":{"name": "1708"},"geometry":{"type":"Point","coordinates":[177.438298,49.704567]}},
{"type":"Feature","properties":{"name": "1709"},"geometry":{"type":"Point","coordinates":[-175.134783,57.820057]}},
{"type":"Feature","properties":{"name": "1710"},"geometry":{"type":"Point","coordinates":[159.230531,3.395362]}},
{"type":"Feature","properties":{"name": "1711"},"geometry":{"type":"Point","coordinates":[162.043154,11.966968]}},
{"type":"Feature","properties":{"name": "1712"},"geometry":{"type":"Point","coordinates":[165.036763,20.550704]}},
{"type":"Feature","properties":{"name": "1713"},"geometry":{"type":"Point","coordinates":[168.413906,29.209350]}},
{"type":"Feature","properties":{"name": "1714"},"geometry":{"type":"Point","coordinates":[172.348803,37.838735]}},
{"type":"Feature","properties":{"name": "1715"},"geometry":{"type":"Point","coordinates":[177.188343,46.183077]}},
{"type":"Feature","properties":{"name": "1716"},"geometry":{"type":"Point","coordinates":[-176.362945,54.195288]}},
{"type":"Feature","properties":{"name": "1717"},"geometry":{"type":"Point","coordinates":[-137.032526,0.000000]}},
{"type":"Feature","properties":{"name": "1718"},"geometry":{"type":"Point","coordinates":[-129.766592,5.250128]}},
{"type":"Feature","properties":{"name": "1719"},"geometry":{"type":"Point","coordinates":[-122.332015,10.446435]}},
{"type":"Feature","properties":{"name": "1720"},"geometry":{"type":"Point","coordinates":[-114.549935,15.526986]}},
{"type":"Feature","properties":{"name": "1721"},"geometry":{"type":"Point","coordinates":[-106.271001,20.385154]}},
{"type":"Feature","properties":{"name": "1722"},"geometry":{"type":"Point","coordinates":[-97.600923,24.771827]}},
{"type":"Feature","properties":{"name": "1723"},"geometry":{"type":"Point","coordinates":[-88.456533,28.580940]}},
{"type":"Feature","properties":{"name": "1724"},"geometry":{"type":"Point","coordinates":[-131.612573,2.273227]}},
{"type":"Feature","properties":{"name": "1725"},"geometry":{"type":"Point","coordinates":[-124.253057,7.503300]}},
{"type":"Feature","properties":{"name": "1726"},"geometry":{"type":"Point","coordinates":[-116.638002,12.631933]}},
{"type":"Feature","properties":{"name": "1727"},"geometry":{"type":"Point","coordinates":[-108.567983,17.584762]}},
{"type":"Feature","properties":{"name": "1728"},"geometry":{"type":"Point","coordinates":[-100.065554,22.104481]}},
{"type":"Feature","properties":{"name": "1729"},"geometry":{"type":"Point","coordinates":[-91.154256,26.080203]}},
{"type":"Feature","properties":{"name": "1730"},"geometry":{"type":"Point","coordinates":[-81.700299,29.443645]}},
{"type":"Feature","properties":{"name": "1731"},"geometry":{"type":"Point","coordinates":[-133.709922,-0.761924]}},
{"type":"Feature","properties":{"name": "1732"},"geometry":{"type":"Point","coordinates":[-126.161215,4.531992]}},
{"type":"Feature","properties":{"name": "1733"},"geometry":{"type":"Point","coordinates":[-118.661766,9.710898]}},
{"type":"Feature","properties":{"name": "1734"},"geometry":{"type":"Point","coordinates":[-110.804981,14.743018]}},
{"type":"Feature","properties":{"name": "1735"},"geometry":{"type":"Point","coordinates":[-102.454348,19.406139]}},
{"type":"Feature","properties":{"name": "1736"},"geometry":{"type":"Point","coordinates":[-93.736082,23.539313]}},
{"type":"Feature","properties":{"name": "1737"},"geometry":{"type":"Point","coordinates":[-84.522013,27.105569]}},
{"type":"Feature","properties":{"name": "1738"},"geometry":{"type":"Point","coordinates":[-136.730531,-3.395362]}},
{"type":"Feature","properties":{"name": "1739"},"geometry":{"type":"Point","coordinates":[-128.116231,1.521589]}},
{"type":"Feature","properties":{"name": "1740"},"geometry":{"type":"Point","coordinates":[-120.646657,6.761357]}},
{"type":"Feature","properties":{"name": "1741"},"geometry":{"type":"Point","coordinates":[-112.952979,11.860039]}},
{"type":"Feature","properties":{"name": "1742"},"geometry":{"type":"Point","coordinates":[-104.787530,16.677179]}},
{"type":"Feature","properties":{"name": "1743"},"geometry":{"type":"Point","coordinates":[-96.228819,20.958520]}},
{"type":"Feature","properties":{"name": "1744"},"geometry":{"type":"Point","coordinates":[-87.231651,24.709165]}},
{"type":"Feature","properties":{"name": "1745"},"geometry":{"type":"Point","coordinates":[-130.383198,-1.521957]}},
{"type":"Feature","properties":{"name": "1746"},"geometry":{"type":"Point","coordinates":[-122.628593,3.778852]}},
{"type":"Feature","properties":{"name": "1747"},"geometry":{"type":"Point","coordinates":[-115.036335,8.945423]}},
{"type":"Feature","properties":{"name": "1748"},"geometry":{"type":"Point","coordinates":[-107.082178,13.917984]}},
{"type":"Feature","properties":{"name": "1749"},"geometry":{"type":"Point","coordinates":[-98.651650,18.339039]}},
{"type":"Feature","properties":{"name": "1750"},"geometry":{"type":"Point","coordinates":[-89.844815,22.259349]}},
{"type":"Feature","properties":{"name": "1751"},"geometry":{"type":"Point","coordinates":[-80.240813,25.988095]}},
{"type":"Feature","properties":{"name": "1752"},"geometry":{"type":"Point","coordinates":[-133.185628,-4.445123]}},
{"type":"Feature","properties":{"name": "1753"},"geometry":{"type":"Point","coordinates":[-124.673423,0.759680]}},
{"type":"Feature","properties":{"name": "1754"},"geometry":{"type":"Point","coordinates":[-117.082912,5.997867]}},
{"type":"Feature","properties":{"name": "1755"},"geometry":{"type":"Point","coordinates":[-109.296543,11.066799]}},
{"type":"Feature","properties":{"name": "1756"},"geometry":{"type":"Point","coordinates":[-101.020680,15.682259]}},
{"type":"Feature","properties":{"name": "1757"},"geometry":{"type":"Point","coordinates":[-92.376263,19.760178]}},
{"type":"Feature","properties":{"name": "1758"},"geometry":{"type":"Point","coordinates":[-83.102952,23.533932]}},
{"type":"Feature","properties":{"name": "1759"},"geometry":{"type":"Point","coordinates":[-136.426131,-6.793637]}},
{"type":"Feature","properties":{"name": "1760"},"geometry":{"type":"Point","coordinates":[-127.048217,-2.278196]}},
{"type":"Feature","properties":{"name": "1761"},"geometry":{"type":"Point","coordinates":[-119.131251,3.015528]}},
{"type":"Feature","properties":{"name": "1762"},"geometry":{"type":"Point","coordinates":[-111.437160,8.164496]}},
{"type":"Feature","properties":{"name": "1763"},"geometry":{"type":"Point","coordinates":[-103.350484,12.989439]}},
{"type":"Feature","properties":{"name": "1764"},"geometry":{"type":"Point","coordinates":[-94.840011,17.214966]}},
{"type":"Feature","properties":{"name": "1765"},"geometry":{"type":"Point","coordinates":[-85.833730,21.074828]}},
{"type":"Feature","properties":{"name": "1766"},"geometry":{"type":"Point","coordinates":[-139.820636,-8.514304]}},
{"type":"Feature","properties":{"name": "1767"},"geometry":{"type":"Point","coordinates":[-129.766592,-5.250128]}},
{"type":"Feature","properties":{"name": "1768"},"geometry":{"type":"Point","coordinates":[-121.246311,0.000000]}},
{"type":"Feature","properties":{"name": "1769"},"geometry":{"type":"Point","coordinates":[-113.541069,5.225994]}},
{"type":"Feature","properties":{"name": "1770"},"geometry":{"type":"Point","coordinates":[-105.654837,10.261623]}},
{"type":"Feature","properties":{"name": "1771"},"geometry":{"type":"Point","coordinates":[-97.249473,14.626394]}},
{"type":"Feature","properties":{"name": "1772"},"geometry":{"type":"Point","coordinates":[-88.462360,18.583169]}},
{"type":"Feature","properties":{"name": "1773"},"geometry":{"type":"Point","coordinates":[-132.797347,-7.998550]}},
{"type":"Feature","properties":{"name": "1774"},"geometry":{"type":"Point","coordinates":[-123.700797,-3.028712]}},
{"type":"Feature","properties":{"name": "1775"},"geometry":{"type":"Point","coordinates":[-115.647401,2.251719]}},
{"type":"Feature","properties":{"name": "1776"},"geometry":{"type":"Point","coordinates":[-107.849600,7.376839]}},
{"type":"Feature","properties":{"name": "1777"},"geometry":{"type":"Point","coordinates":[-99.617628,11.996602]}},
{"type":"Feature","properties":{"name": "1778"},"geometry":{"type":"Point","coordinates":[-90.987015,16.088335]}},
{"type":"Feature","properties":{"name": "1779"},"geometry":{"type":"Point","coordinates":[-81.595876,20.229678]}},
{"type":"Feature","properties":{"name": "1780"},"geometry":{"type":"Point","coordinates":[-136.116840,-10.197762]}},
{"type":"Feature","properties":{"name": "1781"},"geometry":{"type":"Point","coordinates":[-126.372770,-6.017333]}},
{"type":"Feature","properties":{"name": "1782"},"geometry":{"type":"Point","coordinates":[-117.860499,-0.753549]}},
{"type":"Feature","properties":{"name": "1783"},"geometry":{"type":"Point","coordinates":[-110.006014,4.453048]}},
{"type":"Feature","properties":{"name": "1784"},"geometry":{"type":"Point","coordinates":[-101.957197,9.327274]}},
{"type":"Feature","properties":{"name": "1785"},"geometry":{"type":"Point","coordinates":[-93.449502,13.551814]}},
{"type":"Feature","properties":{"name": "1786"},"geometry":{"type":"Point","coordinates":[-84.327296,17.717604]}},
{"type":"Feature","properties":{"name": "1787"},"geometry":{"type":"Point","coordinates":[-139.543154,-11.966968]}},
{"type":"Feature","properties":{"name": "1788"},"geometry":{"type":"Point","coordinates":[-129.281707,-8.881697]}},
{"type":"Feature","properties":{"name": "1789"},"geometry":{"type":"Point","coordinates":[-120.336699,-3.771539]}},
{"type":"Feature","properties":{"name": "1790"},"geometry":{"type":"Point","coordinates":[-112.162690,1.492426]}},
{"type":"Feature","properties":{"name": "1791"},"geometry":{"type":"Point","coordinates":[-104.261583,6.588261]}},
{"type":"Feature","properties":{"name": "1792"},"geometry":{"type":"Point","coordinates":[-95.864379,10.973466]}},
{"type":"Feature","properties":{"name": "1793"},"geometry":{"type":"Point","coordinates":[-86.963037,15.191229]}},
{"type":"Feature","properties":{"name": "1794"},"geometry":{"type":"Point","coordinates":[-132.423281,-11.504644]}},
{"type":"Feature","properties":{"name": "1795"},"geometry":{"type":"Point","coordinates":[-122.977274,-6.765901]}},
{"type":"Feature","properties":{"name": "1796"},"geometry":{"type":"Point","coordinates":[-114.462071,-1.498658]}},
{"type":"Feature","properties":{"name": "1797"},"geometry":{"type":"Point","coordinates":[-106.465939,3.683756]}},
{"type":"Feature","properties":{"name": "1798"},"geometry":{"type":"Point","coordinates":[-98.245020,8.353973]}},
{"type":"Feature","properties":{"name": "1799"},"geometry":{"type":"Point","coordinates":[-89.522092,12.636631]}},
{"type":"Feature","properties":{"name": "1800"},"geometry":{"type":"Point","coordinates":[-80.143619,16.983875]}},
{"type":"Feature","properties":{"name": "1801"},"geometry":{"type":"Point","coordinates":[-135.800001,-13.610712]}},
{"type":"Feature","properties":{"name": "1802"},"geometry":{"type":"Point","coordinates":[-125.803217,-9.684283]}},
{"type":"Feature","properties":{"name": "1803"},"geometry":{"type":"Point","coordinates":[-116.951600,-4.504660]}},
{"type":"Feature","properties":{"name": "1804"},"geometry":{"type":"Point","coordinates":[-108.666489,0.740964]}},
{"type":"Feature","properties":{"name": "1805"},"geometry":{"type":"Point","coordinates":[-100.604323,5.694183]}},
{"type":"Feature","properties":{"name": "1806"},"geometry":{"type":"Point","coordinates":[-92.021417,10.047662]}},
{"type":"Feature","properties":{"name": "1807"},"geometry":{"type":"Point","coordinates":[-82.860273,14.430830]}},
{"type":"Feature","properties":{"name": "1808"},"geometry":{"type":"Point","coordinates":[-139.263164,-15.412644]}},
{"type":"Feature","properties":{"name": "1809"},"geometry":{"type":"Point","coordinates":[-128.825921,-12.456660]}},
{"type":"Feature","properties":{"name": "1810"},"geometry":{"type":"Point","coordinates":[-119.567925,-7.499186]}},
{"type":"Feature","properties":{"name": "1811"},"geometry":{"type":"Point","coordinates":[-111.043269,-2.233284]}},
{"type":"Feature","properties":{"name": "1812"},"geometry":{"type":"Point","coordinates":[-102.910981,2.921624]}},
{"type":"Feature","properties":{"name": "1813"},"geometry":{"type":"Point","coordinates":[-94.476370,7.421522]}},
{"type":"Feature","properties":{"name": "1814"},"geometry":{"type":"Point","coordinates":[-85.493621,11.871159]}},
{"type":"Feature","properties":{"name": "1815"},"geometry":{"type":"Point","coordinates":[-142.755063,-17.060168]}},
{"type":"Feature","properties":{"name": "1816"},"geometry":{"type":"Point","coordinates":[-132.039688,-14.994939]}},
{"type":"Feature","properties":{"name": "1817"},"geometry":{"type":"Point","coordinates":[-122.332015,-10.446435]}},
{"type":"Feature","properties":{"name": "1818"},"geometry":{"type":"Point","coordinates":[-113.541069,-5.225994]}},
{"type":"Feature","properties":{"name": "1819"},"geometry":{"type":"Point","coordinates":[-105.150118,0.000000]}},
{"type":"Feature","properties":{"name": "1820"},"geometry":{"type":"Point","coordinates":[-96.901345,4.756946]}},
{"type":"Feature","properties":{"name": "1821"},"geometry":{"type":"Point","coordinates":[-88.058911,9.289951]}},
{"type":"Feature","properties":{"name": "1822"},"geometry":{"type":"Point","coordinates":[-135.472685,-17.035525]}},
{"type":"Feature","properties":{"name": "1823"},"geometry":{"type":"Point","coordinates":[-125.260818,-13.300004]}},
{"type":"Feature","properties":{"name": "1824"},"geometry":{"type":"Point","coordinates":[-116.136929,-8.217008]}},
{"type":"Feature","properties":{"name": "1825"},"geometry":{"type":"Point","coordinates":[-107.597765,-2.955378]}},
{"type":"Feature","properties":{"name": "1826"},"geometry":{"type":"Point","coordinates":[-99.288080,2.092053]}},
{"type":"Feature","properties":{"name": "1827"},"geometry":{"type":"Point","coordinates":[-90.571399,6.679346]}},
{"type":"Feature","properties":{"name": "1828"},"geometry":{"type":"Point","coordinates":[-81.445192,11.166748]}},
{"type":"Feature","properties":{"name": "1829"},"geometry":{"type":"Point","coordinates":[-138.981118,-18.863634]}},
{"type":"Feature","properties":{"name": "1830"},"geometry":{"type":"Point","coordinates":[-128.363544,-16.002097]}},
{"type":"Feature","properties":{"name": "1831"},"geometry":{"type":"Point","coordinates":[-118.851380,-11.180210]}},
{"type":"Feature","properties":{"name": "1832"},"geometry":{"type":"Point","coordinates":[-110.100541,-5.933377]}},
{"type":"Feature","properties":{"name": "1833"},"geometry":{"type":"Point","coordinates":[-101.650505,-0.728130]}},
{"type":"Feature","properties":{"name": "1834"},"geometry":{"type":"Point","coordinates":[-93.045776,4.034996]}},
{"type":"Feature","properties":{"name": "1835"},"geometry":{"type":"Point","coordinates":[-84.069794,8.578444]}},
{"type":"Feature","properties":{"name": "1836"},"geometry":{"type":"Point","coordinates":[-142.536763,-20.550704]}},
{"type":"Feature","properties":{"name": "1837"},"geometry":{"type":"Point","coordinates":[-131.651228,-18.443494]}},
{"type":"Feature","properties":{"name": "1838"},"geometry":{"type":"Point","coordinates":[-121.703470,-14.082609]}},
{"type":"Feature","properties":{"name": "1839"},"geometry":{"type":"Point","coordinates":[-112.678090,-8.918005]}},
{"type":"Feature","properties":{"name": "1840"},"geometry":{"type":"Point","coordinates":[-104.119759,-3.662809]}},
{"type":"Feature","properties":{"name": "1841"},"geometry":{"type":"Point","coordinates":[-95.496320,1.354393]}},
{"type":"Feature","properties":{"name": "1842"},"geometry":{"type":"Point","coordinates":[-86.636347,5.971422]}},
{"type":"Feature","properties":{"name": "1843"},"geometry":{"type":"Point","coordinates":[-135.131569,-20.475326]}},
{"type":"Feature","properties":{"name": "1844"},"geometry":{"type":"Point","coordinates":[-124.708829,-16.883608]}},
{"type":"Feature","properties":{"name": "1845"},"geometry":{"type":"Point","coordinates":[-115.350384,-11.889287]}},
{"type":"Feature","properties":{"name": "1846"},"geometry":{"type":"Point","coordinates":[-106.625288,-6.624553]}},
{"type":"Feature","properties":{"name": "1847"},"geometry":{"type":"Point","coordinates":[-98.026523,-1.363607]}},
{"type":"Feature","properties":{"name": "1848"},"geometry":{"type":"Point","coordinates":[-89.158470,3.337539]}},
{"type":"Feature","properties":{"name": "1849"},"geometry":{"type":"Point","coordinates":[-80.077854,7.902458]}},
{"type":"Feature","properties":{"name": "1850"},"geometry":{"type":"Point","coordinates":[-138.695407,-22.327048]}},
{"type":"Feature","properties":{"name": "1851"},"geometry":{"type":"Point","coordinates":[-127.876863,-19.534814]}},
{"type":"Feature","properties":{"name": "1852"},"geometry":{"type":"Point","coordinates":[-118.137167,-14.822553]}},
{"type":"Feature","properties":{"name": "1853"},"geometry":{"type":"Point","coordinates":[-109.185842,-9.600282]}},
{"type":"Feature","properties":{"name": "1854"},"geometry":{"type":"Point","coordinates":[-100.561906,-4.278600]}},
{"type":"Feature","properties":{"name": "1855"},"geometry":{"type":"Point","coordinates":[-91.650015,0.671809]}},
{"type":"Feature","properties":{"name": "1856"},"geometry":{"type":"Point","coordinates":[-82.690566,5.289246]}},
{"type":"Feature","properties":{"name": "1857"},"geometry":{"type":"Point","coordinates":[-142.324034,-24.047937]}},
{"type":"Feature","properties":{"name": "1858"},"geometry":{"type":"Point","coordinates":[-131.236931,-21.900185]}},
{"type":"Feature","properties":{"name": "1859"},"geometry":{"type":"Point","coordinates":[-121.056969,-17.687824]}},
{"type":"Feature","properties":{"name": "1860"},"geometry":{"type":"Point","coordinates":[-111.820793,-12.574147]}},
{"type":"Feature","properties":{"name": "1861"},"geometry":{"type":"Point","coordinates":[-103.092293,-7.264997]}},
{"type":"Feature","properties":{"name": "1862"},"geometry":{"type":"Point","coordinates":[-94.248353,-2.024921]}},
{"type":"Feature","properties":{"name": "1863"},"geometry":{"type":"Point","coordinates":[-85.255319,2.657693]}},
{"type":"Feature","properties":{"name": "1864"},"geometry":{"type":"Point","coordinates":[-146.015483,-25.666686]}},
{"type":"Feature","properties":{"name": "1865"},"geometry":{"type":"Point","coordinates":[-134.772778,-23.933345]}},
{"type":"Feature","properties":{"name": "1866"},"geometry":{"type":"Point","coordinates":[-124.125548,-20.449420]}},
{"type":"Feature","properties":{"name": "1867"},"geometry":{"type":"Point","coordinates":[-114.549935,-15.526986]}},
{"type":"Feature","properties":{"name": "1868"},"geometry":{"type":"Point","coordinates":[-105.654837,-10.261623]}},
{"type":"Feature","properties":{"name": "1869"},"geometry":{"type":"Point","coordinates":[-96.901345,-4.756946]}},
{"type":"Feature","properties":{"name": "1870"},"geometry":{"type":"Point","coordinates":[-87.784560,0.000000]}},
{"type":"Feature","properties":{"name": "1871"},"geometry":{"type":"Point","coordinates":[-138.403649,-25.808181]}},
{"type":"Feature","properties":{"name": "1872"},"geometry":{"type":"Point","coordinates":[-127.353611,-23.065967]}},
{"type":"Feature","properties":{"name": "1873"},"geometry":{"type":"Point","coordinates":[-117.393037,-18.435818]}},
{"type":"Feature","properties":{"name": "1874"},"geometry":{"type":"Point","coordinates":[-108.255696,-13.233792]}},
{"type":"Feature","properties":{"name": "1875"},"geometry":{"type":"Point","coordinates":[-99.450970,-7.736367]}},
{"type":"Feature","properties":{"name": "1876"},"geometry":{"type":"Point","coordinates":[-90.427771,-2.677303]}},
{"type":"Feature","properties":{"name": "1877"},"geometry":{"type":"Point","coordinates":[-81.349673,1.989264]}},
{"type":"Feature","properties":{"name": "1878"},"geometry":{"type":"Point","coordinates":[-142.117422,-27.559764]}},
{"type":"Feature","properties":{"name": "1879"},"geometry":{"type":"Point","coordinates":[-130.790091,-25.371184]}},
{"type":"Feature","properties":{"name": "1880"},"geometry":{"type":"Point","coordinates":[-120.369024,-21.273420]}},
{"type":"Feature","properties":{"name": "1881"},"geometry":{"type":"Point","coordinates":[-110.932472,-16.198322]}},
{"type":"Feature","properties":{"name": "1882"},"geometry":{"type":"Point","coordinates":[-102.018759,-10.755178]}},
{"type":"Feature","properties":{"name": "1883"},"geometry":{"type":"Point","coordinates":[-93.100446,-5.378232]}},
{"type":"Feature","properties":{"name": "1884"},"geometry":{"type":"Point","coordinates":[-83.927816,-0.665087]}},
{"type":"Feature","properties":{"name": "1885"},"geometry":{"type":"Point","coordinates":[-145.913906,-29.209350]}},
{"type":"Feature","properties":{"name": "1886"},"geometry":{"type":"Point","coordinates":[-134.391680,-27.412945]}},
{"type":"Feature","properties":{"name": "1887"},"geometry":{"type":"Point","coordinates":[-123.494673,-24.008074]}},
{"type":"Feature","properties":{"name": "1888"},"geometry":{"type":"Point","coordinates":[-113.705301,-19.137088]}},
{"type":"Feature","properties":{"name": "1889"},"geometry":{"type":"Point","coordinates":[-104.620145,-13.787534]}},
{"type":"Feature","properties":{"name": "1890"},"geometry":{"type":"Point","coordinates":[-95.767695,-8.169382]}},
{"type":"Feature","properties":{"name": "1891"},"geometry":{"type":"Point","coordinates":[-86.567599,-3.324898]}},
{"type":"Feature","properties":{"name": "1892"},"geometry":{"type":"Point","coordinates":[-138.102884,-29.311645]}},
{"type":"Feature","properties":{"name": "1893"},"geometry":{"type":"Point","coordinates":[-126.782685,-26.603618]}},
{"type":"Feature","properties":{"name": "1894"},"geometry":{"type":"Point","coordinates":[-116.594593,-22.028765]}},
{"type":"Feature","properties":{"name": "1895"},"geometry":{"type":"Point","coordinates":[-107.272083,-16.809848]}},
{"type":"Feature","properties":{"name": "1896"},"geometry":{"type":"Point","coordinates":[-98.351070,-11.183675]}},
{"type":"Feature","properties":{"name": "1897"},"geometry":{"type":"Point","coordinates":[-89.246073,-5.997306]}},
{"type":"Feature","properties":{"name": "1898"},"geometry":{"type":"Point","coordinates":[-80.047572,-1.326710]}},
{"type":"Feature","properties":{"name": "1899"},"geometry":{"type":"Point","coordinates":[-141.916751,-31.092505]}},
{"type":"Feature","properties":{"name": "1900"},"geometry":{"type":"Point","coordinates":[-130.303213,-28.861275]}},
{"type":"Feature","properties":{"name": "1901"},"geometry":{"type":"Point","coordinates":[-119.620363,-24.848495]}},
{"type":"Feature","properties":{"name": "1902"},"geometry":{"type":"Point","coordinates":[-109.992877,-19.800546]}},
{"type":"Feature","properties":{"name": "1903"},"geometry":{"type":"Point","coordinates":[-100.951594,-14.243774]}},
{"type":"Feature","properties":{"name": "1904"},"geometry":{"type":"Point","coordinates":[-91.957640,-8.707261]}},
{"type":"Feature","properties":{"name": "1905"},"geometry":{"type":"Point","coordinates":[-82.672639,-3.972411]}},
{"type":"Feature","properties":{"name": "1906"},"geometry":{"type":"Point","coordinates":[-145.802923,-32.770470]}},
{"type":"Feature","properties":{"name": "1907"},"geometry":{"type":"Point","coordinates":[-133.982600,-30.917645]}},
{"type":"Feature","properties":{"name": "1908"},"geometry":{"type":"Point","coordinates":[-122.801116,-27.567692]}},
{"type":"Feature","properties":{"name": "1909"},"geometry":{"type":"Point","coordinates":[-112.802044,-22.739724]}},
{"type":"Feature","properties":{"name": "1910"},"geometry":{"type":"Point","coordinates":[-103.585500,-17.319834]}},
{"type":"Feature","properties":{"name": "1911"},"geometry":{"type":"Point","coordinates":[-94.637189,-11.566909]}},
{"type":"Feature","properties":{"name": "1912"},"geometry":{"type":"Point","coordinates":[-85.342763,-6.619861]}},
{"type":"Feature","properties":{"name": "1913"},"geometry":{"type":"Point","coordinates":[-149.840998,-34.305716]}},
{"type":"Feature","properties":{"name": "1914"},"geometry":{"type":"Point","coordinates":[-137.789499,-32.841841]}},
{"type":"Feature","properties":{"name": "1915"},"geometry":{"type":"Point","coordinates":[-126.152146,-30.154059]}},
{"type":"Feature","properties":{"name": "1916"},"geometry":{"type":"Point","coordinates":[-115.720190,-25.608744]}},
{"type":"Feature","properties":{"name": "1917"},"geometry":{"type":"Point","coordinates":[-106.271001,-20.385154]}},
{"type":"Feature","properties":{"name": "1918"},"geometry":{"type":"Point","coordinates":[-97.249473,-14.626394]}},
{"type":"Feature","properties":{"name": "1919"},"geometry":{"type":"Point","coordinates":[-88.058911,-9.289951]}},
{"type":"Feature","properties":{"name": "1920"},"geometry":{"type":"Point","coordinates":[-141.620579,-34.661858]}},
{"type":"Feature","properties":{"name": "1921"},"geometry":{"type":"Point","coordinates":[-129.767211,-32.374660]}},
{"type":"Feature","properties":{"name": "1922"},"geometry":{"type":"Point","coordinates":[-118.792300,-28.420276]}},
{"type":"Feature","properties":{"name": "1923"},"geometry":{"type":"Point","coordinates":[-109.028055,-23.415861]}},
{"type":"Feature","properties":{"name": "1924"},"geometry":{"type":"Point","coordinates":[-99.875012,-17.737524]}},
{"type":"Feature","properties":{"name": "1925"},"geometry":{"type":"Point","coordinates":[-90.810529,-12.015194]}},
{"type":"Feature","properties":{"name": "1926"},"geometry":{"type":"Point","coordinates":[-81.397877,-7.252425]}},
{"type":"Feature","properties":{"name": "1927"},"geometry":{"type":"Point","coordinates":[-145.637375,-36.328777]}},
{"type":"Feature","properties":{"name": "1928"},"geometry":{"type":"Point","coordinates":[-133.494797,-34.458990]}},
{"type":"Feature","properties":{"name": "1929"},"geometry":{"type":"Point","coordinates":[-122.028657,-31.134677]}},
{"type":"Feature","properties":{"name": "1930"},"geometry":{"type":"Point","coordinates":[-111.878197,-26.390444]}},
{"type":"Feature","properties":{"name": "1931"},"geometry":{"type":"Point","coordinates":[-102.530959,-20.865424]}},
{"type":"Feature","properties":{"name": "1932"},"geometry":{"type":"Point","coordinates":[-93.498112,-14.954798]}},
{"type":"Feature","properties":{"name": "1933"},"geometry":{"type":"Point","coordinates":[-84.100552,-9.887638]}},
{"type":"Feature","properties":{"name": "1934"},"geometry":{"type":"Point","coordinates":[-149.848803,-37.838735]}},
{"type":"Feature","properties":{"name": "1935"},"geometry":{"type":"Point","coordinates":[-137.266676,-36.425101]}},
{"type":"Feature","properties":{"name": "1936"},"geometry":{"type":"Point","coordinates":[-125.467411,-33.680987]}},
{"type":"Feature","properties":{"name": "1937"},"geometry":{"type":"Point","coordinates":[-114.844399,-29.289202]}},
{"type":"Feature","properties":{"name": "1938"},"geometry":{"type":"Point","coordinates":[-105.237017,-23.979745]}},
{"type":"Feature","properties":{"name": "1939"},"geometry":{"type":"Point","coordinates":[-96.130857,-18.071467]}},
{"type":"Feature","properties":{"name": "1940"},"geometry":{"type":"Point","coordinates":[-86.857108,-12.557389]}},
{"type":"Feature","properties":{"name": "1941"},"geometry":{"type":"Point","coordinates":[-141.238839,-38.237119]}},
{"type":"Feature","properties":{"name": "1942"},"geometry":{"type":"Point","coordinates":[-129.066604,-35.930048]}},
{"type":"Feature","properties":{"name": "1943"},"geometry":{"type":"Point","coordinates":[-117.950892,-32.093649]}},
{"type":"Feature","properties":{"name": "1944"},"geometry":{"type":"Point","coordinates":[-108.015112,-27.054189]}},
{"type":"Feature","properties":{"name": "1945"},"geometry":{"type":"Point","coordinates":[-98.768254,-21.244088]}},
{"type":"Feature","properties":{"name": "1946"},"geometry":{"type":"Point","coordinates":[-89.649207,-15.305611]}},
{"type":"Feature","properties":{"name": "1947"},"geometry":{"type":"Point","coordinates":[-80.093718,-10.509655]}},
{"type":"Feature","properties":{"name": "1948"},"geometry":{"type":"Point","coordinates":[-145.423449,-39.887502]}},
{"type":"Feature","properties":{"name": "1949"},"geometry":{"type":"Point","coordinates":[-132.755787,-38.050716]}},
{"type":"Feature","properties":{"name": "1950"},"geometry":{"type":"Point","coordinates":[-121.222863,-34.785908]}},
{"type":"Feature","properties":{"name": "1951"},"geometry":{"type":"Point","coordinates":[-110.889183,-30.065829]}},
{"type":"Feature","properties":{"name": "1952"},"geometry":{"type":"Point","coordinates":[-101.428530,-24.431393]}},
{"type":"Feature","properties":{"name": "1953"},"geometry":{"type":"Point","coordinates":[-92.336507,-18.339568]}},
{"type":"Feature","properties":{"name": "1954"},"geometry":{"type":"Point","coordinates":[-82.831168,-13.131095]}},
{"type":"Feature","properties":{"name": "1955"},"geometry":{"type":"Point","coordinates":[-149.830936,-41.370473]}},
{"type":"Feature","properties":{"name": "1956"},"geometry":{"type":"Point","coordinates":[-136.658219,-40.019537]}},
{"type":"Feature","properties":{"name": "1957"},"geometry":{"type":"Point","coordinates":[-124.561872,-37.285056]}},
{"type":"Feature","properties":{"name": "1958"},"geometry":{"type":"Point","coordinates":[-113.885038,-32.994320]}},
{"type":"Feature","properties":{"name": "1959"},"geometry":{"type":"Point","coordinates":[-104.133187,-27.598856]}},
{"type":"Feature","properties":{"name": "1960"},"geometry":{"type":"Point","coordinates":[-94.974595,-21.527347]}},
{"type":"Feature","properties":{"name": "1961"},"geometry":{"type":"Point","coordinates":[-85.631218,-15.801514]}},
{"type":"Feature","properties":{"name": "1962"},"geometry":{"type":"Point","coordinates":[-154.470207,-42.684857]}},
{"type":"Feature","properties":{"name": "1963"},"geometry":{"type":"Point","coordinates":[-140.789701,-41.826257]}},
{"type":"Feature","properties":{"name": "1964"},"geometry":{"type":"Point","coordinates":[-128.110411,-39.531978]}},
{"type":"Feature","properties":{"name": "1965"},"geometry":{"type":"Point","coordinates":[-117.030172,-35.821064]}},
{"type":"Feature","properties":{"name": "1966"},"geometry":{"type":"Point","coordinates":[-106.906528,-30.717872]}},
{"type":"Feature","properties":{"name": "1967"},"geometry":{"type":"Point","coordinates":[-97.600923,-24.771827]}},
{"type":"Feature","properties":{"name": "1968"},"geometry":{"type":"Point","coordinates":[-88.462360,-18.583169]}},
{"type":"Feature","properties":{"name": "1969"},"geometry":{"type":"Point","coordinates":[-145.164104,-43.460637]}},
{"type":"Feature","properties":{"name": "1970"},"geometry":{"type":"Point","coordinates":[-131.917862,-41.667465]}},
{"type":"Feature","properties":{"name": "1971"},"geometry":{"type":"Point","coordinates":[-120.134626,-38.547179]}},
{"type":"Feature","properties":{"name": "1972"},"geometry":{"type":"Point","coordinates":[-109.775375,-33.764672]}},
{"type":"Feature","properties":{"name": "1973"},"geometry":{"type":"Point","coordinates":[-100.235108,-28.023640]}},
{"type":"Feature","properties":{"name": "1974"},"geometry":{"type":"Point","coordinates":[-91.133584,-21.729887]}},
{"type":"Feature","properties":{"name": "1975"},"geometry":{"type":"Point","coordinates":[-81.524161,-16.353644]}},
{"type":"Feature","properties":{"name": "1976"},"geometry":{"type":"Point","coordinates":[-149.793349,-44.914068]}},
{"type":"Feature","properties":{"name": "1977"},"geometry":{"type":"Point","coordinates":[-135.969698,-43.644464]}},
{"type":"Feature","properties":{"name": "1978"},"geometry":{"type":"Point","coordinates":[-123.527177,-41.034228]}},
{"type":"Feature","properties":{"name": "1979"},"geometry":{"type":"Point","coordinates":[-112.714329,-36.720209]}},
{"type":"Feature","properties":{"name": "1980"},"geometry":{"type":"Point","coordinates":[-102.900999,-31.243809]}},
{"type":"Feature","properties":{"name": "1981"},"geometry":{"type":"Point","coordinates":[-93.749135,-25.004273]}},
{"type":"Feature","properties":{"name": "1982"},"geometry":{"type":"Point","coordinates":[-84.371228,-19.023944]}},
{"type":"Feature","properties":{"name": "1983"},"geometry":{"type":"Point","coordinates":[-154.688343,-46.183077]}},
{"type":"Feature","properties":{"name": "1984"},"geometry":{"type":"Point","coordinates":[-140.283841,-45.449682]}},
{"type":"Feature","properties":{"name": "1985"},"geometry":{"type":"Point","coordinates":[-127.196443,-43.306996]}},
{"type":"Feature","properties":{"name": "1986"},"geometry":{"type":"Point","coordinates":[-115.651249,-39.577377]}},
{"type":"Feature","properties":{"name": "1987"},"geometry":{"type":"Point","coordinates":[-105.625896,-34.402158]}},
{"type":"Feature","properties":{"name": "1988"},"geometry":{"type":"Point","coordinates":[-96.323345,-28.328208]}},
{"type":"Feature","properties":{"name": "1989"},"geometry":{"type":"Point","coordinates":[-87.210817,-21.891209]}},
{"type":"Feature","properties":{"name": "1990"},"geometry":{"type":"Point","coordinates":[-144.875316,-47.069226]}},
{"type":"Feature","properties":{"name": "1991"},"geometry":{"type":"Point","coordinates":[-131.119589,-45.430270]}},
{"type":"Feature","properties":{"name": "1992"},"geometry":{"type":"Point","coordinates":[-118.818819,-42.322536]}},
{"type":"Feature","properties":{"name": "1993"},"geometry":{"type":"Point","coordinates":[-108.331992,-37.473858]}},
{"type":"Feature","properties":{"name": "1994"},"geometry":{"type":"Point","coordinates":[-98.878233,-31.642468]}},
{"type":"Feature","properties":{"name": "1995"},"geometry":{"type":"Point","coordinates":[-89.859627,-25.138004]}},
{"type":"Feature","properties":{"name": "1996"},"geometry":{"type":"Point","coordinates":[-80.168031,-19.560348]}},
{"type":"Feature","properties":{"name": "1997"},"geometry":{"type":"Point","coordinates":[-149.756276,-48.490199]}},
{"type":"Feature","properties":{"name": "1998"},"geometry":{"type":"Point","coordinates":[-135.318688,-47.389428]}},
{"type":"Feature","properties":{"name": "1999"},"geometry":{"type":"Point","coordinates":[-122.345774,-44.809180]}},
{"type":"Feature","properties":{"name": "2000"},"geometry":{"type":"Point","coordinates":[-111.072072,-40.451617]}},
{"type":"Feature","properties":{"name": "2001"},"geometry":{"type":"Point","coordinates":[-101.441261,-34.904387]}},
{"type":"Feature","properties":{"name": "2002"},"geometry":{"type":"Point","coordinates":[-92.398738,-28.513068]}},
{"type":"Feature","properties":{"name": "2003"},"geometry":{"type":"Point","coordinates":[-83.066222,-22.225997]}},
{"type":"Feature","properties":{"name": "2004"},"geometry":{"type":"Point","coordinates":[-154.938298,-49.704567]}},
{"type":"Feature","properties":{"name": "2005"},"geometry":{"type":"Point","coordinates":[-139.812171,-49.167929]}},
{"type":"Feature","properties":{"name": "2006"},"geometry":{"type":"Point","coordinates":[-126.167843,-47.123942]}},
{"type":"Feature","properties":{"name": "2007"},"geometry":{"type":"Point","coordinates":[-114.037571,-43.328903]}},
{"type":"Feature","properties":{"name": "2008"},"geometry":{"type":"Point","coordinates":[-103.886720,-38.076925]}},
{"type":"Feature","properties":{"name": "2009"},"geometry":{"type":"Point","coordinates":[-94.844734,-31.913099]}},
{"type":"Feature","properties":{"name": "2010"},"geometry":{"type":"Point","coordinates":[-85.895804,-25.204207]}},
{"type":"Feature","properties":{"name": "2011"},"geometry":{"type":"Point","coordinates":[-160.439811,-50.720526]}},
{"type":"Feature","properties":{"name": "2012"},"geometry":{"type":"Point","coordinates":[-144.613325,-50.747969]}},
{"type":"Feature","properties":{"name": "2013"},"geometry":{"type":"Point","coordinates":[-130.294262,-49.284545]}},
{"type":"Feature","properties":{"name": "2014"},"geometry":{"type":"Point","coordinates":[-117.304381,-46.092891]}},
{"type":"Feature","properties":{"name": "2015"},"geometry":{"type":"Point","coordinates":[-106.400384,-41.161880]}},
{"type":"Feature","properties":{"name": "2016"},"geometry":{"type":"Point","coordinates":[-97.225581,-35.268904]}},
{"type":"Feature","properties":{"name": "2017"},"geometry":{"type":"Point","coordinates":[-88.456533,-28.580940]}},
{"type":"Feature","properties":{"name": "2018"},"geometry":{"type":"Point","coordinates":[-149.787983,-52.135580]}},
{"type":"Feature","properties":{"name": "2019"},"geometry":{"type":"Point","coordinates":[-134.753848,-51.272744]}},
{"type":"Feature","properties":{"name": "2020"},"geometry":{"type":"Point","coordinates":[-120.987241,-48.605607]}},
{"type":"Feature","properties":{"name": "2021"},"geometry":{"type":"Point","coordinates":[-109.129494,-44.157841]}},
{"type":"Feature","properties":{"name": "2022"},"geometry":{"type":"Point","coordinates":[-99.381892,-38.523329]}},
{"type":"Feature","properties":{"name": "2023"},"geometry":{"type":"Point","coordinates":[-90.807636,-32.055423]}},
{"type":"Feature","properties":{"name": "2024"},"geometry":{"type":"Point","coordinates":[-81.704011,-25.408643]}},
{"type":"Feature","properties":{"name": "2025"},"geometry":{"type":"Point","coordinates":[-155.290530,-53.285777]}},
{"type":"Feature","properties":{"name": "2026"},"geometry":{"type":"Point","coordinates":[-139.569475,-53.067376]}},
{"type":"Feature","properties":{"name": "2027"},"geometry":{"type":"Point","coordinates":[-125.003170,-50.978510]}},
{"type":"Feature","properties":{"name": "2028"},"geometry":{"type":"Point","coordinates":[-112.154375,-47.056667]}},
{"type":"Feature","properties":{"name": "2029"},"geometry":{"type":"Point","coordinates":[-101.640575,-41.698496]}},
{"type":"Feature","properties":{"name": "2030"},"geometry":{"type":"Point","coordinates":[-92.928301,-35.484802]}},
{"type":"Feature","properties":{"name": "2031"},"geometry":{"type":"Point","coordinates":[-84.470878,-28.545029]}},
{"type":"Feature","properties":{"name": "2032"},"geometry":{"type":"Point","coordinates":[-161.137055,-54.195288]}},
{"type":"Feature","properties":{"name": "2033"},"geometry":{"type":"Point","coordinates":[-144.753482,-54.644736]}},
{"type":"Feature","properties":{"name": "2034"},"geometry":{"type":"Point","coordinates":[-129.397903,-53.193063]}},
{"type":"Feature","properties":{"name": "2035"},"geometry":{"type":"Point","coordinates":[-115.565153,-49.829475]}},
{"type":"Feature","properties":{"name": "2036"},"geometry":{"type":"Point","coordinates":[-104.100942,-44.796255]}},
{"type":"Feature","properties":{"name": "2037"},"geometry":{"type":"Point","coordinates":[-94.818835,-38.804449]}},
{"type":"Feature","properties":{"name": "2038"},"geometry":{"type":"Point","coordinates":[-86.774443,-32.069671]}},
{"type":"Feature","properties":{"name": "2039"},"geometry":{"type":"Point","coordinates":[-150.302112,-55.979429]}},
{"type":"Feature","properties":{"name": "2040"},"geometry":{"type":"Point","coordinates":[-134.216250,-55.226564]}},
{"type":"Feature","properties":{"name": "2041"},"geometry":{"type":"Point","coordinates":[-119.410108,-52.416712]}},
{"type":"Feature","properties":{"name": "2042"},"geometry":{"type":"Point","coordinates":[-106.844014,-47.813846]}},
{"type":"Feature","properties":{"name": "2043"},"geometry":{"type":"Point","coordinates":[-96.797090,-42.048453]}},
{"type":"Feature","properties":{"name": "2044"},"geometry":{"type":"Point","coordinates":[-88.597393,-35.549410]}},
{"type":"Feature","properties":{"name": "2045"},"geometry":{"type":"Point","coordinates":[-80.270674,-28.572445]}},
{"type":"Feature","properties":{"name": "2046"},"geometry":{"type":"Point","coordinates":[-156.189853,-57.045819]}},
{"type":"Feature","properties":{"name": "2047"},"geometry":{"type":"Point","coordinates":[-139.497796,-57.051939]}},
{"type":"Feature","properties":{"name": "2048"},"geometry":{"type":"Point","coordinates":[-123.673469,-54.863596]}},
{"type":"Feature","properties":{"name": "2049"},"geometry":{"type":"Point","coordinates":[-109.951686,-50.742125]}},
{"type":"Feature","properties":{"name": "2050"},"geometry":{"type":"Point","coordinates":[-98.961260,-45.227635]}},
{"type":"Feature","properties":{"name": "2051"},"geometry":{"type":"Point","coordinates":[-90.193555,-38.904867]}},
{"type":"Feature","properties":{"name": "2052"},"geometry":{"type":"Point","coordinates":[-82.752757,-31.956597]}},
{"type":"Feature","properties":{"name": "2053"},"geometry":{"type":"Point","coordinates":[-162.365217,-57.820057]}},
{"type":"Feature","properties":{"name": "2054"},"geometry":{"type":"Point","coordinates":[-145.271599,-58.637773]}},
{"type":"Feature","properties":{"name": "2055"},"geometry":{"type":"Point","coordinates":[-128.427848,-57.146776]}},
{"type":"Feature","properties":{"name": "2056"},"geometry":{"type":"Point","coordinates":[-113.516466,-53.555056]}},
{"type":"Feature","properties":{"name": "2057"},"geometry":{"type":"Point","coordinates":[-101.387837,-48.344667]}},
{"type":"Feature","properties":{"name": "2058"},"geometry":{"type":"Point","coordinates":[-91.873176,-42.191428]}},
{"type":"Feature","properties":{"name": "2059"},"geometry":{"type":"Point","coordinates":[-84.208859,-35.441242]}},
{"type":"Feature","properties":{"name": "2060"},"geometry":{"type":"Point","coordinates":[-78.750000,-31.717474]}},
{"type":"Feature","properties":{"name": "2061"},"geometry":{"type":"Point","coordinates":[-69.043467,-28.580940]}},
{"type":"Feature","properties":{"name": "2062"},"geometry":{"type":"Point","coordinates":[-59.899077,-24.771827]}},
{"type":"Feature","properties":{"name": "2063"},"geometry":{"type":"Point","coordinates":[-51.228999,-20.385154]}},
{"type":"Feature","properties":{"name": "2064"},"geometry":{"type":"Point","coordinates":[-42.950065,-15.526986]}},
{"type":"Feature","properties":{"name": "2065"},"geometry":{"type":"Point","coordinates":[-35.167985,-10.446435]}},
{"type":"Feature","properties":{"name": "2066"},"geometry":{"type":"Point","coordinates":[-27.733408,-5.250128]}},
{"type":"Feature","properties":{"name": "2067"},"geometry":{"type":"Point","coordinates":[-71.911423,-31.043494]}},
{"type":"Feature","properties":{"name": "2068"},"geometry":{"type":"Point","coordinates":[-62.466044,-27.407858]}},
{"type":"Feature","properties":{"name": "2069"},"geometry":{"type":"Point","coordinates":[-53.583124,-23.160824]}},
{"type":"Feature","properties":{"name": "2070"},"geometry":{"type":"Point","coordinates":[-45.124270,-18.396646]}},
{"type":"Feature","properties":{"name": "2071"},"geometry":{"type":"Point","coordinates":[-37.131893,-13.367857]}},
{"type":"Feature","properties":{"name": "2072"},"geometry":{"type":"Point","coordinates":[-29.567582,-8.195990]}},
{"type":"Feature","properties":{"name": "2073"},"geometry":{"type":"Point","coordinates":[-22.220716,-2.923762]}},
{"type":"Feature","properties":{"name": "2074"},"geometry":{"type":"Point","coordinates":[-75.246323,-33.421420]}},
{"type":"Feature","properties":{"name": "2075"},"geometry":{"type":"Point","coordinates":[-65.176246,-30.011846]}},
{"type":"Feature","properties":{"name": "2076"},"geometry":{"type":"Point","coordinates":[-56.018350,-25.911710]}},
{"type":"Feature","properties":{"name": "2077"},"geometry":{"type":"Point","coordinates":[-47.382747,-21.256376]}},
{"type":"Feature","properties":{"name": "2078"},"geometry":{"type":"Point","coordinates":[-39.160219,-16.270512]}},
{"type":"Feature","properties":{"name": "2079"},"geometry":{"type":"Point","coordinates":[-31.428697,-11.125368]}},
{"type":"Feature","properties":{"name": "2080"},"geometry":{"type":"Point","coordinates":[-23.984692,-5.847364]}},
{"type":"Feature","properties":{"name": "2081"},"geometry":{"type":"Point","coordinates":[-79.680567,-35.036526]}},
{"type":"Feature","properties":{"name": "2082"},"geometry":{"type":"Point","coordinates":[-68.111956,-32.577515]}},
{"type":"Feature","properties":{"name": "2083"},"geometry":{"type":"Point","coordinates":[-58.567054,-28.637137]}},
{"type":"Feature","properties":{"name": "2084"},"geometry":{"type":"Point","coordinates":[-49.697493,-24.105988]}},
{"type":"Feature","properties":{"name": "2085"},"geometry":{"type":"Point","coordinates":[-41.272325,-19.155060]}},
{"type":"Feature","properties":{"name": "2086"},"geometry":{"type":"Point","coordinates":[-33.336850,-14.043350]}},
{"type":"Feature","properties":{"name": "2087"},"geometry":{"type":"Point","coordinates":[-25.770387,-8.770586]}},
{"type":"Feature","properties":{"name": "2088"},"geometry":{"type":"Point","coordinates":[-71.603429,-35.024393]}},
{"type":"Feature","properties":{"name": "2089"},"geometry":{"type":"Point","coordinates":[-61.279178,-31.334049]}},
{"type":"Feature","properties":{"name": "2090"},"geometry":{"type":"Point","coordinates":[-52.096253,-26.935935]}},
{"type":"Feature","properties":{"name": "2091"},"geometry":{"type":"Point","coordinates":[-43.487849,-22.020473]}},
{"type":"Feature","properties":{"name": "2092"},"geometry":{"type":"Point","coordinates":[-35.308669,-16.951481]}},
{"type":"Feature","properties":{"name": "2093"},"geometry":{"type":"Point","coordinates":[-27.589305,-11.693087]}},
{"type":"Feature","properties":{"name": "2094"},"geometry":{"type":"Point","coordinates":[-19.974541,-5.855415]}},
{"type":"Feature","properties":{"name": "2095"},"geometry":{"type":"Point","coordinates":[-75.899306,-37.103287]}},
{"type":"Feature","properties":{"name": "2096"},"geometry":{"type":"Point","coordinates":[-64.247120,-33.989036]}},
{"type":"Feature","properties":{"name": "2097"},"geometry":{"type":"Point","coordinates":[-54.615451,-29.744954]}},
{"type":"Feature","properties":{"name": "2098"},"geometry":{"type":"Point","coordinates":[-45.765323,-24.925590]}},
{"type":"Feature","properties":{"name": "2099"},"geometry":{"type":"Point","coordinates":[-37.360770,-19.849551]}},
{"type":"Feature","properties":{"name": "2100"},"geometry":{"type":"Point","coordinates":[-29.453751,-14.614331]}},
{"type":"Feature","properties":{"name": "2101"},"geometry":{"type":"Point","coordinates":[-21.779828,-8.949222]}},
{"type":"Feature","properties":{"name": "2102"},"geometry":{"type":"Point","coordinates":[-80.690854,-38.350802]}},
{"type":"Feature","properties":{"name": "2103"},"geometry":{"type":"Point","coordinates":[-67.813273,-36.516816]}},
{"type":"Feature","properties":{"name": "2104"},"geometry":{"type":"Point","coordinates":[-57.310025,-32.528155]}},
{"type":"Feature","properties":{"name": "2105"},"geometry":{"type":"Point","coordinates":[-48.117938,-27.830105]}},
{"type":"Feature","properties":{"name": "2106"},"geometry":{"type":"Point","coordinates":[-39.511105,-22.736144]}},
{"type":"Feature","properties":{"name": "2107"},"geometry":{"type":"Point","coordinates":[-31.377157,-17.533506]}},
{"type":"Feature","properties":{"name": "2108"},"geometry":{"type":"Point","coordinates":[-23.604185,-11.984178]}},
{"type":"Feature","properties":{"name": "2109"},"geometry":{"type":"Point","coordinates":[-85.491749,-38.789140]}},
{"type":"Feature","properties":{"name": "2110"},"geometry":{"type":"Point","coordinates":[-72.008251,-38.789140]}},
{"type":"Feature","properties":{"name": "2111"},"geometry":{"type":"Point","coordinates":[-60.274419,-35.268904]}},
{"type":"Feature","properties":{"name": "2112"},"geometry":{"type":"Point","coordinates":[-50.593472,-30.717872]}},
{"type":"Feature","properties":{"name": "2113"},"geometry":{"type":"Point","coordinates":[-41.779810,-25.608744]}},
{"type":"Feature","properties":{"name": "2114"},"geometry":{"type":"Point","coordinates":[-33.374452,-20.449420]}},
{"type":"Feature","properties":{"name": "2115"},"geometry":{"type":"Point","coordinates":[-25.460312,-14.994939]}},
{"type":"Feature","properties":{"name": "2116"},"geometry":{"type":"Point","coordinates":[-76.745321,-40.616434]}},
{"type":"Feature","properties":{"name": "2117"},"geometry":{"type":"Point","coordinates":[-63.869728,-37.888257]}},
{"type":"Feature","properties":{"name": "2118"},"geometry":{"type":"Point","coordinates":[-53.249228,-33.583157]}},
{"type":"Feature","properties":{"name": "2119"},"geometry":{"type":"Point","coordinates":[-44.075694,-28.583460]}},
{"type":"Feature","properties":{"name": "2120"},"geometry":{"type":"Point","coordinates":[-35.462511,-23.360368]}},
{"type":"Feature","properties":{"name": "2121"},"geometry":{"type":"Point","coordinates":[-27.348959,-17.953267]}},
{"type":"Feature","properties":{"name": "2122"},"geometry":{"type":"Point","coordinates":[-19.469775,-11.725856]}},
{"type":"Feature","properties":{"name": "2123"},"geometry":{"type":"Point","coordinates":[-81.800081,-41.661444]}},
{"type":"Feature","properties":{"name": "2124"},"geometry":{"type":"Point","coordinates":[-67.974512,-40.314036]}},
{"type":"Feature","properties":{"name": "2125"},"geometry":{"type":"Point","coordinates":[-56.231411,-36.404941]}},
{"type":"Feature","properties":{"name": "2126"},"geometry":{"type":"Point","coordinates":[-46.492680,-31.545674]}},
{"type":"Feature","properties":{"name": "2127"},"geometry":{"type":"Point","coordinates":[-37.660680,-26.263969]}},
{"type":"Feature","properties":{"name": "2128"},"geometry":{"type":"Point","coordinates":[-29.300042,-20.905459]}},
{"type":"Feature","properties":{"name": "2129"},"geometry":{"type":"Point","coordinates":[-21.298749,-14.858511]}},
{"type":"Feature","properties":{"name": "2130"},"geometry":{"type":"Point","coordinates":[-86.870845,-42.089855]}},
{"type":"Feature","properties":{"name": "2131"},"geometry":{"type":"Point","coordinates":[-72.605122,-42.424336]}},
{"type":"Feature","properties":{"name": "2132"},"geometry":{"type":"Point","coordinates":[-59.769210,-39.127521]}},
{"type":"Feature","properties":{"name": "2133"},"geometry":{"type":"Point","coordinates":[-49.088700,-34.489695]}},
{"type":"Feature","properties":{"name": "2134"},"geometry":{"type":"Point","coordinates":[-39.966948,-29.186928]}},
{"type":"Feature","properties":{"name": "2135"},"geometry":{"type":"Point","coordinates":[-31.330899,-23.853348]}},
{"type":"Feature","properties":{"name": "2136"},"geometry":{"type":"Point","coordinates":[-23.167956,-17.949896]}},
{"type":"Feature","properties":{"name": "2137"},"geometry":{"type":"Point","coordinates":[-77.692613,-44.071701]}},
{"type":"Feature","properties":{"name": "2138"},"geometry":{"type":"Point","coordinates":[-63.774383,-41.693610]}},
{"type":"Feature","properties":{"name": "2139"},"geometry":{"type":"Point","coordinates":[-52.061248,-37.395640]}},
{"type":"Feature","properties":{"name": "2140"},"geometry":{"type":"Point","coordinates":[-42.310918,-32.219349]}},
{"type":"Feature","properties":{"name": "2141"},"geometry":{"type":"Point","coordinates":[-33.460868,-26.796681]}},
{"type":"Feature","properties":{"name": "2142"},"geometry":{"type":"Point","coordinates":[-25.089737,-21.018047]}},
{"type":"Feature","properties":{"name": "2143"},"geometry":{"type":"Point","coordinates":[-17.127710,-14.413843]}},
{"type":"Feature","properties":{"name": "2144"},"geometry":{"type":"Point","coordinates":[-83.032931,-44.969090]}},
{"type":"Feature","properties":{"name": "2145"},"geometry":{"type":"Point","coordinates":[-68.287979,-44.016850]}},
{"type":"Feature","properties":{"name": "2146"},"geometry":{"type":"Point","coordinates":[-55.511344,-40.222798]}},
{"type":"Feature","properties":{"name": "2147"},"geometry":{"type":"Point","coordinates":[-44.827481,-35.238667]}},
{"type":"Feature","properties":{"name": "2148"},"geometry":{"type":"Point","coordinates":[-35.712168,-29.733767]}},
{"type":"Feature","properties":{"name": "2149"},"geometry":{"type":"Point","coordinates":[-27.080371,-24.072184]}},
{"type":"Feature","properties":{"name": "2150"},"geometry":{"type":"Point","coordinates":[-18.940106,-17.626671]}},
{"type":"Feature","properties":{"name": "2151"},"geometry":{"type":"Point","coordinates":[-88.403088,-45.364288]}},
{"type":"Feature","properties":{"name": "2152"},"geometry":{"type":"Point","coordinates":[-73.306671,-45.992016]}},
{"type":"Feature","properties":{"name": "2153"},"geometry":{"type":"Point","coordinates":[-59.397890,-42.922528]}},
{"type":"Feature","properties":{"name": "2154"},"geometry":{"type":"Point","coordinates":[-47.764986,-38.231121]}},
{"type":"Feature","properties":{"name": "2155"},"geometry":{"type":"Point","coordinates":[-38.050700,-32.730478]}},
{"type":"Feature","properties":{"name": "2156"},"geometry":{"type":"Point","coordinates":[-29.158983,-27.116928]}},
{"type":"Feature","properties":{"name": "2157"},"geometry":{"type":"Point","coordinates":[-20.803346,-20.793917]}},
{"type":"Feature","properties":{"name": "2158"},"geometry":{"type":"Point","coordinates":[-93.722866,-45.429009]}},
{"type":"Feature","properties":{"name": "2159"},"geometry":{"type":"Point","coordinates":[-78.750000,-47.503689]}},
{"type":"Feature","properties":{"name": "2160"},"geometry":{"type":"Point","coordinates":[-63.777134,-45.429009]}},
{"type":"Feature","properties":{"name": "2161"},"geometry":{"type":"Point","coordinates":[-51.099616,-41.161880]}},
{"type":"Feature","properties":{"name": "2162"},"geometry":{"type":"Point","coordinates":[-40.469828,-35.821064]}},
{"type":"Feature","properties":{"name": "2163"},"geometry":{"type":"Point","coordinates":[-31.347854,-30.154059]}},
{"type":"Feature","properties":{"name": "2164"},"geometry":{"type":"Point","coordinates":[-22.727222,-23.933345]}},
{"type":"Feature","properties":{"name": "2165"},"geometry":{"type":"Point","coordinates":[-84.421768,-48.273664]}},
{"type":"Feature","properties":{"name": "2166"},"geometry":{"type":"Point","coordinates":[-68.682649,-47.661071]}},
{"type":"Feature","properties":{"name": "2167"},"geometry":{"type":"Point","coordinates":[-54.843210,-43.989949]}},
{"type":"Feature","properties":{"name": "2168"},"geometry":{"type":"Point","coordinates":[-43.348952,-38.901162]}},
{"type":"Feature","properties":{"name": "2169"},"geometry":{"type":"Point","coordinates":[-33.653250,-33.141898]}},
{"type":"Feature","properties":{"name": "2170"},"geometry":{"type":"Point","coordinates":[-24.727384,-27.055338]}},
{"type":"Feature","properties":{"name": "2171"},"geometry":{"type":"Point","coordinates":[-16.527626,-20.338675]}},
{"type":"Feature","properties":{"name": "2172"},"geometry":{"type":"Point","coordinates":[-90.136319,-48.617893]}},
{"type":"Feature","properties":{"name": "2173"},"geometry":{"type":"Point","coordinates":[-74.101403,-49.525556]}},
{"type":"Feature","properties":{"name": "2174"},"geometry":{"type":"Point","coordinates":[-59.062523,-46.663263]}},
{"type":"Feature","properties":{"name": "2175"},"geometry":{"type":"Point","coordinates":[-46.541931,-41.932454]}},
{"type":"Feature","properties":{"name": "2176"},"geometry":{"type":"Point","coordinates":[-36.079108,-36.233219]}},
{"type":"Feature","properties":{"name": "2177"},"geometry":{"type":"Point","coordinates":[-26.823772,-30.165839]}},
{"type":"Feature","properties":{"name": "2178"},"geometry":{"type":"Point","coordinates":[-18.369691,-23.573860]}},
{"type":"Feature","properties":{"name": "2179"},"geometry":{"type":"Point","coordinates":[-95.807934,-48.624141]}},
{"type":"Feature","properties":{"name": "2180"},"geometry":{"type":"Point","coordinates":[-79.944455,-50.883406]}},
{"type":"Feature","properties":{"name": "2181"},"geometry":{"type":"Point","coordinates":[-63.815778,-49.116579]}},
{"type":"Feature","properties":{"name": "2182"},"geometry":{"type":"Point","coordinates":[-50.115454,-44.883050]}},
{"type":"Feature","properties":{"name": "2183"},"geometry":{"type":"Point","coordinates":[-38.823898,-39.395665]}},
{"type":"Feature","properties":{"name": "2184"},"geometry":{"type":"Point","coordinates":[-29.040706,-33.267770]}},
{"type":"Feature","properties":{"name": "2185"},"geometry":{"type":"Point","coordinates":[-20.280155,-26.781507]}},
{"type":"Feature","properties":{"name": "2186"},"geometry":{"type":"Point","coordinates":[-86.009962,-51.574057]}},
{"type":"Feature","properties":{"name": "2187"},"geometry":{"type":"Point","coordinates":[-69.135398,-51.272126]}},
{"type":"Feature","properties":{"name": "2188"},"geometry":{"type":"Point","coordinates":[-54.143362,-47.711232]}},
{"type":"Feature","properties":{"name": "2189"},"geometry":{"type":"Point","coordinates":[-41.850962,-42.522451]}},
{"type":"Feature","properties":{"name": "2190"},"geometry":{"type":"Point","coordinates":[-31.517335,-36.375381]}},
{"type":"Feature","properties":{"name": "2191"},"geometry":{"type":"Point","coordinates":[-22.274655,-29.971726]}},
{"type":"Feature","properties":{"name": "2192"},"geometry":{"type":"Point","coordinates":[-14.048207,-23.015640]}},
{"type":"Feature","properties":{"name": "2193"},"geometry":{"type":"Point","coordinates":[-92.127769,-51.849991]}},
{"type":"Feature","properties":{"name": "2194"},"geometry":{"type":"Point","coordinates":[-75.002954,-53.043711]}},
{"type":"Feature","properties":{"name": "2195"},"geometry":{"type":"Point","coordinates":[-58.701379,-50.363753]}},
{"type":"Feature","properties":{"name": "2196"},"geometry":{"type":"Point","coordinates":[-45.226620,-45.588411]}},
{"type":"Feature","properties":{"name": "2197"},"geometry":{"type":"Point","coordinates":[-34.163688,-39.625508]}},
{"type":"Feature","properties":{"name": "2198"},"geometry":{"type":"Point","coordinates":[-24.374186,-33.150818]}},
{"type":"Feature","properties":{"name": "2199"},"geometry":{"type":"Point","coordinates":[-15.855665,-26.312166]}},
{"type":"Feature","properties":{"name": "2200"},"geometry":{"type":"Point","coordinates":[-98.198885,-51.775385]}},
{"type":"Feature","properties":{"name": "2201"},"geometry":{"type":"Point","coordinates":[-81.316328,-54.260675]}},
{"type":"Feature","properties":{"name": "2202"},"geometry":{"type":"Point","coordinates":[-63.855718,-52.774917]}},
{"type":"Feature","properties":{"name": "2203"},"geometry":{"type":"Point","coordinates":[-49.028507,-48.560292]}},
{"type":"Feature","properties":{"name": "2204"},"geometry":{"type":"Point","coordinates":[-37.024334,-42.886624]}},
{"type":"Feature","properties":{"name": "2205"},"geometry":{"type":"Point","coordinates":[-26.756186,-36.343524]}},
{"type":"Feature","properties":{"name": "2206"},"geometry":{"type":"Point","coordinates":[-17.737674,-29.584438]}},
{"type":"Feature","properties":{"name": "2207"},"geometry":{"type":"Point","coordinates":[-104.155909,-51.394838]}},
{"type":"Feature","properties":{"name": "2208"},"geometry":{"type":"Point","coordinates":[-87.857008,-54.867599]}},
{"type":"Feature","properties":{"name": "2209"},"geometry":{"type":"Point","coordinates":[-69.642992,-54.867599]}},
{"type":"Feature","properties":{"name": "2210"},"geometry":{"type":"Point","coordinates":[-53.344091,-51.394838]}},
{"type":"Feature","properties":{"name": "2211"},"geometry":{"type":"Point","coordinates":[-40.195619,-46.092891]}},
{"type":"Feature","properties":{"name": "2212"},"geometry":{"type":"Point","coordinates":[-29.389589,-39.531978]}},
{"type":"Feature","properties":{"name": "2213"},"geometry":{"type":"Point","coordinates":[-19.710501,-32.841841]}},
{"type":"Feature","properties":{"name": "2214"},"geometry":{"type":"Point","coordinates":[-94.452697,-55.055593]}},
{"type":"Feature","properties":{"name": "2215"},"geometry":{"type":"Point","coordinates":[-76.041185,-56.557860]}},
{"type":"Feature","properties":{"name": "2216"},"geometry":{"type":"Point","coordinates":[-58.264821,-54.036953]}},
{"type":"Feature","properties":{"name": "2217"},"geometry":{"type":"Point","coordinates":[-43.736733,-49.196402]}},
{"type":"Feature","properties":{"name": "2218"},"geometry":{"type":"Point","coordinates":[-32.054444,-42.891184]}},
{"type":"Feature","properties":{"name": "2219"},"geometry":{"type":"Point","coordinates":[-21.963322,-36.113382]}},
{"type":"Feature","properties":{"name": "2220"},"geometry":{"type":"Point","coordinates":[-13.243648,-29.019636]}},
{"type":"Feature","properties":{"name": "2221"},"geometry":{"type":"Point","coordinates":[-100.983024,-54.874897]}},
{"type":"Feature","properties":{"name": "2222"},"geometry":{"type":"Point","coordinates":[-82.924912,-57.637938]}},
{"type":"Feature","properties":{"name": "2223"},"geometry":{"type":"Point","coordinates":[-63.872486,-56.418658]}},
{"type":"Feature","properties":{"name": "2224"},"geometry":{"type":"Point","coordinates":[-47.761039,-52.196585]}},
{"type":"Feature","properties":{"name": "2225"},"geometry":{"type":"Point","coordinates":[-34.987932,-46.233613]}},
{"type":"Feature","properties":{"name": "2226"},"geometry":{"type":"Point","coordinates":[-24.424555,-39.371717]}},
{"type":"Feature","properties":{"name": "2227"},"geometry":{"type":"Point","coordinates":[-15.100341,-32.357676]}},
{"type":"Feature","properties":{"name": "2228"},"geometry":{"type":"Point","coordinates":[-107.358514,-54.366216]}},
{"type":"Feature","properties":{"name": "2229"},"geometry":{"type":"Point","coordinates":[-90.046612,-58.149200]}},
{"type":"Feature","properties":{"name": "2230"},"geometry":{"type":"Point","coordinates":[-70.214075,-58.460183]}},
{"type":"Feature","properties":{"name": "2231"},"geometry":{"type":"Point","coordinates":[-52.376884,-55.048335]}},
{"type":"Feature","properties":{"name": "2232"},"geometry":{"type":"Point","coordinates":[-38.265008,-49.524658]}},
{"type":"Feature","properties":{"name": "2233"},"geometry":{"type":"Point","coordinates":[-27.058175,-42.667148]}},
{"type":"Feature","properties":{"name": "2234"},"geometry":{"type":"Point","coordinates":[-17.165546,-35.690191]}},
{"type":"Feature","properties":{"name": "2235"},"geometry":{"type":"Point","coordinates":[-97.213921,-58.224948]}},
{"type":"Feature","properties":{"name": "2236"},"geometry":{"type":"Point","coordinates":[-77.264570,-60.075185]}},
{"type":"Feature","properties":{"name": "2237"},"geometry":{"type":"Point","coordinates":[-57.701266,-57.693526]}},
{"type":"Feature","properties":{"name": "2238"},"geometry":{"type":"Point","coordinates":[-41.977757,-52.727006]}},
{"type":"Feature","properties":{"name": "2239"},"geometry":{"type":"Point","coordinates":[-29.753685,-46.111553]}},
{"type":"Feature","properties":{"name": "2240"},"geometry":{"type":"Point","coordinates":[-19.433056,-39.009948]}},
{"type":"Feature","properties":{"name": "2241"},"geometry":{"type":"Point","coordinates":[-10.523029,-31.699557]}},
{"type":"Feature","properties":{"name": "2242"},"geometry":{"type":"Point","coordinates":[-104.274156,-57.907872]}},
{"type":"Feature","properties":{"name": "2243"},"geometry":{"type":"Point","coordinates":[-84.857539,-61.014196]}},
{"type":"Feature","properties":{"name": "2244"},"geometry":{"type":"Point","coordinates":[-63.842951,-60.059424]}},
{"type":"Feature","properties":{"name": "2245"},"geometry":{"type":"Point","coordinates":[-46.238104,-55.798612]}},
{"type":"Feature","properties":{"name": "2246"},"geometry":{"type":"Point","coordinates":[-32.734520,-49.546515]}},
{"type":"Feature","properties":{"name": "2247"},"geometry":{"type":"Point","coordinates":[-21.913855,-42.332241]}},
{"type":"Feature","properties":{"name": "2248"},"geometry":{"type":"Point","coordinates":[-12.389180,-35.083156]}},
{"type":"Feature","properties":{"name": "2249"},"geometry":{"type":"Point","coordinates":[-111.070914,-57.255292]}},
{"type":"Feature","properties":{"name": "2250"},"geometry":{"type":"Point","coordinates":[-92.699833,-61.409878]}},
{"type":"Feature","properties":{"name": "2251"},"geometry":{"type":"Point","coordinates":[-70.868606,-62.059569]}},
{"type":"Feature","properties":{"name": "2252"},"geometry":{"type":"Point","coordinates":[-51.178233,-58.690081]}},
{"type":"Feature","properties":{"name": "2253"},"geometry":{"type":"Point","coordinates":[-36.092204,-52.933792]}},
{"type":"Feature","properties":{"name": "2254"},"geometry":{"type":"Point","coordinates":[-24.515979,-45.743775]}},
{"type":"Feature","properties":{"name": "2255"},"geometry":{"type":"Point","coordinates":[-14.445999,-38.454212]}},
{"type":"Feature","properties":{"name": "2256"},"geometry":{"type":"Point","coordinates":[-117.556397,-56.232580]}},
{"type":"Feature","properties":{"name": "2257"},"geometry":{"type":"Point","coordinates":[-100.555226,-61.341680]}},
{"type":"Feature","properties":{"name": "2258"},"geometry":{"type":"Point","coordinates":[-78.750000,-63.599882]}},
{"type":"Feature","properties":{"name": "2259"},"geometry":{"type":"Point","coordinates":[-56.944774,-61.341680]}},
{"type":"Feature","properties":{"name": "2260"},"geometry":{"type":"Point","coordinates":[-39.943603,-56.232580]}},
{"type":"Feature","properties":{"name": "2261"},"geometry":{"type":"Point","coordinates":[-27.205738,-49.284545]}},
{"type":"Feature","properties":{"name": "2262"},"geometry":{"type":"Point","coordinates":[-16.710299,-41.826257]}},
{"type":"Feature","properties":{"name": "2263"},"geometry":{"type":"Point","coordinates":[-108.103321,-60.910223]}},
{"type":"Feature","properties":{"name": "2264"},"geometry":{"type":"Point","coordinates":[-87.247618,-64.384533]}},
{"type":"Feature","properties":{"name": "2265"},"geometry":{"type":"Point","coordinates":[-63.738541,-63.706721]}},
{"type":"Feature","properties":{"name": "2266"},"geometry":{"type":"Point","coordinates":[-44.437335,-59.396700]}},
{"type":"Feature","properties":{"name": "2267"},"geometry":{"type":"Point","coordinates":[-30.190045,-52.823312]}},
{"type":"Feature","properties":{"name": "2268"},"geometry":{"type":"Point","coordinates":[-19.186285,-45.220162]}},
{"type":"Feature","properties":{"name": "2269"},"geometry":{"type":"Point","coordinates":[-9.493333,-37.717088]}},
{"type":"Feature","properties":{"name": "2270"},"geometry":{"type":"Point","coordinates":[-115.342513,-60.039349]}},
{"type":"Feature","properties":{"name": "2271"},"geometry":{"type":"Point","coordinates":[-95.935903,-64.660118]}},
{"type":"Feature","properties":{"name": "2272"},"geometry":{"type":"Point","coordinates":[-71.642422,-65.673538]}},
{"type":"Feature","properties":{"name": "2273"},"geometry":{"type":"Point","coordinates":[-49.758256,-62.370720]}},
{"type":"Feature","properties":{"name": "2274"},"geometry":{"type":"Point","coordinates":[-33.579714,-56.317983]}},
{"type":"Feature","properties":{"name": "2275"},"geometry":{"type":"Point","coordinates":[-21.709497,-48.757353]}},
{"type":"Feature","properties":{"name": "2276"},"geometry":{"type":"Point","coordinates":[-11.522466,-41.127443]}},
{"type":"Feature","properties":{"name": "2277"},"geometry":{"type":"Point","coordinates":[-122.138394,-58.768740]}},
{"type":"Feature","properties":{"name": "2278"},"geometry":{"type":"Point","coordinates":[-104.429672,-64.491882]}},
{"type":"Feature","properties":{"name": "2279"},"geometry":{"type":"Point","coordinates":[-80.620599,-67.088545]}},
{"type":"Feature","properties":{"name": "2280"},"geometry":{"type":"Point","coordinates":[-56.123378,-65.085076]}},
{"type":"Feature","properties":{"name": "2281"},"geometry":{"type":"Point","coordinates":[-37.522860,-59.724629]}},
{"type":"Feature","properties":{"name": "2282"},"geometry":{"type":"Point","coordinates":[-24.335210,-52.405435]}},
{"type":"Feature","properties":{"name": "2283"},"geometry":{"type":"Point","coordinates":[-13.760197,-44.554928]}},
{"type":"Feature","properties":{"name": "2284"},"geometry":{"type":"Point","coordinates":[-112.643335,-63.817991]}},
{"type":"Feature","properties":{"name": "2285"},"geometry":{"type":"Point","coordinates":[-90.134439,-67.792517]}},
{"type":"Feature","properties":{"name": "2286"},"geometry":{"type":"Point","coordinates":[-63.754713,-67.451248]}},
{"type":"Feature","properties":{"name": "2287"},"geometry":{"type":"Point","coordinates":[-42.218670,-62.993634]}},
{"type":"Feature","properties":{"name": "2288"},"geometry":{"type":"Point","coordinates":[-27.247959,-56.057883]}},
{"type":"Feature","properties":{"name": "2289"},"geometry":{"type":"Point","coordinates":[-16.196098,-48.028507]}},
{"type":"Feature","properties":{"name": "2290"},"geometry":{"type":"Point","coordinates":[-6.384245,-40.253268]}},
{"type":"Feature","properties":{"name": "2291"},"geometry":{"type":"Point","coordinates":[-120.339402,-62.679512]}},
{"type":"Feature","properties":{"name": "2292"},"geometry":{"type":"Point","coordinates":[-99.772504,-67.960236]}},
{"type":"Feature","properties":{"name": "2293"},"geometry":{"type":"Point","coordinates":[-72.805613,-69.360225]}},
{"type":"Feature","properties":{"name": "2294"},"geometry":{"type":"Point","coordinates":[-47.932116,-66.063883]}},
{"type":"Feature","properties":{"name": "2295"},"geometry":{"type":"Point","coordinates":[-30.578604,-59.668698]}},
{"type":"Feature","properties":{"name": "2296"},"geometry":{"type":"Point","coordinates":[-18.568732,-51.700684]}},
{"type":"Feature","properties":{"name": "2297"},"geometry":{"type":"Point","coordinates":[-8.361917,-43.701522]}},
{"type":"Feature","properties":{"name": "2298"},"geometry":{"type":"Point","coordinates":[-127.384723,-61.132017]}},
{"type":"Feature","properties":{"name": "2299"},"geometry":{"type":"Point","coordinates":[-109.263035,-67.542339]}},
{"type":"Feature","properties":{"name": "2300"},"geometry":{"type":"Point","coordinates":[-82.874187,-70.677136]}},
{"type":"Feature","properties":{"name": "2301"},"geometry":{"type":"Point","coordinates":[-54.999435,-68.854628]}},
{"type":"Feature","properties":{"name": "2302"},"geometry":{"type":"Point","coordinates":[-34.511663,-63.191996]}},
{"type":"Feature","properties":{"name": "2303"},"geometry":{"type":"Point","coordinates":[-21.036113,-55.464967]}},
{"type":"Feature","properties":{"name": "2304"},"geometry":{"type":"Point","coordinates":[-10.542956,-47.186050]}},
{"type":"Feature","properties":{"name": "2305"},"geometry":{"type":"Point","coordinates":[-133.751389,-59.236018]}},
{"type":"Feature","properties":{"name": "2306"},"geometry":{"type":"Point","coordinates":[-118.186926,-66.576853]}},
{"type":"Feature","properties":{"name": "2307"},"geometry":{"type":"Point","coordinates":[-93.705713,-71.256004]}},
{"type":"Feature","properties":{"name": "2308"},"geometry":{"type":"Point","coordinates":[-63.794287,-71.256004]}},
{"type":"Feature","properties":{"name": "2309"},"geometry":{"type":"Point","coordinates":[-39.313074,-66.576853]}},
{"type":"Feature","properties":{"name": "2310"},"geometry":{"type":"Point","coordinates":[-23.748611,-59.236018]}},
{"type":"Feature","properties":{"name": "2311"},"geometry":{"type":"Point","coordinates":[-12.886675,-50.747969]}},
{"type":"Feature","properties":{"name": "2312"},"geometry":{"type":"Point","coordinates":[-126.276379,-65.129803]}},
{"type":"Feature","properties":{"name": "2313"},"geometry":{"type":"Point","coordinates":[-104.878518,-71.175442]}},
{"type":"Feature","properties":{"name": "2314"},"geometry":{"type":"Point","coordinates":[-74.059080,-73.200563]}},
{"type":"Feature","properties":{"name": "2315"},"geometry":{"type":"Point","coordinates":[-45.369311,-69.758768]}},
{"type":"Feature","properties":{"name": "2316"},"geometry":{"type":"Point","coordinates":[-26.851527,-62.964168]}},
{"type":"Feature","properties":{"name": "2317"},"geometry":{"type":"Point","coordinates":[-14.998593,-54.562450]}},
{"type":"Feature","properties":{"name": "2318"},"geometry":{"type":"Point","coordinates":[-4.927226,-46.166130]}},
{"type":"Feature","properties":{"name": "2319"},"geometry":{"type":"Point","coordinates":[-133.439487,-63.277458]}},
{"type":"Feature","properties":{"name": "2320"},"geometry":{"type":"Point","coordinates":[-115.534148,-70.436251]}},
{"type":"Feature","properties":{"name": "2321"},"geometry":{"type":"Point","coordinates":[-86.287367,-74.373141]}},
{"type":"Feature","properties":{"name": "2322"},"geometry":{"type":"Point","coordinates":[-53.081779,-72.650476]}},
{"type":"Feature","properties":{"name": "2323"},"geometry":{"type":"Point","coordinates":[-30.562331,-66.604160]}},
{"type":"Feature","properties":{"name": "2324"},"geometry":{"type":"Point","coordinates":[-17.152790,-58.445093]}},
{"type":"Feature","properties":{"name": "2325"},"geometry":{"type":"Point","coordinates":[-7.013597,-49.706656]}},
{"type":"Feature","properties":{"name": "2326"},"geometry":{"type":"Point","coordinates":[-139.724109,-61.092255]}},
{"type":"Feature","properties":{"name": "2327"},"geometry":{"type":"Point","coordinates":[-125.126321,-69.115335]}},
{"type":"Feature","properties":{"name": "2328"},"geometry":{"type":"Point","coordinates":[-99.548858,-74.694676]}},
{"type":"Feature","properties":{"name": "2329"},"geometry":{"type":"Point","coordinates":[-62.806774,-75.157122]}},
{"type":"Feature","properties":{"name": "2330"},"geometry":{"type":"Point","coordinates":[-35.221963,-70.108671]}},
{"type":"Feature","properties":{"name": "2331"},"geometry":{"type":"Point","coordinates":[-19.442914,-62.326082]}},
{"type":"Feature","properties":{"name": "2332"},"geometry":{"type":"Point","coordinates":[-9.126460,-53.391010]}},
{"type":"Feature","properties":{"name": "2333"},"geometry":{"type":"Point","coordinates":[-133.425949,-67.316041]}},
{"type":"Feature","properties":{"name": "2334"},"geometry":{"type":"Point","coordinates":[-112.584050,-74.223168]}},
{"type":"Feature","properties":{"name": "2335"},"geometry":{"type":"Point","coordinates":[-75.743406,-77.082800]}},
{"type":"Feature","properties":{"name": "2336"},"geometry":{"type":"Point","coordinates":[-41.087921,-73.408727]}},
{"type":"Feature","properties":{"name": "2337"},"geometry":{"type":"Point","coordinates":[-22.006843,-66.152739]}},
{"type":"Feature","properties":{"name": "2338"},"geometry":{"type":"Point","coordinates":[-10.862539,-57.323851]}},
{"type":"Feature","properties":{"name": "2339"},"geometry":{"type":"Point","coordinates":[-1.176406,-48.509430]}},
{"type":"Feature","properties":{"name": "2340"},"geometry":{"type":"Point","coordinates":[-140.465942,-65.138490]}},
{"type":"Feature","properties":{"name": "2341"},"geometry":{"type":"Point","coordinates":[-124.278256,-73.038971]}},
{"type":"Feature","properties":{"name": "2342"},"geometry":{"type":"Point","coordinates":[-91.758698,-78.023409]}},
{"type":"Feature","properties":{"name": "2343"},"geometry":{"type":"Point","coordinates":[-48.995888,-76.445528]}},
{"type":"Feature","properties":{"name": "2344"},"geometry":{"type":"Point","coordinates":[-25.062202,-69.885060]}},
{"type":"Feature","properties":{"name": "2345"},"geometry":{"type":"Point","coordinates":[-12.444805,-61.307942]}},
{"type":"Feature","properties":{"name": "2346"},"geometry":{"type":"Point","coordinates":[-3.122300,-52.100105]}},
{"type":"Feature","properties":{"name": "2347"},"geometry":{"type":"Point","coordinates":[-146.425324,-62.663194]}},
{"type":"Feature","properties":{"name": "2348"},"geometry":{"type":"Point","coordinates":[-134.109365,-71.286142]}},
{"type":"Feature","properties":{"name": "2349"},"geometry":{"type":"Point","coordinates":[-108.722128,-77.928061]}},
{"type":"Feature","properties":{"name": "2350"},"geometry":{"type":"Point","coordinates":[-60.860350,-79.075139]}},
{"type":"Feature","properties":{"name": "2351"},"geometry":{"type":"Point","coordinates":[-28.566322,-73.452178]}},
{"type":"Feature","properties":{"name": "2352"},"geometry":{"type":"Point","coordinates":[-13.930582,-65.255257]}},
{"type":"Feature","properties":{"name": "2353"},"geometry":{"type":"Point","coordinates":[-4.864371,-55.912323]}},
{"type":"Feature","properties":{"name": "2354"},"geometry":{"type":"Point","coordinates":[-151.553622,-59.947960]}},
{"type":"Feature","properties":{"name": "2355"},"geometry":{"type":"Point","coordinates":[-142.103627,-69.111564]}},
{"type":"Feature","properties":{"name": "2356"},"geometry":{"type":"Point","coordinates":[-124.070331,-76.877616]}},
{"type":"Feature","properties":{"name": "2357"},"geometry":{"type":"Point","coordinates":[-78.750000,-80.965440]}},
{"type":"Feature","properties":{"name": "2358"},"geometry":{"type":"Point","coordinates":[-33.429669,-76.877616]}},
{"type":"Feature","properties":{"name": "2359"},"geometry":{"type":"Point","coordinates":[-15.396373,-69.111564]}},
{"type":"Feature","properties":{"name": "2360"},"geometry":{"type":"Point","coordinates":[-5.946378,-59.947960]}},
{"type":"Feature","properties":{"name": "2361"},"geometry":{"type":"Point","coordinates":[-148.638926,-66.605817]}},
{"type":"Feature","properties":{"name": "2362"},"geometry":{"type":"Point","coordinates":[-136.411419,-75.088391]}},
{"type":"Feature","properties":{"name": "2363"},"geometry":{"type":"Point","coordinates":[-101.877882,-81.508764]}},
{"type":"Feature","properties":{"name": "2364"},"geometry":{"type":"Point","coordinates":[-41.430163,-80.119377]}},
{"type":"Feature","properties":{"name": "2365"},"geometry":{"type":"Point","coordinates":[-16.499255,-72.776841]}},
{"type":"Feature","properties":{"name": "2366"},"geometry":{"type":"Point","coordinates":[-6.522577,-63.962356]}},
{"type":"Feature","properties":{"name": "2367"},"geometry":{"type":"Point","coordinates":[1.184155,-54.345414]}},
{"type":"Feature","properties":{"name": "2368"},"geometry":{"type":"Point","coordinates":[-153.945152,-63.866223]}},
{"type":"Feature","properties":{"name": "2369"},"geometry":{"type":"Point","coordinates":[-145.804054,-72.800255]}},
{"type":"Feature","properties":{"name": "2370"},"geometry":{"type":"Point","coordinates":[-124.058623,-80.667619]}},
{"type":"Feature","properties":{"name": "2371"},"geometry":{"type":"Point","coordinates":[-56.470377,-82.974893]}},
{"type":"Feature","properties":{"name": "2372"},"geometry":{"type":"Point","coordinates":[-17.938763,-76.371074]}},
{"type":"Feature","properties":{"name": "2373"},"geometry":{"type":"Point","coordinates":[-6.495137,-67.817988]}},
{"type":"Feature","properties":{"name": "2374"},"geometry":{"type":"Point","coordinates":[0.059689,-58.285773]}},
{"type":"Feature","properties":{"name": "2375"},"geometry":{"type":"Point","coordinates":[-158.365848,-60.934699]}},
{"type":"Feature","properties":{"name": "2376"},"geometry":{"type":"Point","coordinates":[-152.890871,-70.192473]}},
{"type":"Feature","properties":{"name": "2377"},"geometry":{"type":"Point","coordinates":[-140.604352,-78.770180]}},
{"type":"Feature","properties":{"name": "2378"},"geometry":{"type":"Point","coordinates":[-86.079712,-84.779759]}},
{"type":"Feature","properties":{"name": "2379"},"geometry":{"type":"Point","coordinates":[-20.325313,-79.916449]}},
{"type":"Feature","properties":{"name": "2380"},"geometry":{"type":"Point","coordinates":[-5.670240,-71.452191]}},
{"type":"Feature","properties":{"name": "2381"},"geometry":{"type":"Point","coordinates":[0.133872,-62.332274]}},
{"type":"Feature","properties":{"name": "2382"},"geometry":{"type":"Point","coordinates":[-158.314069,-67.379646]}},
{"type":"Feature","properties":{"name": "2383"},"geometry":{"type":"Point","coordinates":[-151.783944,-76.259954]}},
{"type":"Feature","properties":{"name": "2384"},"geometry":{"type":"Point","coordinates":[-124.179534,-84.419456]}},
{"type":"Feature","properties":{"name": "2385"},"geometry":{"type":"Point","coordinates":[-25.336927,-83.407577]}},
{"type":"Feature","properties":{"name": "2386"},"geometry":{"type":"Point","coordinates":[-4.314560,-75.007191]}},
{"type":"Feature","properties":{"name": "2387"},"geometry":{"type":"Point","coordinates":[1.363989,-66.089417]}},
{"type":"Feature","properties":{"name": "2388"},"geometry":{"type":"Point","coordinates":[5.959114,-56.416644]}},
{"type":"Feature","properties":{"name": "2389"},"geometry":{"type":"Point","coordinates":[-162.558260,-64.431552]}},
{"type":"Feature","properties":{"name": "2390"},"geometry":{"type":"Point","coordinates":[-159.383996,-73.419063]}},
{"type":"Feature","properties":{"name": "2391"},"geometry":{"type":"Point","coordinates":[-148.798035,-82.281747]}},
{"type":"Feature","properties":{"name": "2392"},"geometry":{"type":"Point","coordinates":[-41.306255,-86.726965]}},
{"type":"Feature","properties":{"name": "2393"},"geometry":{"type":"Point","coordinates":[-2.148563,-78.516617]}},
{"type":"Feature","properties":{"name": "2394"},"geometry":{"type":"Point","coordinates":[3.576860,-69.579435]}},
{"type":"Feature","properties":{"name": "2395"},"geometry":{"type":"Point","coordinates":[6.040092,-60.422098]}},
{"type":"Feature","properties":{"name": "2396"},"geometry":{"type":"Point","coordinates":[-165.960227,-61.390524]}},
{"type":"Feature","properties":{"name": "2397"},"geometry":{"type":"Point","coordinates":[-164.765811,-70.390326]}},
{"type":"Feature","properties":{"name": "2398"},"geometry":{"type":"Point","coordinates":[-161.545631,-79.405750]}},
{"type":"Feature","properties":{"name": "2399"},"geometry":{"type":"Point","coordinates":[-124.393701,-88.144319]}},
{"type":"Feature","properties":{"name": "2400"},"geometry":{"type":"Point","coordinates":[1.771958,-81.987457]}},
{"type":"Feature","properties":{"name": "2401"},"geometry":{"type":"Point","coordinates":[6.697142,-72.960723]}},
{"type":"Feature","properties":{"name": "2402"},"geometry":{"type":"Point","coordinates":[8.195011,-63.972148]}},
{"type":"Feature","properties":{"name": "2403"},"geometry":{"type":"Point","coordinates":[11.250000,-58.282526]}},
{"type":"Feature","properties":{"name": "2404"},"geometry":{"type":"Point","coordinates":[19.560189,-50.720526]}},
{"type":"Feature","properties":{"name": "2405"},"geometry":{"type":"Point","coordinates":[25.529793,-42.684857]}},
{"type":"Feature","properties":{"name": "2406"},"geometry":{"type":"Point","coordinates":[30.159002,-34.305716]}},
{"type":"Feature","properties":{"name": "2407"},"geometry":{"type":"Point","coordinates":[33.984517,-25.666686]}},
{"type":"Feature","properties":{"name": "2408"},"geometry":{"type":"Point","coordinates":[37.244937,-17.060168]}},
{"type":"Feature","properties":{"name": "2409"},"geometry":{"type":"Point","coordinates":[40.179364,-8.514304]}},
{"type":"Feature","properties":{"name": "2410"},"geometry":{"type":"Point","coordinates":[18.862945,-54.195288]}},
{"type":"Feature","properties":{"name": "2411"},"geometry":{"type":"Point","coordinates":[25.311657,-46.183077]}},
{"type":"Feature","properties":{"name": "2412"},"geometry":{"type":"Point","coordinates":[30.151197,-37.838735]}},
{"type":"Feature","properties":{"name": "2413"},"geometry":{"type":"Point","coordinates":[34.086094,-29.209350]}},
{"type":"Feature","properties":{"name": "2414"},"geometry":{"type":"Point","coordinates":[37.463237,-20.550704]}},
{"type":"Feature","properties":{"name": "2415"},"geometry":{"type":"Point","coordinates":[40.456846,-11.966968]}},
{"type":"Feature","properties":{"name": "2416"},"geometry":{"type":"Point","coordinates":[43.269469,-3.395362]}},
{"type":"Feature","properties":{"name": "2417"},"geometry":{"type":"Point","coordinates":[17.634783,-57.820057]}},
{"type":"Feature","properties":{"name": "2418"},"geometry":{"type":"Point","coordinates":[25.061702,-49.704567]}},
{"type":"Feature","properties":{"name": "2419"},"geometry":{"type":"Point","coordinates":[30.169064,-41.370473]}},
{"type":"Feature","properties":{"name": "2420"},"geometry":{"type":"Point","coordinates":[34.197077,-32.770470]}},
{"type":"Feature","properties":{"name": "2421"},"geometry":{"type":"Point","coordinates":[37.675966,-24.047937]}},
{"type":"Feature","properties":{"name": "2422"},"geometry":{"type":"Point","coordinates":[40.736836,-15.412644]}},
{"type":"Feature","properties":{"name": "2423"},"geometry":{"type":"Point","coordinates":[43.573869,-6.793637]}},
{"type":"Feature","properties":{"name": "2424"},"geometry":{"type":"Point","coordinates":[14.039773,-61.390524]}},
{"type":"Feature","properties":{"name": "2425"},"geometry":{"type":"Point","coordinates":[24.709470,-53.285777]}},
{"type":"Feature","properties":{"name": "2426"},"geometry":{"type":"Point","coordinates":[30.206651,-44.914068]}},
{"type":"Feature","properties":{"name": "2427"},"geometry":{"type":"Point","coordinates":[34.362625,-36.328777]}},
{"type":"Feature","properties":{"name": "2428"},"geometry":{"type":"Point","coordinates":[37.882578,-27.559764]}},
{"type":"Feature","properties":{"name": "2429"},"geometry":{"type":"Point","coordinates":[41.018882,-18.863634]}},
{"type":"Feature","properties":{"name": "2430"},"geometry":{"type":"Point","coordinates":[43.883160,-10.197762]}},
{"type":"Feature","properties":{"name": "2431"},"geometry":{"type":"Point","coordinates":[23.810147,-57.045819]}},
{"type":"Feature","properties":{"name": "2432"},"geometry":{"type":"Point","coordinates":[30.243724,-48.490199]}},
{"type":"Feature","properties":{"name": "2433"},"geometry":{"type":"Point","coordinates":[34.576551,-39.887502]}},
{"type":"Feature","properties":{"name": "2434"},"geometry":{"type":"Point","coordinates":[38.083249,-31.092505]}},
{"type":"Feature","properties":{"name": "2435"},"geometry":{"type":"Point","coordinates":[41.304593,-22.327048]}},
{"type":"Feature","properties":{"name": "2436"},"geometry":{"type":"Point","coordinates":[44.199999,-13.610712]}},
{"type":"Feature","properties":{"name": "2437"},"geometry":{"type":"Point","coordinates":[46.814372,-4.445123]}},
{"type":"Feature","properties":{"name": "2438"},"geometry":{"type":"Point","coordinates":[21.634152,-60.934699]}},
{"type":"Feature","properties":{"name": "2439"},"geometry":{"type":"Point","coordinates":[30.212017,-52.135580]}},
{"type":"Feature","properties":{"name": "2440"},"geometry":{"type":"Point","coordinates":[34.835896,-43.460637]}},
{"type":"Feature","properties":{"name": "2441"},"geometry":{"type":"Point","coordinates":[38.379421,-34.661858]}},
{"type":"Feature","properties":{"name": "2442"},"geometry":{"type":"Point","coordinates":[41.596351,-25.808181]}},
{"type":"Feature","properties":{"name": "2443"},"geometry":{"type":"Point","coordinates":[44.527315,-17.035525]}},
{"type":"Feature","properties":{"name": "2444"},"geometry":{"type":"Point","coordinates":[47.202653,-7.998550]}},
{"type":"Feature","properties":{"name": "2445"},"geometry":{"type":"Point","coordinates":[17.441740,-64.431552]}},
{"type":"Feature","properties":{"name": "2446"},"geometry":{"type":"Point","coordinates":[29.697888,-55.979429]}},
{"type":"Feature","properties":{"name": "2447"},"geometry":{"type":"Point","coordinates":[35.124684,-47.069226]}},
{"type":"Feature","properties":{"name": "2448"},"geometry":{"type":"Point","coordinates":[38.761161,-38.237119]}},
{"type":"Feature","properties":{"name": "2449"},"geometry":{"type":"Point","coordinates":[41.897116,-29.311645]}},
{"type":"Feature","properties":{"name": "2450"},"geometry":{"type":"Point","coordinates":[44.868431,-20.475326]}},
{"type":"Feature","properties":{"name": "2451"},"geometry":{"type":"Point","coordinates":[47.576719,-11.504644]}},
{"type":"Feature","properties":{"name": "2452"},"geometry":{"type":"Point","coordinates":[11.250000,-67.238508]}},
{"type":"Feature","properties":{"name": "2453"},"geometry":{"type":"Point","coordinates":[28.446378,-59.947960]}},
{"type":"Feature","properties":{"name": "2454"},"geometry":{"type":"Point","coordinates":[35.386675,-50.747969]}},
{"type":"Feature","properties":{"name": "2455"},"geometry":{"type":"Point","coordinates":[39.210299,-41.826257]}},
{"type":"Feature","properties":{"name": "2456"},"geometry":{"type":"Point","coordinates":[42.210501,-32.841841]}},
{"type":"Feature","properties":{"name": "2457"},"geometry":{"type":"Point","coordinates":[45.227222,-23.933345]}},
{"type":"Feature","properties":{"name": "2458"},"geometry":{"type":"Point","coordinates":[47.960312,-14.994939]}},
{"type":"Feature","properties":{"name": "2459"},"geometry":{"type":"Point","coordinates":[26.054848,-63.866223]}},
{"type":"Feature","properties":{"name": "2460"},"geometry":{"type":"Point","coordinates":[35.246518,-54.644736]}},
{"type":"Feature","properties":{"name": "2461"},"geometry":{"type":"Point","coordinates":[39.716159,-45.449682]}},
{"type":"Feature","properties":{"name": "2462"},"geometry":{"type":"Point","coordinates":[42.733324,-36.425101]}},
{"type":"Feature","properties":{"name": "2463"},"geometry":{"type":"Point","coordinates":[45.608320,-27.412945]}},
{"type":"Feature","properties":{"name": "2464"},"geometry":{"type":"Point","coordinates":[48.348772,-18.443494]}},
{"type":"Feature","properties":{"name": "2465"},"geometry":{"type":"Point","coordinates":[50.718293,-8.881697]}},
{"type":"Feature","properties":{"name": "2466"},"geometry":{"type":"Point","coordinates":[21.685931,-67.379646]}},
{"type":"Feature","properties":{"name": "2467"},"geometry":{"type":"Point","coordinates":[34.728401,-58.637773]}},
{"type":"Feature","properties":{"name": "2468"},"geometry":{"type":"Point","coordinates":[40.187829,-49.167929]}},
{"type":"Feature","properties":{"name": "2469"},"geometry":{"type":"Point","coordinates":[43.341781,-40.019537]}},
{"type":"Feature","properties":{"name": "2470"},"geometry":{"type":"Point","coordinates":[46.017400,-30.917645]}},
{"type":"Feature","properties":{"name": "2471"},"geometry":{"type":"Point","coordinates":[48.763069,-21.900185]}},
{"type":"Feature","properties":{"name": "2472"},"geometry":{"type":"Point","coordinates":[51.174079,-12.456660]}},
{"type":"Feature","properties":{"name": "2473"},"geometry":{"type":"Point","coordinates":[15.234189,-70.390326]}},
{"type":"Feature","properties":{"name": "2474"},"geometry":{"type":"Point","coordinates":[33.574676,-62.663194]}},
{"type":"Feature","properties":{"name": "2475"},"geometry":{"type":"Point","coordinates":[40.430525,-53.067376]}},
{"type":"Feature","properties":{"name": "2476"},"geometry":{"type":"Point","coordinates":[44.030302,-43.644464]}},
{"type":"Feature","properties":{"name": "2477"},"geometry":{"type":"Point","coordinates":[46.505203,-34.458990]}},
{"type":"Feature","properties":{"name": "2478"},"geometry":{"type":"Point","coordinates":[49.209909,-25.371184]}},
{"type":"Feature","properties":{"name": "2479"},"geometry":{"type":"Point","coordinates":[51.636456,-16.002097]}},
{"type":"Feature","properties":{"name": "2480"},"geometry":{"type":"Point","coordinates":[31.361074,-66.605817]}},
{"type":"Feature","properties":{"name": "2481"},"geometry":{"type":"Point","coordinates":[40.502204,-57.051939]}},
{"type":"Feature","properties":{"name": "2482"},"geometry":{"type":"Point","coordinates":[44.681312,-47.389428]}},
{"type":"Feature","properties":{"name": "2483"},"geometry":{"type":"Point","coordinates":[47.244213,-38.050716]}},
{"type":"Feature","properties":{"name": "2484"},"geometry":{"type":"Point","coordinates":[49.696787,-28.861275]}},
{"type":"Feature","properties":{"name": "2485"},"geometry":{"type":"Point","coordinates":[52.123137,-19.534814]}},
{"type":"Feature","properties":{"name": "2486"},"geometry":{"type":"Point","coordinates":[54.196783,-9.684283]}},
{"type":"Feature","properties":{"name": "2487"},"geometry":{"type":"Point","coordinates":[27.109129,-70.192473]}},
{"type":"Feature","properties":{"name": "2488"},"geometry":{"type":"Point","coordinates":[40.275891,-61.092255]}},
{"type":"Feature","properties":{"name": "2489"},"geometry":{"type":"Point","coordinates":[45.246152,-51.272744]}},
{"type":"Feature","properties":{"name": "2490"},"geometry":{"type":"Point","coordinates":[48.082138,-41.667465]}},
{"type":"Feature","properties":{"name": "2491"},"geometry":{"type":"Point","coordinates":[50.232789,-32.374660]}},
{"type":"Feature","properties":{"name": "2492"},"geometry":{"type":"Point","coordinates":[52.646389,-23.065967]}},
{"type":"Feature","properties":{"name": "2493"},"geometry":{"type":"Point","coordinates":[54.739182,-13.300004]}},
{"type":"Feature","properties":{"name": "2494"},"geometry":{"type":"Point","coordinates":[20.616004,-73.419063]}},
{"type":"Feature","properties":{"name": "2495"},"geometry":{"type":"Point","coordinates":[39.534058,-65.138490]}},
{"type":"Feature","properties":{"name": "2496"},"geometry":{"type":"Point","coordinates":[45.783750,-55.226564]}},
{"type":"Feature","properties":{"name": "2497"},"geometry":{"type":"Point","coordinates":[48.880411,-45.430270]}},
{"type":"Feature","properties":{"name": "2498"},"geometry":{"type":"Point","coordinates":[50.933396,-35.930048]}},
{"type":"Feature","properties":{"name": "2499"},"geometry":{"type":"Point","coordinates":[53.217315,-26.603618]}},
{"type":"Feature","properties":{"name": "2500"},"geometry":{"type":"Point","coordinates":[55.291171,-16.883608]}},
{"type":"Feature","properties":{"name": "2501"},"geometry":{"type":"Point","coordinates":[11.250000,-76.249790]}},
{"type":"Feature","properties":{"name": "2502"},"geometry":{"type":"Point","coordinates":[37.896373,-69.111564]}},
{"type":"Feature","properties":{"name": "2503"},"geometry":{"type":"Point","coordinates":[46.248611,-59.236018]}},
{"type":"Feature","properties":{"name": "2504"},"geometry":{"type":"Point","coordinates":[49.705738,-49.284545]}},
{"type":"Feature","properties":{"name": "2505"},"geometry":{"type":"Point","coordinates":[51.889589,-39.531978]}},
{"type":"Feature","properties":{"name": "2506"},"geometry":{"type":"Point","coordinates":[53.847854,-30.154059]}},
{"type":"Feature","properties":{"name": "2507"},"geometry":{"type":"Point","coordinates":[55.874452,-20.449420]}},
{"type":"Feature","properties":{"name": "2508"},"geometry":{"type":"Point","coordinates":[34.195946,-72.800255]}},
{"type":"Feature","properties":{"name": "2509"},"geometry":{"type":"Point","coordinates":[46.560513,-63.277458]}},
{"type":"Feature","properties":{"name": "2510"},"geometry":{"type":"Point","coordinates":[50.602097,-53.193063]}},
{"type":"Feature","properties":{"name": "2511"},"geometry":{"type":"Point","coordinates":[52.803557,-43.306996]}},
{"type":"Feature","properties":{"name": "2512"},"geometry":{"type":"Point","coordinates":[54.532589,-33.680987]}},
{"type":"Feature","properties":{"name": "2513"},"geometry":{"type":"Point","coordinates":[56.505327,-24.008074]}},
{"type":"Feature","properties":{"name": "2514"},"geometry":{"type":"Point","coordinates":[58.296530,-14.082609]}},
{"type":"Feature","properties":{"name": "2515"},"geometry":{"type":"Point","coordinates":[28.216056,-76.259954]}},
{"type":"Feature","properties":{"name": "2516"},"geometry":{"type":"Point","coordinates":[46.574051,-67.316041]}},
{"type":"Feature","properties":{"name": "2517"},"geometry":{"type":"Point","coordinates":[51.572152,-57.146776]}},
{"type":"Feature","properties":{"name": "2518"},"geometry":{"type":"Point","coordinates":[53.832157,-47.123942]}},
{"type":"Feature","properties":{"name": "2519"},"geometry":{"type":"Point","coordinates":[55.438128,-37.285056]}},
{"type":"Feature","properties":{"name": "2520"},"geometry":{"type":"Point","coordinates":[57.198884,-27.567692]}},
{"type":"Feature","properties":{"name": "2521"},"geometry":{"type":"Point","coordinates":[58.943031,-17.687824]}},
{"type":"Feature","properties":{"name": "2522"},"geometry":{"type":"Point","coordinates":[18.454369,-79.405750]}},
{"type":"Feature","properties":{"name": "2523"},"geometry":{"type":"Point","coordinates":[45.890635,-71.286142]}},
{"type":"Feature","properties":{"name": "2524"},"geometry":{"type":"Point","coordinates":[52.615277,-61.132017]}},
{"type":"Feature","properties":{"name": "2525"},"geometry":{"type":"Point","coordinates":[54.996830,-50.978510]}},
{"type":"Feature","properties":{"name": "2526"},"geometry":{"type":"Point","coordinates":[56.472823,-41.034228]}},
{"type":"Feature","properties":{"name": "2527"},"geometry":{"type":"Point","coordinates":[57.971343,-31.134677]}},
{"type":"Feature","properties":{"name": "2528"},"geometry":{"type":"Point","coordinates":[59.630976,-21.273420]}},
{"type":"Feature","properties":{"name": "2529"},"geometry":{"type":"Point","coordinates":[43.588581,-75.088391]}},
{"type":"Feature","properties":{"name": "2530"},"geometry":{"type":"Point","coordinates":[53.723621,-65.129803]}},
{"type":"Feature","properties":{"name": "2531"},"geometry":{"type":"Point","coordinates":[56.326531,-54.863596]}},
{"type":"Feature","properties":{"name": "2532"},"geometry":{"type":"Point","coordinates":[57.654226,-44.809180]}},
{"type":"Feature","properties":{"name": "2533"},"geometry":{"type":"Point","coordinates":[58.777137,-34.785908]}},
{"type":"Feature","properties":{"name": "2534"},"geometry":{"type":"Point","coordinates":[60.379637,-24.848495]}},
{"type":"Feature","properties":{"name": "2535"},"geometry":{"type":"Point","coordinates":[61.862833,-14.822553]}},
{"type":"Feature","properties":{"name": "2536"},"geometry":{"type":"Point","coordinates":[39.395648,-78.770180]}},
{"type":"Feature","properties":{"name": "2537"},"geometry":{"type":"Point","coordinates":[54.873679,-69.115335]}},
{"type":"Feature","properties":{"name": "2538"},"geometry":{"type":"Point","coordinates":[57.861606,-58.768740]}},
{"type":"Feature","properties":{"name": "2539"},"geometry":{"type":"Point","coordinates":[59.012759,-48.605607]}},
{"type":"Feature","properties":{"name": "2540"},"geometry":{"type":"Point","coordinates":[59.865374,-38.547179]}},
{"type":"Feature","properties":{"name": "2541"},"geometry":{"type":"Point","coordinates":[61.207700,-28.420276]}},
{"type":"Feature","properties":{"name": "2542"},"geometry":{"type":"Point","coordinates":[62.606963,-18.435818]}},
{"type":"Feature","properties":{"name": "2543"},"geometry":{"type":"Point","coordinates":[31.201965,-82.281747]}},
{"type":"Feature","properties":{"name": "2544"},"geometry":{"type":"Point","coordinates":[55.721744,-73.038971]}},
{"type":"Feature","properties":{"name": "2545"},"geometry":{"type":"Point","coordinates":[59.660598,-62.679512]}},
{"type":"Feature","properties":{"name": "2546"},"geometry":{"type":"Point","coordinates":[60.589892,-52.416712]}},
{"type":"Feature","properties":{"name": "2547"},"geometry":{"type":"Point","coordinates":[61.181181,-42.322536]}},
{"type":"Feature","properties":{"name": "2548"},"geometry":{"type":"Point","coordinates":[62.049108,-32.093649]}},
{"type":"Feature","properties":{"name": "2549"},"geometry":{"type":"Point","coordinates":[63.405407,-22.028765]}},
{"type":"Feature","properties":{"name": "2550"},"geometry":{"type":"Point","coordinates":[11.250000,-85.374820]}},
{"type":"Feature","properties":{"name": "2551"},"geometry":{"type":"Point","coordinates":[55.929669,-76.877616]}},
{"type":"Feature","properties":{"name": "2552"},"geometry":{"type":"Point","coordinates":[61.813074,-66.576853]}},
{"type":"Feature","properties":{"name": "2553"},"geometry":{"type":"Point","coordinates":[62.443603,-56.232580]}},
{"type":"Feature","properties":{"name": "2554"},"geometry":{"type":"Point","coordinates":[62.695619,-46.092891]}},
{"type":"Feature","properties":{"name": "2555"},"geometry":{"type":"Point","coordinates":[62.969828,-35.821064]}},
{"type":"Feature","properties":{"name": "2556"},"geometry":{"type":"Point","coordinates":[64.279810,-25.608744]}},
{"type":"Feature","properties":{"name": "2557"},"geometry":{"type":"Point","coordinates":[55.941377,-80.667619]}},
{"type":"Feature","properties":{"name": "2558"},"geometry":{"type":"Point","coordinates":[64.465852,-70.436251]}},
{"type":"Feature","properties":{"name": "2559"},"geometry":{"type":"Point","coordinates":[64.657487,-60.039349]}},
{"type":"Feature","properties":{"name": "2560"},"geometry":{"type":"Point","coordinates":[64.434847,-49.829475]}},
{"type":"Feature","properties":{"name": "2561"},"geometry":{"type":"Point","coordinates":[64.348751,-39.577377]}},
{"type":"Feature","properties":{"name": "2562"},"geometry":{"type":"Point","coordinates":[65.155601,-29.289202]}},
{"type":"Feature","properties":{"name": "2563"},"geometry":{"type":"Point","coordinates":[66.294699,-19.137088]}},
{"type":"Feature","properties":{"name": "2564"},"geometry":{"type":"Point","coordinates":[55.820466,-84.419456]}},
{"type":"Feature","properties":{"name": "2565"},"geometry":{"type":"Point","coordinates":[67.415950,-74.223168]}},
{"type":"Feature","properties":{"name": "2566"},"geometry":{"type":"Point","coordinates":[67.356665,-63.817991]}},
{"type":"Feature","properties":{"name": "2567"},"geometry":{"type":"Point","coordinates":[66.483534,-53.555056]}},
{"type":"Feature","properties":{"name": "2568"},"geometry":{"type":"Point","coordinates":[65.962429,-43.328903]}},
{"type":"Feature","properties":{"name": "2569"},"geometry":{"type":"Point","coordinates":[66.114962,-32.994320]}},
{"type":"Feature","properties":{"name": "2570"},"geometry":{"type":"Point","coordinates":[67.197956,-22.739724]}},
{"type":"Feature","properties":{"name": "2571"},"geometry":{"type":"Point","coordinates":[55.606299,-88.144319]}},
{"type":"Feature","properties":{"name": "2572"},"geometry":{"type":"Point","coordinates":[71.277872,-77.928061]}},
{"type":"Feature","properties":{"name": "2573"},"geometry":{"type":"Point","coordinates":[70.736965,-67.542339]}},
{"type":"Feature","properties":{"name": "2574"},"geometry":{"type":"Point","coordinates":[68.929086,-57.255292]}},
{"type":"Feature","properties":{"name": "2575"},"geometry":{"type":"Point","coordinates":[67.845625,-47.056667]}},
{"type":"Feature","properties":{"name": "2576"},"geometry":{"type":"Point","coordinates":[67.285671,-36.720209]}},
{"type":"Feature","properties":{"name": "2577"},"geometry":{"type":"Point","coordinates":[68.121803,-26.390444]}},
{"type":"Feature","properties":{"name": "2578"},"geometry":{"type":"Point","coordinates":[78.122118,-81.508764]}},
{"type":"Feature","properties":{"name": "2579"},"geometry":{"type":"Point","coordinates":[75.121482,-71.175442]}},
{"type":"Feature","properties":{"name": "2580"},"geometry":{"type":"Point","coordinates":[71.896679,-60.910223]}},
{"type":"Feature","properties":{"name": "2581"},"geometry":{"type":"Point","coordinates":[70.048314,-50.742125]}},
{"type":"Feature","properties":{"name": "2582"},"geometry":{"type":"Point","coordinates":[68.927928,-40.451617]}},
{"type":"Feature","properties":{"name": "2583"},"geometry":{"type":"Point","coordinates":[69.110817,-30.065829]}},
{"type":"Feature","properties":{"name": "2584"},"geometry":{"type":"Point","coordinates":[70.007123,-19.800546]}},
{"type":"Feature","properties":{"name": "2585"},"geometry":{"type":"Point","coordinates":[93.920288,-84.779759]}},
{"type":"Feature","properties":{"name": "2586"},"geometry":{"type":"Point","coordinates":[80.451142,-74.694676]}},
{"type":"Feature","properties":{"name": "2587"},"geometry":{"type":"Point","coordinates":[75.570328,-64.491882]}},
{"type":"Feature","properties":{"name": "2588"},"geometry":{"type":"Point","coordinates":[72.641486,-54.366216]}},
{"type":"Feature","properties":{"name": "2589"},"geometry":{"type":"Point","coordinates":[70.870506,-44.157841]}},
{"type":"Feature","properties":{"name": "2590"},"geometry":{"type":"Point","coordinates":[70.224625,-33.764672]}},
{"type":"Feature","properties":{"name": "2591"},"geometry":{"type":"Point","coordinates":[70.971945,-23.415861]}},
{"type":"Feature","properties":{"name": "2592"},"geometry":{"type":"Point","coordinates":[138.693745,-86.726965]}},
{"type":"Feature","properties":{"name": "2593"},"geometry":{"type":"Point","coordinates":[88.241302,-78.023409]}},
{"type":"Feature","properties":{"name": "2594"},"geometry":{"type":"Point","coordinates":[80.227496,-67.960236]}},
{"type":"Feature","properties":{"name": "2595"},"geometry":{"type":"Point","coordinates":[75.725844,-57.907872]}},
{"type":"Feature","properties":{"name": "2596"},"geometry":{"type":"Point","coordinates":[73.155986,-47.813846]}},
{"type":"Feature","properties":{"name": "2597"},"geometry":{"type":"Point","coordinates":[71.668008,-37.473858]}},
{"type":"Feature","properties":{"name": "2598"},"geometry":{"type":"Point","coordinates":[71.984888,-27.054189]}},
{"type":"Feature","properties":{"name": "2599"},"geometry":{"type":"Point","coordinates":[-168.750000,-85.374820]}},
{"type":"Feature","properties":{"name": "2600"},"geometry":{"type":"Point","coordinates":[101.250000,-80.965440]}},
{"type":"Feature","properties":{"name": "2601"},"geometry":{"type":"Point","coordinates":[86.294287,-71.256004]}},
{"type":"Feature","properties":{"name": "2602"},"geometry":{"type":"Point","coordinates":[79.444774,-61.341680]}},
{"type":"Feature","properties":{"name": "2603"},"geometry":{"type":"Point","coordinates":[75.844091,-51.394838]}},
{"type":"Feature","properties":{"name": "2604"},"geometry":{"type":"Point","coordinates":[73.599616,-41.161880]}},
{"type":"Feature","properties":{"name": "2605"},"geometry":{"type":"Point","coordinates":[73.093472,-30.717872]}},
{"type":"Feature","properties":{"name": "2606"},"geometry":{"type":"Point","coordinates":[123.529623,-82.974893]}},
{"type":"Feature","properties":{"name": "2607"},"geometry":{"type":"Point","coordinates":[93.712633,-74.373141]}},
{"type":"Feature","properties":{"name": "2608"},"geometry":{"type":"Point","coordinates":[84.064097,-64.660118]}},
{"type":"Feature","properties":{"name": "2609"},"geometry":{"type":"Point","coordinates":[79.016976,-54.874897]}},
{"type":"Feature","properties":{"name": "2610"},"geometry":{"type":"Point","coordinates":[75.899058,-44.796255]}},
{"type":"Feature","properties":{"name": "2611"},"geometry":{"type":"Point","coordinates":[74.374104,-34.402158]}},
{"type":"Feature","properties":{"name": "2612"},"geometry":{"type":"Point","coordinates":[74.762983,-23.979745]}},
{"type":"Feature","properties":{"name": "2613"},"geometry":{"type":"Point","coordinates":[154.663073,-83.407577]}},
{"type":"Feature","properties":{"name": "2614"},"geometry":{"type":"Point","coordinates":[104.256594,-77.082800]}},
{"type":"Feature","properties":{"name": "2615"},"geometry":{"type":"Point","coordinates":[89.865561,-67.792517]}},
{"type":"Feature","properties":{"name": "2616"},"geometry":{"type":"Point","coordinates":[82.786079,-58.224948]}},
{"type":"Feature","properties":{"name": "2617"},"geometry":{"type":"Point","coordinates":[78.612163,-48.344667]}},
{"type":"Feature","properties":{"name": "2618"},"geometry":{"type":"Point","coordinates":[76.113280,-38.076925]}},
{"type":"Feature","properties":{"name": "2619"},"geometry":{"type":"Point","coordinates":[75.866813,-27.598856]}},
{"type":"Feature","properties":{"name": "2620"},"geometry":{"type":"Point","coordinates":[-178.228042,-81.987457]}},
{"type":"Feature","properties":{"name": "2621"},"geometry":{"type":"Point","coordinates":[119.139650,-79.075139]}},
{"type":"Feature","properties":{"name": "2622"},"geometry":{"type":"Point","coordinates":[97.125813,-70.677136]}},
{"type":"Feature","properties":{"name": "2623"},"geometry":{"type":"Point","coordinates":[87.300167,-61.409878]}},
{"type":"Feature","properties":{"name": "2624"},"geometry":{"type":"Point","coordinates":[81.801115,-51.775385]}},
{"type":"Feature","properties":{"name": "2625"},"geometry":{"type":"Point","coordinates":[78.359425,-41.698496]}},
{"type":"Feature","properties":{"name": "2626"},"geometry":{"type":"Point","coordinates":[77.099001,-31.243809]}},
{"type":"Feature","properties":{"name": "2627"},"geometry":{"type":"Point","coordinates":[138.569837,-80.119377]}},
{"type":"Feature","properties":{"name": "2628"},"geometry":{"type":"Point","coordinates":[105.940920,-73.200563]}},
{"type":"Feature","properties":{"name": "2629"},"geometry":{"type":"Point","coordinates":[92.752382,-64.384533]}},
{"type":"Feature","properties":{"name": "2630"},"geometry":{"type":"Point","coordinates":[85.547303,-55.055593]}},
{"type":"Feature","properties":{"name": "2631"},"geometry":{"type":"Point","coordinates":[81.038740,-45.227635]}},
{"type":"Feature","properties":{"name": "2632"},"geometry":{"type":"Point","coordinates":[78.558739,-34.904387]}},
{"type":"Feature","properties":{"name": "2633"},"geometry":{"type":"Point","coordinates":[78.571470,-24.431393]}},
{"type":"Feature","properties":{"name": "2634"},"geometry":{"type":"Point","coordinates":[159.674687,-79.916449]}},
{"type":"Feature","properties":{"name": "2635"},"geometry":{"type":"Point","coordinates":[117.193226,-75.157122]}},
{"type":"Feature","properties":{"name": "2636"},"geometry":{"type":"Point","coordinates":[99.379401,-67.088545]}},
{"type":"Feature","properties":{"name": "2637"},"geometry":{"type":"Point","coordinates":[89.953388,-58.149200]}},
{"type":"Feature","properties":{"name": "2638"},"geometry":{"type":"Point","coordinates":[84.192066,-48.624141]}},
{"type":"Feature","properties":{"name": "2639"},"geometry":{"type":"Point","coordinates":[80.618108,-38.523329]}},
{"type":"Feature","properties":{"name": "2640"},"geometry":{"type":"Point","coordinates":[79.764892,-28.023640]}},
{"type":"Feature","properties":{"name": "2641"},"geometry":{"type":"Point","coordinates":[177.851437,-78.516617]}},
{"type":"Feature","properties":{"name": "2642"},"geometry":{"type":"Point","coordinates":[131.004112,-76.445528]}},
{"type":"Feature","properties":{"name": "2643"},"geometry":{"type":"Point","coordinates":[107.194387,-69.360225]}},
{"type":"Feature","properties":{"name": "2644"},"geometry":{"type":"Point","coordinates":[95.142461,-61.014196]}},
{"type":"Feature","properties":{"name": "2645"},"geometry":{"type":"Point","coordinates":[87.872231,-51.849991]}},
{"type":"Feature","properties":{"name": "2646"},"geometry":{"type":"Point","coordinates":[83.202910,-42.048453]}},
{"type":"Feature","properties":{"name": "2647"},"geometry":{"type":"Point","coordinates":[81.121767,-31.642468]}},
{"type":"Feature","properties":{"name": "2648"},"geometry":{"type":"Point","coordinates":[-168.750000,-76.249790]}},
{"type":"Feature","properties":{"name": "2649"},"geometry":{"type":"Point","coordinates":[146.570331,-76.877616]}},
{"type":"Feature","properties":{"name": "2650"},"geometry":{"type":"Point","coordinates":[116.205713,-71.256004]}},
{"type":"Feature","properties":{"name": "2651"},"geometry":{"type":"Point","coordinates":[101.250000,-63.599882]}},
{"type":"Feature","properties":{"name": "2652"},"geometry":{"type":"Point","coordinates":[92.142992,-54.867599]}},
{"type":"Feature","properties":{"name": "2653"},"geometry":{"type":"Point","coordinates":[86.277134,-45.429009]}},
{"type":"Feature","properties":{"name": "2654"},"geometry":{"type":"Point","coordinates":[82.774419,-35.268904]}},
{"type":"Feature","properties":{"name": "2655"},"geometry":{"type":"Point","coordinates":[162.061237,-76.371074]}},
{"type":"Feature","properties":{"name": "2656"},"geometry":{"type":"Point","coordinates":[126.918221,-72.650476]}},
{"type":"Feature","properties":{"name": "2657"},"geometry":{"type":"Point","coordinates":[108.357578,-65.673538]}},
{"type":"Feature","properties":{"name": "2658"},"geometry":{"type":"Point","coordinates":[97.075088,-57.637938]}},
{"type":"Feature","properties":{"name": "2659"},"geometry":{"type":"Point","coordinates":[89.863681,-48.617893]}},
{"type":"Feature","properties":{"name": "2660"},"geometry":{"type":"Point","coordinates":[85.181165,-38.804449]}},
{"type":"Feature","properties":{"name": "2661"},"geometry":{"type":"Point","coordinates":[83.676655,-28.328208]}},
{"type":"Feature","properties":{"name": "2662"},"geometry":{"type":"Point","coordinates":[175.685440,-75.007191]}},
{"type":"Feature","properties":{"name": "2663"},"geometry":{"type":"Point","coordinates":[138.912079,-73.408727]}},
{"type":"Feature","properties":{"name": "2664"},"geometry":{"type":"Point","coordinates":[116.245287,-67.451248]}},
{"type":"Feature","properties":{"name": "2665"},"geometry":{"type":"Point","coordinates":[102.735430,-60.075185]}},
{"type":"Feature","properties":{"name": "2666"},"geometry":{"type":"Point","coordinates":[93.990038,-51.574057]}},
{"type":"Feature","properties":{"name": "2667"},"geometry":{"type":"Point","coordinates":[88.126824,-42.191428]}},
{"type":"Feature","properties":{"name": "2668"},"geometry":{"type":"Point","coordinates":[85.155266,-31.913099]}},
{"type":"Feature","properties":{"name": "2669"},"geometry":{"type":"Point","coordinates":[-173.302858,-72.960723]}},
{"type":"Feature","properties":{"name": "2670"},"geometry":{"type":"Point","coordinates":[151.433678,-73.452178]}},
{"type":"Feature","properties":{"name": "2671"},"geometry":{"type":"Point","coordinates":[125.000565,-68.854628]}},
{"type":"Feature","properties":{"name": "2672"},"geometry":{"type":"Point","coordinates":[109.131394,-62.059569]}},
{"type":"Feature","properties":{"name": "2673"},"geometry":{"type":"Point","coordinates":[98.683672,-54.260675]}},
{"type":"Feature","properties":{"name": "2674"},"geometry":{"type":"Point","coordinates":[91.596912,-45.364288]}},
{"type":"Feature","properties":{"name": "2675"},"geometry":{"type":"Point","coordinates":[87.071699,-35.484802]}},
{"type":"Feature","properties":{"name": "2676"},"geometry":{"type":"Point","coordinates":[163.500745,-72.776841]}},
{"type":"Feature","properties":{"name": "2677"},"geometry":{"type":"Point","coordinates":[134.630689,-69.758768]}},
{"type":"Feature","properties":{"name": "2678"},"geometry":{"type":"Point","coordinates":[116.261459,-63.706721]}},
{"type":"Feature","properties":{"name": "2679"},"geometry":{"type":"Point","coordinates":[103.958815,-56.557860]}},
{"type":"Feature","properties":{"name": "2680"},"geometry":{"type":"Point","coordinates":[95.578232,-48.273664]}},
{"type":"Feature","properties":{"name": "2681"},"geometry":{"type":"Point","coordinates":[89.806445,-38.904867]}},
{"type":"Feature","properties":{"name": "2682"},"geometry":{"type":"Point","coordinates":[87.601262,-28.513068]}},
{"type":"Feature","properties":{"name": "2683"},"geometry":{"type":"Point","coordinates":[174.329760,-71.452191]}},
{"type":"Feature","properties":{"name": "2684"},"geometry":{"type":"Point","coordinates":[144.778037,-70.108671]}},
{"type":"Feature","properties":{"name": "2685"},"geometry":{"type":"Point","coordinates":[123.876622,-65.085076]}},
{"type":"Feature","properties":{"name": "2686"},"geometry":{"type":"Point","coordinates":[109.785925,-58.460183]}},
{"type":"Feature","properties":{"name": "2687"},"geometry":{"type":"Point","coordinates":[100.055545,-50.883406]}},
{"type":"Feature","properties":{"name": "2688"},"geometry":{"type":"Point","coordinates":[93.129155,-42.089855]}},
{"type":"Feature","properties":{"name": "2689"},"geometry":{"type":"Point","coordinates":[89.192364,-32.055423]}},
{"type":"Feature","properties":{"name": "2690"},"geometry":{"type":"Point","coordinates":[-176.423140,-69.579435]}},
{"type":"Feature","properties":{"name": "2691"},"geometry":{"type":"Point","coordinates":[154.937798,-69.885060]}},
{"type":"Feature","properties":{"name": "2692"},"geometry":{"type":"Point","coordinates":[132.067884,-66.063883]}},
{"type":"Feature","properties":{"name": "2693"},"geometry":{"type":"Point","coordinates":[116.157049,-60.059424]}},
{"type":"Feature","properties":{"name": "2694"},"geometry":{"type":"Point","coordinates":[104.997046,-53.043711]}},
{"type":"Feature","properties":{"name": "2695"},"geometry":{"type":"Point","coordinates":[96.967069,-44.969090]}},
{"type":"Feature","properties":{"name": "2696"},"geometry":{"type":"Point","coordinates":[91.402607,-35.549410]}},
{"type":"Feature","properties":{"name": "2697"},"geometry":{"type":"Point","coordinates":[-168.750000,-67.238508]}},
{"type":"Feature","properties":{"name": "2698"},"geometry":{"type":"Point","coordinates":[164.603627,-69.111564]}},
{"type":"Feature","properties":{"name": "2699"},"geometry":{"type":"Point","coordinates":[140.686926,-66.576853]}},
{"type":"Feature","properties":{"name": "2700"},"geometry":{"type":"Point","coordinates":[123.055226,-61.341680]}},
{"type":"Feature","properties":{"name": "2701"},"geometry":{"type":"Point","coordinates":[110.357008,-54.867599]}},
{"type":"Feature","properties":{"name": "2702"},"geometry":{"type":"Point","coordinates":[101.250000,-47.503689]}},
{"type":"Feature","properties":{"name": "2703"},"geometry":{"type":"Point","coordinates":[94.508251,-38.789140]}},
{"type":"Feature","properties":{"name": "2704"},"geometry":{"type":"Point","coordinates":[173.504863,-67.817988]}},
{"type":"Feature","properties":{"name": "2705"},"geometry":{"type":"Point","coordinates":[149.437669,-66.604160]}},
{"type":"Feature","properties":{"name": "2706"},"geometry":{"type":"Point","coordinates":[130.241744,-62.370720]}},
{"type":"Feature","properties":{"name": "2707"},"geometry":{"type":"Point","coordinates":[116.127514,-56.418658]}},
{"type":"Feature","properties":{"name": "2708"},"geometry":{"type":"Point","coordinates":[105.898597,-49.525556]}},
{"type":"Feature","properties":{"name": "2709"},"geometry":{"type":"Point","coordinates":[98.199919,-41.661444]}},
{"type":"Feature","properties":{"name": "2710"},"geometry":{"type":"Point","coordinates":[93.225557,-32.069671]}},
{"type":"Feature","properties":{"name": "2711"},"geometry":{"type":"Point","coordinates":[-178.636011,-66.089417]}},
{"type":"Feature","properties":{"name": "2712"},"geometry":{"type":"Point","coordinates":[157.993157,-66.152739]}},
{"type":"Feature","properties":{"name": "2713"},"geometry":{"type":"Point","coordinates":[137.781330,-62.993634]}},
{"type":"Feature","properties":{"name": "2714"},"geometry":{"type":"Point","coordinates":[122.298734,-57.693526]}},
{"type":"Feature","properties":{"name": "2715"},"geometry":{"type":"Point","coordinates":[110.864602,-51.272126]}},
{"type":"Feature","properties":{"name": "2716"},"geometry":{"type":"Point","coordinates":[102.307387,-44.071701]}},
{"type":"Feature","properties":{"name": "2717"},"geometry":{"type":"Point","coordinates":[95.791141,-35.441242]}},
{"type":"Feature","properties":{"name": "2718"},"geometry":{"type":"Point","coordinates":[-171.804989,-63.972148]}},
{"type":"Feature","properties":{"name": "2719"},"geometry":{"type":"Point","coordinates":[166.069418,-65.255257]}},
{"type":"Feature","properties":{"name": "2720"},"geometry":{"type":"Point","coordinates":[145.488337,-63.191996]}},
{"type":"Feature","properties":{"name": "2721"},"geometry":{"type":"Point","coordinates":[128.821767,-58.690081]}},
{"type":"Feature","properties":{"name": "2722"},"geometry":{"type":"Point","coordinates":[116.144282,-52.774917]}},
{"type":"Feature","properties":{"name": "2723"},"geometry":{"type":"Point","coordinates":[106.693329,-45.992016]}},
{"type":"Feature","properties":{"name": "2724"},"geometry":{"type":"Point","coordinates":[99.309146,-38.350802]}},
{"type":"Feature","properties":{"name": "2725"},"geometry":{"type":"Point","coordinates":[173.477423,-63.962356]}},
{"type":"Feature","properties":{"name": "2726"},"geometry":{"type":"Point","coordinates":[153.148473,-62.964168]}},
{"type":"Feature","properties":{"name": "2727"},"geometry":{"type":"Point","coordinates":[135.562665,-59.396700]}},
{"type":"Feature","properties":{"name": "2728"},"geometry":{"type":"Point","coordinates":[121.735179,-54.036953]}},
{"type":"Feature","properties":{"name": "2729"},"geometry":{"type":"Point","coordinates":[111.317351,-47.661071]}},
{"type":"Feature","properties":{"name": "2730"},"geometry":{"type":"Point","coordinates":[103.254679,-40.616434]}},
{"type":"Feature","properties":{"name": "2731"},"geometry":{"type":"Point","coordinates":[97.247243,-31.956597]}},
{"type":"Feature","properties":{"name": "2732"},"geometry":{"type":"Point","coordinates":[-179.866128,-62.332274]}},
{"type":"Feature","properties":{"name": "2733"},"geometry":{"type":"Point","coordinates":[160.557086,-62.326082]}},
{"type":"Feature","properties":{"name": "2734"},"geometry":{"type":"Point","coordinates":[142.477140,-59.724629]}},
{"type":"Feature","properties":{"name": "2735"},"geometry":{"type":"Point","coordinates":[127.623116,-55.048335]}},
{"type":"Feature","properties":{"name": "2736"},"geometry":{"type":"Point","coordinates":[116.184222,-49.116579]}},
{"type":"Feature","properties":{"name": "2737"},"geometry":{"type":"Point","coordinates":[107.394878,-42.424336]}},
{"type":"Feature","properties":{"name": "2738"},"geometry":{"type":"Point","coordinates":[100.319433,-35.036526]}},
{"type":"Feature","properties":{"name": "2739"},"geometry":{"type":"Point","coordinates":[-173.959908,-60.422098]}},
{"type":"Feature","properties":{"name": "2740"},"geometry":{"type":"Point","coordinates":[167.555195,-61.307942]}},
{"type":"Feature","properties":{"name": "2741"},"geometry":{"type":"Point","coordinates":[149.421396,-59.668698]}},
{"type":"Feature","properties":{"name": "2742"},"geometry":{"type":"Point","coordinates":[133.761896,-55.798612]}},
{"type":"Feature","properties":{"name": "2743"},"geometry":{"type":"Point","coordinates":[121.298621,-50.363753]}},
{"type":"Feature","properties":{"name": "2744"},"geometry":{"type":"Point","coordinates":[111.712021,-44.016850]}},
{"type":"Feature","properties":{"name": "2745"},"geometry":{"type":"Point","coordinates":[104.100694,-37.103287]}},
{"type":"Feature","properties":{"name": "2746"},"geometry":{"type":"Point","coordinates":[101.250000,-31.717474]}},
{"type":"Feature","properties":{"name": "2747"},"geometry":{"type":"Point","coordinates":[101.250000,-22.761492]}},
{"type":"Feature","properties":{"name": "2748"},"geometry":{"type":"Point","coordinates":[101.250000,-13.750210]}},
{"type":"Feature","properties":{"name": "2749"},"geometry":{"type":"Point","coordinates":[101.250000,-4.625180]}},
{"type":"Feature","properties":{"name": "2750"},"geometry":{"type":"Point","coordinates":[101.250000,4.625180]}},
{"type":"Feature","properties":{"name": "2751"},"geometry":{"type":"Point","coordinates":[101.250000,13.750210]}},
{"type":"Feature","properties":{"name": "2752"},"geometry":{"type":"Point","coordinates":[101.250000,22.761492]}},
{"type":"Feature","properties":{"name": "2753"},"geometry":{"type":"Point","coordinates":[102.740813,-25.988095]}},
{"type":"Feature","properties":{"name": "2754"},"geometry":{"type":"Point","coordinates":[102.643619,-16.983875]}},
{"type":"Feature","properties":{"name": "2755"},"geometry":{"type":"Point","coordinates":[102.577854,-7.902458]}},
{"type":"Feature","properties":{"name": "2756"},"geometry":{"type":"Point","coordinates":[102.547572,1.326710]}},
{"type":"Feature","properties":{"name": "2757"},"geometry":{"type":"Point","coordinates":[102.593718,10.509655]}},
{"type":"Feature","properties":{"name": "2758"},"geometry":{"type":"Point","coordinates":[102.668031,19.560348]}},
{"type":"Feature","properties":{"name": "2759"},"geometry":{"type":"Point","coordinates":[102.770674,28.572445]}},
{"type":"Feature","properties":{"name": "2760"},"geometry":{"type":"Point","coordinates":[104.200299,-29.443645]}},
{"type":"Feature","properties":{"name": "2761"},"geometry":{"type":"Point","coordinates":[104.095876,-20.229678]}},
{"type":"Feature","properties":{"name": "2762"},"geometry":{"type":"Point","coordinates":[103.945192,-11.166748]}},
{"type":"Feature","properties":{"name": "2763"},"geometry":{"type":"Point","coordinates":[103.849673,-1.989264]}},
{"type":"Feature","properties":{"name": "2764"},"geometry":{"type":"Point","coordinates":[103.897877,7.252425]}},
{"type":"Feature","properties":{"name": "2765"},"geometry":{"type":"Point","coordinates":[104.024161,16.353644]}},
{"type":"Feature","properties":{"name": "2766"},"geometry":{"type":"Point","coordinates":[104.204011,25.408643]}},
{"type":"Feature","properties":{"name": "2767"},"geometry":{"type":"Point","coordinates":[104.753677,-33.421420]}},
{"type":"Feature","properties":{"name": "2768"},"geometry":{"type":"Point","coordinates":[105.602952,-23.533932]}},
{"type":"Feature","properties":{"name": "2769"},"geometry":{"type":"Point","coordinates":[105.360273,-14.430830]}},
{"type":"Feature","properties":{"name": "2770"},"geometry":{"type":"Point","coordinates":[105.190566,-5.289246]}},
{"type":"Feature","properties":{"name": "2771"},"geometry":{"type":"Point","coordinates":[105.172639,3.972411]}},
{"type":"Feature","properties":{"name": "2772"},"geometry":{"type":"Point","coordinates":[105.331168,13.131095]}},
{"type":"Feature","properties":{"name": "2773"},"geometry":{"type":"Point","coordinates":[105.566222,22.225997]}},
{"type":"Feature","properties":{"name": "2774"},"geometry":{"type":"Point","coordinates":[107.022013,-27.105569]}},
{"type":"Feature","properties":{"name": "2775"},"geometry":{"type":"Point","coordinates":[106.827296,-17.717604]}},
{"type":"Feature","properties":{"name": "2776"},"geometry":{"type":"Point","coordinates":[106.569794,-8.578444]}},
{"type":"Feature","properties":{"name": "2777"},"geometry":{"type":"Point","coordinates":[106.427816,0.665087]}},
{"type":"Feature","properties":{"name": "2778"},"geometry":{"type":"Point","coordinates":[106.600552,9.887638]}},
{"type":"Feature","properties":{"name": "2779"},"geometry":{"type":"Point","coordinates":[106.871228,19.023944]}},
{"type":"Feature","properties":{"name": "2780"},"geometry":{"type":"Point","coordinates":[106.970878,28.545029]}},
{"type":"Feature","properties":{"name": "2781"},"geometry":{"type":"Point","coordinates":[108.088577,-31.043494]}},
{"type":"Feature","properties":{"name": "2782"},"geometry":{"type":"Point","coordinates":[108.333730,-21.074828]}},
{"type":"Feature","properties":{"name": "2783"},"geometry":{"type":"Point","coordinates":[107.993621,-11.871159]}},
{"type":"Feature","properties":{"name": "2784"},"geometry":{"type":"Point","coordinates":[107.755319,-2.657693]}},
{"type":"Feature","properties":{"name": "2785"},"geometry":{"type":"Point","coordinates":[107.842763,6.619861]}},
{"type":"Feature","properties":{"name": "2786"},"geometry":{"type":"Point","coordinates":[108.131218,15.801514]}},
{"type":"Feature","properties":{"name": "2787"},"geometry":{"type":"Point","coordinates":[108.395804,25.204207]}},
{"type":"Feature","properties":{"name": "2788"},"geometry":{"type":"Point","coordinates":[108.396571,-35.024393]}},
{"type":"Feature","properties":{"name": "2789"},"geometry":{"type":"Point","coordinates":[109.731651,-24.709165]}},
{"type":"Feature","properties":{"name": "2790"},"geometry":{"type":"Point","coordinates":[109.463037,-15.191229]}},
{"type":"Feature","properties":{"name": "2791"},"geometry":{"type":"Point","coordinates":[109.136347,-5.971422]}},
{"type":"Feature","properties":{"name": "2792"},"geometry":{"type":"Point","coordinates":[109.067599,3.324898]}},
{"type":"Feature","properties":{"name": "2793"},"geometry":{"type":"Point","coordinates":[109.357108,12.557389]}},
{"type":"Feature","properties":{"name": "2794"},"geometry":{"type":"Point","coordinates":[109.710817,21.891209]}},
{"type":"Feature","properties":{"name": "2795"},"geometry":{"type":"Point","coordinates":[107.991749,-38.789140]}},
{"type":"Feature","properties":{"name": "2796"},"geometry":{"type":"Point","coordinates":[110.956533,-28.580940]}},
{"type":"Feature","properties":{"name": "2797"},"geometry":{"type":"Point","coordinates":[110.962360,-18.583169]}},
{"type":"Feature","properties":{"name": "2798"},"geometry":{"type":"Point","coordinates":[110.558911,-9.289951]}},
{"type":"Feature","properties":{"name": "2799"},"geometry":{"type":"Point","coordinates":[110.284560,0.000000]}},
{"type":"Feature","properties":{"name": "2800"},"geometry":{"type":"Point","coordinates":[110.558911,9.289951]}},
{"type":"Feature","properties":{"name": "2801"},"geometry":{"type":"Point","coordinates":[110.962360,18.583169]}},
{"type":"Feature","properties":{"name": "2802"},"geometry":{"type":"Point","coordinates":[111.888044,-32.577515]}},
{"type":"Feature","properties":{"name": "2803"},"geometry":{"type":"Point","coordinates":[112.344815,-22.259349]}},
{"type":"Feature","properties":{"name": "2804"},"geometry":{"type":"Point","coordinates":[112.022092,-12.636631]}},
{"type":"Feature","properties":{"name": "2805"},"geometry":{"type":"Point","coordinates":[111.658470,-3.337539]}},
{"type":"Feature","properties":{"name": "2806"},"geometry":{"type":"Point","coordinates":[111.746073,5.997306]}},
{"type":"Feature","properties":{"name": "2807"},"geometry":{"type":"Point","coordinates":[112.149207,15.305611]}},
{"type":"Feature","properties":{"name": "2808"},"geometry":{"type":"Point","coordinates":[112.359627,25.138004]}},
{"type":"Feature","properties":{"name": "2809"},"geometry":{"type":"Point","coordinates":[112.186727,-36.516816]}},
{"type":"Feature","properties":{"name": "2810"},"geometry":{"type":"Point","coordinates":[113.654256,-26.080203]}},
{"type":"Feature","properties":{"name": "2811"},"geometry":{"type":"Point","coordinates":[113.487015,-16.088335]}},
{"type":"Feature","properties":{"name": "2812"},"geometry":{"type":"Point","coordinates":[113.071399,-6.679346]}},
{"type":"Feature","properties":{"name": "2813"},"geometry":{"type":"Point","coordinates":[112.927771,2.677303]}},
{"type":"Feature","properties":{"name": "2814"},"geometry":{"type":"Point","coordinates":[113.310529,12.015194]}},
{"type":"Feature","properties":{"name": "2815"},"geometry":{"type":"Point","coordinates":[113.633584,21.729887]}},
{"type":"Feature","properties":{"name": "2816"},"geometry":{"type":"Point","coordinates":[112.025488,-40.314036]}},
{"type":"Feature","properties":{"name": "2817"},"geometry":{"type":"Point","coordinates":[114.823754,-30.011846]}},
{"type":"Feature","properties":{"name": "2818"},"geometry":{"type":"Point","coordinates":[114.876263,-19.760178]}},
{"type":"Feature","properties":{"name": "2819"},"geometry":{"type":"Point","coordinates":[114.521417,-10.047662]}},
{"type":"Feature","properties":{"name": "2820"},"geometry":{"type":"Point","coordinates":[114.150015,-0.671809]}},
{"type":"Feature","properties":{"name": "2821"},"geometry":{"type":"Point","coordinates":[114.457640,8.707261]}},
{"type":"Feature","properties":{"name": "2822"},"geometry":{"type":"Point","coordinates":[114.836507,18.339568]}},
{"type":"Feature","properties":{"name": "2823"},"geometry":{"type":"Point","coordinates":[115.752880,-33.989036]}},
{"type":"Feature","properties":{"name": "2824"},"geometry":{"type":"Point","coordinates":[116.236082,-23.539313]}},
{"type":"Feature","properties":{"name": "2825"},"geometry":{"type":"Point","coordinates":[115.949502,-13.551814]}},
{"type":"Feature","properties":{"name": "2826"},"geometry":{"type":"Point","coordinates":[115.545776,-4.034996]}},
{"type":"Feature","properties":{"name": "2827"},"geometry":{"type":"Point","coordinates":[115.600446,5.378232]}},
{"type":"Feature","properties":{"name": "2828"},"geometry":{"type":"Point","coordinates":[115.998112,14.954798]}},
{"type":"Feature","properties":{"name": "2829"},"geometry":{"type":"Point","coordinates":[116.249135,25.004273]}},
{"type":"Feature","properties":{"name": "2830"},"geometry":{"type":"Point","coordinates":[116.130272,-37.888257]}},
{"type":"Feature","properties":{"name": "2831"},"geometry":{"type":"Point","coordinates":[117.533956,-27.407858]}},
{"type":"Feature","properties":{"name": "2832"},"geometry":{"type":"Point","coordinates":[117.340011,-17.214966]}},
{"type":"Feature","properties":{"name": "2833"},"geometry":{"type":"Point","coordinates":[116.976370,-7.421522]}},
{"type":"Feature","properties":{"name": "2834"},"geometry":{"type":"Point","coordinates":[116.748353,2.024921]}},
{"type":"Feature","properties":{"name": "2835"},"geometry":{"type":"Point","coordinates":[117.137189,11.566909]}},
{"type":"Feature","properties":{"name": "2836"},"geometry":{"type":"Point","coordinates":[117.474595,21.527347]}},
{"type":"Feature","properties":{"name": "2837"},"geometry":{"type":"Point","coordinates":[116.225617,-41.693610]}},
{"type":"Feature","properties":{"name": "2838"},"geometry":{"type":"Point","coordinates":[118.720822,-31.334049]}},
{"type":"Feature","properties":{"name": "2839"},"geometry":{"type":"Point","coordinates":[118.728819,-20.958520]}},
{"type":"Feature","properties":{"name": "2840"},"geometry":{"type":"Point","coordinates":[118.364379,-10.973466]}},
{"type":"Feature","properties":{"name": "2841"},"geometry":{"type":"Point","coordinates":[117.996320,-1.354393]}},
{"type":"Feature","properties":{"name": "2842"},"geometry":{"type":"Point","coordinates":[118.267695,8.169382]}},
{"type":"Feature","properties":{"name": "2843"},"geometry":{"type":"Point","coordinates":[118.630857,18.071467]}},
{"type":"Feature","properties":{"name": "2844"},"geometry":{"type":"Point","coordinates":[116.222866,-45.429009]}},
{"type":"Feature","properties":{"name": "2845"},"geometry":{"type":"Point","coordinates":[119.725581,-35.268904]}},
{"type":"Feature","properties":{"name": "2846"},"geometry":{"type":"Point","coordinates":[120.100923,-24.771827]}},
{"type":"Feature","properties":{"name": "2847"},"geometry":{"type":"Point","coordinates":[119.749473,-14.626394]}},
{"type":"Feature","properties":{"name": "2848"},"geometry":{"type":"Point","coordinates":[119.401345,-4.756946]}},
{"type":"Feature","properties":{"name": "2849"},"geometry":{"type":"Point","coordinates":[119.401345,4.756946]}},
{"type":"Feature","properties":{"name": "2850"},"geometry":{"type":"Point","coordinates":[119.749473,14.626394]}},
{"type":"Feature","properties":{"name": "2851"},"geometry":{"type":"Point","coordinates":[120.230790,-39.127521]}},
{"type":"Feature","properties":{"name": "2852"},"geometry":{"type":"Point","coordinates":[121.432946,-28.637137]}},
{"type":"Feature","properties":{"name": "2853"},"geometry":{"type":"Point","coordinates":[121.151650,-18.339039]}},
{"type":"Feature","properties":{"name": "2854"},"geometry":{"type":"Point","coordinates":[120.745020,-8.353973]}},
{"type":"Feature","properties":{"name": "2855"},"geometry":{"type":"Point","coordinates":[120.526523,1.363607]}},
{"type":"Feature","properties":{"name": "2856"},"geometry":{"type":"Point","coordinates":[120.851070,11.183675]}},
{"type":"Feature","properties":{"name": "2857"},"geometry":{"type":"Point","coordinates":[121.268254,21.244088]}},
{"type":"Feature","properties":{"name": "2858"},"geometry":{"type":"Point","coordinates":[120.602110,-42.922528]}},
{"type":"Feature","properties":{"name": "2859"},"geometry":{"type":"Point","coordinates":[122.689975,-32.528155]}},
{"type":"Feature","properties":{"name": "2860"},"geometry":{"type":"Point","coordinates":[122.565554,-22.104481]}},
{"type":"Feature","properties":{"name": "2861"},"geometry":{"type":"Point","coordinates":[122.117628,-11.996602]}},
{"type":"Feature","properties":{"name": "2862"},"geometry":{"type":"Point","coordinates":[121.788080,-2.092053]}},
{"type":"Feature","properties":{"name": "2863"},"geometry":{"type":"Point","coordinates":[121.950970,7.736367]}},
{"type":"Feature","properties":{"name": "2864"},"geometry":{"type":"Point","coordinates":[122.375012,17.737524]}},
{"type":"Feature","properties":{"name": "2865"},"geometry":{"type":"Point","coordinates":[120.937477,-46.663263]}},
{"type":"Feature","properties":{"name": "2866"},"geometry":{"type":"Point","coordinates":[123.768589,-36.404941]}},
{"type":"Feature","properties":{"name": "2867"},"geometry":{"type":"Point","coordinates":[123.981650,-25.911710]}},
{"type":"Feature","properties":{"name": "2868"},"geometry":{"type":"Point","coordinates":[123.520680,-15.682259]}},
{"type":"Feature","properties":{"name": "2869"},"geometry":{"type":"Point","coordinates":[123.104323,-5.694183]}},
{"type":"Feature","properties":{"name": "2870"},"geometry":{"type":"Point","coordinates":[123.061906,4.278600]}},
{"type":"Feature","properties":{"name": "2871"},"geometry":{"type":"Point","coordinates":[123.451594,14.243774]}},
{"type":"Feature","properties":{"name": "2872"},"geometry":{"type":"Point","coordinates":[124.488656,-40.222798]}},
{"type":"Feature","properties":{"name": "2873"},"geometry":{"type":"Point","coordinates":[125.384549,-29.744954]}},
{"type":"Feature","properties":{"name": "2874"},"geometry":{"type":"Point","coordinates":[124.954348,-19.406139]}},
{"type":"Feature","properties":{"name": "2875"},"geometry":{"type":"Point","coordinates":[124.457197,-9.327274]}},
{"type":"Feature","properties":{"name": "2876"},"geometry":{"type":"Point","coordinates":[124.150505,0.728130]}},
{"type":"Feature","properties":{"name": "2877"},"geometry":{"type":"Point","coordinates":[124.518759,10.755178]}},
{"type":"Feature","properties":{"name": "2878"},"geometry":{"type":"Point","coordinates":[125.030959,20.865424]}},
{"type":"Feature","properties":{"name": "2879"},"geometry":{"type":"Point","coordinates":[125.156790,-43.989949]}},
{"type":"Feature","properties":{"name": "2880"},"geometry":{"type":"Point","coordinates":[126.750772,-33.583157]}},
{"type":"Feature","properties":{"name": "2881"},"geometry":{"type":"Point","coordinates":[126.416876,-23.160824]}},
{"type":"Feature","properties":{"name": "2882"},"geometry":{"type":"Point","coordinates":[125.850484,-12.989439]}},
{"type":"Feature","properties":{"name": "2883"},"geometry":{"type":"Point","coordinates":[125.410981,-2.921624]}},
{"type":"Feature","properties":{"name": "2884"},"geometry":{"type":"Point","coordinates":[125.592293,7.264997]}},
{"type":"Feature","properties":{"name": "2885"},"geometry":{"type":"Point","coordinates":[126.085500,17.319834]}},
{"type":"Feature","properties":{"name": "2886"},"geometry":{"type":"Point","coordinates":[125.856638,-47.711232]}},
{"type":"Feature","properties":{"name": "2887"},"geometry":{"type":"Point","coordinates":[127.938752,-37.395640]}},
{"type":"Feature","properties":{"name": "2888"},"geometry":{"type":"Point","coordinates":[127.903747,-26.935935]}},
{"type":"Feature","properties":{"name": "2889"},"geometry":{"type":"Point","coordinates":[127.287530,-16.677179]}},
{"type":"Feature","properties":{"name": "2890"},"geometry":{"type":"Point","coordinates":[126.761583,-6.588261]}},
{"type":"Feature","properties":{"name": "2891"},"geometry":{"type":"Point","coordinates":[126.619759,3.662809]}},
{"type":"Feature","properties":{"name": "2892"},"geometry":{"type":"Point","coordinates":[127.120145,13.787534]}},
{"type":"Feature","properties":{"name": "2893"},"geometry":{"type":"Point","coordinates":[126.655909,-51.394838]}},
{"type":"Feature","properties":{"name": "2894"},"geometry":{"type":"Point","coordinates":[128.900384,-41.161880]}},
{"type":"Feature","properties":{"name": "2895"},"geometry":{"type":"Point","coordinates":[129.406528,-30.717872]}},
{"type":"Feature","properties":{"name": "2896"},"geometry":{"type":"Point","coordinates":[128.771001,-20.385154]}},
{"type":"Feature","properties":{"name": "2897"},"geometry":{"type":"Point","coordinates":[128.154837,-10.261623]}},
{"type":"Feature","properties":{"name": "2898"},"geometry":{"type":"Point","coordinates":[127.650118,0.000000]}},
{"type":"Feature","properties":{"name": "2899"},"geometry":{"type":"Point","coordinates":[128.154837,10.261623]}},
{"type":"Feature","properties":{"name": "2900"},"geometry":{"type":"Point","coordinates":[129.884546,-44.883050]}},
{"type":"Feature","properties":{"name": "2901"},"geometry":{"type":"Point","coordinates":[130.911300,-34.489695]}},
{"type":"Feature","properties":{"name": "2902"},"geometry":{"type":"Point","coordinates":[130.302507,-24.105988]}},
{"type":"Feature","properties":{"name": "2903"},"geometry":{"type":"Point","coordinates":[129.582178,-13.917984]}},
{"type":"Feature","properties":{"name": "2904"},"geometry":{"type":"Point","coordinates":[128.965939,-3.683756]}},
{"type":"Feature","properties":{"name": "2905"},"geometry":{"type":"Point","coordinates":[129.125288,6.624553]}},
{"type":"Feature","properties":{"name": "2906"},"geometry":{"type":"Point","coordinates":[129.772083,16.809848]}},
{"type":"Feature","properties":{"name": "2907"},"geometry":{"type":"Point","coordinates":[130.971493,-48.560292]}},
{"type":"Feature","properties":{"name": "2908"},"geometry":{"type":"Point","coordinates":[132.235014,-38.231121]}},
{"type":"Feature","properties":{"name": "2909"},"geometry":{"type":"Point","coordinates":[131.882062,-27.830105]}},
{"type":"Feature","properties":{"name": "2910"},"geometry":{"type":"Point","coordinates":[131.067983,-17.584762]}},
{"type":"Feature","properties":{"name": "2911"},"geometry":{"type":"Point","coordinates":[130.349600,-7.376839]}},
{"type":"Feature","properties":{"name": "2912"},"geometry":{"type":"Point","coordinates":[130.097765,2.955378]}},
{"type":"Feature","properties":{"name": "2913"},"geometry":{"type":"Point","coordinates":[130.755696,13.233792]}},
{"type":"Feature","properties":{"name": "2914"},"geometry":{"type":"Point","coordinates":[132.238961,-52.196585]}},
{"type":"Feature","properties":{"name": "2915"},"geometry":{"type":"Point","coordinates":[133.458069,-41.932454]}},
{"type":"Feature","properties":{"name": "2916"},"geometry":{"type":"Point","coordinates":[133.507320,-31.545674]}},
{"type":"Feature","properties":{"name": "2917"},"geometry":{"type":"Point","coordinates":[132.617253,-21.256376]}},
{"type":"Feature","properties":{"name": "2918"},"geometry":{"type":"Point","coordinates":[131.796543,-11.066799]}},
{"type":"Feature","properties":{"name": "2919"},"geometry":{"type":"Point","coordinates":[131.166489,-0.740964]}},
{"type":"Feature","properties":{"name": "2920"},"geometry":{"type":"Point","coordinates":[131.685842,9.600282]}},
{"type":"Feature","properties":{"name": "2921"},"geometry":{"type":"Point","coordinates":[134.773380,-45.588411]}},
{"type":"Feature","properties":{"name": "2922"},"geometry":{"type":"Point","coordinates":[135.172519,-35.238667]}},
{"type":"Feature","properties":{"name": "2923"},"geometry":{"type":"Point","coordinates":[134.234677,-24.925590]}},
{"type":"Feature","properties":{"name": "2924"},"geometry":{"type":"Point","coordinates":[133.304981,-14.743018]}},
{"type":"Feature","properties":{"name": "2925"},"geometry":{"type":"Point","coordinates":[132.506014,-4.453048]}},
{"type":"Feature","properties":{"name": "2926"},"geometry":{"type":"Point","coordinates":[132.600541,5.933377]}},
{"type":"Feature","properties":{"name": "2927"},"geometry":{"type":"Point","coordinates":[133.432472,16.198322]}},
{"type":"Feature","properties":{"name": "2928"},"geometry":{"type":"Point","coordinates":[136.263267,-49.196402]}},
{"type":"Feature","properties":{"name": "2929"},"geometry":{"type":"Point","coordinates":[136.651048,-38.901162]}},
{"type":"Feature","properties":{"name": "2930"},"geometry":{"type":"Point","coordinates":[135.924306,-28.583460]}},
{"type":"Feature","properties":{"name": "2931"},"geometry":{"type":"Point","coordinates":[134.875730,-18.396646]}},
{"type":"Feature","properties":{"name": "2932"},"geometry":{"type":"Point","coordinates":[133.937160,-8.164496]}},
{"type":"Feature","properties":{"name": "2933"},"geometry":{"type":"Point","coordinates":[133.543269,2.233284]}},
{"type":"Feature","properties":{"name": "2934"},"geometry":{"type":"Point","coordinates":[134.320793,12.574147]}},
{"type":"Feature","properties":{"name": "2935"},"geometry":{"type":"Point","coordinates":[138.022243,-52.727006]}},
{"type":"Feature","properties":{"name": "2936"},"geometry":{"type":"Point","coordinates":[138.149038,-42.522451]}},
{"type":"Feature","properties":{"name": "2937"},"geometry":{"type":"Point","coordinates":[137.689082,-32.219349]}},
{"type":"Feature","properties":{"name": "2938"},"geometry":{"type":"Point","coordinates":[136.512151,-22.020473]}},
{"type":"Feature","properties":{"name": "2939"},"geometry":{"type":"Point","coordinates":[135.452979,-11.860039]}},
{"type":"Feature","properties":{"name": "2940"},"geometry":{"type":"Point","coordinates":[134.662690,-1.492426]}},
{"type":"Feature","properties":{"name": "2941"},"geometry":{"type":"Point","coordinates":[135.178090,8.918005]}},
{"type":"Feature","properties":{"name": "2942"},"geometry":{"type":"Point","coordinates":[140.056397,-56.232580]}},
{"type":"Feature","properties":{"name": "2943"},"geometry":{"type":"Point","coordinates":[139.804381,-46.092891]}},
{"type":"Feature","properties":{"name": "2944"},"geometry":{"type":"Point","coordinates":[139.530172,-35.821064]}},
{"type":"Feature","properties":{"name": "2945"},"geometry":{"type":"Point","coordinates":[138.220190,-25.608744]}},
{"type":"Feature","properties":{"name": "2946"},"geometry":{"type":"Point","coordinates":[137.049935,-15.526986]}},
{"type":"Feature","properties":{"name": "2947"},"geometry":{"type":"Point","coordinates":[136.041069,-5.225994]}},
{"type":"Feature","properties":{"name": "2948"},"geometry":{"type":"Point","coordinates":[136.041069,5.225994]}},
{"type":"Feature","properties":{"name": "2949"},"geometry":{"type":"Point","coordinates":[141.734992,-49.524658]}},
{"type":"Feature","properties":{"name": "2950"},"geometry":{"type":"Point","coordinates":[141.176102,-39.395665]}},
{"type":"Feature","properties":{"name": "2951"},"geometry":{"type":"Point","coordinates":[140.033052,-29.186928]}},
{"type":"Feature","properties":{"name": "2952"},"geometry":{"type":"Point","coordinates":[138.727675,-19.155060]}},
{"type":"Feature","properties":{"name": "2953"},"geometry":{"type":"Point","coordinates":[137.536335,-8.945423]}},
{"type":"Feature","properties":{"name": "2954"},"geometry":{"type":"Point","coordinates":[136.962071,1.498658]}},
{"type":"Feature","properties":{"name": "2955"},"geometry":{"type":"Point","coordinates":[137.850384,11.889287]}},
{"type":"Feature","properties":{"name": "2956"},"geometry":{"type":"Point","coordinates":[143.907796,-52.933792]}},
{"type":"Feature","properties":{"name": "2957"},"geometry":{"type":"Point","coordinates":[142.975666,-42.886624]}},
{"type":"Feature","properties":{"name": "2958"},"geometry":{"type":"Point","coordinates":[141.949300,-32.730478]}},
{"type":"Feature","properties":{"name": "2959"},"geometry":{"type":"Point","coordinates":[140.488895,-22.736144]}},
{"type":"Feature","properties":{"name": "2960"},"geometry":{"type":"Point","coordinates":[139.138002,-12.631933]}},
{"type":"Feature","properties":{"name": "2961"},"geometry":{"type":"Point","coordinates":[138.147401,-2.251719]}},
{"type":"Feature","properties":{"name": "2962"},"geometry":{"type":"Point","coordinates":[138.636929,8.217008]}},
{"type":"Feature","properties":{"name": "2963"},"geometry":{"type":"Point","coordinates":[146.420286,-56.317983]}},
{"type":"Feature","properties":{"name": "2964"},"geometry":{"type":"Point","coordinates":[145.012068,-46.233613]}},
{"type":"Feature","properties":{"name": "2965"},"geometry":{"type":"Point","coordinates":[143.920892,-36.233219]}},
{"type":"Feature","properties":{"name": "2966"},"geometry":{"type":"Point","coordinates":[142.339320,-26.263969]}},
{"type":"Feature","properties":{"name": "2967"},"geometry":{"type":"Point","coordinates":[140.839781,-16.270512]}},
{"type":"Feature","properties":{"name": "2968"},"geometry":{"type":"Point","coordinates":[139.582912,-5.997867]}},
{"type":"Feature","properties":{"name": "2969"},"geometry":{"type":"Point","coordinates":[139.451600,4.504660]}},
{"type":"Feature","properties":{"name": "2970"},"geometry":{"type":"Point","coordinates":[147.265480,-49.546515]}},
{"type":"Feature","properties":{"name": "2971"},"geometry":{"type":"Point","coordinates":[145.836312,-39.625508]}},
{"type":"Feature","properties":{"name": "2972"},"geometry":{"type":"Point","coordinates":[144.287832,-29.733767]}},
{"type":"Feature","properties":{"name": "2973"},"geometry":{"type":"Point","coordinates":[142.639230,-19.849551]}},
{"type":"Feature","properties":{"name": "2974"},"geometry":{"type":"Point","coordinates":[141.161766,-9.710898]}},
{"type":"Feature","properties":{"name": "2975"},"geometry":{"type":"Point","coordinates":[140.360499,0.753549]}},
{"type":"Feature","properties":{"name": "2976"},"geometry":{"type":"Point","coordinates":[141.351380,11.180210]}},
{"type":"Feature","properties":{"name": "2977"},"geometry":{"type":"Point","coordinates":[149.809955,-52.823312]}},
{"type":"Feature","properties":{"name": "2978"},"geometry":{"type":"Point","coordinates":[147.945556,-42.891184]}},
{"type":"Feature","properties":{"name": "2979"},"geometry":{"type":"Point","coordinates":[146.346750,-33.141898]}},
{"type":"Feature","properties":{"name": "2980"},"geometry":{"type":"Point","coordinates":[144.537489,-23.360368]}},
{"type":"Feature","properties":{"name": "2981"},"geometry":{"type":"Point","coordinates":[142.868107,-13.367857]}},
{"type":"Feature","properties":{"name": "2982"},"geometry":{"type":"Point","coordinates":[141.631251,-3.015528]}},
{"type":"Feature","properties":{"name": "2983"},"geometry":{"type":"Point","coordinates":[142.067925,7.499186]}},
{"type":"Feature","properties":{"name": "2984"},"geometry":{"type":"Point","coordinates":[152.752041,-56.057883]}},
{"type":"Feature","properties":{"name": "2985"},"geometry":{"type":"Point","coordinates":[150.246315,-46.111553]}},
{"type":"Feature","properties":{"name": "2986"},"geometry":{"type":"Point","coordinates":[148.482665,-36.375381]}},
{"type":"Feature","properties":{"name": "2987"},"geometry":{"type":"Point","coordinates":[146.539132,-26.796681]}},
{"type":"Feature","properties":{"name": "2988"},"geometry":{"type":"Point","coordinates":[144.691331,-16.951481]}},
{"type":"Feature","properties":{"name": "2989"},"geometry":{"type":"Point","coordinates":[143.146657,-6.761357]}},
{"type":"Feature","properties":{"name": "2990"},"geometry":{"type":"Point","coordinates":[142.836699,3.771539]}},
{"type":"Feature","properties":{"name": "2991"},"geometry":{"type":"Point","coordinates":[156.251389,-59.236018]}},
{"type":"Feature","properties":{"name": "2992"},"geometry":{"type":"Point","coordinates":[152.794262,-49.284545]}},
{"type":"Feature","properties":{"name": "2993"},"geometry":{"type":"Point","coordinates":[150.610411,-39.531978]}},
{"type":"Feature","properties":{"name": "2994"},"geometry":{"type":"Point","coordinates":[148.652146,-30.154059]}},
{"type":"Feature","properties":{"name": "2995"},"geometry":{"type":"Point","coordinates":[146.625548,-20.449420]}},
{"type":"Feature","properties":{"name": "2996"},"geometry":{"type":"Point","coordinates":[144.832015,-10.446435]}},
{"type":"Feature","properties":{"name": "2997"},"geometry":{"type":"Point","coordinates":[143.746311,0.000000]}},
{"type":"Feature","properties":{"name": "2998"},"geometry":{"type":"Point","coordinates":[155.664790,-52.405435]}},
{"type":"Feature","properties":{"name": "2999"},"geometry":{"type":"Point","coordinates":[152.941825,-42.667148]}},
{"type":"Feature","properties":{"name": "3000"},"geometry":{"type":"Point","coordinates":[150.959294,-33.267770]}},
{"type":"Feature","properties":{"name": "3001"},"geometry":{"type":"Point","coordinates":[148.669101,-23.853348]}},
{"type":"Feature","properties":{"name": "3002"},"geometry":{"type":"Point","coordinates":[146.663150,-14.043350]}},
{"type":"Feature","properties":{"name": "3003"},"geometry":{"type":"Point","coordinates":[145.128593,-3.778852]}},
{"type":"Feature","properties":{"name": "3004"},"geometry":{"type":"Point","coordinates":[145.477274,6.765901]}},
{"type":"Feature","properties":{"name": "3005"},"geometry":{"type":"Point","coordinates":[158.963887,-55.464967]}},
{"type":"Feature","properties":{"name": "3006"},"geometry":{"type":"Point","coordinates":[155.484021,-45.743775]}},
{"type":"Feature","properties":{"name": "3007"},"geometry":{"type":"Point","coordinates":[153.243814,-36.343524]}},
{"type":"Feature","properties":{"name": "3008"},"geometry":{"type":"Point","coordinates":[150.841017,-27.116928]}},
{"type":"Feature","properties":{"name": "3009"},"geometry":{"type":"Point","coordinates":[148.622843,-17.533506]}},
{"type":"Feature","properties":{"name": "3010"},"geometry":{"type":"Point","coordinates":[146.753057,-7.503300]}},
{"type":"Feature","properties":{"name": "3011"},"geometry":{"type":"Point","coordinates":[146.200797,3.028712]}},
{"type":"Feature","properties":{"name": "3012"},"geometry":{"type":"Point","coordinates":[162.847210,-58.445093]}},
{"type":"Feature","properties":{"name": "3013"},"geometry":{"type":"Point","coordinates":[158.290503,-48.757353]}},
{"type":"Feature","properties":{"name": "3014"},"geometry":{"type":"Point","coordinates":[155.575445,-39.371717]}},
{"type":"Feature","properties":{"name": "3015"},"geometry":{"type":"Point","coordinates":[153.176228,-30.165839]}},
{"type":"Feature","properties":{"name": "3016"},"geometry":{"type":"Point","coordinates":[150.699958,-20.905459]}},
{"type":"Feature","properties":{"name": "3017"},"geometry":{"type":"Point","coordinates":[148.571303,-11.125368]}},
{"type":"Feature","properties":{"name": "3018"},"geometry":{"type":"Point","coordinates":[147.173423,-0.759680]}},
{"type":"Feature","properties":{"name": "3019"},"geometry":{"type":"Point","coordinates":[161.431268,-51.700684]}},
{"type":"Feature","properties":{"name": "3020"},"geometry":{"type":"Point","coordinates":[158.086145,-42.332241]}},
{"type":"Feature","properties":{"name": "3021"},"geometry":{"type":"Point","coordinates":[155.625814,-33.150818]}},
{"type":"Feature","properties":{"name": "3022"},"geometry":{"type":"Point","coordinates":[152.919629,-24.072184]}},
{"type":"Feature","properties":{"name": "3023"},"geometry":{"type":"Point","coordinates":[150.546249,-14.614331]}},
{"type":"Feature","properties":{"name": "3024"},"geometry":{"type":"Point","coordinates":[148.661215,-4.531992]}},
{"type":"Feature","properties":{"name": "3025"},"geometry":{"type":"Point","coordinates":[148.872770,6.017333]}},
{"type":"Feature","properties":{"name": "3026"},"geometry":{"type":"Point","coordinates":[165.001407,-54.562450]}},
{"type":"Feature","properties":{"name": "3027"},"geometry":{"type":"Point","coordinates":[160.813715,-45.220162]}},
{"type":"Feature","properties":{"name": "3028"},"geometry":{"type":"Point","coordinates":[158.036678,-36.113382]}},
{"type":"Feature","properties":{"name": "3029"},"geometry":{"type":"Point","coordinates":[155.272616,-27.055338]}},
{"type":"Feature","properties":{"name": "3030"},"geometry":{"type":"Point","coordinates":[152.651041,-17.953267]}},
{"type":"Feature","properties":{"name": "3031"},"geometry":{"type":"Point","coordinates":[150.432418,-8.195990]}},
{"type":"Feature","properties":{"name": "3032"},"geometry":{"type":"Point","coordinates":[149.548217,2.278196]}},
{"type":"Feature","properties":{"name": "3033"},"geometry":{"type":"Point","coordinates":[169.137461,-57.323851]}},
{"type":"Feature","properties":{"name": "3034"},"geometry":{"type":"Point","coordinates":[163.803902,-48.028507]}},
{"type":"Feature","properties":{"name": "3035"},"geometry":{"type":"Point","coordinates":[160.566944,-39.009948]}},
{"type":"Feature","properties":{"name": "3036"},"geometry":{"type":"Point","coordinates":[157.725345,-29.971726]}},
{"type":"Feature","properties":{"name": "3037"},"geometry":{"type":"Point","coordinates":[154.910263,-21.018047]}},
{"type":"Feature","properties":{"name": "3038"},"geometry":{"type":"Point","coordinates":[152.410695,-11.693087]}},
{"type":"Feature","properties":{"name": "3039"},"geometry":{"type":"Point","coordinates":[150.616231,-1.521589]}},
{"type":"Feature","properties":{"name": "3040"},"geometry":{"type":"Point","coordinates":[174.053622,-59.947960]}},
{"type":"Feature","properties":{"name": "3041"},"geometry":{"type":"Point","coordinates":[167.113325,-50.747969]}},
{"type":"Feature","properties":{"name": "3042"},"geometry":{"type":"Point","coordinates":[163.289701,-41.826257]}},
{"type":"Feature","properties":{"name": "3043"},"geometry":{"type":"Point","coordinates":[160.289499,-32.841841]}},
{"type":"Feature","properties":{"name": "3044"},"geometry":{"type":"Point","coordinates":[157.272778,-23.933345]}},
{"type":"Feature","properties":{"name": "3045"},"geometry":{"type":"Point","coordinates":[154.539688,-14.994939]}},
{"type":"Feature","properties":{"name": "3046"},"geometry":{"type":"Point","coordinates":[152.266592,-5.250128]}},
{"type":"Feature","properties":{"name": "3047"},"geometry":{"type":"Point","coordinates":[170.873540,-53.391010]}},
{"type":"Feature","properties":{"name": "3048"},"geometry":{"type":"Point","coordinates":[166.239803,-44.554928]}},
{"type":"Feature","properties":{"name": "3049"},"geometry":{"type":"Point","coordinates":[162.834454,-35.690191]}},
{"type":"Feature","properties":{"name": "3050"},"geometry":{"type":"Point","coordinates":[159.719845,-26.781507]}},
{"type":"Feature","properties":{"name": "3051"},"geometry":{"type":"Point","coordinates":[156.832044,-17.949896]}},
{"type":"Feature","properties":{"name": "3052"},"geometry":{"type":"Point","coordinates":[154.229613,-8.770586]}},
{"type":"Feature","properties":{"name": "3053"},"geometry":{"type":"Point","coordinates":[152.883198,1.521957]}},
{"type":"Feature","properties":{"name": "3054"},"geometry":{"type":"Point","coordinates":[175.135629,-55.912323]}},
{"type":"Feature","properties":{"name": "3055"},"geometry":{"type":"Point","coordinates":[169.457044,-47.186050]}},
{"type":"Feature","properties":{"name": "3056"},"geometry":{"type":"Point","coordinates":[165.554001,-38.454212]}},
{"type":"Feature","properties":{"name": "3057"},"geometry":{"type":"Point","coordinates":[162.262326,-29.584438]}},
{"type":"Feature","properties":{"name": "3058"},"geometry":{"type":"Point","coordinates":[159.196654,-20.793917]}},
{"type":"Feature","properties":{"name": "3059"},"geometry":{"type":"Point","coordinates":[156.395815,-11.984178]}},
{"type":"Feature","properties":{"name": "3060"},"geometry":{"type":"Point","coordinates":[154.112573,-2.273227]}},
{"type":"Feature","properties":{"name": "3061"},"geometry":{"type":"Point","coordinates":[-179.940311,-58.285773]}},
{"type":"Feature","properties":{"name": "3062"},"geometry":{"type":"Point","coordinates":[172.986403,-49.706656]}},
{"type":"Feature","properties":{"name": "3063"},"geometry":{"type":"Point","coordinates":[168.477534,-41.127443]}},
{"type":"Feature","properties":{"name": "3064"},"geometry":{"type":"Point","coordinates":[164.899659,-32.357676]}},
{"type":"Feature","properties":{"name": "3065"},"geometry":{"type":"Point","coordinates":[161.630309,-23.573860]}},
{"type":"Feature","properties":{"name": "3066"},"geometry":{"type":"Point","coordinates":[158.701251,-14.858511]}},
{"type":"Feature","properties":{"name": "3067"},"geometry":{"type":"Point","coordinates":[156.015308,-5.847364]}},
{"type":"Feature","properties":{"name": "3068"},"geometry":{"type":"Point","coordinates":[176.877700,-52.100105]}},
{"type":"Feature","properties":{"name": "3069"},"geometry":{"type":"Point","coordinates":[171.638083,-43.701522]}},
{"type":"Feature","properties":{"name": "3070"},"geometry":{"type":"Point","coordinates":[167.610820,-35.083156]}},
{"type":"Feature","properties":{"name": "3071"},"geometry":{"type":"Point","coordinates":[164.144335,-26.312166]}},
{"type":"Feature","properties":{"name": "3072"},"geometry":{"type":"Point","coordinates":[161.059894,-17.626671]}},
{"type":"Feature","properties":{"name": "3073"},"geometry":{"type":"Point","coordinates":[158.220172,-8.949222]}},
{"type":"Feature","properties":{"name": "3074"},"geometry":{"type":"Point","coordinates":[156.209922,0.761924]}},
{"type":"Feature","properties":{"name": "3075"},"geometry":{"type":"Point","coordinates":[-178.815845,-54.345414]}},
{"type":"Feature","properties":{"name": "3076"},"geometry":{"type":"Point","coordinates":[175.072774,-46.166130]}},
{"type":"Feature","properties":{"name": "3077"},"geometry":{"type":"Point","coordinates":[170.506667,-37.717088]}},
{"type":"Feature","properties":{"name": "3078"},"geometry":{"type":"Point","coordinates":[166.756352,-29.019636]}},
{"type":"Feature","properties":{"name": "3079"},"geometry":{"type":"Point","coordinates":[163.472374,-20.338675]}},
{"type":"Feature","properties":{"name": "3080"},"geometry":{"type":"Point","coordinates":[160.530225,-11.725856]}},
{"type":"Feature","properties":{"name": "3081"},"geometry":{"type":"Point","coordinates":[157.779284,-2.923762]}},
{"type":"Feature","properties":{"name": "3082"},"geometry":{"type":"Point","coordinates":[-174.040886,-56.416644]}},
{"type":"Feature","properties":{"name": "3083"},"geometry":{"type":"Point","coordinates":[178.823594,-48.509430]}},
{"type":"Feature","properties":{"name": "3084"},"geometry":{"type":"Point","coordinates":[173.615755,-40.253268]}},
{"type":"Feature","properties":{"name": "3085"},"geometry":{"type":"Point","coordinates":[169.476971,-31.699557]}},
{"type":"Feature","properties":{"name": "3086"},"geometry":{"type":"Point","coordinates":[165.951793,-23.015640]}},
{"type":"Feature","properties":{"name": "3087"},"geometry":{"type":"Point","coordinates":[162.872290,-14.413843]}},
{"type":"Feature","properties":{"name": "3088"},"geometry":{"type":"Point","coordinates":[160.025459,-5.855415]}},
{"type":"Feature","properties":{"name": "3089"},"geometry":{"type":"Point","coordinates":[159.532526,0.000000]}},
{"type":"Feature","properties":{"name": "3090"},"geometry":{"type":"Point","coordinates":[162.320636,8.514304]}},
{"type":"Feature","properties":{"name": "3091"},"geometry":{"type":"Point","coordinates":[165.255063,17.060168]}},
{"type":"Feature","properties":{"name": "3092"},"geometry":{"type":"Point","coordinates":[168.515483,25.666686]}},
{"type":"Feature","properties":{"name": "3093"},"geometry":{"type":"Point","coordinates":[172.340998,34.305716]}},
{"type":"Feature","properties":{"name": "3094"},"geometry":{"type":"Point","coordinates":[176.970207,42.684857]}},
{"type":"Feature","properties":{"name": "3095"},"geometry":{"type":"Point","coordinates":[-177.060189,50.720526]}},
{"type":"Feature","properties":{"name": "3096"},"geometry":{"type":"Point","coordinates":[162.584720,5.023546]}},
{"type":"Feature","properties":{"name": "3097"},"geometry":{"type":"Point","coordinates":[165.476461,13.565001]}},
{"type":"Feature","properties":{"name": "3098"},"geometry":{"type":"Point","coordinates":[168.636404,22.135390]}},
{"type":"Feature","properties":{"name": "3099"},"geometry":{"type":"Point","coordinates":[172.306224,30.762026]}},
{"type":"Feature","properties":{"name": "3100"},"geometry":{"type":"Point","coordinates":[176.762056,39.191745]}},
{"type":"Feature","properties":{"name": "3101"},"geometry":{"type":"Point","coordinates":[-177.638644,47.277909]}},
{"type":"Feature","properties":{"name": "3102"},"geometry":{"type":"Point","coordinates":[-170.076890,54.952698]}},
{"type":"Feature","properties":{"name": "3103"},"geometry":{"type":"Point","coordinates":[162.669077,1.335440]}},
{"type":"Feature","properties":{"name": "3104"},"geometry":{"type":"Point","coordinates":[165.692652,10.045893]}},
{"type":"Feature","properties":{"name": "3105"},"geometry":{"type":"Point","coordinates":[168.772298,18.605922]}},
{"type":"Feature","properties":{"name": "3106"},"geometry":{"type":"Point","coordinates":[172.275205,27.199739]}},
{"type":"Feature","properties":{"name": "3107"},"geometry":{"type":"Point","coordinates":[176.555101,35.692834]}},
{"type":"Feature","properties":{"name": "3108"},"geometry":{"type":"Point","coordinates":[-178.150809,43.840145]}},
{"type":"Feature","properties":{"name": "3109"},"geometry":{"type":"Point","coordinates":[-171.201107,51.607673]}},
{"type":"Feature","properties":{"name": "3110"},"geometry":{"type":"Point","coordinates":[161.773814,-2.568963]}},
{"type":"Feature","properties":{"name": "3111"},"geometry":{"type":"Point","coordinates":[165.873226,6.462439]}},
{"type":"Feature","properties":{"name": "3112"},"geometry":{"type":"Point","coordinates":[168.915992,15.064890]}},
{"type":"Feature","properties":{"name": "3113"},"geometry":{"type":"Point","coordinates":[172.286030,23.638836]}},
{"type":"Feature","properties":{"name": "3114"},"geometry":{"type":"Point","coordinates":[176.344956,32.180408]}},
{"type":"Feature","properties":{"name": "3115"},"geometry":{"type":"Point","coordinates":[-178.617444,40.395981]}},
{"type":"Feature","properties":{"name": "3116"},"geometry":{"type":"Point","coordinates":[-172.172283,48.247416]}},
{"type":"Feature","properties":{"name": "3117"},"geometry":{"type":"Point","coordinates":[165.811818,2.668053]}},
{"type":"Feature","properties":{"name": "3118"},"geometry":{"type":"Point","coordinates":[169.052262,11.491128]}},
{"type":"Feature","properties":{"name": "3119"},"geometry":{"type":"Point","coordinates":[172.322794,20.076300]}},
{"type":"Feature","properties":{"name": "3120"},"geometry":{"type":"Point","coordinates":[176.128928,28.648247]}},
{"type":"Feature","properties":{"name": "3121"},"geometry":{"type":"Point","coordinates":[-179.050728,36.938758]}},
{"type":"Feature","properties":{"name": "3122"},"geometry":{"type":"Point","coordinates":[-173.025608,44.870958]}},
{"type":"Feature","properties":{"name": "3123"},"geometry":{"type":"Point","coordinates":[-164.988126,52.803076]}},
{"type":"Feature","properties":{"name": "3124"},"geometry":{"type":"Point","coordinates":[165.254264,-1.340041]}},
{"type":"Feature","properties":{"name": "3125"},"geometry":{"type":"Point","coordinates":[169.141022,7.846741]}},
{"type":"Feature","properties":{"name": "3126"},"geometry":{"type":"Point","coordinates":[172.373884,16.498252]}},
{"type":"Feature","properties":{"name": "3127"},"geometry":{"type":"Point","coordinates":[175.995065,25.072236]}},
{"type":"Feature","properties":{"name": "3128"},"geometry":{"type":"Point","coordinates":[-179.459136,33.463427]}},
{"type":"Feature","properties":{"name": "3129"},"geometry":{"type":"Point","coordinates":[-173.786768,41.476674]}},
{"type":"Feature","properties":{"name": "3130"},"geometry":{"type":"Point","coordinates":[-166.414230,49.342693]}},
{"type":"Feature","properties":{"name": "3131"},"geometry":{"type":"Point","coordinates":[164.026135,-5.136255]}},
{"type":"Feature","properties":{"name": "3132"},"geometry":{"type":"Point","coordinates":[168.966964,3.994981]}},
{"type":"Feature","properties":{"name": "3133"},"geometry":{"type":"Point","coordinates":[172.419192,12.884217]}},
{"type":"Feature","properties":{"name": "3134"},"geometry":{"type":"Point","coordinates":[175.917456,21.484532]}},
{"type":"Feature","properties":{"name": "3135"},"geometry":{"type":"Point","coordinates":[-179.849110,29.965522]}},
{"type":"Feature","properties":{"name": "3136"},"geometry":{"type":"Point","coordinates":[-174.475000,38.062448]}},
{"type":"Feature","properties":{"name": "3137"},"geometry":{"type":"Point","coordinates":[-167.657977,45.918222]}},
{"type":"Feature","properties":{"name": "3138"},"geometry":{"type":"Point","coordinates":[162.320636,-8.514304]}},
{"type":"Feature","properties":{"name": "3139"},"geometry":{"type":"Point","coordinates":[168.488508,0.000000]}},
{"type":"Feature","properties":{"name": "3140"},"geometry":{"type":"Point","coordinates":[172.415536,9.201454]}},
{"type":"Feature","properties":{"name": "3141"},"geometry":{"type":"Point","coordinates":[175.863489,17.879331]}},
{"type":"Feature","properties":{"name": "3142"},"geometry":{"type":"Point","coordinates":[179.774158,26.440736]}},
{"type":"Feature","properties":{"name": "3143"},"geometry":{"type":"Point","coordinates":[-175.105070,34.625758]}},
{"type":"Feature","properties":{"name": "3144"},"geometry":{"type":"Point","coordinates":[-168.750000,42.496311]}},
{"type":"Feature","properties":{"name": "3145"},"geometry":{"type":"Point","coordinates":[167.655417,-3.990276]}},
{"type":"Feature","properties":{"name": "3146"},"geometry":{"type":"Point","coordinates":[172.140784,5.313301]}},
{"type":"Feature","properties":{"name": "3147"},"geometry":{"type":"Point","coordinates":[175.809661,14.237848]}},
{"type":"Feature","properties":{"name": "3148"},"geometry":{"type":"Point","coordinates":[179.567714,22.836646]}},
{"type":"Feature","properties":{"name": "3149"},"geometry":{"type":"Point","coordinates":[-175.688570,31.163729]}},
{"type":"Feature","properties":{"name": "3150"},"geometry":{"type":"Point","coordinates":[-169.721118,39.106471]}},
{"type":"Feature","properties":{"name": "3151"},"geometry":{"type":"Point","coordinates":[-162.069557,47.216681]}},
{"type":"Feature","properties":{"name": "3152"},"geometry":{"type":"Point","coordinates":[166.300711,-7.700130]}},
{"type":"Feature","properties":{"name": "3153"},"geometry":{"type":"Point","coordinates":[171.684115,1.336180]}},
{"type":"Feature","properties":{"name": "3154"},"geometry":{"type":"Point","coordinates":[175.676755,10.508152]}},
{"type":"Feature","properties":{"name": "3155"},"geometry":{"type":"Point","coordinates":[179.397298,19.214083]}},
{"type":"Feature","properties":{"name": "3156"},"geometry":{"type":"Point","coordinates":[-176.234818,27.673143]}},
{"type":"Feature","properties":{"name": "3157"},"geometry":{"type":"Point","coordinates":[-170.595510,35.697983]}},
{"type":"Feature","properties":{"name": "3158"},"geometry":{"type":"Point","coordinates":[-163.514499,43.758927]}},
{"type":"Feature","properties":{"name": "3159"},"geometry":{"type":"Point","coordinates":[164.631545,-11.124178]}},
{"type":"Feature","properties":{"name": "3160"},"geometry":{"type":"Point","coordinates":[170.997370,-2.670194]}},
{"type":"Feature","properties":{"name": "3161"},"geometry":{"type":"Point","coordinates":[175.339621,6.619996]}},
{"type":"Feature","properties":{"name": "3162"},"geometry":{"type":"Point","coordinates":[179.236820,15.556278]}},
{"type":"Feature","properties":{"name": "3163"},"geometry":{"type":"Point","coordinates":[-176.715180,24.134366]}},
{"type":"Feature","properties":{"name": "3164"},"geometry":{"type":"Point","coordinates":[-171.391390,32.265768]}},
{"type":"Feature","properties":{"name": "3165"},"geometry":{"type":"Point","coordinates":[-164.793957,40.313808]}},
{"type":"Feature","properties":{"name": "3166"},"geometry":{"type":"Point","coordinates":[170.027448,-6.607722]}},
{"type":"Feature","properties":{"name": "3167"},"geometry":{"type":"Point","coordinates":[174.878195,2.661842]}},
{"type":"Feature","properties":{"name": "3168"},"geometry":{"type":"Point","coordinates":[178.971754,11.792472]}},
{"type":"Feature","properties":{"name": "3169"},"geometry":{"type":"Point","coordinates":[-177.013174,20.504026]}},
{"type":"Feature","properties":{"name": "3170"},"geometry":{"type":"Point","coordinates":[-172.123179,28.805797]}},
{"type":"Feature","properties":{"name": "3171"},"geometry":{"type":"Point","coordinates":[-165.935154,36.864195]}},
{"type":"Feature","properties":{"name": "3172"},"geometry":{"type":"Point","coordinates":[-158.106833,45.005950]}},
{"type":"Feature","properties":{"name": "3173"},"geometry":{"type":"Point","coordinates":[168.609139,-10.258690]}},
{"type":"Feature","properties":{"name": "3174"},"geometry":{"type":"Point","coordinates":[174.261389,-1.332828]}},
{"type":"Feature","properties":{"name": "3175"},"geometry":{"type":"Point","coordinates":[178.569927,7.911918]}},
{"type":"Feature","properties":{"name": "3176"},"geometry":{"type":"Point","coordinates":[-177.288068,16.839825]}},
{"type":"Feature","properties":{"name": "3177"},"geometry":{"type":"Point","coordinates":[-172.802506,25.314273]}},
{"type":"Feature","properties":{"name": "3178"},"geometry":{"type":"Point","coordinates":[-166.962253,33.399869]}},
{"type":"Feature","properties":{"name": "3179"},"geometry":{"type":"Point","coordinates":[-159.700052,41.540152]}},
{"type":"Feature","properties":{"name": "3180"},"geometry":{"type":"Point","coordinates":[166.976222,-13.713475]}},
{"type":"Feature","properties":{"name": "3181"},"geometry":{"type":"Point","coordinates":[173.453427,-5.311974]}},
{"type":"Feature","properties":{"name": "3182"},"geometry":{"type":"Point","coordinates":[178.086683,3.974283]}},
{"type":"Feature","properties":{"name": "3183"},"geometry":{"type":"Point","coordinates":[-177.690068,13.052713]}},
{"type":"Feature","properties":{"name": "3184"},"geometry":{"type":"Point","coordinates":[-173.357162,21.748014]}},
{"type":"Feature","properties":{"name": "3185"},"geometry":{"type":"Point","coordinates":[-167.895143,29.913732]}},
{"type":"Feature","properties":{"name": "3186"},"geometry":{"type":"Point","coordinates":[-161.121110,38.085336]}},
{"type":"Feature","properties":{"name": "3187"},"geometry":{"type":"Point","coordinates":[165.255063,-17.060168]}},
{"type":"Feature","properties":{"name": "3188"},"geometry":{"type":"Point","coordinates":[172.415536,-9.201454]}},
{"type":"Feature","properties":{"name": "3189"},"geometry":{"type":"Point","coordinates":[177.499790,0.000000]}},
{"type":"Feature","properties":{"name": "3190"},"geometry":{"type":"Point","coordinates":[-178.161724,9.185751]}},
{"type":"Feature","properties":{"name": "3191"},"geometry":{"type":"Point","coordinates":[-173.754829,18.086655]}},
{"type":"Feature","properties":{"name": "3192"},"geometry":{"type":"Point","coordinates":[-168.750000,26.400118]}},
{"type":"Feature","properties":{"name": "3193"},"geometry":{"type":"Point","coordinates":[-162.394930,34.625758]}},
{"type":"Feature","properties":{"name": "3194"},"geometry":{"type":"Point","coordinates":[170.963595,-12.809799]}},
{"type":"Feature","properties":{"name": "3195"},"geometry":{"type":"Point","coordinates":[176.783517,-3.980378]}},
{"type":"Feature","properties":{"name": "3196"},"geometry":{"type":"Point","coordinates":[-178.680049,5.270850]}},
{"type":"Feature","properties":{"name": "3197"},"geometry":{"type":"Point","coordinates":[-174.300384,14.285925]}},
{"type":"Feature","properties":{"name": "3198"},"geometry":{"type":"Point","coordinates":[-169.540422,22.898551]}},
{"type":"Feature","properties":{"name": "3199"},"geometry":{"type":"Point","coordinates":[-163.544742,31.151093]}},
{"type":"Feature","properties":{"name": "3200"},"geometry":{"type":"Point","coordinates":[-156.173009,39.228436]}},
{"type":"Feature","properties":{"name": "3201"},"geometry":{"type":"Point","coordinates":[169.370833,-16.288958]}},
{"type":"Feature","properties":{"name": "3202"},"geometry":{"type":"Point","coordinates":[175.908733,-7.924167]}},
{"type":"Feature","properties":{"name": "3203"},"geometry":{"type":"Point","coordinates":[-179.262481,1.321172]}},
{"type":"Feature","properties":{"name": "3204"},"geometry":{"type":"Point","coordinates":[-174.848602,10.437981]}},
{"type":"Feature","properties":{"name": "3205"},"geometry":{"type":"Point","coordinates":[-170.194563,19.270849]}},
{"type":"Feature","properties":{"name": "3206"},"geometry":{"type":"Point","coordinates":[-164.590387,27.653764]}},
{"type":"Feature","properties":{"name": "3207"},"geometry":{"type":"Point","coordinates":[-157.700412,35.776331]}},
{"type":"Feature","properties":{"name": "3208"},"geometry":{"type":"Point","coordinates":[167.694109,-19.681198]}},
{"type":"Feature","properties":{"name": "3209"},"geometry":{"type":"Point","coordinates":[174.807616,-11.750778]}},
{"type":"Feature","properties":{"name": "3210"},"geometry":{"type":"Point","coordinates":[-179.928803,-2.644129]}},
{"type":"Feature","properties":{"name": "3211"},"geometry":{"type":"Point","coordinates":[-175.413533,6.548615]}},
{"type":"Feature","properties":{"name": "3212"},"geometry":{"type":"Point","coordinates":[-170.851262,15.488432]}},
{"type":"Feature","properties":{"name": "3213"},"geometry":{"type":"Point","coordinates":[-165.548424,24.127577]}},
{"type":"Feature","properties":{"name": "3214"},"geometry":{"type":"Point","coordinates":[-159.075999,32.315296]}},
{"type":"Feature","properties":{"name": "3215"},"geometry":{"type":"Point","coordinates":[173.377049,-15.350984]}},
{"type":"Feature","properties":{"name": "3216"},"geometry":{"type":"Point","coordinates":[179.298509,-6.598745]}},
{"type":"Feature","properties":{"name": "3217"},"geometry":{"type":"Point","coordinates":[-176.010094,2.626678]}},
{"type":"Feature","properties":{"name": "3218"},"geometry":{"type":"Point","coordinates":[-171.483806,11.664845]}},
{"type":"Feature","properties":{"name": "3219"},"geometry":{"type":"Point","coordinates":[-166.516088,20.523774]}},
{"type":"Feature","properties":{"name": "3220"},"geometry":{"type":"Point","coordinates":[-160.321873,28.835988]}},
{"type":"Feature","properties":{"name": "3221"},"geometry":{"type":"Point","coordinates":[-152.897111,36.816573]}},
{"type":"Feature","properties":{"name": "3222"},"geometry":{"type":"Point","coordinates":[171.831019,-18.851583]}},
{"type":"Feature","properties":{"name": "3223"},"geometry":{"type":"Point","coordinates":[178.394166,-10.508157]}},
{"type":"Feature","properties":{"name": "3224"},"geometry":{"type":"Point","coordinates":[-176.654554,-1.315241]}},
{"type":"Feature","properties":{"name": "3225"},"geometry":{"type":"Point","coordinates":[-172.106018,7.804357]}},
{"type":"Feature","properties":{"name": "3226"},"geometry":{"type":"Point","coordinates":[-167.335647,16.741504]}},
{"type":"Feature","properties":{"name": "3227"},"geometry":{"type":"Point","coordinates":[-161.457269,25.331154]}},
{"type":"Feature","properties":{"name": "3228"},"geometry":{"type":"Point","coordinates":[-154.502574,33.375687]}},
{"type":"Feature","properties":{"name": "3229"},"geometry":{"type":"Point","coordinates":[170.206502,-22.282743]}},
{"type":"Feature","properties":{"name": "3230"},"geometry":{"type":"Point","coordinates":[177.257366,-14.281419]}},
{"type":"Feature","properties":{"name": "3231"},"geometry":{"type":"Point","coordinates":[-177.364998,-5.260110]}},
{"type":"Feature","properties":{"name": "3232"},"geometry":{"type":"Point","coordinates":[-172.731709,3.913200]}},
{"type":"Feature","properties":{"name": "3233"},"geometry":{"type":"Point","coordinates":[-168.060798,12.899113]}},
{"type":"Feature","properties":{"name": "3234"},"geometry":{"type":"Point","coordinates":[-162.618148,21.740978]}},
{"type":"Feature","properties":{"name": "3235"},"geometry":{"type":"Point","coordinates":[-155.954626,29.919778]}},
{"type":"Feature","properties":{"name": "3236"},"geometry":{"type":"Point","coordinates":[168.515483,-25.666686]}},
{"type":"Feature","properties":{"name": "3237"},"geometry":{"type":"Point","coordinates":[175.863489,-17.879331]}},
{"type":"Feature","properties":{"name": "3238"},"geometry":{"type":"Point","coordinates":[-178.161724,-9.185751]}},
{"type":"Feature","properties":{"name": "3239"},"geometry":{"type":"Point","coordinates":[-173.375180,0.000000]}},
{"type":"Feature","properties":{"name": "3240"},"geometry":{"type":"Point","coordinates":[-168.750000,9.034560]}},
{"type":"Feature","properties":{"name": "3241"},"geometry":{"type":"Point","coordinates":[-163.745171,18.086655]}},
{"type":"Feature","properties":{"name": "3242"},"geometry":{"type":"Point","coordinates":[-157.274158,26.440736]}},
{"type":"Feature","properties":{"name": "3243"},"geometry":{"type":"Point","coordinates":[174.373011,-21.399903]}},
{"type":"Feature","properties":{"name": "3244"},"geometry":{"type":"Point","coordinates":[-179.067517,-13.064241]}},
{"type":"Feature","properties":{"name": "3245"},"geometry":{"type":"Point","coordinates":[-174.051709,-3.923761]}},
{"type":"Feature","properties":{"name": "3246"},"geometry":{"type":"Point","coordinates":[-169.417812,5.177466]}},
{"type":"Feature","properties":{"name": "3247"},"geometry":{"type":"Point","coordinates":[-164.586510,14.259589]}},
{"type":"Feature","properties":{"name": "3248"},"geometry":{"type":"Point","coordinates":[-158.617920,22.882800]}},
{"type":"Feature","properties":{"name": "3249"},"geometry":{"type":"Point","coordinates":[-151.501245,30.881186]}},
{"type":"Feature","properties":{"name": "3250"},"geometry":{"type":"Point","coordinates":[172.810573,-24.865891]}},
{"type":"Feature","properties":{"name": "3251"},"geometry":{"type":"Point","coordinates":[179.781292,-16.792076]}},
{"type":"Feature","properties":{"name": "3252"},"geometry":{"type":"Point","coordinates":[-174.778020,-7.843284]}},
{"type":"Feature","properties":{"name": "3253"},"geometry":{"type":"Point","coordinates":[-170.077050,1.297224]}},
{"type":"Feature","properties":{"name": "3254"},"geometry":{"type":"Point","coordinates":[-165.356752,10.390620]}},
{"type":"Feature","properties":{"name": "3255"},"geometry":{"type":"Point","coordinates":[-159.895796,19.279938]}},
{"type":"Feature","properties":{"name": "3256"},"geometry":{"type":"Point","coordinates":[-153.026357,27.429018]}},
{"type":"Feature","properties":{"name": "3257"},"geometry":{"type":"Point","coordinates":[171.183435,-28.294943]}},
{"type":"Feature","properties":{"name": "3258"},"geometry":{"type":"Point","coordinates":[178.438178,-20.391345]}},
{"type":"Feature","properties":{"name": "3259"},"geometry":{"type":"Point","coordinates":[-175.572729,-11.740016]}},
{"type":"Feature","properties":{"name": "3260"},"geometry":{"type":"Point","coordinates":[-170.741312,-2.598105]}},
{"type":"Feature","properties":{"name": "3261"},"geometry":{"type":"Point","coordinates":[-166.075109,6.498292]}},
{"type":"Feature","properties":{"name": "3262"},"geometry":{"type":"Point","coordinates":[-161.043270,15.591259]}},
{"type":"Feature","properties":{"name": "3263"},"geometry":{"type":"Point","coordinates":[-154.514303,23.931006]}},
{"type":"Feature","properties":{"name": "3264"},"geometry":{"type":"Point","coordinates":[177.014303,-23.931006]}},
{"type":"Feature","properties":{"name": "3265"},"geometry":{"type":"Point","coordinates":[-176.456730,-15.591259]}},
{"type":"Feature","properties":{"name": "3266"},"geometry":{"type":"Point","coordinates":[-171.424891,-6.498292]}},
{"type":"Feature","properties":{"name": "3267"},"geometry":{"type":"Point","coordinates":[-166.758688,2.598105]}},
{"type":"Feature","properties":{"name": "3268"},"geometry":{"type":"Point","coordinates":[-161.927271,11.740016]}},
{"type":"Feature","properties":{"name": "3269"},"geometry":{"type":"Point","coordinates":[-155.938178,20.391345]}},
{"type":"Feature","properties":{"name": "3270"},"geometry":{"type":"Point","coordinates":[-148.683435,28.294943]}},
{"type":"Feature","properties":{"name": "3271"},"geometry":{"type":"Point","coordinates":[175.526357,-27.429018]}},
{"type":"Feature","properties":{"name": "3272"},"geometry":{"type":"Point","coordinates":[-177.604204,-19.279938]}},
{"type":"Feature","properties":{"name": "3273"},"geometry":{"type":"Point","coordinates":[-172.143248,-10.390620]}},
{"type":"Feature","properties":{"name": "3274"},"geometry":{"type":"Point","coordinates":[-167.422950,-1.297224]}},
{"type":"Feature","properties":{"name": "3275"},"geometry":{"type":"Point","coordinates":[-162.721980,7.843284]}},
{"type":"Feature","properties":{"name": "3276"},"geometry":{"type":"Point","coordinates":[-157.281292,16.792076]}},
{"type":"Feature","properties":{"name": "3277"},"geometry":{"type":"Point","coordinates":[-150.310573,24.865891]}},
{"type":"Feature","properties":{"name": "3278"},"geometry":{"type":"Point","coordinates":[174.001245,-30.881186]}},
{"type":"Feature","properties":{"name": "3279"},"geometry":{"type":"Point","coordinates":[-178.882080,-22.882800]}},
{"type":"Feature","properties":{"name": "3280"},"geometry":{"type":"Point","coordinates":[-172.913490,-14.259589]}},
{"type":"Feature","properties":{"name": "3281"},"geometry":{"type":"Point","coordinates":[-168.082188,-5.177466]}},
{"type":"Feature","properties":{"name": "3282"},"geometry":{"type":"Point","coordinates":[-163.448291,3.923761]}},
{"type":"Feature","properties":{"name": "3283"},"geometry":{"type":"Point","coordinates":[-158.432483,13.064241]}},
{"type":"Feature","properties":{"name": "3284"},"geometry":{"type":"Point","coordinates":[-151.873011,21.399903]}},
{"type":"Feature","properties":{"name": "3285"},"geometry":{"type":"Point","coordinates":[172.340998,-34.305716]}},
{"type":"Feature","properties":{"name": "3286"},"geometry":{"type":"Point","coordinates":[179.774158,-26.440736]}},
{"type":"Feature","properties":{"name": "3287"},"geometry":{"type":"Point","coordinates":[-173.754829,-18.086655]}},
{"type":"Feature","properties":{"name": "3288"},"geometry":{"type":"Point","coordinates":[-168.750000,-9.034560]}},
{"type":"Feature","properties":{"name": "3289"},"geometry":{"type":"Point","coordinates":[-164.124820,0.000000]}},
{"type":"Feature","properties":{"name": "3290"},"geometry":{"type":"Point","coordinates":[-159.338276,9.185751]}},
{"type":"Feature","properties":{"name": "3291"},"geometry":{"type":"Point","coordinates":[-153.363489,17.879331]}},
{"type":"Feature","properties":{"name": "3292"},"geometry":{"type":"Point","coordinates":[178.454626,-29.919778]}},
{"type":"Feature","properties":{"name": "3293"},"geometry":{"type":"Point","coordinates":[-174.881852,-21.740978]}},
{"type":"Feature","properties":{"name": "3294"},"geometry":{"type":"Point","coordinates":[-169.439202,-12.899113]}},
{"type":"Feature","properties":{"name": "3295"},"geometry":{"type":"Point","coordinates":[-164.768291,-3.913200]}},
{"type":"Feature","properties":{"name": "3296"},"geometry":{"type":"Point","coordinates":[-160.135002,5.260110]}},
{"type":"Feature","properties":{"name": "3297"},"geometry":{"type":"Point","coordinates":[-154.757366,14.281419]}},
{"type":"Feature","properties":{"name": "3298"},"geometry":{"type":"Point","coordinates":[-147.706502,22.282743]}},
{"type":"Feature","properties":{"name": "3299"},"geometry":{"type":"Point","coordinates":[177.002574,-33.375687]}},
{"type":"Feature","properties":{"name": "3300"},"geometry":{"type":"Point","coordinates":[-176.042731,-25.331154]}},
{"type":"Feature","properties":{"name": "3301"},"geometry":{"type":"Point","coordinates":[-170.164353,-16.741504]}},
{"type":"Feature","properties":{"name": "3302"},"geometry":{"type":"Point","coordinates":[-165.393982,-7.804357]}},
{"type":"Feature","properties":{"name": "3303"},"geometry":{"type":"Point","coordinates":[-160.845446,1.315241]}},
{"type":"Feature","properties":{"name": "3304"},"geometry":{"type":"Point","coordinates":[-155.894166,10.508157]}},
{"type":"Feature","properties":{"name": "3305"},"geometry":{"type":"Point","coordinates":[-149.331019,18.851583]}},
{"type":"Feature","properties":{"name": "3306"},"geometry":{"type":"Point","coordinates":[175.397111,-36.816573]}},
{"type":"Feature","properties":{"name": "3307"},"geometry":{"type":"Point","coordinates":[-177.178127,-28.835988]}},
{"type":"Feature","properties":{"name": "3308"},"geometry":{"type":"Point","coordinates":[-170.983912,-20.523774]}},
{"type":"Feature","properties":{"name": "3309"},"geometry":{"type":"Point","coordinates":[-166.016194,-11.664845]}},
{"type":"Feature","properties":{"name": "3310"},"geometry":{"type":"Point","coordinates":[-161.489906,-2.626678]}},
{"type":"Feature","properties":{"name": "3311"},"geometry":{"type":"Point","coordinates":[-156.798509,6.598745]}},
{"type":"Feature","properties":{"name": "3312"},"geometry":{"type":"Point","coordinates":[-150.877049,15.350984]}},
{"type":"Feature","properties":{"name": "3313"},"geometry":{"type":"Point","coordinates":[-178.424001,-32.315296]}},
{"type":"Feature","properties":{"name": "3314"},"geometry":{"type":"Point","coordinates":[-171.951576,-24.127577]}},
{"type":"Feature","properties":{"name": "3315"},"geometry":{"type":"Point","coordinates":[-166.648738,-15.488432]}},
{"type":"Feature","properties":{"name": "3316"},"geometry":{"type":"Point","coordinates":[-162.086467,-6.548615]}},
{"type":"Feature","properties":{"name": "3317"},"geometry":{"type":"Point","coordinates":[-157.571197,2.644129]}},
{"type":"Feature","properties":{"name": "3318"},"geometry":{"type":"Point","coordinates":[-152.307616,11.750778]}},
{"type":"Feature","properties":{"name": "3319"},"geometry":{"type":"Point","coordinates":[-145.194109,19.681198]}},
{"type":"Feature","properties":{"name": "3320"},"geometry":{"type":"Point","coordinates":[-179.799588,-35.776331]}},
{"type":"Feature","properties":{"name": "3321"},"geometry":{"type":"Point","coordinates":[-172.909613,-27.653764]}},
{"type":"Feature","properties":{"name": "3322"},"geometry":{"type":"Point","coordinates":[-167.305437,-19.270849]}},
{"type":"Feature","properties":{"name": "3323"},"geometry":{"type":"Point","coordinates":[-162.651398,-10.437981]}},
{"type":"Feature","properties":{"name": "3324"},"geometry":{"type":"Point","coordinates":[-158.237519,-1.321172]}},
{"type":"Feature","properties":{"name": "3325"},"geometry":{"type":"Point","coordinates":[-153.408733,7.924167]}},
{"type":"Feature","properties":{"name": "3326"},"geometry":{"type":"Point","coordinates":[-146.870833,16.288958]}},
{"type":"Feature","properties":{"name": "3327"},"geometry":{"type":"Point","coordinates":[178.673009,-39.228436]}},
{"type":"Feature","properties":{"name": "3328"},"geometry":{"type":"Point","coordinates":[-173.955258,-31.151093]}},
{"type":"Feature","properties":{"name": "3329"},"geometry":{"type":"Point","coordinates":[-167.959578,-22.898551]}},
{"type":"Feature","properties":{"name": "3330"},"geometry":{"type":"Point","coordinates":[-163.199616,-14.285925]}},
{"type":"Feature","properties":{"name": "3331"},"geometry":{"type":"Point","coordinates":[-158.819951,-5.270850]}},
{"type":"Feature","properties":{"name": "3332"},"geometry":{"type":"Point","coordinates":[-154.283517,3.980378]}},
{"type":"Feature","properties":{"name": "3333"},"geometry":{"type":"Point","coordinates":[-148.463595,12.809799]}},
{"type":"Feature","properties":{"name": "3334"},"geometry":{"type":"Point","coordinates":[176.970207,-42.684857]}},
{"type":"Feature","properties":{"name": "3335"},"geometry":{"type":"Point","coordinates":[-175.105070,-34.625758]}},
{"type":"Feature","properties":{"name": "3336"},"geometry":{"type":"Point","coordinates":[-168.750000,-26.400118]}},
{"type":"Feature","properties":{"name": "3337"},"geometry":{"type":"Point","coordinates":[-163.745171,-18.086655]}},
{"type":"Feature","properties":{"name": "3338"},"geometry":{"type":"Point","coordinates":[-159.338276,-9.185751]}},
{"type":"Feature","properties":{"name": "3339"},"geometry":{"type":"Point","coordinates":[-154.999790,0.000000]}},
{"type":"Feature","properties":{"name": "3340"},"geometry":{"type":"Point","coordinates":[-149.915536,9.201454]}},
{"type":"Feature","properties":{"name": "3341"},"geometry":{"type":"Point","coordinates":[-176.378890,-38.085336]}},
{"type":"Feature","properties":{"name": "3342"},"geometry":{"type":"Point","coordinates":[-169.604857,-29.913732]}},
{"type":"Feature","properties":{"name": "3343"},"geometry":{"type":"Point","coordinates":[-164.142838,-21.748014]}},
{"type":"Feature","properties":{"name": "3344"},"geometry":{"type":"Point","coordinates":[-159.809932,-13.052713]}},
{"type":"Feature","properties":{"name": "3345"},"geometry":{"type":"Point","coordinates":[-155.586683,-3.974283]}},
{"type":"Feature","properties":{"name": "3346"},"geometry":{"type":"Point","coordinates":[-150.953427,5.311974]}},
{"type":"Feature","properties":{"name": "3347"},"geometry":{"type":"Point","coordinates":[-144.476222,13.713475]}},
{"type":"Feature","properties":{"name": "3348"},"geometry":{"type":"Point","coordinates":[-177.799948,-41.540152]}},
{"type":"Feature","properties":{"name": "3349"},"geometry":{"type":"Point","coordinates":[-170.537747,-33.399869]}},
{"type":"Feature","properties":{"name": "3350"},"geometry":{"type":"Point","coordinates":[-164.697494,-25.314273]}},
{"type":"Feature","properties":{"name": "3351"},"geometry":{"type":"Point","coordinates":[-160.211932,-16.839825]}},
{"type":"Feature","properties":{"name": "3352"},"geometry":{"type":"Point","coordinates":[-156.069927,-7.911918]}},
{"type":"Feature","properties":{"name": "3353"},"geometry":{"type":"Point","coordinates":[-151.761389,1.332828]}},
{"type":"Feature","properties":{"name": "3354"},"geometry":{"type":"Point","coordinates":[-146.109139,10.258690]}},
{"type":"Feature","properties":{"name": "3355"},"geometry":{"type":"Point","coordinates":[-179.393167,-45.005950]}},
{"type":"Feature","properties":{"name": "3356"},"geometry":{"type":"Point","coordinates":[-171.564846,-36.864195]}},
{"type":"Feature","properties":{"name": "3357"},"geometry":{"type":"Point","coordinates":[-165.376821,-28.805797]}},
{"type":"Feature","properties":{"name": "3358"},"geometry":{"type":"Point","coordinates":[-160.486826,-20.504026]}},
{"type":"Feature","properties":{"name": "3359"},"geometry":{"type":"Point","coordinates":[-156.471754,-11.792472]}},
{"type":"Feature","properties":{"name": "3360"},"geometry":{"type":"Point","coordinates":[-152.378195,-2.661842]}},
{"type":"Feature","properties":{"name": "3361"},"geometry":{"type":"Point","coordinates":[-147.527448,6.607722]}},
{"type":"Feature","properties":{"name": "3362"},"geometry":{"type":"Point","coordinates":[-172.706043,-40.313808]}},
{"type":"Feature","properties":{"name": "3363"},"geometry":{"type":"Point","coordinates":[-166.108610,-32.265768]}},
{"type":"Feature","properties":{"name": "3364"},"geometry":{"type":"Point","coordinates":[-160.784820,-24.134366]}},
{"type":"Feature","properties":{"name": "3365"},"geometry":{"type":"Point","coordinates":[-156.736820,-15.556278]}},
{"type":"Feature","properties":{"name": "3366"},"geometry":{"type":"Point","coordinates":[-152.839621,-6.619996]}},
{"type":"Feature","properties":{"name": "3367"},"geometry":{"type":"Point","coordinates":[-148.497370,2.670194]}},
{"type":"Feature","properties":{"name": "3368"},"geometry":{"type":"Point","coordinates":[-142.131545,11.124178]}},
{"type":"Feature","properties":{"name": "3369"},"geometry":{"type":"Point","coordinates":[-173.985501,-43.758927]}},
{"type":"Feature","properties":{"name": "3370"},"geometry":{"type":"Point","coordinates":[-166.904490,-35.697983]}},
{"type":"Feature","properties":{"name": "3371"},"geometry":{"type":"Point","coordinates":[-161.265182,-27.673143]}},
{"type":"Feature","properties":{"name": "3372"},"geometry":{"type":"Point","coordinates":[-156.897298,-19.214083]}},
{"type":"Feature","properties":{"name": "3373"},"geometry":{"type":"Point","coordinates":[-153.176755,-10.508152]}},
{"type":"Feature","properties":{"name": "3374"},"geometry":{"type":"Point","coordinates":[-149.184115,-1.336180]}},
{"type":"Feature","properties":{"name": "3375"},"geometry":{"type":"Point","coordinates":[-143.800711,7.700130]}},
{"type":"Feature","properties":{"name": "3376"},"geometry":{"type":"Point","coordinates":[-175.430443,-47.216681]}},
{"type":"Feature","properties":{"name": "3377"},"geometry":{"type":"Point","coordinates":[-167.778882,-39.106471]}},
{"type":"Feature","properties":{"name": "3378"},"geometry":{"type":"Point","coordinates":[-161.811430,-31.163729]}},
{"type":"Feature","properties":{"name": "3379"},"geometry":{"type":"Point","coordinates":[-157.067714,-22.836646]}},
{"type":"Feature","properties":{"name": "3380"},"geometry":{"type":"Point","coordinates":[-153.309661,-14.237848]}},
{"type":"Feature","properties":{"name": "3381"},"geometry":{"type":"Point","coordinates":[-149.640784,-5.313301]}},
{"type":"Feature","properties":{"name": "3382"},"geometry":{"type":"Point","coordinates":[-145.155417,3.990276]}},
{"type":"Feature","properties":{"name": "3383"},"geometry":{"type":"Point","coordinates":[-177.060189,-50.720526]}},
{"type":"Feature","properties":{"name": "3384"},"geometry":{"type":"Point","coordinates":[-168.750000,-42.496311]}},
{"type":"Feature","properties":{"name": "3385"},"geometry":{"type":"Point","coordinates":[-162.394930,-34.625758]}},
{"type":"Feature","properties":{"name": "3386"},"geometry":{"type":"Point","coordinates":[-157.274158,-26.440736]}},
{"type":"Feature","properties":{"name": "3387"},"geometry":{"type":"Point","coordinates":[-153.363489,-17.879331]}},
{"type":"Feature","properties":{"name": "3388"},"geometry":{"type":"Point","coordinates":[-149.915536,-9.201454]}},
{"type":"Feature","properties":{"name": "3389"},"geometry":{"type":"Point","coordinates":[-145.988508,0.000000]}},
{"type":"Feature","properties":{"name": "3390"},"geometry":{"type":"Point","coordinates":[-169.842023,-45.918222]}},
{"type":"Feature","properties":{"name": "3391"},"geometry":{"type":"Point","coordinates":[-163.025000,-38.062448]}},
{"type":"Feature","properties":{"name": "3392"},"geometry":{"type":"Point","coordinates":[-157.650890,-29.965522]}},
{"type":"Feature","properties":{"name": "3393"},"geometry":{"type":"Point","coordinates":[-153.417456,-21.484532]}},
{"type":"Feature","properties":{"name": "3394"},"geometry":{"type":"Point","coordinates":[-149.919192,-12.884217]}},
{"type":"Feature","properties":{"name": "3395"},"geometry":{"type":"Point","coordinates":[-146.466964,-3.994981]}},
{"type":"Feature","properties":{"name": "3396"},"geometry":{"type":"Point","coordinates":[-141.526135,5.136255]}},
{"type":"Feature","properties":{"name": "3397"},"geometry":{"type":"Point","coordinates":[-171.085770,-49.342693]}},
{"type":"Feature","properties":{"name": "3398"},"geometry":{"type":"Point","coordinates":[-163.713232,-41.476674]}},
{"type":"Feature","properties":{"name": "3399"},"geometry":{"type":"Point","coordinates":[-158.040864,-33.463427]}},
{"type":"Feature","properties":{"name": "3400"},"geometry":{"type":"Point","coordinates":[-153.495065,-25.072236]}},
{"type":"Feature","properties":{"name": "3401"},"geometry":{"type":"Point","coordinates":[-149.873884,-16.498252]}},
{"type":"Feature","properties":{"name": "3402"},"geometry":{"type":"Point","coordinates":[-146.641022,-7.846741]}},
{"type":"Feature","properties":{"name": "3403"},"geometry":{"type":"Point","coordinates":[-142.754264,1.340041]}},
{"type":"Feature","properties":{"name": "3404"},"geometry":{"type":"Point","coordinates":[-172.511874,-52.803076]}},
{"type":"Feature","properties":{"name": "3405"},"geometry":{"type":"Point","coordinates":[-164.474392,-44.870958]}},
{"type":"Feature","properties":{"name": "3406"},"geometry":{"type":"Point","coordinates":[-158.449272,-36.938758]}},
{"type":"Feature","properties":{"name": "3407"},"geometry":{"type":"Point","coordinates":[-153.628928,-28.648247]}},
{"type":"Feature","properties":{"name": "3408"},"geometry":{"type":"Point","coordinates":[-149.822794,-20.076300]}},
{"type":"Feature","properties":{"name": "3409"},"geometry":{"type":"Point","coordinates":[-146.552262,-11.491128]}},
{"type":"Feature","properties":{"name": "3410"},"geometry":{"type":"Point","coordinates":[-143.311818,-2.668053]}},
{"type":"Feature","properties":{"name": "3411"},"geometry":{"type":"Point","coordinates":[-165.327717,-48.247416]}},
{"type":"Feature","properties":{"name": "3412"},"geometry":{"type":"Point","coordinates":[-158.882556,-40.395981]}},
{"type":"Feature","properties":{"name": "3413"},"geometry":{"type":"Point","coordinates":[-153.844956,-32.180408]}},
{"type":"Feature","properties":{"name": "3414"},"geometry":{"type":"Point","coordinates":[-149.786030,-23.638836]}},
{"type":"Feature","properties":{"name": "3415"},"geometry":{"type":"Point","coordinates":[-146.415992,-15.064890]}},
{"type":"Feature","properties":{"name": "3416"},"geometry":{"type":"Point","coordinates":[-143.373226,-6.462439]}},
{"type":"Feature","properties":{"name": "3417"},"geometry":{"type":"Point","coordinates":[-139.273814,2.568963]}},
{"type":"Feature","properties":{"name": "3418"},"geometry":{"type":"Point","coordinates":[-166.298893,-51.607673]}},
{"type":"Feature","properties":{"name": "3419"},"geometry":{"type":"Point","coordinates":[-159.349191,-43.840145]}},
{"type":"Feature","properties":{"name": "3420"},"geometry":{"type":"Point","coordinates":[-154.055101,-35.692834]}},
{"type":"Feature","properties":{"name": "3421"},"geometry":{"type":"Point","coordinates":[-149.775205,-27.199739]}},
{"type":"Feature","properties":{"name": "3422"},"geometry":{"type":"Point","coordinates":[-146.272298,-18.605922]}},
{"type":"Feature","properties":{"name": "3423"},"geometry":{"type":"Point","coordinates":[-143.192652,-10.045893]}},
{"type":"Feature","properties":{"name": "3424"},"geometry":{"type":"Point","coordinates":[-140.169077,-1.335440]}},
{"type":"Feature","properties":{"name": "3425"},"geometry":{"type":"Point","coordinates":[-167.423110,-54.952698]}},
{"type":"Feature","properties":{"name": "3426"},"geometry":{"type":"Point","coordinates":[-159.861356,-47.277909]}},
{"type":"Feature","properties":{"name": "3427"},"geometry":{"type":"Point","coordinates":[-154.262056,-39.191745]}},
{"type":"Feature","properties":{"name": "3428"},"geometry":{"type":"Point","coordinates":[-149.806224,-30.762026]}},
{"type":"Feature","properties":{"name": "3429"},"geometry":{"type":"Point","coordinates":[-146.136404,-22.135390]}},
{"type":"Feature","properties":{"name": "3430"},"geometry":{"type":"Point","coordinates":[-142.976461,-13.565001]}},
{"type":"Feature","properties":{"name": "3431"},"geometry":{"type":"Point","coordinates":[-140.084720,-5.023546]}},
{"type":"Feature","properties":{"name": "3432"},"geometry":{"type":"Point","coordinates":[-168.750000,-58.282526]}}]}
